dataset_no,dataset_name,algo,run,sol_idx,n_sol_in_front,f1_complexity,f2_train_error,accuracy,is_sparsest,is_best_acc,n_hidden,n_live,n_dead,n_sink,n_source,dead_frac,sink_frac,source_frac,out0_indeg,out1_indeg,out0_disc,out1_disc,any_out_disc,n_out_disc,bias_only_neurons,bias_only_frac,real_reach_out0,real_reach_out1,any_out_unreachable_real,f1_check_err,csv_path
1,Statlog Australian,MOEACKF,0,0,7,0.001470588235,0.4130434783,0.5869565217,False,False,40,0,39,1,0,0.975,0.025,0.0,0,0,True,True,True,2,1,0.025,False,False,True,2.941175948623087e-13,/home/nez/Desktop/tesis-snn/platemo-cpp/results/ds1_moeackf/fronts/MOEACKF_ds1_nh40_run0_front.csv
1,Statlog Australian,MOEACKF,0,1,7,0.0,0.4275362319,0.5724637681,True,False,40,0,40,0,0,1.0,0.0,0.0,0,0,True,True,True,2,0,0.0,False,False,True,0.0,/home/nez/Desktop/tesis-snn/platemo-cpp/results/ds1_moeackf/fronts/MOEACKF_ds1_nh40_run0_front.csv
1,Statlog Australian,MOEACKF,0,2,7,0.004411764706,0.3025362319,0.6974637681,False,False,40,1,38,1,0,0.95,0.025,0.0,0,1,True,False,True,1,1,0.025,False,True,True,1.1764721141727108e-13,/home/nez/Desktop/tesis-snn/platemo-cpp/results/ds1_moeackf/fronts/MOEACKF_ds1_nh40_run0_front.csv
1,Statlog Australian,MOEACKF,0,3,7,0.002941176471,0.3043478261,0.6956521739,False,False,40,1,39,0,0,0.975,0.0,0.0,0,1,True,False,True,1,0,0.0,False,True,True,4.117648062795798e-13,/home/nez/Desktop/tesis-snn/platemo-cpp/results/ds1_moeackf/fronts/MOEACKF_ds1_nh40_run0_front.csv
1,Statlog Australian,MOEACKF,0,4,7,0.008823529412,0.1413043478,0.8586956522,False,False,40,2,36,2,0,0.9,0.05,0.0,1,1,False,False,False,0,2,0.05,False,True,True,2.3529442283454216e-13,/home/nez/Desktop/tesis-snn/platemo-cpp/results/ds1_moeackf/fronts/MOEACKF_ds1_nh40_run0_front.csv
1,Statlog Australian,MOEACKF,0,5,7,0.01029411765,0.1394927536,0.8605072464,False,True,40,2,35,3,0,0.875,0.075,0.0,1,1,False,False,False,0,1,0.025,False,True,True,2.941176815984825e-12,/home/nez/Desktop/tesis-snn/platemo-cpp/results/ds1_moeackf/fronts/MOEACKF_ds1_nh40_run0_front.csv
1,Statlog Australian,MOEACKF,0,6,7,0.005882352941,0.143115942,0.856884058,False,False,40,2,38,0,0,0.95,0.0,0.0,1,1,False,False,False,0,1,0.025,False,True,True,1.7647081712590662e-13,/home/nez/Desktop/tesis-snn/platemo-cpp/results/ds1_moeackf/fronts/MOEACKF_ds1_nh40_run0_front.csv
1,Statlog Australian,MOEACKF,1,0,6,0.001470588235,0.4184782609,0.5815217391,False,False,40,0,39,1,0,0.975,0.025,0.0,0,0,True,True,True,2,0,0.0,False,False,True,2.941175948623087e-13,/home/nez/Desktop/tesis-snn/platemo-cpp/results/ds1_moeackf/fronts/MOEACKF_ds1_nh40_run1_front.csv
1,Statlog Australian,MOEACKF,1,1,6,0.004411764706,0.3079710145,0.6920289855,False,False,40,1,38,1,0,0.95,0.025,0.0,0,1,True,False,True,1,0,0.0,False,True,True,1.1764721141727108e-13,/home/nez/Desktop/tesis-snn/platemo-cpp/results/ds1_moeackf/fronts/MOEACKF_ds1_nh40_run1_front.csv
1,Statlog Australian,MOEACKF,1,2,6,0.0,0.4257246377,0.5742753623,True,False,40,0,40,0,0,1.0,0.0,0.0,0,0,True,True,True,2,0,0.0,False,False,True,0.0,/home/nez/Desktop/tesis-snn/platemo-cpp/results/ds1_moeackf/fronts/MOEACKF_ds1_nh40_run1_front.csv
1,Statlog Australian,MOEACKF,1,3,6,0.005882352941,0.143115942,0.856884058,False,False,40,2,38,0,0,0.95,0.0,0.0,1,1,False,False,False,0,1,0.025,False,True,True,1.7647081712590662e-13,/home/nez/Desktop/tesis-snn/platemo-cpp/results/ds1_moeackf/fronts/MOEACKF_ds1_nh40_run1_front.csv
1,Statlog Australian,MOEACKF,1,4,6,0.002941176471,0.3152173913,0.6847826087,False,False,40,1,39,0,0,0.975,0.0,0.0,0,1,True,False,True,1,0,0.0,False,True,True,4.117648062795798e-13,/home/nez/Desktop/tesis-snn/platemo-cpp/results/ds1_moeackf/fronts/MOEACKF_ds1_nh40_run1_front.csv
1,Statlog Australian,MOEACKF,1,5,6,0.007352941176,0.1413043478,0.8586956522,False,True,40,2,37,1,0,0.925,0.025,0.0,1,1,False,False,False,0,1,0.025,False,True,True,4.705879783073463e-13,/home/nez/Desktop/tesis-snn/platemo-cpp/results/ds1_moeackf/fronts/MOEACKF_ds1_nh40_run1_front.csv
1,Statlog Australian,MOEACKF,2,0,6,0.005882352941,0.1413043478,0.8586956522,False,False,40,2,38,0,0,0.95,0.0,0.0,1,1,False,False,False,0,1,0.025,False,True,True,1.7647081712590662e-13,/home/nez/Desktop/tesis-snn/platemo-cpp/results/ds1_moeackf/fronts/MOEACKF_ds1_nh40_run2_front.csv
1,Statlog Australian,MOEACKF,2,1,6,0.002941176471,0.3115942029,0.6884057970999999,False,False,40,1,39,0,0,0.975,0.0,0.0,0,1,True,False,True,1,0,0.0,False,True,True,4.117648062795798e-13,/home/nez/Desktop/tesis-snn/platemo-cpp/results/ds1_moeackf/fronts/MOEACKF_ds1_nh40_run2_front.csv
1,Statlog Australian,MOEACKF,2,2,6,0.004411764706,0.3043478261,0.6956521739,False,False,40,1,38,1,0,0.95,0.025,0.0,0,1,True,False,True,1,1,0.025,False,True,True,1.1764721141727108e-13,/home/nez/Desktop/tesis-snn/platemo-cpp/results/ds1_moeackf/fronts/MOEACKF_ds1_nh40_run2_front.csv
1,Statlog Australian,MOEACKF,2,3,6,0.0,0.4221014493,0.5778985507000001,True,False,40,0,40,0,0,1.0,0.0,0.0,0,0,True,True,True,2,0,0.0,False,False,True,0.0,/home/nez/Desktop/tesis-snn/platemo-cpp/results/ds1_moeackf/fronts/MOEACKF_ds1_nh40_run2_front.csv
1,Statlog Australian,MOEACKF,2,4,6,0.007352941176,0.1394927536,0.8605072464,False,True,40,2,37,1,0,0.925,0.025,0.0,1,1,False,False,False,0,1,0.025,False,True,True,4.705879783073463e-13,/home/nez/Desktop/tesis-snn/platemo-cpp/results/ds1_moeackf/fronts/MOEACKF_ds1_nh40_run2_front.csv
1,Statlog Australian,MOEACKF,2,5,6,0.001470588235,0.4166666667,0.5833333332999999,False,False,40,0,39,1,0,0.975,0.025,0.0,0,0,True,True,True,2,0,0.0,False,False,True,2.941175948623087e-13,/home/nez/Desktop/tesis-snn/platemo-cpp/results/ds1_moeackf/fronts/MOEACKF_ds1_nh40_run2_front.csv
1,Statlog Australian,MOEACKF,3,0,5,0.001470588235,0.4293478261,0.5706521739,False,False,40,0,39,1,0,0.975,0.025,0.0,0,0,True,True,True,2,0,0.0,False,False,True,2.941175948623087e-13,/home/nez/Desktop/tesis-snn/platemo-cpp/results/ds1_moeackf/fronts/MOEACKF_ds1_nh40_run3_front.csv
1,Statlog Australian,MOEACKF,3,1,5,0.002941176471,0.3007246377,0.6992753623,False,False,40,1,39,0,0,0.975,0.0,0.0,0,1,True,False,True,1,0,0.0,False,True,True,4.117648062795798e-13,/home/nez/Desktop/tesis-snn/platemo-cpp/results/ds1_moeackf/fronts/MOEACKF_ds1_nh40_run3_front.csv
1,Statlog Australian,MOEACKF,3,2,5,0.0,0.4311594203,0.5688405797,True,False,40,0,40,0,0,1.0,0.0,0.0,0,0,True,True,True,2,0,0.0,False,False,True,0.0,/home/nez/Desktop/tesis-snn/platemo-cpp/results/ds1_moeackf/fronts/MOEACKF_ds1_nh40_run3_front.csv
1,Statlog Australian,MOEACKF,3,3,5,0.005882352941,0.143115942,0.856884058,False,False,40,2,38,0,0,0.95,0.0,0.0,1,1,False,False,False,0,1,0.025,False,True,True,1.7647081712590662e-13,/home/nez/Desktop/tesis-snn/platemo-cpp/results/ds1_moeackf/fronts/MOEACKF_ds1_nh40_run3_front.csv
1,Statlog Australian,MOEACKF,3,4,5,0.01029411765,0.1358695652,0.8641304348000001,False,True,40,2,35,3,0,0.875,0.075,0.0,1,1,False,False,False,0,1,0.025,False,True,True,2.941176815984825e-12,/home/nez/Desktop/tesis-snn/platemo-cpp/results/ds1_moeackf/fronts/MOEACKF_ds1_nh40_run3_front.csv
1,Statlog Australian,MOEACKF,4,0,6,0.0,0.4365942029,0.5634057970999999,True,False,40,0,40,0,0,1.0,0.0,0.0,0,0,True,True,True,2,0,0.0,False,False,True,0.0,/home/nez/Desktop/tesis-snn/platemo-cpp/results/ds1_moeackf/fronts/MOEACKF_ds1_nh40_run4_front.csv
1,Statlog Australian,MOEACKF,4,1,6,0.002941176471,0.3061594203,0.6938405797,False,False,40,1,39,0,0,0.975,0.0,0.0,0,1,True,False,True,1,0,0.0,False,True,True,4.117648062795798e-13,/home/nez/Desktop/tesis-snn/platemo-cpp/results/ds1_moeackf/fronts/MOEACKF_ds1_nh40_run4_front.csv
1,Statlog Australian,MOEACKF,4,2,6,0.001470588235,0.4148550725,0.5851449275,False,False,40,0,39,1,0,0.975,0.025,0.0,0,0,True,True,True,2,0,0.0,False,False,True,2.941175948623087e-13,/home/nez/Desktop/tesis-snn/platemo-cpp/results/ds1_moeackf/fronts/MOEACKF_ds1_nh40_run4_front.csv
1,Statlog Australian,MOEACKF,4,3,6,0.004411764706,0.3007246377,0.6992753623,False,False,40,1,38,1,0,0.95,0.025,0.0,0,1,True,False,True,1,0,0.0,False,True,True,1.1764721141727108e-13,/home/nez/Desktop/tesis-snn/platemo-cpp/results/ds1_moeackf/fronts/MOEACKF_ds1_nh40_run4_front.csv
1,Statlog Australian,MOEACKF,4,4,6,0.007352941176,0.1413043478,0.8586956522,False,True,40,2,38,0,0,0.95,0.0,0.0,1,1,False,False,False,0,0,0.0,True,True,False,4.705879783073463e-13,/home/nez/Desktop/tesis-snn/platemo-cpp/results/ds1_moeackf/fronts/MOEACKF_ds1_nh40_run4_front.csv
1,Statlog Australian,MOEACKF,4,5,6,0.005882352941,0.1449275362,0.8550724638,False,False,40,2,38,0,0,0.95,0.0,0.0,1,1,False,False,False,0,1,0.025,False,True,True,1.7647081712590662e-13,/home/nez/Desktop/tesis-snn/platemo-cpp/results/ds1_moeackf/fronts/MOEACKF_ds1_nh40_run4_front.csv
1,Statlog Australian,MOEACKF,5,0,6,0.002941176471,0.3097826087,0.6902173913,False,False,40,1,39,0,0,0.975,0.0,0.0,0,1,True,False,True,1,0,0.0,False,True,True,4.117648062795798e-13,/home/nez/Desktop/tesis-snn/platemo-cpp/results/ds1_moeackf/fronts/MOEACKF_ds1_nh40_run5_front.csv
1,Statlog Australian,MOEACKF,5,1,6,0.0,0.4275362319,0.5724637681,True,False,40,0,40,0,0,1.0,0.0,0.0,0,0,True,True,True,2,0,0.0,False,False,True,0.0,/home/nez/Desktop/tesis-snn/platemo-cpp/results/ds1_moeackf/fronts/MOEACKF_ds1_nh40_run5_front.csv
1,Statlog Australian,MOEACKF,5,2,6,0.004411764706,0.3079710145,0.6920289855,False,False,40,1,38,1,0,0.95,0.025,0.0,0,1,True,False,True,1,0,0.0,False,True,True,1.1764721141727108e-13,/home/nez/Desktop/tesis-snn/platemo-cpp/results/ds1_moeackf/fronts/MOEACKF_ds1_nh40_run5_front.csv
1,Statlog Australian,MOEACKF,5,3,6,0.008823529412,0.1394927536,0.8605072464,False,True,40,2,37,1,0,0.925,0.025,0.0,1,1,False,False,False,0,1,0.025,False,True,True,2.3529442283454216e-13,/home/nez/Desktop/tesis-snn/platemo-cpp/results/ds1_moeackf/fronts/MOEACKF_ds1_nh40_run5_front.csv
1,Statlog Australian,MOEACKF,5,4,6,0.005882352941,0.143115942,0.856884058,False,False,40,2,38,0,0,0.95,0.0,0.0,1,1,False,False,False,0,1,0.025,False,True,True,1.7647081712590662e-13,/home/nez/Desktop/tesis-snn/platemo-cpp/results/ds1_moeackf/fronts/MOEACKF_ds1_nh40_run5_front.csv
1,Statlog Australian,MOEACKF,5,5,6,0.007352941176,0.1413043478,0.8586956522,False,False,40,2,37,1,0,0.925,0.025,0.0,1,1,False,False,False,0,1,0.025,False,True,True,4.705879783073463e-13,/home/nez/Desktop/tesis-snn/platemo-cpp/results/ds1_moeackf/fronts/MOEACKF_ds1_nh40_run5_front.csv
1,Statlog Australian,MOEACKF,6,0,5,0.001470588235,0.4257246377,0.5742753623,False,False,40,0,39,0,1,0.975,0.0,0.025,0,1,True,False,True,1,0,0.0,False,False,True,2.941175948623087e-13,/home/nez/Desktop/tesis-snn/platemo-cpp/results/ds1_moeackf/fronts/MOEACKF_ds1_nh40_run6_front.csv
1,Statlog Australian,MOEACKF,6,1,5,0.002941176471,0.3152173913,0.6847826087,False,False,40,1,39,0,0,0.975,0.0,0.0,0,1,True,False,True,1,0,0.0,False,True,True,4.117648062795798e-13,/home/nez/Desktop/tesis-snn/platemo-cpp/results/ds1_moeackf/fronts/MOEACKF_ds1_nh40_run6_front.csv
1,Statlog Australian,MOEACKF,6,2,5,0.0,0.4329710145,0.5670289855,True,False,40,0,40,0,0,1.0,0.0,0.0,0,0,True,True,True,2,0,0.0,False,False,True,0.0,/home/nez/Desktop/tesis-snn/platemo-cpp/results/ds1_moeackf/fronts/MOEACKF_ds1_nh40_run6_front.csv
1,Statlog Australian,MOEACKF,6,3,5,0.004411764706,0.3043478261,0.6956521739,False,False,40,1,38,1,0,0.95,0.025,0.0,0,1,True,False,True,1,1,0.025,False,True,True,1.1764721141727108e-13,/home/nez/Desktop/tesis-snn/platemo-cpp/results/ds1_moeackf/fronts/MOEACKF_ds1_nh40_run6_front.csv
1,Statlog Australian,MOEACKF,6,4,5,0.005882352941,0.143115942,0.856884058,False,True,40,2,38,0,0,0.95,0.0,0.0,1,1,False,False,False,0,1,0.025,False,True,True,1.7647081712590662e-13,/home/nez/Desktop/tesis-snn/platemo-cpp/results/ds1_moeackf/fronts/MOEACKF_ds1_nh40_run6_front.csv
1,Statlog Australian,MOEACKF,7,0,5,0.0,0.4202898551,0.5797101449,True,False,40,0,40,0,0,1.0,0.0,0.0,0,0,True,True,True,2,0,0.0,False,False,True,0.0,/home/nez/Desktop/tesis-snn/platemo-cpp/results/ds1_moeackf/fronts/MOEACKF_ds1_nh40_run7_front.csv
1,Statlog Australian,MOEACKF,7,1,5,0.005882352941,0.143115942,0.856884058,False,False,40,2,38,0,0,0.95,0.0,0.0,1,1,False,False,False,0,1,0.025,False,True,True,1.7647081712590662e-13,/home/nez/Desktop/tesis-snn/platemo-cpp/results/ds1_moeackf/fronts/MOEACKF_ds1_nh40_run7_front.csv
1,Statlog Australian,MOEACKF,7,2,5,0.002941176471,0.3079710145,0.6920289855,False,False,40,1,39,0,0,0.975,0.0,0.0,0,1,True,False,True,1,0,0.0,False,True,True,4.117648062795798e-13,/home/nez/Desktop/tesis-snn/platemo-cpp/results/ds1_moeackf/fronts/MOEACKF_ds1_nh40_run7_front.csv
1,Statlog Australian,MOEACKF,7,3,5,0.007352941176,0.1413043478,0.8586956522,False,True,40,2,37,1,0,0.925,0.025,0.0,1,1,False,False,False,0,1,0.025,False,True,True,4.705879783073463e-13,/home/nez/Desktop/tesis-snn/platemo-cpp/results/ds1_moeackf/fronts/MOEACKF_ds1_nh40_run7_front.csv
1,Statlog Australian,MOEACKF,7,4,5,0.004411764706,0.3043478261,0.6956521739,False,False,40,1,38,1,0,0.95,0.025,0.0,0,1,True,False,True,1,1,0.025,False,True,True,1.1764721141727108e-13,/home/nez/Desktop/tesis-snn/platemo-cpp/results/ds1_moeackf/fronts/MOEACKF_ds1_nh40_run7_front.csv
1,Statlog Australian,MOEACKF,8,0,6,0.001470588235,0.4148550725,0.5851449275,False,False,40,0,39,1,0,0.975,0.025,0.0,0,0,True,True,True,2,0,0.0,False,False,True,2.941175948623087e-13,/home/nez/Desktop/tesis-snn/platemo-cpp/results/ds1_moeackf/fronts/MOEACKF_ds1_nh40_run8_front.csv
1,Statlog Australian,MOEACKF,8,1,6,0.0,0.4384057971,0.5615942029000001,True,False,40,0,40,0,0,1.0,0.0,0.0,0,0,True,True,True,2,0,0.0,False,False,True,0.0,/home/nez/Desktop/tesis-snn/platemo-cpp/results/ds1_moeackf/fronts/MOEACKF_ds1_nh40_run8_front.csv
1,Statlog Australian,MOEACKF,8,2,6,0.01029411765,0.1394927536,0.8605072464,False,True,40,2,36,2,0,0.9,0.05,0.0,1,1,False,False,False,0,0,0.0,True,True,False,2.941176815984825e-12,/home/nez/Desktop/tesis-snn/platemo-cpp/results/ds1_moeackf/fronts/MOEACKF_ds1_nh40_run8_front.csv
1,Statlog Australian,MOEACKF,8,3,6,0.005882352941,0.143115942,0.856884058,False,False,40,2,38,0,0,0.95,0.0,0.0,1,1,False,False,False,0,1,0.025,False,True,True,1.7647081712590662e-13,/home/nez/Desktop/tesis-snn/platemo-cpp/results/ds1_moeackf/fronts/MOEACKF_ds1_nh40_run8_front.csv
1,Statlog Australian,MOEACKF,8,4,6,0.002941176471,0.2989130435,0.7010869565,False,False,40,1,39,0,0,0.975,0.0,0.0,0,1,True,False,True,1,0,0.0,False,True,True,4.117648062795798e-13,/home/nez/Desktop/tesis-snn/platemo-cpp/results/ds1_moeackf/fronts/MOEACKF_ds1_nh40_run8_front.csv
1,Statlog Australian,MOEACKF,8,5,6,0.007352941176,0.1413043478,0.8586956522,False,False,40,2,37,1,0,0.925,0.025,0.0,1,1,False,False,False,0,1,0.025,False,True,True,4.705879783073463e-13,/home/nez/Desktop/tesis-snn/platemo-cpp/results/ds1_moeackf/fronts/MOEACKF_ds1_nh40_run8_front.csv
1,Statlog Australian,MOEACKF,9,0,5,0.001470588235,0.4076086957,0.5923913043,False,False,40,0,39,1,0,0.975,0.025,0.0,0,0,True,True,True,2,0,0.0,False,False,True,2.941175948623087e-13,/home/nez/Desktop/tesis-snn/platemo-cpp/results/ds1_moeackf/fronts/MOEACKF_ds1_nh40_run9_front.csv
1,Statlog Australian,MOEACKF,9,1,5,0.005882352941,0.1413043478,0.8586956522,False,True,40,2,38,0,0,0.95,0.0,0.0,1,1,False,False,False,0,1,0.025,False,True,True,1.7647081712590662e-13,/home/nez/Desktop/tesis-snn/platemo-cpp/results/ds1_moeackf/fronts/MOEACKF_ds1_nh40_run9_front.csv
1,Statlog Australian,MOEACKF,9,2,5,0.002941176471,0.3043478261,0.6956521739,False,False,40,1,39,0,0,0.975,0.0,0.0,0,1,True,False,True,1,0,0.0,False,True,True,4.117648062795798e-13,/home/nez/Desktop/tesis-snn/platemo-cpp/results/ds1_moeackf/fronts/MOEACKF_ds1_nh40_run9_front.csv
1,Statlog Australian,MOEACKF,9,3,5,0.004411764706,0.2952898551,0.7047101449,False,False,40,1,38,1,0,0.95,0.025,0.0,0,1,True,False,True,1,1,0.025,False,True,True,1.1764721141727108e-13,/home/nez/Desktop/tesis-snn/platemo-cpp/results/ds1_moeackf/fronts/MOEACKF_ds1_nh40_run9_front.csv
1,Statlog Australian,MOEACKF,9,4,5,0.0,0.4384057971,0.5615942029000001,True,False,40,0,40,0,0,1.0,0.0,0.0,0,0,True,True,True,2,0,0.0,False,False,True,0.0,/home/nez/Desktop/tesis-snn/platemo-cpp/results/ds1_moeackf/fronts/MOEACKF_ds1_nh40_run9_front.csv
1,Statlog Australian,MOEACKF,10,0,8,0.001470588235,0.4311594203,0.5688405797,False,False,40,0,39,0,1,0.975,0.0,0.025,0,1,True,False,True,1,0,0.0,False,False,True,2.941175948623087e-13,/home/nez/Desktop/tesis-snn/platemo-cpp/results/ds1_moeackf/fronts/MOEACKF_ds1_nh40_run10_front.csv
1,Statlog Australian,MOEACKF,10,1,8,0.0,0.4402173913,0.5597826087,True,False,40,0,40,0,0,1.0,0.0,0.0,0,0,True,True,True,2,0,0.0,False,False,True,0.0,/home/nez/Desktop/tesis-snn/platemo-cpp/results/ds1_moeackf/fronts/MOEACKF_ds1_nh40_run10_front.csv
1,Statlog Australian,MOEACKF,10,2,8,0.01470588235,0.1413043478,0.8586956522,False,True,40,2,35,3,0,0.875,0.075,0.0,1,1,False,False,False,0,0,0.0,True,True,False,2.941176815984825e-12,/home/nez/Desktop/tesis-snn/platemo-cpp/results/ds1_moeackf/fronts/MOEACKF_ds1_nh40_run10_front.csv
1,Statlog Australian,MOEACKF,10,3,8,0.008823529412,0.143115942,0.856884058,False,False,40,2,37,1,0,0.925,0.025,0.0,1,1,False,False,False,0,0,0.0,True,True,False,2.3529442283454216e-13,/home/nez/Desktop/tesis-snn/platemo-cpp/results/ds1_moeackf/fronts/MOEACKF_ds1_nh40_run10_front.csv
1,Statlog Australian,MOEACKF,10,4,8,0.005882352941,0.1612318841,0.8387681159,False,False,40,2,38,0,0,0.95,0.0,0.0,1,1,False,False,False,0,0,0.0,True,True,False,1.7647081712590662e-13,/home/nez/Desktop/tesis-snn/platemo-cpp/results/ds1_moeackf/fronts/MOEACKF_ds1_nh40_run10_front.csv
1,Statlog Australian,MOEACKF,10,5,8,0.007352941176,0.1503623188,0.8496376811999999,False,False,40,2,38,0,0,0.95,0.0,0.0,1,1,False,False,False,0,0,0.0,True,True,False,4.705879783073463e-13,/home/nez/Desktop/tesis-snn/platemo-cpp/results/ds1_moeackf/fronts/MOEACKF_ds1_nh40_run10_front.csv
1,Statlog Australian,MOEACKF,10,6,8,0.004411764706,0.2880434783,0.7119565217,False,False,40,1,38,0,1,0.95,0.0,0.025,1,1,False,False,False,0,0,0.0,False,True,True,1.1764721141727108e-13,/home/nez/Desktop/tesis-snn/platemo-cpp/results/ds1_moeackf/fronts/MOEACKF_ds1_nh40_run10_front.csv
1,Statlog Australian,MOEACKF,10,7,8,0.002941176471,0.3043478261,0.6956521739,False,False,40,1,39,0,0,0.975,0.0,0.0,0,1,True,False,True,1,0,0.0,False,True,True,4.117648062795798e-13,/home/nez/Desktop/tesis-snn/platemo-cpp/results/ds1_moeackf/fronts/MOEACKF_ds1_nh40_run10_front.csv
1,Statlog Australian,MOEACKF,11,0,4,0.002941176471,0.3007246377,0.6992753623,False,False,40,1,39,0,0,0.975,0.0,0.0,0,1,True,False,True,1,0,0.0,False,True,True,4.117648062795798e-13,/home/nez/Desktop/tesis-snn/platemo-cpp/results/ds1_moeackf/fronts/MOEACKF_ds1_nh40_run11_front.csv
1,Statlog Australian,MOEACKF,11,1,4,0.0,0.4293478261,0.5706521739,True,False,40,0,40,0,0,1.0,0.0,0.0,0,0,True,True,True,2,0,0.0,False,False,True,0.0,/home/nez/Desktop/tesis-snn/platemo-cpp/results/ds1_moeackf/fronts/MOEACKF_ds1_nh40_run11_front.csv
1,Statlog Australian,MOEACKF,11,2,4,0.001470588235,0.4202898551,0.5797101449,False,False,40,0,39,1,0,0.975,0.025,0.0,0,0,True,True,True,2,0,0.0,False,False,True,2.941175948623087e-13,/home/nez/Desktop/tesis-snn/platemo-cpp/results/ds1_moeackf/fronts/MOEACKF_ds1_nh40_run11_front.csv
1,Statlog Australian,MOEACKF,11,3,4,0.005882352941,0.1413043478,0.8586956522,False,True,40,2,38,0,0,0.95,0.0,0.0,1,1,False,False,False,0,1,0.025,False,True,True,1.7647081712590662e-13,/home/nez/Desktop/tesis-snn/platemo-cpp/results/ds1_moeackf/fronts/MOEACKF_ds1_nh40_run11_front.csv
1,Statlog Australian,MOEACKF,12,0,7,0.001470588235,0.4257246377,0.5742753623,False,False,40,0,39,1,0,0.975,0.025,0.0,0,0,True,True,True,2,0,0.0,False,False,True,2.941175948623087e-13,/home/nez/Desktop/tesis-snn/platemo-cpp/results/ds1_moeackf/fronts/MOEACKF_ds1_nh40_run12_front.csv
1,Statlog Australian,MOEACKF,12,1,7,0.01911764706,0.1394927536,0.8605072464,False,True,40,2,32,5,1,0.8,0.125,0.025,1,2,False,False,False,0,1,0.025,True,True,False,1.1764686447257588e-12,/home/nez/Desktop/tesis-snn/platemo-cpp/results/ds1_moeackf/fronts/MOEACKF_ds1_nh40_run12_front.csv
1,Statlog Australian,MOEACKF,12,2,7,0.0,0.4365942029,0.5634057970999999,True,False,40,0,40,0,0,1.0,0.0,0.0,0,0,True,True,True,2,0,0.0,False,False,True,0.0,/home/nez/Desktop/tesis-snn/platemo-cpp/results/ds1_moeackf/fronts/MOEACKF_ds1_nh40_run12_front.csv
1,Statlog Australian,MOEACKF,12,3,7,0.01029411765,0.1413043478,0.8586956522,False,False,40,2,35,3,0,0.875,0.075,0.0,1,1,False,False,False,0,1,0.025,False,True,True,2.941176815984825e-12,/home/nez/Desktop/tesis-snn/platemo-cpp/results/ds1_moeackf/fronts/MOEACKF_ds1_nh40_run12_front.csv
1,Statlog Australian,MOEACKF,12,4,7,0.004411764706,0.3079710145,0.6920289855,False,False,40,1,38,0,1,0.95,0.0,0.025,0,2,True,False,True,1,0,0.0,False,True,True,1.1764721141727108e-13,/home/nez/Desktop/tesis-snn/platemo-cpp/results/ds1_moeackf/fronts/MOEACKF_ds1_nh40_run12_front.csv
1,Statlog Australian,MOEACKF,12,5,7,0.002941176471,0.3097826087,0.6902173913,False,False,40,1,39,0,0,0.975,0.0,0.0,0,1,True,False,True,1,0,0.0,False,True,True,4.117648062795798e-13,/home/nez/Desktop/tesis-snn/platemo-cpp/results/ds1_moeackf/fronts/MOEACKF_ds1_nh40_run12_front.csv
1,Statlog Australian,MOEACKF,12,6,7,0.005882352941,0.143115942,0.856884058,False,False,40,2,38,0,0,0.95,0.0,0.0,1,1,False,False,False,0,1,0.025,False,True,True,1.7647081712590662e-13,/home/nez/Desktop/tesis-snn/platemo-cpp/results/ds1_moeackf/fronts/MOEACKF_ds1_nh40_run12_front.csv
1,Statlog Australian,MOEACKF,13,0,6,0.001470588235,0.402173913,0.5978260870000001,False,False,40,0,39,1,0,0.975,0.025,0.0,0,0,True,True,True,2,0,0.0,False,False,True,2.941175948623087e-13,/home/nez/Desktop/tesis-snn/platemo-cpp/results/ds1_moeackf/fronts/MOEACKF_ds1_nh40_run13_front.csv
1,Statlog Australian,MOEACKF,13,1,6,0.0,0.4293478261,0.5706521739,True,False,40,0,40,0,0,1.0,0.0,0.0,0,0,True,True,True,2,0,0.0,False,False,True,0.0,/home/nez/Desktop/tesis-snn/platemo-cpp/results/ds1_moeackf/fronts/MOEACKF_ds1_nh40_run13_front.csv
1,Statlog Australian,MOEACKF,13,2,6,0.01911764706,0.1394927536,0.8605072464,False,True,40,2,30,7,1,0.75,0.175,0.025,2,1,False,False,False,0,1,0.025,False,True,True,1.1764686447257588e-12,/home/nez/Desktop/tesis-snn/platemo-cpp/results/ds1_moeackf/fronts/MOEACKF_ds1_nh40_run13_front.csv
1,Statlog Australian,MOEACKF,13,3,6,0.005882352941,0.143115942,0.856884058,False,False,40,2,38,0,0,0.95,0.0,0.0,1,1,False,False,False,0,1,0.025,False,True,True,1.7647081712590662e-13,/home/nez/Desktop/tesis-snn/platemo-cpp/results/ds1_moeackf/fronts/MOEACKF_ds1_nh40_run13_front.csv
1,Statlog Australian,MOEACKF,13,4,6,0.002941176471,0.2989130435,0.7010869565,False,False,40,1,39,0,0,0.975,0.0,0.0,0,1,True,False,True,1,0,0.0,False,True,True,4.117648062795798e-13,/home/nez/Desktop/tesis-snn/platemo-cpp/results/ds1_moeackf/fronts/MOEACKF_ds1_nh40_run13_front.csv
1,Statlog Australian,MOEACKF,13,5,6,0.007352941176,0.1413043478,0.8586956522,False,False,40,2,37,0,1,0.925,0.0,0.025,2,1,False,False,False,0,1,0.025,False,True,True,4.705879783073463e-13,/home/nez/Desktop/tesis-snn/platemo-cpp/results/ds1_moeackf/fronts/MOEACKF_ds1_nh40_run13_front.csv
1,Statlog Australian,MOEACKF,14,0,6,0.001470588235,0.4275362319,0.5724637681,False,False,40,0,39,1,0,0.975,0.025,0.0,0,0,True,True,True,2,0,0.0,False,False,True,2.941175948623087e-13,/home/nez/Desktop/tesis-snn/platemo-cpp/results/ds1_moeackf/fronts/MOEACKF_ds1_nh40_run14_front.csv
1,Statlog Australian,MOEACKF,14,1,6,0.0,0.4420289855,0.5579710145,True,False,40,0,40,0,0,1.0,0.0,0.0,0,0,True,True,True,2,0,0.0,False,False,True,0.0,/home/nez/Desktop/tesis-snn/platemo-cpp/results/ds1_moeackf/fronts/MOEACKF_ds1_nh40_run14_front.csv
1,Statlog Australian,MOEACKF,14,2,6,0.002941176471,0.3079710145,0.6920289855,False,False,40,1,39,0,0,0.975,0.0,0.0,0,1,True,False,True,1,0,0.0,False,True,True,4.117648062795798e-13,/home/nez/Desktop/tesis-snn/platemo-cpp/results/ds1_moeackf/fronts/MOEACKF_ds1_nh40_run14_front.csv
1,Statlog Australian,MOEACKF,14,3,6,0.004411764706,0.3043478261,0.6956521739,False,False,40,1,38,1,0,0.95,0.025,0.0,0,1,True,False,True,1,0,0.0,False,True,True,1.1764721141727108e-13,/home/nez/Desktop/tesis-snn/platemo-cpp/results/ds1_moeackf/fronts/MOEACKF_ds1_nh40_run14_front.csv
1,Statlog Australian,MOEACKF,14,4,6,0.005882352941,0.143115942,0.856884058,False,False,40,2,38,0,0,0.95,0.0,0.0,1,1,False,False,False,0,1,0.025,False,True,True,1.7647081712590662e-13,/home/nez/Desktop/tesis-snn/platemo-cpp/results/ds1_moeackf/fronts/MOEACKF_ds1_nh40_run14_front.csv
1,Statlog Australian,MOEACKF,14,5,6,0.007352941176,0.1413043478,0.8586956522,False,True,40,2,37,1,0,0.925,0.025,0.0,1,1,False,False,False,0,1,0.025,False,True,True,4.705879783073463e-13,/home/nez/Desktop/tesis-snn/platemo-cpp/results/ds1_moeackf/fronts/MOEACKF_ds1_nh40_run14_front.csv
1,Statlog Australian,MOEACKF,15,0,5,0.001470588235,0.4257246377,0.5742753623,False,False,40,0,39,1,0,0.975,0.025,0.0,0,0,True,True,True,2,0,0.0,False,False,True,2.941175948623087e-13,/home/nez/Desktop/tesis-snn/platemo-cpp/results/ds1_moeackf/fronts/MOEACKF_ds1_nh40_run15_front.csv
1,Statlog Australian,MOEACKF,15,1,5,0.005882352941,0.143115942,0.856884058,False,False,40,2,38,0,0,0.95,0.0,0.0,1,1,False,False,False,0,1,0.025,False,True,True,1.7647081712590662e-13,/home/nez/Desktop/tesis-snn/platemo-cpp/results/ds1_moeackf/fronts/MOEACKF_ds1_nh40_run15_front.csv
1,Statlog Australian,MOEACKF,15,2,5,0.002941176471,0.2989130435,0.7010869565,False,False,40,1,39,0,0,0.975,0.0,0.0,0,1,True,False,True,1,0,0.0,False,True,True,4.117648062795798e-13,/home/nez/Desktop/tesis-snn/platemo-cpp/results/ds1_moeackf/fronts/MOEACKF_ds1_nh40_run15_front.csv
1,Statlog Australian,MOEACKF,15,3,5,0.01029411765,0.1413043478,0.8586956522,False,True,40,2,35,3,0,0.875,0.075,0.0,1,1,False,False,False,0,1,0.025,False,True,True,2.941176815984825e-12,/home/nez/Desktop/tesis-snn/platemo-cpp/results/ds1_moeackf/fronts/MOEACKF_ds1_nh40_run15_front.csv
1,Statlog Australian,MOEACKF,15,4,5,0.0,0.4365942029,0.5634057970999999,True,False,40,0,40,0,0,1.0,0.0,0.0,0,0,True,True,True,2,0,0.0,False,False,True,0.0,/home/nez/Desktop/tesis-snn/platemo-cpp/results/ds1_moeackf/fronts/MOEACKF_ds1_nh40_run15_front.csv
1,Statlog Australian,MOEACKF,16,0,5,0.001470588235,0.4148550725,0.5851449275,False,False,40,0,39,1,0,0.975,0.025,0.0,0,0,True,True,True,2,0,0.0,False,False,True,2.941175948623087e-13,/home/nez/Desktop/tesis-snn/platemo-cpp/results/ds1_moeackf/fronts/MOEACKF_ds1_nh40_run16_front.csv
1,Statlog Australian,MOEACKF,16,1,5,0.007352941176,0.1394927536,0.8605072464,False,True,40,2,37,1,0,0.925,0.025,0.0,1,1,False,False,False,0,2,0.05,False,True,True,4.705879783073463e-13,/home/nez/Desktop/tesis-snn/platemo-cpp/results/ds1_moeackf/fronts/MOEACKF_ds1_nh40_run16_front.csv
1,Statlog Australian,MOEACKF,16,2,5,0.002941176471,0.3025362319,0.6974637681,False,False,40,1,39,0,0,0.975,0.0,0.0,0,1,True,False,True,1,0,0.0,False,True,True,4.117648062795798e-13,/home/nez/Desktop/tesis-snn/platemo-cpp/results/ds1_moeackf/fronts/MOEACKF_ds1_nh40_run16_front.csv
1,Statlog Australian,MOEACKF,16,3,5,0.005882352941,0.143115942,0.856884058,False,False,40,2,38,0,0,0.95,0.0,0.0,1,1,False,False,False,0,1,0.025,False,True,True,1.7647081712590662e-13,/home/nez/Desktop/tesis-snn/platemo-cpp/results/ds1_moeackf/fronts/MOEACKF_ds1_nh40_run16_front.csv
1,Statlog Australian,MOEACKF,16,4,5,0.0,0.4347826087,0.5652173913,True,False,40,0,40,0,0,1.0,0.0,0.0,0,0,True,True,True,2,0,0.0,False,False,True,0.0,/home/nez/Desktop/tesis-snn/platemo-cpp/results/ds1_moeackf/fronts/MOEACKF_ds1_nh40_run16_front.csv
1,Statlog Australian,MOEACKF,17,0,6,0.001470588235,0.4221014493,0.5778985507000001,False,False,40,0,39,1,0,0.975,0.025,0.0,0,0,True,True,True,2,0,0.0,False,False,True,2.941175948623087e-13,/home/nez/Desktop/tesis-snn/platemo-cpp/results/ds1_moeackf/fronts/MOEACKF_ds1_nh40_run17_front.csv
1,Statlog Australian,MOEACKF,17,1,6,0.007352941176,0.1413043478,0.8586956522,False,False,40,2,37,1,0,0.925,0.025,0.0,1,1,False,False,False,0,1,0.025,False,True,True,4.705879783073463e-13,/home/nez/Desktop/tesis-snn/platemo-cpp/results/ds1_moeackf/fronts/MOEACKF_ds1_nh40_run17_front.csv
1,Statlog Australian,MOEACKF,17,2,6,0.002941176471,0.2952898551,0.7047101449,False,False,40,1,39,0,0,0.975,0.0,0.0,0,1,True,False,True,1,0,0.0,False,True,True,4.117648062795798e-13,/home/nez/Desktop/tesis-snn/platemo-cpp/results/ds1_moeackf/fronts/MOEACKF_ds1_nh40_run17_front.csv
1,Statlog Australian,MOEACKF,17,3,6,0.0,0.4347826087,0.5652173913,True,False,40,0,40,0,0,1.0,0.0,0.0,0,0,True,True,True,2,0,0.0,False,False,True,0.0,/home/nez/Desktop/tesis-snn/platemo-cpp/results/ds1_moeackf/fronts/MOEACKF_ds1_nh40_run17_front.csv
1,Statlog Australian,MOEACKF,17,4,6,0.008823529412,0.1394927536,0.8605072464,False,True,40,2,36,2,0,0.9,0.05,0.0,1,1,False,False,False,0,1,0.025,False,True,True,2.3529442283454216e-13,/home/nez/Desktop/tesis-snn/platemo-cpp/results/ds1_moeackf/fronts/MOEACKF_ds1_nh40_run17_front.csv
1,Statlog Australian,MOEACKF,17,5,6,0.005882352941,0.143115942,0.856884058,False,False,40,2,38,0,0,0.95,0.0,0.0,1,1,False,False,False,0,1,0.025,False,True,True,1.7647081712590662e-13,/home/nez/Desktop/tesis-snn/platemo-cpp/results/ds1_moeackf/fronts/MOEACKF_ds1_nh40_run17_front.csv
1,Statlog Australian,MOEACKF,18,0,5,0.001470588235,0.4112318841,0.5887681159,False,False,40,0,39,1,0,0.975,0.025,0.0,0,0,True,True,True,2,0,0.0,False,False,True,2.941175948623087e-13,/home/nez/Desktop/tesis-snn/platemo-cpp/results/ds1_moeackf/fronts/MOEACKF_ds1_nh40_run18_front.csv
1,Statlog Australian,MOEACKF,18,1,5,0.002941176471,0.2952898551,0.7047101449,False,False,40,1,39,0,0,0.975,0.0,0.0,0,1,True,False,True,1,0,0.0,False,True,True,4.117648062795798e-13,/home/nez/Desktop/tesis-snn/platemo-cpp/results/ds1_moeackf/fronts/MOEACKF_ds1_nh40_run18_front.csv
1,Statlog Australian,MOEACKF,18,2,5,0.005882352941,0.1394927536,0.8605072464,False,False,40,2,38,0,0,0.95,0.0,0.0,1,1,False,False,False,0,1,0.025,False,True,True,1.7647081712590662e-13,/home/nez/Desktop/tesis-snn/platemo-cpp/results/ds1_moeackf/fronts/MOEACKF_ds1_nh40_run18_front.csv
1,Statlog Australian,MOEACKF,18,3,5,0.01176470588,0.1376811594,0.8623188406,False,True,40,2,35,3,0,0.875,0.075,0.0,1,1,False,False,False,0,2,0.05,False,True,True,2.3529407588984697e-12,/home/nez/Desktop/tesis-snn/platemo-cpp/results/ds1_moeackf/fronts/MOEACKF_ds1_nh40_run18_front.csv
1,Statlog Australian,MOEACKF,18,4,5,0.0,0.4166666667,0.5833333332999999,True,False,40,0,40,0,0,1.0,0.0,0.0,0,0,True,True,True,2,0,0.0,False,False,True,0.0,/home/nez/Desktop/tesis-snn/platemo-cpp/results/ds1_moeackf/fronts/MOEACKF_ds1_nh40_run18_front.csv
1,Statlog Australian,MOEACKF,19,0,6,0.001470588235,0.4239130435,0.5760869565,False,False,40,0,39,1,0,0.975,0.025,0.0,0,0,True,True,True,2,0,0.0,False,False,True,2.941175948623087e-13,/home/nez/Desktop/tesis-snn/platemo-cpp/results/ds1_moeackf/fronts/MOEACKF_ds1_nh40_run19_front.csv
1,Statlog Australian,MOEACKF,19,1,6,0.002941176471,0.3007246377,0.6992753623,False,False,40,1,39,0,0,0.975,0.0,0.0,0,1,True,False,True,1,0,0.0,False,True,True,4.117648062795798e-13,/home/nez/Desktop/tesis-snn/platemo-cpp/results/ds1_moeackf/fronts/MOEACKF_ds1_nh40_run19_front.csv
1,Statlog Australian,MOEACKF,19,2,6,0.01029411765,0.1394927536,0.8605072464,False,False,40,2,35,3,0,0.875,0.075,0.0,1,1,False,False,False,0,1,0.025,False,True,True,2.941176815984825e-12,/home/nez/Desktop/tesis-snn/platemo-cpp/results/ds1_moeackf/fronts/MOEACKF_ds1_nh40_run19_front.csv
1,Statlog Australian,MOEACKF,19,3,6,0.0,0.4347826087,0.5652173913,True,False,40,0,40,0,0,1.0,0.0,0.0,0,0,True,True,True,2,0,0.0,False,False,True,0.0,/home/nez/Desktop/tesis-snn/platemo-cpp/results/ds1_moeackf/fronts/MOEACKF_ds1_nh40_run19_front.csv
1,Statlog Australian,MOEACKF,19,4,6,0.005882352941,0.143115942,0.856884058,False,False,40,2,38,0,0,0.95,0.0,0.0,1,1,False,False,False,0,1,0.025,False,True,True,1.7647081712590662e-13,/home/nez/Desktop/tesis-snn/platemo-cpp/results/ds1_moeackf/fronts/MOEACKF_ds1_nh40_run19_front.csv
1,Statlog Australian,MOEACKF,19,5,6,0.01176470588,0.1376811594,0.8623188406,False,True,40,2,34,4,0,0.85,0.1,0.0,1,1,False,False,False,0,1,0.025,False,True,True,2.3529407588984697e-12,/home/nez/Desktop/tesis-snn/platemo-cpp/results/ds1_moeackf/fronts/MOEACKF_ds1_nh40_run19_front.csv
1,Statlog Australian,MOEACKF,20,0,5,0.02058823529,0.1394927536,0.8605072464,False,True,40,2,30,8,0,0.75,0.2,0.0,1,1,False,False,False,0,1,0.025,False,True,True,4.11764719543406e-12,/home/nez/Desktop/tesis-snn/platemo-cpp/results/ds1_moeackf/fronts/MOEACKF_ds1_nh40_run20_front.csv
1,Statlog Australian,MOEACKF,20,1,5,0.0,0.4094202899,0.5905797101,True,False,40,0,40,0,0,1.0,0.0,0.0,0,0,True,True,True,2,0,0.0,False,False,True,0.0,/home/nez/Desktop/tesis-snn/platemo-cpp/results/ds1_moeackf/fronts/MOEACKF_ds1_nh40_run20_front.csv
1,Statlog Australian,MOEACKF,20,2,5,0.004411764706,0.3079710145,0.6920289855,False,False,40,1,38,1,0,0.95,0.025,0.0,0,1,True,False,True,1,0,0.0,False,True,True,1.1764721141727108e-13,/home/nez/Desktop/tesis-snn/platemo-cpp/results/ds1_moeackf/fronts/MOEACKF_ds1_nh40_run20_front.csv
1,Statlog Australian,MOEACKF,20,3,5,0.002941176471,0.3152173913,0.6847826087,False,False,40,1,39,0,0,0.975,0.0,0.0,0,1,True,False,True,1,0,0.0,False,True,True,4.117648062795798e-13,/home/nez/Desktop/tesis-snn/platemo-cpp/results/ds1_moeackf/fronts/MOEACKF_ds1_nh40_run20_front.csv
1,Statlog Australian,MOEACKF,20,4,5,0.005882352941,0.1413043478,0.8586956522,False,False,40,2,38,0,0,0.95,0.0,0.0,1,1,False,False,False,0,1,0.025,False,True,True,1.7647081712590662e-13,/home/nez/Desktop/tesis-snn/platemo-cpp/results/ds1_moeackf/fronts/MOEACKF_ds1_nh40_run20_front.csv
1,Statlog Australian,MOEACKF,21,0,7,0.001470588235,0.4311594203,0.5688405797,False,False,40,0,39,1,0,0.975,0.025,0.0,0,0,True,True,True,2,0,0.0,False,False,True,2.941175948623087e-13,/home/nez/Desktop/tesis-snn/platemo-cpp/results/ds1_moeackf/fronts/MOEACKF_ds1_nh40_run21_front.csv
1,Statlog Australian,MOEACKF,21,1,7,0.002941176471,0.3079710145,0.6920289855,False,False,40,1,39,0,0,0.975,0.0,0.0,0,1,True,False,True,1,0,0.0,False,True,True,4.117648062795798e-13,/home/nez/Desktop/tesis-snn/platemo-cpp/results/ds1_moeackf/fronts/MOEACKF_ds1_nh40_run21_front.csv
1,Statlog Australian,MOEACKF,21,2,7,0.005882352941,0.143115942,0.856884058,False,False,40,2,38,0,0,0.95,0.0,0.0,1,1,False,False,False,0,1,0.025,False,True,True,1.7647081712590662e-13,/home/nez/Desktop/tesis-snn/platemo-cpp/results/ds1_moeackf/fronts/MOEACKF_ds1_nh40_run21_front.csv
1,Statlog Australian,MOEACKF,21,3,7,0.0,0.4329710145,0.5670289855,True,False,40,0,40,0,0,1.0,0.0,0.0,0,0,True,True,True,2,0,0.0,False,False,True,0.0,/home/nez/Desktop/tesis-snn/platemo-cpp/results/ds1_moeackf/fronts/MOEACKF_ds1_nh40_run21_front.csv
1,Statlog Australian,MOEACKF,21,4,7,0.01617647059,0.1394927536,0.8605072464,False,True,40,2,32,6,0,0.8,0.15,0.0,1,1,False,False,False,0,1,0.025,False,True,True,1.7647029670886383e-12,/home/nez/Desktop/tesis-snn/platemo-cpp/results/ds1_moeackf/fronts/MOEACKF_ds1_nh40_run21_front.csv
1,Statlog Australian,MOEACKF,21,5,7,0.004411764706,0.3043478261,0.6956521739,False,False,40,1,38,1,0,0.95,0.025,0.0,0,1,True,False,True,1,0,0.0,False,True,True,1.1764721141727108e-13,/home/nez/Desktop/tesis-snn/platemo-cpp/results/ds1_moeackf/fronts/MOEACKF_ds1_nh40_run21_front.csv
1,Statlog Australian,MOEACKF,21,6,7,0.01029411765,0.1413043478,0.8586956522,False,False,40,2,35,3,0,0.875,0.075,0.0,1,1,False,False,False,0,1,0.025,False,True,True,2.941176815984825e-12,/home/nez/Desktop/tesis-snn/platemo-cpp/results/ds1_moeackf/fronts/MOEACKF_ds1_nh40_run21_front.csv
1,Statlog Australian,MOEACKF,22,0,6,0.0,0.4112318841,0.5887681159,True,False,40,0,40,0,0,1.0,0.0,0.0,0,0,True,True,True,2,0,0.0,False,False,True,0.0,/home/nez/Desktop/tesis-snn/platemo-cpp/results/ds1_moeackf/fronts/MOEACKF_ds1_nh40_run22_front.csv
1,Statlog Australian,MOEACKF,22,1,6,0.01617647059,0.1394927536,0.8605072464,False,True,40,2,31,7,0,0.775,0.175,0.0,1,1,False,False,False,0,3,0.075,False,True,True,1.7647029670886383e-12,/home/nez/Desktop/tesis-snn/platemo-cpp/results/ds1_moeackf/fronts/MOEACKF_ds1_nh40_run22_front.csv
1,Statlog Australian,MOEACKF,22,2,6,0.004411764706,0.3061594203,0.6938405797,False,False,40,1,38,1,0,0.95,0.025,0.0,0,1,True,False,True,1,0,0.0,False,True,True,1.1764721141727108e-13,/home/nez/Desktop/tesis-snn/platemo-cpp/results/ds1_moeackf/fronts/MOEACKF_ds1_nh40_run22_front.csv
1,Statlog Australian,MOEACKF,22,3,6,0.005882352941,0.1449275362,0.8550724638,False,False,40,2,38,0,0,0.95,0.0,0.0,1,1,False,False,False,0,1,0.025,False,True,True,1.7647081712590662e-13,/home/nez/Desktop/tesis-snn/platemo-cpp/results/ds1_moeackf/fronts/MOEACKF_ds1_nh40_run22_front.csv
1,Statlog Australian,MOEACKF,22,4,6,0.002941176471,0.3097826087,0.6902173913,False,False,40,1,39,0,0,0.975,0.0,0.0,0,1,True,False,True,1,0,0.0,False,True,True,4.117648062795798e-13,/home/nez/Desktop/tesis-snn/platemo-cpp/results/ds1_moeackf/fronts/MOEACKF_ds1_nh40_run22_front.csv
1,Statlog Australian,MOEACKF,22,5,6,0.007352941176,0.1413043478,0.8586956522,False,False,40,2,37,1,0,0.925,0.025,0.0,1,1,False,False,False,0,2,0.05,False,True,True,4.705879783073463e-13,/home/nez/Desktop/tesis-snn/platemo-cpp/results/ds1_moeackf/fronts/MOEACKF_ds1_nh40_run22_front.csv
1,Statlog Australian,MOEACKF,23,0,6,0.001470588235,0.4257246377,0.5742753623,False,False,40,0,39,1,0,0.975,0.025,0.0,0,0,True,True,True,2,0,0.0,False,False,True,2.941175948623087e-13,/home/nez/Desktop/tesis-snn/platemo-cpp/results/ds1_moeackf/fronts/MOEACKF_ds1_nh40_run23_front.csv
1,Statlog Australian,MOEACKF,23,1,6,0.002941176471,0.3079710145,0.6920289855,False,False,40,1,39,0,0,0.975,0.0,0.0,0,1,True,False,True,1,0,0.0,False,True,True,4.117648062795798e-13,/home/nez/Desktop/tesis-snn/platemo-cpp/results/ds1_moeackf/fronts/MOEACKF_ds1_nh40_run23_front.csv
1,Statlog Australian,MOEACKF,23,2,6,0.004411764706,0.2971014493,0.7028985507000001,False,False,40,1,38,1,0,0.95,0.025,0.0,0,1,True,False,True,1,0,0.0,False,True,True,1.1764721141727108e-13,/home/nez/Desktop/tesis-snn/platemo-cpp/results/ds1_moeackf/fronts/MOEACKF_ds1_nh40_run23_front.csv
1,Statlog Australian,MOEACKF,23,3,6,0.0,0.4293478261,0.5706521739,True,False,40,0,40,0,0,1.0,0.0,0.0,0,0,True,True,True,2,0,0.0,False,False,True,0.0,/home/nez/Desktop/tesis-snn/platemo-cpp/results/ds1_moeackf/fronts/MOEACKF_ds1_nh40_run23_front.csv
1,Statlog Australian,MOEACKF,23,4,6,0.01323529412,0.1394927536,0.8605072464,False,True,40,2,33,5,0,0.825,0.125,0.0,1,1,False,False,False,0,1,0.025,False,True,True,2.3529407588984697e-12,/home/nez/Desktop/tesis-snn/platemo-cpp/results/ds1_moeackf/fronts/MOEACKF_ds1_nh40_run23_front.csv
1,Statlog Australian,MOEACKF,23,5,6,0.005882352941,0.1413043478,0.8586956522,False,False,40,2,38,0,0,0.95,0.0,0.0,1,1,False,False,False,0,1,0.025,False,True,True,1.7647081712590662e-13,/home/nez/Desktop/tesis-snn/platemo-cpp/results/ds1_moeackf/fronts/MOEACKF_ds1_nh40_run23_front.csv
1,Statlog Australian,MOEACKF,24,0,7,0.001470588235,0.4311594203,0.5688405797,False,False,40,0,39,1,0,0.975,0.025,0.0,0,0,True,True,True,2,0,0.0,False,False,True,2.941175948623087e-13,/home/nez/Desktop/tesis-snn/platemo-cpp/results/ds1_moeackf/fronts/MOEACKF_ds1_nh40_run24_front.csv
1,Statlog Australian,MOEACKF,24,1,7,0.0,0.4329710145,0.5670289855,True,False,40,0,40,0,0,1.0,0.0,0.0,0,0,True,True,True,2,0,0.0,False,False,True,0.0,/home/nez/Desktop/tesis-snn/platemo-cpp/results/ds1_moeackf/fronts/MOEACKF_ds1_nh40_run24_front.csv
1,Statlog Australian,MOEACKF,24,2,7,0.004411764706,0.3025362319,0.6974637681,False,False,40,1,38,1,0,0.95,0.025,0.0,0,1,True,False,True,1,0,0.0,False,True,True,1.1764721141727108e-13,/home/nez/Desktop/tesis-snn/platemo-cpp/results/ds1_moeackf/fronts/MOEACKF_ds1_nh40_run24_front.csv
1,Statlog Australian,MOEACKF,24,3,7,0.002941176471,0.3043478261,0.6956521739,False,False,40,1,39,0,0,0.975,0.0,0.0,0,1,True,False,True,1,0,0.0,False,True,True,4.117648062795798e-13,/home/nez/Desktop/tesis-snn/platemo-cpp/results/ds1_moeackf/fronts/MOEACKF_ds1_nh40_run24_front.csv
1,Statlog Australian,MOEACKF,24,4,7,0.01323529412,0.1394927536,0.8605072464,False,False,40,2,34,3,1,0.85,0.075,0.025,2,1,False,False,False,0,0,0.0,True,True,False,2.3529407588984697e-12,/home/nez/Desktop/tesis-snn/platemo-cpp/results/ds1_moeackf/fronts/MOEACKF_ds1_nh40_run24_front.csv
1,Statlog Australian,MOEACKF,24,5,7,0.01470588235,0.1358695652,0.8641304348000001,False,True,40,2,33,4,1,0.825,0.1,0.025,2,1,False,False,False,0,1,0.025,False,True,True,2.941176815984825e-12,/home/nez/Desktop/tesis-snn/platemo-cpp/results/ds1_moeackf/fronts/MOEACKF_ds1_nh40_run24_front.csv
1,Statlog Australian,MOEACKF,24,6,7,0.005882352941,0.1413043478,0.8586956522,False,False,40,2,38,0,0,0.95,0.0,0.0,1,1,False,False,False,0,1,0.025,False,True,True,1.7647081712590662e-13,/home/nez/Desktop/tesis-snn/platemo-cpp/results/ds1_moeackf/fronts/MOEACKF_ds1_nh40_run24_front.csv
1,Statlog Australian,MOEACKF,25,0,6,0.001470588235,0.4148550725,0.5851449275,False,False,40,0,39,1,0,0.975,0.025,0.0,0,0,True,True,True,2,0,0.0,False,False,True,2.941175948623087e-13,/home/nez/Desktop/tesis-snn/platemo-cpp/results/ds1_moeackf/fronts/MOEACKF_ds1_nh40_run25_front.csv
1,Statlog Australian,MOEACKF,25,1,6,0.002941176471,0.3043478261,0.6956521739,False,False,40,1,39,0,0,0.975,0.0,0.0,0,1,True,False,True,1,0,0.0,False,True,True,4.117648062795798e-13,/home/nez/Desktop/tesis-snn/platemo-cpp/results/ds1_moeackf/fronts/MOEACKF_ds1_nh40_run25_front.csv
1,Statlog Australian,MOEACKF,25,2,6,0.004411764706,0.3025362319,0.6974637681,False,False,40,1,38,1,0,0.95,0.025,0.0,0,1,True,False,True,1,0,0.0,False,True,True,1.1764721141727108e-13,/home/nez/Desktop/tesis-snn/platemo-cpp/results/ds1_moeackf/fronts/MOEACKF_ds1_nh40_run25_front.csv
1,Statlog Australian,MOEACKF,25,3,6,0.005882352941,0.143115942,0.856884058,False,False,40,2,38,0,0,0.95,0.0,0.0,1,1,False,False,False,0,1,0.025,False,True,True,1.7647081712590662e-13,/home/nez/Desktop/tesis-snn/platemo-cpp/results/ds1_moeackf/fronts/MOEACKF_ds1_nh40_run25_front.csv
1,Statlog Australian,MOEACKF,25,4,6,0.008823529412,0.1413043478,0.8586956522,False,True,40,2,37,1,0,0.925,0.025,0.0,1,1,False,False,False,0,0,0.0,True,True,False,2.3529442283454216e-13,/home/nez/Desktop/tesis-snn/platemo-cpp/results/ds1_moeackf/fronts/MOEACKF_ds1_nh40_run25_front.csv
1,Statlog Australian,MOEACKF,25,5,6,0.0,0.4420289855,0.5579710145,True,False,40,0,40,0,0,1.0,0.0,0.0,0,0,True,True,True,2,0,0.0,False,False,True,0.0,/home/nez/Desktop/tesis-snn/platemo-cpp/results/ds1_moeackf/fronts/MOEACKF_ds1_nh40_run25_front.csv
1,Statlog Australian,MOEACKF,26,0,4,0.001470588235,0.4329710145,0.5670289855,False,False,40,0,39,1,0,0.975,0.025,0.0,0,0,True,True,True,2,0,0.0,False,False,True,2.941175948623087e-13,/home/nez/Desktop/tesis-snn/platemo-cpp/results/ds1_moeackf/fronts/MOEACKF_ds1_nh40_run26_front.csv
1,Statlog Australian,MOEACKF,26,1,4,0.005882352941,0.1413043478,0.8586956522,False,True,40,2,38,0,0,0.95,0.0,0.0,1,1,False,False,False,0,1,0.025,False,True,True,1.7647081712590662e-13,/home/nez/Desktop/tesis-snn/platemo-cpp/results/ds1_moeackf/fronts/MOEACKF_ds1_nh40_run26_front.csv
1,Statlog Australian,MOEACKF,26,2,4,0.0,0.4365942029,0.5634057970999999,True,False,40,0,40,0,0,1.0,0.0,0.0,0,0,True,True,True,2,0,0.0,False,False,True,0.0,/home/nez/Desktop/tesis-snn/platemo-cpp/results/ds1_moeackf/fronts/MOEACKF_ds1_nh40_run26_front.csv
1,Statlog Australian,MOEACKF,26,3,4,0.002941176471,0.3061594203,0.6938405797,False,False,40,1,39,0,0,0.975,0.0,0.0,0,1,True,False,True,1,0,0.0,False,True,True,4.117648062795798e-13,/home/nez/Desktop/tesis-snn/platemo-cpp/results/ds1_moeackf/fronts/MOEACKF_ds1_nh40_run26_front.csv
1,Statlog Australian,MOEACKF,27,0,7,0.001470588235,0.4166666667,0.5833333332999999,False,False,40,0,39,1,0,0.975,0.025,0.0,0,0,True,True,True,2,0,0.0,False,False,True,2.941175948623087e-13,/home/nez/Desktop/tesis-snn/platemo-cpp/results/ds1_moeackf/fronts/MOEACKF_ds1_nh40_run27_front.csv
1,Statlog Australian,MOEACKF,27,1,7,0.002941176471,0.2989130435,0.7010869565,False,False,40,1,39,0,0,0.975,0.0,0.0,0,1,True,False,True,1,0,0.0,False,True,True,4.117648062795798e-13,/home/nez/Desktop/tesis-snn/platemo-cpp/results/ds1_moeackf/fronts/MOEACKF_ds1_nh40_run27_front.csv
1,Statlog Australian,MOEACKF,27,2,7,0.005882352941,0.1449275362,0.8550724638,False,False,40,2,38,0,0,0.95,0.0,0.0,1,1,False,False,False,0,1,0.025,False,True,True,1.7647081712590662e-13,/home/nez/Desktop/tesis-snn/platemo-cpp/results/ds1_moeackf/fronts/MOEACKF_ds1_nh40_run27_front.csv
1,Statlog Australian,MOEACKF,27,3,7,0.0,0.4365942029,0.5634057970999999,True,False,40,0,40,0,0,1.0,0.0,0.0,0,0,True,True,True,2,0,0.0,False,False,True,0.0,/home/nez/Desktop/tesis-snn/platemo-cpp/results/ds1_moeackf/fronts/MOEACKF_ds1_nh40_run27_front.csv
1,Statlog Australian,MOEACKF,27,4,7,0.007352941176,0.143115942,0.856884058,False,False,40,2,37,1,0,0.925,0.025,0.0,1,1,False,False,False,0,1,0.025,False,True,True,4.705879783073463e-13,/home/nez/Desktop/tesis-snn/platemo-cpp/results/ds1_moeackf/fronts/MOEACKF_ds1_nh40_run27_front.csv
1,Statlog Australian,MOEACKF,27,5,7,0.008823529412,0.1413043478,0.8586956522,False,False,40,2,36,2,0,0.9,0.05,0.0,1,1,False,False,False,0,2,0.05,False,True,True,2.3529442283454216e-13,/home/nez/Desktop/tesis-snn/platemo-cpp/results/ds1_moeackf/fronts/MOEACKF_ds1_nh40_run27_front.csv
1,Statlog Australian,MOEACKF,27,6,7,0.01617647059,0.1376811594,0.8623188406,False,True,40,2,31,7,0,0.775,0.175,0.0,1,1,False,False,False,0,2,0.05,False,True,True,1.7647029670886383e-12,/home/nez/Desktop/tesis-snn/platemo-cpp/results/ds1_moeackf/fronts/MOEACKF_ds1_nh40_run27_front.csv
1,Statlog Australian,MOEACKF,28,0,4,0.001470588235,0.4275362319,0.5724637681,False,False,40,0,39,1,0,0.975,0.025,0.0,0,0,True,True,True,2,0,0.0,False,False,True,2.941175948623087e-13,/home/nez/Desktop/tesis-snn/platemo-cpp/results/ds1_moeackf/fronts/MOEACKF_ds1_nh40_run28_front.csv
1,Statlog Australian,MOEACKF,28,1,4,0.002941176471,0.2989130435,0.7010869565,False,False,40,1,39,0,0,0.975,0.0,0.0,0,1,True,False,True,1,0,0.0,False,True,True,4.117648062795798e-13,/home/nez/Desktop/tesis-snn/platemo-cpp/results/ds1_moeackf/fronts/MOEACKF_ds1_nh40_run28_front.csv
1,Statlog Australian,MOEACKF,28,2,4,0.0,0.4420289855,0.5579710145,True,False,40,0,40,0,0,1.0,0.0,0.0,0,0,True,True,True,2,0,0.0,False,False,True,0.0,/home/nez/Desktop/tesis-snn/platemo-cpp/results/ds1_moeackf/fronts/MOEACKF_ds1_nh40_run28_front.csv
1,Statlog Australian,MOEACKF,28,3,4,0.005882352941,0.1413043478,0.8586956522,False,True,40,2,38,0,0,0.95,0.0,0.0,1,1,False,False,False,0,1,0.025,False,True,True,1.7647081712590662e-13,/home/nez/Desktop/tesis-snn/platemo-cpp/results/ds1_moeackf/fronts/MOEACKF_ds1_nh40_run28_front.csv
1,Statlog Australian,MOEACKF,29,0,6,0.001470588235,0.4202898551,0.5797101449,False,False,40,0,39,1,0,0.975,0.025,0.0,0,0,True,True,True,2,0,0.0,False,False,True,2.941175948623087e-13,/home/nez/Desktop/tesis-snn/platemo-cpp/results/ds1_moeackf/fronts/MOEACKF_ds1_nh40_run29_front.csv
1,Statlog Australian,MOEACKF,29,1,6,0.0,0.4347826087,0.5652173913,True,False,40,0,40,0,0,1.0,0.0,0.0,0,0,True,True,True,2,0,0.0,False,False,True,0.0,/home/nez/Desktop/tesis-snn/platemo-cpp/results/ds1_moeackf/fronts/MOEACKF_ds1_nh40_run29_front.csv
1,Statlog Australian,MOEACKF,29,2,6,0.008823529412,0.1413043478,0.8586956522,False,True,40,2,36,2,0,0.9,0.05,0.0,1,1,False,False,False,0,1,0.025,False,True,True,2.3529442283454216e-13,/home/nez/Desktop/tesis-snn/platemo-cpp/results/ds1_moeackf/fronts/MOEACKF_ds1_nh40_run29_front.csv
1,Statlog Australian,MOEACKF,29,3,6,0.002941176471,0.3170289855,0.6829710145,False,False,40,1,39,0,0,0.975,0.0,0.0,0,1,True,False,True,1,0,0.0,False,True,True,4.117648062795798e-13,/home/nez/Desktop/tesis-snn/platemo-cpp/results/ds1_moeackf/fronts/MOEACKF_ds1_nh40_run29_front.csv
1,Statlog Australian,MOEACKF,29,4,6,0.005882352941,0.143115942,0.856884058,False,False,40,2,38,0,0,0.95,0.0,0.0,1,1,False,False,False,0,1,0.025,False,True,True,1.7647081712590662e-13,/home/nez/Desktop/tesis-snn/platemo-cpp/results/ds1_moeackf/fronts/MOEACKF_ds1_nh40_run29_front.csv
1,Statlog Australian,MOEACKF,29,5,6,0.004411764706,0.3115942029,0.6884057970999999,False,False,40,1,38,1,0,0.95,0.025,0.0,0,1,True,False,True,1,1,0.025,False,True,True,1.1764721141727108e-13,/home/nez/Desktop/tesis-snn/platemo-cpp/results/ds1_moeackf/fronts/MOEACKF_ds1_nh40_run29_front.csv
1,Statlog Australian,MOEACKF,30,0,5,0.002941176471,0.3007246377,0.6992753623,False,False,40,1,39,0,0,0.975,0.0,0.0,0,1,True,False,True,1,0,0.0,False,True,True,4.117648062795798e-13,/home/nez/Desktop/tesis-snn/platemo-cpp/results/ds1_moeackf/fronts/MOEACKF_ds1_nh40_run30_front.csv
1,Statlog Australian,MOEACKF,30,1,5,0.0,0.4329710145,0.5670289855,True,False,40,0,40,0,0,1.0,0.0,0.0,0,0,True,True,True,2,0,0.0,False,False,True,0.0,/home/nez/Desktop/tesis-snn/platemo-cpp/results/ds1_moeackf/fronts/MOEACKF_ds1_nh40_run30_front.csv
1,Statlog Australian,MOEACKF,30,2,5,0.005882352941,0.143115942,0.856884058,False,False,40,2,38,0,0,0.95,0.0,0.0,1,1,False,False,False,0,1,0.025,False,True,True,1.7647081712590662e-13,/home/nez/Desktop/tesis-snn/platemo-cpp/results/ds1_moeackf/fronts/MOEACKF_ds1_nh40_run30_front.csv
1,Statlog Australian,MOEACKF,30,3,5,0.001470588235,0.4202898551,0.5797101449,False,False,40,0,39,1,0,0.975,0.025,0.0,0,0,True,True,True,2,0,0.0,False,False,True,2.941175948623087e-13,/home/nez/Desktop/tesis-snn/platemo-cpp/results/ds1_moeackf/fronts/MOEACKF_ds1_nh40_run30_front.csv
1,Statlog Australian,MOEACKF,30,4,5,0.007352941176,0.1394927536,0.8605072464,False,True,40,2,37,1,0,0.925,0.025,0.0,1,1,False,False,False,0,1,0.025,False,True,True,4.705879783073463e-13,/home/nez/Desktop/tesis-snn/platemo-cpp/results/ds1_moeackf/fronts/MOEACKF_ds1_nh40_run30_front.csv
1,Statlog Australian,SNSGAII,0,0,5,0.001470588235,0.4365942029,0.5634057970999999,False,False,40,0,39,0,1,0.975,0.0,0.025,1,0,False,True,True,1,0,0.0,False,False,True,2.941175948623087e-13,/home/nez/Desktop/tesis-snn/platemo-cpp/results/ds1_snsgaii/fronts/SNSGAII_ds1_nh40_run0_front.csv
1,Statlog Australian,SNSGAII,0,1,5,0.005882352941,0.2572463768,0.7427536232,False,False,40,2,38,0,0,0.95,0.0,0.0,1,1,False,False,False,0,0,0.0,True,True,False,1.7647081712590662e-13,/home/nez/Desktop/tesis-snn/platemo-cpp/results/ds1_snsgaii/fronts/SNSGAII_ds1_nh40_run0_front.csv
1,Statlog Australian,SNSGAII,0,2,5,0.0,0.4528985507,0.5471014492999999,True,False,40,0,40,0,0,1.0,0.0,0.0,0,0,True,True,True,2,0,0.0,False,False,True,0.0,/home/nez/Desktop/tesis-snn/platemo-cpp/results/ds1_snsgaii/fronts/SNSGAII_ds1_nh40_run0_front.csv
1,Statlog Australian,SNSGAII,0,3,5,0.01176470588,0.1231884058,0.8768115942,False,True,40,2,38,0,0,0.95,0.0,0.0,1,1,False,False,False,0,0,0.0,True,True,False,2.3529407588984697e-12,/home/nez/Desktop/tesis-snn/platemo-cpp/results/ds1_snsgaii/fronts/SNSGAII_ds1_nh40_run0_front.csv
1,Statlog Australian,SNSGAII,0,4,5,0.007352941176,0.1467391304,0.8532608696,False,False,40,2,38,0,0,0.95,0.0,0.0,1,1,False,False,False,0,0,0.0,True,True,False,4.705879783073463e-13,/home/nez/Desktop/tesis-snn/platemo-cpp/results/ds1_snsgaii/fronts/SNSGAII_ds1_nh40_run0_front.csv
1,Statlog Australian,SNSGAII,1,0,7,0.06764705882,0.1467391304,0.8532608696,False,True,40,3,15,22,0,0.375,0.55,0.0,2,1,False,False,False,0,1,0.025,True,True,False,3.5294128730711805e-12,/home/nez/Desktop/tesis-snn/platemo-cpp/results/ds1_snsgaii/fronts/SNSGAII_ds1_nh40_run1_front.csv
1,Statlog Australian,SNSGAII,1,1,7,0.01029411765,0.1485507246,0.8514492754,False,False,40,3,37,0,0,0.925,0.0,0.0,2,1,False,False,False,0,0,0.0,True,True,False,2.941176815984825e-12,/home/nez/Desktop/tesis-snn/platemo-cpp/results/ds1_snsgaii/fronts/SNSGAII_ds1_nh40_run1_front.csv
1,Statlog Australian,SNSGAII,1,2,7,0.005882352941,0.240942029,0.759057971,False,False,40,2,38,0,0,0.95,0.0,0.0,1,1,False,False,False,0,0,0.0,True,True,False,1.7647081712590662e-13,/home/nez/Desktop/tesis-snn/platemo-cpp/results/ds1_snsgaii/fronts/SNSGAII_ds1_nh40_run1_front.csv
1,Statlog Australian,SNSGAII,1,3,7,0.001470588235,0.4438405797,0.5561594203,False,False,40,0,39,0,1,0.975,0.0,0.025,1,0,False,True,True,1,0,0.0,False,False,True,2.941175948623087e-13,/home/nez/Desktop/tesis-snn/platemo-cpp/results/ds1_snsgaii/fronts/SNSGAII_ds1_nh40_run1_front.csv
1,Statlog Australian,SNSGAII,1,4,7,0.007352941176,0.1739130435,0.8260869565,False,False,40,2,38,0,0,0.95,0.0,0.0,1,1,False,False,False,0,0,0.0,True,True,False,4.705879783073463e-13,/home/nez/Desktop/tesis-snn/platemo-cpp/results/ds1_snsgaii/fronts/SNSGAII_ds1_nh40_run1_front.csv
1,Statlog Australian,SNSGAII,1,5,7,0.0,0.4492753623,0.5507246377,True,False,40,0,40,0,0,1.0,0.0,0.0,0,0,True,True,True,2,0,0.0,False,False,True,0.0,/home/nez/Desktop/tesis-snn/platemo-cpp/results/ds1_snsgaii/fronts/SNSGAII_ds1_nh40_run1_front.csv
1,Statlog Australian,SNSGAII,1,6,7,0.008823529412,0.1684782609,0.8315217391,False,False,40,2,37,0,1,0.925,0.0,0.025,2,1,False,False,False,0,0,0.0,True,True,False,2.3529442283454216e-13,/home/nez/Desktop/tesis-snn/platemo-cpp/results/ds1_snsgaii/fronts/SNSGAII_ds1_nh40_run1_front.csv
1,Statlog Australian,SNSGAII,2,0,13,0.03529411765,0.1231884058,0.8768115942,False,True,40,4,23,11,2,0.575,0.275,0.05,4,2,False,False,False,0,1,0.025,True,True,False,2.941175081261349e-12,/home/nez/Desktop/tesis-snn/platemo-cpp/results/ds1_snsgaii/fronts/SNSGAII_ds1_nh40_run2_front.csv
1,Statlog Australian,SNSGAII,2,1,13,0.02794117647,0.125,0.875,False,False,40,4,27,8,1,0.675,0.2,0.025,4,1,False,False,False,0,1,0.025,True,True,False,5.882377918098314e-13,/home/nez/Desktop/tesis-snn/platemo-cpp/results/ds1_snsgaii/fronts/SNSGAII_ds1_nh40_run2_front.csv
1,Statlog Australian,SNSGAII,2,2,13,0.005882352941,0.3641304348,0.6358695651999999,False,False,40,1,37,1,1,0.925,0.025,0.025,2,0,False,True,True,1,0,0.0,True,False,True,1.7647081712590662e-13,/home/nez/Desktop/tesis-snn/platemo-cpp/results/ds1_snsgaii/fronts/SNSGAII_ds1_nh40_run2_front.csv
1,Statlog Australian,SNSGAII,2,3,13,0.0,0.4583333333,0.5416666667000001,True,False,40,0,40,0,0,1.0,0.0,0.0,0,0,True,True,True,2,0,0.0,False,False,True,0.0,/home/nez/Desktop/tesis-snn/platemo-cpp/results/ds1_snsgaii/fronts/SNSGAII_ds1_nh40_run2_front.csv
1,Statlog Australian,SNSGAII,2,4,13,0.002941176471,0.3786231884,0.6213768116,False,False,40,1,39,0,0,0.975,0.0,0.0,1,0,False,True,True,1,0,0.0,True,False,True,4.117648062795798e-13,/home/nez/Desktop/tesis-snn/platemo-cpp/results/ds1_snsgaii/fronts/SNSGAII_ds1_nh40_run2_front.csv
1,Statlog Australian,SNSGAII,2,5,13,0.008823529412,0.3369565217,0.6630434783,False,False,40,2,37,1,0,0.925,0.025,0.0,1,1,False,False,False,0,1,0.025,True,True,False,2.3529442283454216e-13,/home/nez/Desktop/tesis-snn/platemo-cpp/results/ds1_snsgaii/fronts/SNSGAII_ds1_nh40_run2_front.csv
1,Statlog Australian,SNSGAII,2,6,13,0.01470588235,0.1304347826,0.8695652174,False,False,40,4,36,0,0,0.9,0.0,0.0,3,1,False,False,False,0,1,0.025,True,True,False,2.941176815984825e-12,/home/nez/Desktop/tesis-snn/platemo-cpp/results/ds1_snsgaii/fronts/SNSGAII_ds1_nh40_run2_front.csv
1,Statlog Australian,SNSGAII,2,7,13,0.004411764706,0.3695652174,0.6304347826000001,False,False,40,1,38,1,0,0.95,0.025,0.0,1,0,False,True,True,1,0,0.0,True,False,True,1.1764721141727108e-13,/home/nez/Desktop/tesis-snn/platemo-cpp/results/ds1_snsgaii/fronts/SNSGAII_ds1_nh40_run2_front.csv
1,Statlog Australian,SNSGAII,2,8,13,0.01764705882,0.1268115942,0.8731884058,False,False,40,4,34,2,0,0.85,0.05,0.0,3,1,False,False,False,0,1,0.025,True,True,False,3.5294128730711805e-12,/home/nez/Desktop/tesis-snn/platemo-cpp/results/ds1_snsgaii/fronts/SNSGAII_ds1_nh40_run2_front.csv
1,Statlog Australian,SNSGAII,2,9,13,0.001470588235,0.4528985507,0.5471014492999999,False,False,40,0,39,0,1,0.975,0.0,0.025,1,0,False,True,True,1,0,0.0,False,False,True,2.941175948623087e-13,/home/nez/Desktop/tesis-snn/platemo-cpp/results/ds1_snsgaii/fronts/SNSGAII_ds1_nh40_run2_front.csv
1,Statlog Australian,SNSGAII,2,10,13,0.01176470588,0.1322463768,0.8677536232,False,False,40,3,37,0,0,0.925,0.0,0.0,2,1,False,False,False,0,1,0.025,True,True,False,2.3529407588984697e-12,/home/nez/Desktop/tesis-snn/platemo-cpp/results/ds1_snsgaii/fronts/SNSGAII_ds1_nh40_run2_front.csv
1,Statlog Australian,SNSGAII,2,11,13,0.007352941176,0.3605072464,0.6394927536,False,False,40,2,38,0,0,0.95,0.0,0.0,1,1,False,False,False,0,0,0.0,True,True,False,4.705879783073463e-13,/home/nez/Desktop/tesis-snn/platemo-cpp/results/ds1_snsgaii/fronts/SNSGAII_ds1_nh40_run2_front.csv
1,Statlog Australian,SNSGAII,2,12,13,0.01029411765,0.231884058,0.768115942,False,False,40,3,37,0,0,0.925,0.0,0.0,2,1,False,False,False,0,1,0.025,True,True,False,2.941176815984825e-12,/home/nez/Desktop/tesis-snn/platemo-cpp/results/ds1_snsgaii/fronts/SNSGAII_ds1_nh40_run2_front.csv
1,Statlog Australian,SNSGAII,3,0,6,0.001470588235,0.4420289855,0.5579710145,False,False,40,0,39,0,1,0.975,0.0,0.025,1,0,False,True,True,1,0,0.0,False,False,True,2.941175948623087e-13,/home/nez/Desktop/tesis-snn/platemo-cpp/results/ds1_snsgaii/fronts/SNSGAII_ds1_nh40_run3_front.csv
1,Statlog Australian,SNSGAII,3,1,6,0.01176470588,0.1449275362,0.8550724638,False,False,40,3,37,0,0,0.925,0.0,0.0,3,1,False,False,False,0,0,0.0,True,True,False,2.3529407588984697e-12,/home/nez/Desktop/tesis-snn/platemo-cpp/results/ds1_snsgaii/fronts/SNSGAII_ds1_nh40_run3_front.csv
1,Statlog Australian,SNSGAII,3,2,6,0.01029411765,0.1847826087,0.8152173913,False,False,40,2,37,0,1,0.925,0.0,0.025,3,1,False,False,False,0,0,0.0,True,True,False,2.941176815984825e-12,/home/nez/Desktop/tesis-snn/platemo-cpp/results/ds1_snsgaii/fronts/SNSGAII_ds1_nh40_run3_front.csv
1,Statlog Australian,SNSGAII,3,3,6,0.01470588235,0.1376811594,0.8623188406,False,True,40,4,36,0,0,0.9,0.0,0.0,4,1,False,False,False,0,0,0.0,True,True,False,2.941176815984825e-12,/home/nez/Desktop/tesis-snn/platemo-cpp/results/ds1_snsgaii/fronts/SNSGAII_ds1_nh40_run3_front.csv
1,Statlog Australian,SNSGAII,3,4,6,0.008823529412,0.1902173913,0.8097826087,False,False,40,2,38,0,0,0.95,0.0,0.0,2,1,False,False,False,0,0,0.0,True,True,False,2.3529442283454216e-13,/home/nez/Desktop/tesis-snn/platemo-cpp/results/ds1_snsgaii/fronts/SNSGAII_ds1_nh40_run3_front.csv
1,Statlog Australian,SNSGAII,3,5,6,0.0,0.4456521739,0.5543478261,True,False,40,0,40,0,0,1.0,0.0,0.0,0,0,True,True,True,2,0,0.0,False,False,True,0.0,/home/nez/Desktop/tesis-snn/platemo-cpp/results/ds1_snsgaii/fronts/SNSGAII_ds1_nh40_run3_front.csv
1,Statlog Australian,SNSGAII,4,0,9,0.025,0.1286231884,0.8713768116,False,True,40,3,31,6,0,0.775,0.15,0.0,1,2,False,False,False,0,1,0.025,True,True,False,0.0,/home/nez/Desktop/tesis-snn/platemo-cpp/results/ds1_snsgaii/fronts/SNSGAII_ds1_nh40_run4_front.csv
1,Statlog Australian,SNSGAII,4,1,9,0.002941176471,0.4438405797,0.5561594203,False,False,40,0,38,2,0,0.95,0.05,0.0,0,0,True,True,True,2,0,0.0,False,False,True,4.117648062795798e-13,/home/nez/Desktop/tesis-snn/platemo-cpp/results/ds1_snsgaii/fronts/SNSGAII_ds1_nh40_run4_front.csv
1,Statlog Australian,SNSGAII,4,2,9,0.001470588235,0.4456521739,0.5543478261,False,False,40,0,39,1,0,0.975,0.025,0.0,0,0,True,True,True,2,0,0.0,False,False,True,2.941175948623087e-13,/home/nez/Desktop/tesis-snn/platemo-cpp/results/ds1_snsgaii/fronts/SNSGAII_ds1_nh40_run4_front.csv
1,Statlog Australian,SNSGAII,4,3,9,0.01029411765,0.1376811594,0.8623188406,False,False,40,2,38,0,0,0.95,0.0,0.0,1,1,False,False,False,0,0,0.0,True,True,False,2.941176815984825e-12,/home/nez/Desktop/tesis-snn/platemo-cpp/results/ds1_snsgaii/fronts/SNSGAII_ds1_nh40_run4_front.csv
1,Statlog Australian,SNSGAII,4,4,9,0.0,0.4655797101,0.5344202899,True,False,40,0,40,0,0,1.0,0.0,0.0,0,0,True,True,True,2,0,0.0,False,False,True,0.0,/home/nez/Desktop/tesis-snn/platemo-cpp/results/ds1_snsgaii/fronts/SNSGAII_ds1_nh40_run4_front.csv
1,Statlog Australian,SNSGAII,4,5,9,0.004411764706,0.4420289855,0.5579710145,False,False,40,0,37,3,0,0.925,0.075,0.0,0,0,True,True,True,2,0,0.0,False,False,True,1.1764721141727108e-13,/home/nez/Desktop/tesis-snn/platemo-cpp/results/ds1_snsgaii/fronts/SNSGAII_ds1_nh40_run4_front.csv
1,Statlog Australian,SNSGAII,4,6,9,0.01323529412,0.1304347826,0.8695652174,False,False,40,3,37,0,0,0.925,0.0,0.0,1,2,False,False,False,0,0,0.0,True,True,False,2.3529407588984697e-12,/home/nez/Desktop/tesis-snn/platemo-cpp/results/ds1_snsgaii/fronts/SNSGAII_ds1_nh40_run4_front.csv
1,Statlog Australian,SNSGAII,4,7,9,0.008823529412,0.1467391304,0.8532608696,False,False,40,2,38,0,0,0.95,0.0,0.0,1,1,False,False,False,0,0,0.0,True,True,False,2.3529442283454216e-13,/home/nez/Desktop/tesis-snn/platemo-cpp/results/ds1_snsgaii/fronts/SNSGAII_ds1_nh40_run4_front.csv
1,Statlog Australian,SNSGAII,4,8,9,0.007352941176,0.4221014493,0.5778985507000001,False,False,40,0,37,3,0,0.925,0.075,0.0,0,0,True,True,True,2,0,0.0,False,False,True,4.705879783073463e-13,/home/nez/Desktop/tesis-snn/platemo-cpp/results/ds1_snsgaii/fronts/SNSGAII_ds1_nh40_run4_front.csv
1,Statlog Australian,SNSGAII,5,0,6,0.01617647059,0.1413043478,0.8586956522,False,True,40,3,35,2,0,0.875,0.05,0.0,1,2,False,False,False,0,0,0.0,True,True,False,1.7647029670886383e-12,/home/nez/Desktop/tesis-snn/platemo-cpp/results/ds1_snsgaii/fronts/SNSGAII_ds1_nh40_run5_front.csv
1,Statlog Australian,SNSGAII,5,1,6,0.004411764706,0.4384057971,0.5615942029000001,False,False,40,0,37,3,0,0.925,0.075,0.0,0,0,True,True,True,2,0,0.0,False,False,True,1.1764721141727108e-13,/home/nez/Desktop/tesis-snn/platemo-cpp/results/ds1_snsgaii/fronts/SNSGAII_ds1_nh40_run5_front.csv
1,Statlog Australian,SNSGAII,5,2,6,0.0,0.4565217391,0.5434782609,True,False,40,0,40,0,0,1.0,0.0,0.0,0,0,True,True,True,2,0,0.0,False,False,True,0.0,/home/nez/Desktop/tesis-snn/platemo-cpp/results/ds1_snsgaii/fronts/SNSGAII_ds1_nh40_run5_front.csv
1,Statlog Australian,SNSGAII,5,3,6,0.002941176471,0.4510869565,0.5489130435,False,False,40,1,39,0,0,0.975,0.0,0.0,1,0,False,True,True,1,1,0.025,False,False,True,4.117648062795798e-13,/home/nez/Desktop/tesis-snn/platemo-cpp/results/ds1_snsgaii/fronts/SNSGAII_ds1_nh40_run5_front.csv
1,Statlog Australian,SNSGAII,5,4,6,0.01323529412,0.143115942,0.856884058,False,False,40,3,37,0,0,0.925,0.0,0.0,1,2,False,False,False,0,0,0.0,True,True,False,2.3529407588984697e-12,/home/nez/Desktop/tesis-snn/platemo-cpp/results/ds1_snsgaii/fronts/SNSGAII_ds1_nh40_run5_front.csv
1,Statlog Australian,SNSGAII,5,5,6,0.008823529412,0.1503623188,0.8496376811999999,False,False,40,2,38,0,0,0.95,0.0,0.0,1,1,False,False,False,0,0,0.0,True,True,False,2.3529442283454216e-13,/home/nez/Desktop/tesis-snn/platemo-cpp/results/ds1_snsgaii/fronts/SNSGAII_ds1_nh40_run5_front.csv
1,Statlog Australian,SNSGAII,6,0,7,0.04705882353,0.125,0.875,False,False,40,3,19,17,1,0.475,0.425,0.025,2,2,False,False,False,0,1,0.025,True,True,False,5.882377918098314e-13,/home/nez/Desktop/tesis-snn/platemo-cpp/results/ds1_snsgaii/fronts/SNSGAII_ds1_nh40_run6_front.csv
1,Statlog Australian,SNSGAII,6,1,7,0.05,0.1231884058,0.8768115942,False,True,40,3,20,17,0,0.5,0.425,0.0,1,2,False,False,False,0,0,0.0,True,True,False,0.0,/home/nez/Desktop/tesis-snn/platemo-cpp/results/ds1_snsgaii/fronts/SNSGAII_ds1_nh40_run6_front.csv
1,Statlog Australian,SNSGAII,6,2,7,0.01323529412,0.1268115942,0.8731884058,False,False,40,2,36,2,0,0.9,0.05,0.0,1,1,False,False,False,0,0,0.0,True,True,False,2.3529407588984697e-12,/home/nez/Desktop/tesis-snn/platemo-cpp/results/ds1_snsgaii/fronts/SNSGAII_ds1_nh40_run6_front.csv
1,Statlog Australian,SNSGAII,6,3,7,0.0,0.4347826087,0.5652173913,True,False,40,0,40,0,0,1.0,0.0,0.0,0,0,True,True,True,2,0,0.0,False,False,True,0.0,/home/nez/Desktop/tesis-snn/platemo-cpp/results/ds1_snsgaii/fronts/SNSGAII_ds1_nh40_run6_front.csv
1,Statlog Australian,SNSGAII,6,4,7,0.01029411765,0.1286231884,0.8713768116,False,False,40,2,38,0,0,0.95,0.0,0.0,1,1,False,False,False,0,0,0.0,True,True,False,2.941176815984825e-12,/home/nez/Desktop/tesis-snn/platemo-cpp/results/ds1_snsgaii/fronts/SNSGAII_ds1_nh40_run6_front.csv
1,Statlog Australian,SNSGAII,6,5,7,0.008823529412,0.240942029,0.759057971,False,False,40,2,38,0,0,0.95,0.0,0.0,1,1,False,False,False,0,0,0.0,True,True,False,2.3529442283454216e-13,/home/nez/Desktop/tesis-snn/platemo-cpp/results/ds1_snsgaii/fronts/SNSGAII_ds1_nh40_run6_front.csv
1,Statlog Australian,SNSGAII,6,6,7,0.007352941176,0.268115942,0.731884058,False,False,40,2,38,0,0,0.95,0.0,0.0,1,1,False,False,False,0,0,0.0,True,True,False,4.705879783073463e-13,/home/nez/Desktop/tesis-snn/platemo-cpp/results/ds1_snsgaii/fronts/SNSGAII_ds1_nh40_run6_front.csv
1,Statlog Australian,SNSGAII,7,0,10,0.02205882353,0.1268115942,0.8731884058,False,True,40,3,32,5,0,0.8,0.125,0.0,1,2,False,False,False,0,0,0.0,True,True,False,5.882343223628794e-13,/home/nez/Desktop/tesis-snn/platemo-cpp/results/ds1_snsgaii/fronts/SNSGAII_ds1_nh40_run7_front.csv
1,Statlog Australian,SNSGAII,7,1,10,0.004411764706,0.4384057971,0.5615942029000001,False,False,40,0,37,3,0,0.925,0.075,0.0,0,0,True,True,True,2,0,0.0,False,False,True,1.1764721141727108e-13,/home/nez/Desktop/tesis-snn/platemo-cpp/results/ds1_snsgaii/fronts/SNSGAII_ds1_nh40_run7_front.csv
1,Statlog Australian,SNSGAII,7,2,10,0.01764705882,0.134057971,0.865942029,False,False,40,3,35,2,0,0.875,0.05,0.0,1,2,False,False,False,0,0,0.0,True,True,False,3.5294128730711805e-12,/home/nez/Desktop/tesis-snn/platemo-cpp/results/ds1_snsgaii/fronts/SNSGAII_ds1_nh40_run7_front.csv
1,Statlog Australian,SNSGAII,7,3,10,0.001470588235,0.4438405797,0.5561594203,False,False,40,0,39,1,0,0.975,0.025,0.0,0,0,True,True,True,2,0,0.0,False,False,True,2.941175948623087e-13,/home/nez/Desktop/tesis-snn/platemo-cpp/results/ds1_snsgaii/fronts/SNSGAII_ds1_nh40_run7_front.csv
1,Statlog Australian,SNSGAII,7,4,10,0.01617647059,0.1358695652,0.8641304348000001,False,False,40,3,36,1,0,0.9,0.025,0.0,1,2,False,False,False,0,0,0.0,True,True,False,1.7647029670886383e-12,/home/nez/Desktop/tesis-snn/platemo-cpp/results/ds1_snsgaii/fronts/SNSGAII_ds1_nh40_run7_front.csv
1,Statlog Australian,SNSGAII,7,5,10,0.0,0.4673913043,0.5326086957,True,False,40,0,40,0,0,1.0,0.0,0.0,0,0,True,True,True,2,0,0.0,False,False,True,0.0,/home/nez/Desktop/tesis-snn/platemo-cpp/results/ds1_snsgaii/fronts/SNSGAII_ds1_nh40_run7_front.csv
1,Statlog Australian,SNSGAII,7,6,10,0.007352941176,0.4039855072,0.5960144928,False,False,40,2,38,0,0,0.95,0.0,0.0,1,1,False,False,False,0,1,0.025,False,True,True,4.705879783073463e-13,/home/nez/Desktop/tesis-snn/platemo-cpp/results/ds1_snsgaii/fronts/SNSGAII_ds1_nh40_run7_front.csv
1,Statlog Australian,SNSGAII,7,7,10,0.008823529412,0.231884058,0.768115942,False,False,40,2,38,0,0,0.95,0.0,0.0,1,1,False,False,False,0,0,0.0,True,True,False,2.3529442283454216e-13,/home/nez/Desktop/tesis-snn/platemo-cpp/results/ds1_snsgaii/fronts/SNSGAII_ds1_nh40_run7_front.csv
1,Statlog Australian,SNSGAII,7,8,10,0.01176470588,0.1467391304,0.8532608696,False,False,40,3,37,0,0,0.925,0.0,0.0,1,2,False,False,False,0,0,0.0,True,True,False,2.3529407588984697e-12,/home/nez/Desktop/tesis-snn/platemo-cpp/results/ds1_snsgaii/fronts/SNSGAII_ds1_nh40_run7_front.csv
1,Statlog Australian,SNSGAII,7,9,10,0.01470588235,0.1376811594,0.8623188406,False,False,40,3,37,0,0,0.925,0.0,0.0,1,2,False,False,False,0,0,0.0,True,True,False,2.941176815984825e-12,/home/nez/Desktop/tesis-snn/platemo-cpp/results/ds1_snsgaii/fronts/SNSGAII_ds1_nh40_run7_front.csv
1,Statlog Australian,SNSGAII,8,0,9,0.02352941176,0.1322463768,0.8677536232,False,True,40,5,31,4,0,0.775,0.1,0.0,3,2,False,False,False,0,1,0.025,True,True,False,4.705881517796939e-12,/home/nez/Desktop/tesis-snn/platemo-cpp/results/ds1_snsgaii/fronts/SNSGAII_ds1_nh40_run8_front.csv
1,Statlog Australian,SNSGAII,8,1,9,0.007352941176,0.3405797101,0.6594202899,False,False,40,2,38,0,0,0.95,0.0,0.0,1,1,False,False,False,0,0,0.0,True,True,False,4.705879783073463e-13,/home/nez/Desktop/tesis-snn/platemo-cpp/results/ds1_snsgaii/fronts/SNSGAII_ds1_nh40_run8_front.csv
1,Statlog Australian,SNSGAII,8,2,9,0.01911764706,0.1376811594,0.8623188406,False,False,40,5,34,1,0,0.85,0.025,0.0,3,2,False,False,False,0,1,0.025,True,True,False,1.1764686447257588e-12,/home/nez/Desktop/tesis-snn/platemo-cpp/results/ds1_snsgaii/fronts/SNSGAII_ds1_nh40_run8_front.csv
1,Statlog Australian,SNSGAII,8,3,9,0.01323529412,0.1793478261,0.8206521739,False,False,40,4,36,0,0,0.9,0.0,0.0,2,2,False,False,False,0,0,0.0,True,True,False,2.3529407588984697e-12,/home/nez/Desktop/tesis-snn/platemo-cpp/results/ds1_snsgaii/fronts/SNSGAII_ds1_nh40_run8_front.csv
1,Statlog Australian,SNSGAII,8,4,9,0.0,0.4528985507,0.5471014492999999,True,False,40,0,40,0,0,1.0,0.0,0.0,0,0,True,True,True,2,0,0.0,False,False,True,0.0,/home/nez/Desktop/tesis-snn/platemo-cpp/results/ds1_snsgaii/fronts/SNSGAII_ds1_nh40_run8_front.csv
1,Statlog Australian,SNSGAII,8,5,9,0.01029411765,0.3315217391,0.6684782609,False,False,40,2,36,1,1,0.9,0.025,0.025,2,1,False,False,False,0,0,0.0,True,True,False,2.941176815984825e-12,/home/nez/Desktop/tesis-snn/platemo-cpp/results/ds1_snsgaii/fronts/SNSGAII_ds1_nh40_run8_front.csv
1,Statlog Australian,SNSGAII,8,6,9,0.008823529412,0.3333333333,0.6666666667000001,False,False,40,2,37,0,1,0.925,0.0,0.025,2,1,False,False,False,0,0,0.0,True,True,False,2.3529442283454216e-13,/home/nez/Desktop/tesis-snn/platemo-cpp/results/ds1_snsgaii/fronts/SNSGAII_ds1_nh40_run8_front.csv
1,Statlog Australian,SNSGAII,8,7,9,0.01176470588,0.2789855072,0.7210144928,False,False,40,4,36,0,0,0.9,0.0,0.0,2,2,False,False,False,0,0,0.0,True,True,False,2.3529407588984697e-12,/home/nez/Desktop/tesis-snn/platemo-cpp/results/ds1_snsgaii/fronts/SNSGAII_ds1_nh40_run8_front.csv
1,Statlog Australian,SNSGAII,8,8,9,0.002941176471,0.4510869565,0.5489130435,False,False,40,1,39,0,0,0.975,0.0,0.0,1,0,False,True,True,1,0,0.0,True,False,True,4.117648062795798e-13,/home/nez/Desktop/tesis-snn/platemo-cpp/results/ds1_snsgaii/fronts/SNSGAII_ds1_nh40_run8_front.csv
1,Statlog Australian,SNSGAII,9,0,5,0.0,0.4438405797,0.5561594203,True,False,40,0,40,0,0,1.0,0.0,0.0,0,0,True,True,True,2,0,0.0,False,False,True,0.0,/home/nez/Desktop/tesis-snn/platemo-cpp/results/ds1_snsgaii/fronts/SNSGAII_ds1_nh40_run9_front.csv
1,Statlog Australian,SNSGAII,9,1,5,0.008823529412,0.2463768116,0.7536231884,False,False,40,3,37,0,0,0.925,0.0,0.0,2,1,False,False,False,0,1,0.025,True,True,False,2.3529442283454216e-13,/home/nez/Desktop/tesis-snn/platemo-cpp/results/ds1_snsgaii/fronts/SNSGAII_ds1_nh40_run9_front.csv
1,Statlog Australian,SNSGAII,9,2,5,0.005882352941,0.4384057971,0.5615942029000001,False,False,40,0,37,2,1,0.925,0.05,0.025,1,0,False,True,True,1,0,0.0,False,False,True,1.7647081712590662e-13,/home/nez/Desktop/tesis-snn/platemo-cpp/results/ds1_snsgaii/fronts/SNSGAII_ds1_nh40_run9_front.csv
1,Statlog Australian,SNSGAII,9,3,5,0.01470588235,0.134057971,0.865942029,False,True,40,4,36,0,0,0.9,0.0,0.0,3,1,False,False,False,0,1,0.025,True,True,False,2.941176815984825e-12,/home/nez/Desktop/tesis-snn/platemo-cpp/results/ds1_snsgaii/fronts/SNSGAII_ds1_nh40_run9_front.csv
1,Statlog Australian,SNSGAII,9,4,5,0.01323529412,0.1594202899,0.8405797101,False,False,40,4,36,0,0,0.9,0.0,0.0,3,1,False,False,False,0,1,0.025,True,True,False,2.3529407588984697e-12,/home/nez/Desktop/tesis-snn/platemo-cpp/results/ds1_snsgaii/fronts/SNSGAII_ds1_nh40_run9_front.csv
1,Statlog Australian,SNSGAII,10,0,3,0.001470588235,0.4329710145,0.5670289855,False,False,40,0,39,0,1,0.975,0.0,0.025,1,0,False,True,True,1,0,0.0,False,False,True,2.941175948623087e-13,/home/nez/Desktop/tesis-snn/platemo-cpp/results/ds1_snsgaii/fronts/SNSGAII_ds1_nh40_run10_front.csv
1,Statlog Australian,SNSGAII,10,1,3,0.0,0.4384057971,0.5615942029000001,True,False,40,0,40,0,0,1.0,0.0,0.0,0,0,True,True,True,2,0,0.0,False,False,True,0.0,/home/nez/Desktop/tesis-snn/platemo-cpp/results/ds1_snsgaii/fronts/SNSGAII_ds1_nh40_run10_front.csv
1,Statlog Australian,SNSGAII,10,2,3,0.008823529412,0.1286231884,0.8713768116,False,True,40,2,38,0,0,0.95,0.0,0.0,1,1,False,False,False,0,0,0.0,True,True,False,2.3529442283454216e-13,/home/nez/Desktop/tesis-snn/platemo-cpp/results/ds1_snsgaii/fronts/SNSGAII_ds1_nh40_run10_front.csv
1,Statlog Australian,SNSGAII,11,0,4,0.0,0.4420289855,0.5579710145,True,False,40,0,40,0,0,1.0,0.0,0.0,0,0,True,True,True,2,0,0.0,False,False,True,0.0,/home/nez/Desktop/tesis-snn/platemo-cpp/results/ds1_snsgaii/fronts/SNSGAII_ds1_nh40_run11_front.csv
1,Statlog Australian,SNSGAII,11,1,4,0.007352941176,0.2916666667,0.7083333332999999,False,False,40,2,38,0,0,0.95,0.0,0.0,1,1,False,False,False,0,0,0.0,True,True,False,4.705879783073463e-13,/home/nez/Desktop/tesis-snn/platemo-cpp/results/ds1_snsgaii/fronts/SNSGAII_ds1_nh40_run11_front.csv
1,Statlog Australian,SNSGAII,11,2,4,0.008823529412,0.1413043478,0.8586956522,False,True,40,2,38,0,0,0.95,0.0,0.0,1,1,False,False,False,0,0,0.0,True,True,False,2.3529442283454216e-13,/home/nez/Desktop/tesis-snn/platemo-cpp/results/ds1_snsgaii/fronts/SNSGAII_ds1_nh40_run11_front.csv
1,Statlog Australian,SNSGAII,11,3,4,0.001470588235,0.4293478261,0.5706521739,False,False,40,0,39,1,0,0.975,0.025,0.0,0,0,True,True,True,2,0,0.0,False,False,True,2.941175948623087e-13,/home/nez/Desktop/tesis-snn/platemo-cpp/results/ds1_snsgaii/fronts/SNSGAII_ds1_nh40_run11_front.csv
1,Statlog Australian,SNSGAII,12,0,7,0.001470588235,0.4347826087,0.5652173913,False,False,40,0,39,0,1,0.975,0.0,0.025,1,0,False,True,True,1,0,0.0,False,False,True,2.941175948623087e-13,/home/nez/Desktop/tesis-snn/platemo-cpp/results/ds1_snsgaii/fronts/SNSGAII_ds1_nh40_run12_front.csv
1,Statlog Australian,SNSGAII,12,1,7,0.007352941176,0.2699275362,0.7300724638,False,False,40,2,38,0,0,0.95,0.0,0.0,1,1,False,False,False,0,0,0.0,True,True,False,4.705879783073463e-13,/home/nez/Desktop/tesis-snn/platemo-cpp/results/ds1_snsgaii/fronts/SNSGAII_ds1_nh40_run12_front.csv
1,Statlog Australian,SNSGAII,12,2,7,0.005882352941,0.3152173913,0.6847826087,False,False,40,2,38,0,0,0.95,0.0,0.0,1,1,False,False,False,0,0,0.0,True,True,False,1.7647081712590662e-13,/home/nez/Desktop/tesis-snn/platemo-cpp/results/ds1_snsgaii/fronts/SNSGAII_ds1_nh40_run12_front.csv
1,Statlog Australian,SNSGAII,12,3,7,0.01029411765,0.2119565217,0.7880434783,False,False,40,3,37,0,0,0.925,0.0,0.0,2,1,False,False,False,0,0,0.0,True,True,False,2.941176815984825e-12,/home/nez/Desktop/tesis-snn/platemo-cpp/results/ds1_snsgaii/fronts/SNSGAII_ds1_nh40_run12_front.csv
1,Statlog Australian,SNSGAII,12,4,7,0.0,0.4565217391,0.5434782609,True,False,40,0,40,0,0,1.0,0.0,0.0,0,0,True,True,True,2,0,0.0,False,False,True,0.0,/home/nez/Desktop/tesis-snn/platemo-cpp/results/ds1_snsgaii/fronts/SNSGAII_ds1_nh40_run12_front.csv
1,Statlog Australian,SNSGAII,12,5,7,0.008823529412,0.268115942,0.731884058,False,False,40,2,37,0,1,0.925,0.0,0.025,2,1,False,False,False,0,0,0.0,True,True,False,2.3529442283454216e-13,/home/nez/Desktop/tesis-snn/platemo-cpp/results/ds1_snsgaii/fronts/SNSGAII_ds1_nh40_run12_front.csv
1,Statlog Australian,SNSGAII,12,6,7,0.01323529412,0.1358695652,0.8641304348000001,False,True,40,4,36,0,0,0.9,0.0,0.0,3,1,False,False,False,0,1,0.025,True,True,False,2.3529407588984697e-12,/home/nez/Desktop/tesis-snn/platemo-cpp/results/ds1_snsgaii/fronts/SNSGAII_ds1_nh40_run12_front.csv
1,Statlog Australian,SNSGAII,13,0,9,0.04558823529,0.1358695652,0.8641304348000001,False,True,40,3,20,17,0,0.5,0.425,0.0,1,2,False,False,False,0,0,0.0,True,True,False,4.117643725987108e-12,/home/nez/Desktop/tesis-snn/platemo-cpp/results/ds1_snsgaii/fronts/SNSGAII_ds1_nh40_run13_front.csv
1,Statlog Australian,SNSGAII,13,1,9,0.01029411765,0.152173913,0.8478260870000001,False,False,40,3,37,0,0,0.925,0.0,0.0,1,2,False,False,False,0,0,0.0,True,True,False,2.941176815984825e-12,/home/nez/Desktop/tesis-snn/platemo-cpp/results/ds1_snsgaii/fronts/SNSGAII_ds1_nh40_run13_front.csv
1,Statlog Australian,SNSGAII,13,2,9,0.001470588235,0.4547101449,0.5452898551,False,False,40,0,39,0,1,0.975,0.0,0.025,1,0,False,True,True,1,0,0.0,False,False,True,2.941175948623087e-13,/home/nez/Desktop/tesis-snn/platemo-cpp/results/ds1_snsgaii/fronts/SNSGAII_ds1_nh40_run13_front.csv
1,Statlog Australian,SNSGAII,13,3,9,0.0,0.4565217391,0.5434782609,True,False,40,0,40,0,0,1.0,0.0,0.0,0,0,True,True,True,2,0,0.0,False,False,True,0.0,/home/nez/Desktop/tesis-snn/platemo-cpp/results/ds1_snsgaii/fronts/SNSGAII_ds1_nh40_run13_front.csv
1,Statlog Australian,SNSGAII,13,4,9,0.008823529412,0.3115942029,0.6884057970999999,False,False,40,2,38,0,0,0.95,0.0,0.0,1,1,False,False,False,0,0,0.0,True,True,False,2.3529442283454216e-13,/home/nez/Desktop/tesis-snn/platemo-cpp/results/ds1_snsgaii/fronts/SNSGAII_ds1_nh40_run13_front.csv
1,Statlog Australian,SNSGAII,13,5,9,0.007352941176,0.3949275362,0.6050724638,False,False,40,2,38,0,0,0.95,0.0,0.0,1,1,False,False,False,0,0,0.0,True,True,False,4.705879783073463e-13,/home/nez/Desktop/tesis-snn/platemo-cpp/results/ds1_snsgaii/fronts/SNSGAII_ds1_nh40_run13_front.csv
1,Statlog Australian,SNSGAII,13,6,9,0.02941176471,0.1376811594,0.8623188406,False,False,40,3,28,9,0,0.7,0.225,0.0,1,2,False,False,False,0,0,0.0,True,True,False,4.11764719543406e-12,/home/nez/Desktop/tesis-snn/platemo-cpp/results/ds1_snsgaii/fronts/SNSGAII_ds1_nh40_run13_front.csv
1,Statlog Australian,SNSGAII,13,7,9,0.002941176471,0.4384057971,0.5615942029000001,False,False,40,0,38,2,0,0.95,0.05,0.0,0,0,True,True,True,2,0,0.0,False,False,True,4.117648062795798e-13,/home/nez/Desktop/tesis-snn/platemo-cpp/results/ds1_snsgaii/fronts/SNSGAII_ds1_nh40_run13_front.csv
1,Statlog Australian,SNSGAII,13,8,9,0.01176470588,0.1394927536,0.8605072464,False,False,40,3,37,0,0,0.925,0.0,0.0,1,2,False,False,False,0,0,0.0,True,True,False,2.3529407588984697e-12,/home/nez/Desktop/tesis-snn/platemo-cpp/results/ds1_snsgaii/fronts/SNSGAII_ds1_nh40_run13_front.csv
1,Statlog Australian,SNSGAII,14,0,15,0.01617647059,0.1467391304,0.8532608696,False,False,40,4,35,1,0,0.875,0.025,0.0,2,2,False,False,False,0,0,0.0,True,True,False,1.7647029670886383e-12,/home/nez/Desktop/tesis-snn/platemo-cpp/results/ds1_snsgaii/fronts/SNSGAII_ds1_nh40_run14_front.csv
1,Statlog Australian,SNSGAII,14,1,15,0.01911764706,0.1449275362,0.8550724638,False,False,40,4,33,3,0,0.825,0.075,0.0,2,2,False,False,False,0,0,0.0,True,True,False,1.1764686447257588e-12,/home/nez/Desktop/tesis-snn/platemo-cpp/results/ds1_snsgaii/fronts/SNSGAII_ds1_nh40_run14_front.csv
1,Statlog Australian,SNSGAII,14,2,15,0.025,0.143115942,0.856884058,False,False,40,4,31,5,0,0.775,0.125,0.0,2,2,False,False,False,0,0,0.0,True,True,False,0.0,/home/nez/Desktop/tesis-snn/platemo-cpp/results/ds1_snsgaii/fronts/SNSGAII_ds1_nh40_run14_front.csv
1,Statlog Australian,SNSGAII,14,3,15,0.0,0.4438405797,0.5561594203,True,False,40,0,40,0,0,1.0,0.0,0.0,0,0,True,True,True,2,0,0.0,False,False,True,0.0,/home/nez/Desktop/tesis-snn/platemo-cpp/results/ds1_snsgaii/fronts/SNSGAII_ds1_nh40_run14_front.csv
1,Statlog Australian,SNSGAII,14,4,15,0.05735294118,0.1177536232,0.8822463768,False,True,40,7,17,15,1,0.425,0.375,0.025,4,4,False,False,False,0,0,0.0,True,True,False,3.5294128730711805e-12,/home/nez/Desktop/tesis-snn/platemo-cpp/results/ds1_snsgaii/fronts/SNSGAII_ds1_nh40_run14_front.csv
1,Statlog Australian,SNSGAII,14,5,15,0.008823529412,0.3894927536,0.6105072464,False,False,40,3,37,0,0,0.925,0.0,0.0,2,1,False,False,False,0,1,0.025,True,True,False,2.3529442283454216e-13,/home/nez/Desktop/tesis-snn/platemo-cpp/results/ds1_snsgaii/fronts/SNSGAII_ds1_nh40_run14_front.csv
1,Statlog Australian,SNSGAII,14,6,15,0.01470588235,0.1485507246,0.8514492754,False,False,40,4,36,0,0,0.9,0.0,0.0,2,2,False,False,False,0,0,0.0,True,True,False,2.941176815984825e-12,/home/nez/Desktop/tesis-snn/platemo-cpp/results/ds1_snsgaii/fronts/SNSGAII_ds1_nh40_run14_front.csv
1,Statlog Australian,SNSGAII,14,7,15,0.01176470588,0.1757246377,0.8242753623,False,False,40,3,37,0,0,0.925,0.0,0.0,2,1,False,False,False,0,1,0.025,True,True,False,2.3529407588984697e-12,/home/nez/Desktop/tesis-snn/platemo-cpp/results/ds1_snsgaii/fronts/SNSGAII_ds1_nh40_run14_front.csv
1,Statlog Australian,SNSGAII,14,8,15,0.02941176471,0.1358695652,0.8641304348000001,False,False,40,6,29,4,1,0.725,0.1,0.025,4,3,False,False,False,0,0,0.0,True,True,False,4.11764719543406e-12,/home/nez/Desktop/tesis-snn/platemo-cpp/results/ds1_snsgaii/fronts/SNSGAII_ds1_nh40_run14_front.csv
1,Statlog Australian,SNSGAII,14,9,15,0.02794117647,0.1376811594,0.8623188406,False,False,40,4,29,7,0,0.725,0.175,0.0,3,1,False,False,False,0,1,0.025,True,True,False,5.882377918098314e-13,/home/nez/Desktop/tesis-snn/platemo-cpp/results/ds1_snsgaii/fronts/SNSGAII_ds1_nh40_run14_front.csv
1,Statlog Australian,SNSGAII,14,10,15,0.03529411765,0.125,0.875,False,False,40,6,25,8,1,0.625,0.2,0.025,4,3,False,False,False,0,0,0.0,True,True,False,2.941175081261349e-12,/home/nez/Desktop/tesis-snn/platemo-cpp/results/ds1_snsgaii/fronts/SNSGAII_ds1_nh40_run14_front.csv
1,Statlog Australian,SNSGAII,14,11,15,0.05441176471,0.1195652174,0.8804347826,False,False,40,7,17,14,2,0.425,0.35,0.05,5,4,False,False,False,0,0,0.0,True,True,False,4.117643725987108e-12,/home/nez/Desktop/tesis-snn/platemo-cpp/results/ds1_snsgaii/fronts/SNSGAII_ds1_nh40_run14_front.csv
1,Statlog Australian,SNSGAII,14,12,15,0.03088235294,0.134057971,0.865942029,False,False,40,4,26,9,1,0.65,0.225,0.025,3,2,False,False,False,0,1,0.025,True,True,False,1.1764721141727108e-12,/home/nez/Desktop/tesis-snn/platemo-cpp/results/ds1_snsgaii/fronts/SNSGAII_ds1_nh40_run14_front.csv
1,Statlog Australian,SNSGAII,14,13,15,0.01029411765,0.1902173913,0.8097826087,False,False,40,3,37,0,0,0.925,0.0,0.0,2,1,False,False,False,0,1,0.025,True,True,False,2.941176815984825e-12,/home/nez/Desktop/tesis-snn/platemo-cpp/results/ds1_snsgaii/fronts/SNSGAII_ds1_nh40_run14_front.csv
1,Statlog Australian,SNSGAII,14,14,15,0.002941176471,0.4329710145,0.5670289855,False,False,40,0,38,2,0,0.95,0.05,0.0,0,0,True,True,True,2,0,0.0,False,False,True,4.117648062795798e-13,/home/nez/Desktop/tesis-snn/platemo-cpp/results/ds1_snsgaii/fronts/SNSGAII_ds1_nh40_run14_front.csv
1,Statlog Australian,SNSGAII,15,0,7,0.001470588235,0.4347826087,0.5652173913,False,False,40,0,39,1,0,0.975,0.025,0.0,0,0,True,True,True,2,1,0.025,False,False,True,2.941175948623087e-13,/home/nez/Desktop/tesis-snn/platemo-cpp/results/ds1_snsgaii/fronts/SNSGAII_ds1_nh40_run15_front.csv
1,Statlog Australian,SNSGAII,15,1,7,0.005882352941,0.4184782609,0.5815217391,False,False,40,0,36,3,1,0.9,0.075,0.025,1,0,False,True,True,1,1,0.025,False,False,True,1.7647081712590662e-13,/home/nez/Desktop/tesis-snn/platemo-cpp/results/ds1_snsgaii/fronts/SNSGAII_ds1_nh40_run15_front.csv
1,Statlog Australian,SNSGAII,15,2,7,0.0,0.4492753623,0.5507246377,True,False,40,0,40,0,0,1.0,0.0,0.0,0,0,True,True,True,2,0,0.0,False,False,True,0.0,/home/nez/Desktop/tesis-snn/platemo-cpp/results/ds1_snsgaii/fronts/SNSGAII_ds1_nh40_run15_front.csv
1,Statlog Australian,SNSGAII,15,3,7,0.01029411765,0.1557971014,0.8442028986,False,False,40,2,38,0,0,0.95,0.0,0.0,1,1,False,False,False,0,0,0.0,True,True,False,2.941176815984825e-12,/home/nez/Desktop/tesis-snn/platemo-cpp/results/ds1_snsgaii/fronts/SNSGAII_ds1_nh40_run15_front.csv
1,Statlog Australian,SNSGAII,15,4,7,0.008823529412,0.2554347826,0.7445652173999999,False,False,40,2,38,0,0,0.95,0.0,0.0,1,1,False,False,False,0,0,0.0,True,True,False,2.3529442283454216e-13,/home/nez/Desktop/tesis-snn/platemo-cpp/results/ds1_snsgaii/fronts/SNSGAII_ds1_nh40_run15_front.csv
1,Statlog Australian,SNSGAII,15,5,7,0.01323529412,0.1358695652,0.8641304348000001,False,True,40,3,37,0,0,0.925,0.0,0.0,2,1,False,False,False,0,0,0.0,True,True,False,2.3529407588984697e-12,/home/nez/Desktop/tesis-snn/platemo-cpp/results/ds1_snsgaii/fronts/SNSGAII_ds1_nh40_run15_front.csv
1,Statlog Australian,SNSGAII,15,6,7,0.007352941176,0.3641304348,0.6358695651999999,False,False,40,2,38,0,0,0.95,0.0,0.0,1,1,False,False,False,0,0,0.0,True,True,False,4.705879783073463e-13,/home/nez/Desktop/tesis-snn/platemo-cpp/results/ds1_snsgaii/fronts/SNSGAII_ds1_nh40_run15_front.csv
1,Statlog Australian,SNSGAII,16,0,7,0.01029411765,0.3206521739,0.6793478261,False,False,40,3,36,1,0,0.9,0.025,0.0,2,1,False,False,False,0,0,0.0,True,True,False,2.941176815984825e-12,/home/nez/Desktop/tesis-snn/platemo-cpp/results/ds1_snsgaii/fronts/SNSGAII_ds1_nh40_run16_front.csv
1,Statlog Australian,SNSGAII,16,1,7,0.001470588235,0.4456521739,0.5543478261,True,False,40,0,39,0,1,0.975,0.0,0.025,1,0,False,True,True,1,0,0.0,False,False,True,2.941175948623087e-13,/home/nez/Desktop/tesis-snn/platemo-cpp/results/ds1_snsgaii/fronts/SNSGAII_ds1_nh40_run16_front.csv
1,Statlog Australian,SNSGAII,16,2,7,0.008823529412,0.3260869565,0.6739130435,False,False,40,3,37,0,0,0.925,0.0,0.0,2,1,False,False,False,0,0,0.0,True,True,False,2.3529442283454216e-13,/home/nez/Desktop/tesis-snn/platemo-cpp/results/ds1_snsgaii/fronts/SNSGAII_ds1_nh40_run16_front.csv
1,Statlog Australian,SNSGAII,16,3,7,0.004411764706,0.4365942029,0.5634057970999999,False,False,40,0,37,1,2,0.925,0.025,0.05,2,0,False,True,True,1,0,0.0,False,False,True,1.1764721141727108e-13,/home/nez/Desktop/tesis-snn/platemo-cpp/results/ds1_snsgaii/fronts/SNSGAII_ds1_nh40_run16_front.csv
1,Statlog Australian,SNSGAII,16,4,7,0.02205882353,0.134057971,0.865942029,False,True,40,5,35,0,0,0.875,0.0,0.0,3,2,False,False,False,0,1,0.025,True,True,False,5.882343223628794e-13,/home/nez/Desktop/tesis-snn/platemo-cpp/results/ds1_snsgaii/fronts/SNSGAII_ds1_nh40_run16_front.csv
1,Statlog Australian,SNSGAII,16,5,7,0.01617647059,0.1394927536,0.8605072464,False,False,40,4,36,0,0,0.9,0.0,0.0,3,1,False,False,False,0,1,0.025,True,True,False,1.7647029670886383e-12,/home/nez/Desktop/tesis-snn/platemo-cpp/results/ds1_snsgaii/fronts/SNSGAII_ds1_nh40_run16_front.csv
1,Statlog Australian,SNSGAII,16,6,7,0.01470588235,0.1485507246,0.8514492754,False,False,40,4,36,0,0,0.9,0.0,0.0,3,1,False,False,False,0,1,0.025,True,True,False,2.941176815984825e-12,/home/nez/Desktop/tesis-snn/platemo-cpp/results/ds1_snsgaii/fronts/SNSGAII_ds1_nh40_run16_front.csv
1,Statlog Australian,SNSGAII,17,0,13,0.08823529412,0.1177536232,0.8822463768,False,True,40,2,11,27,0,0.275,0.675,0.0,1,1,False,False,False,0,1,0.025,True,True,False,2.3529372894515177e-12,/home/nez/Desktop/tesis-snn/platemo-cpp/results/ds1_snsgaii/fronts/SNSGAII_ds1_nh40_run17_front.csv
1,Statlog Australian,SNSGAII,17,1,13,0.03676470588,0.125,0.875,False,False,40,2,26,12,0,0.65,0.3,0.0,1,1,False,False,False,0,0,0.0,True,True,False,2.3529442283454216e-12,/home/nez/Desktop/tesis-snn/platemo-cpp/results/ds1_snsgaii/fronts/SNSGAII_ds1_nh40_run17_front.csv
1,Statlog Australian,SNSGAII,17,2,13,0.001470588235,0.4347826087,0.5652173913,False,False,40,0,39,1,0,0.975,0.025,0.0,0,0,True,True,True,2,0,0.0,False,False,True,2.941175948623087e-13,/home/nez/Desktop/tesis-snn/platemo-cpp/results/ds1_snsgaii/fronts/SNSGAII_ds1_nh40_run17_front.csv
1,Statlog Australian,SNSGAII,17,3,13,0.02941176471,0.1268115942,0.8731884058,False,False,40,2,30,8,0,0.75,0.2,0.0,1,1,False,False,False,0,1,0.025,True,True,False,4.11764719543406e-12,/home/nez/Desktop/tesis-snn/platemo-cpp/results/ds1_snsgaii/fronts/SNSGAII_ds1_nh40_run17_front.csv
1,Statlog Australian,SNSGAII,17,4,13,0.002941176471,0.4184782609,0.5815217391,False,False,40,0,38,1,1,0.95,0.025,0.025,1,0,False,True,True,1,0,0.0,False,False,True,4.117648062795798e-13,/home/nez/Desktop/tesis-snn/platemo-cpp/results/ds1_snsgaii/fronts/SNSGAII_ds1_nh40_run17_front.csv
1,Statlog Australian,SNSGAII,17,5,13,0.04411764706,0.1213768116,0.8786231884,False,False,40,2,25,13,0,0.625,0.325,0.0,1,1,False,False,False,0,1,0.025,True,True,False,1.1764686447257588e-12,/home/nez/Desktop/tesis-snn/platemo-cpp/results/ds1_snsgaii/fronts/SNSGAII_ds1_nh40_run17_front.csv
1,Statlog Australian,SNSGAII,17,6,13,0.0,0.4474637681,0.5525362319,True,False,40,0,40,0,0,1.0,0.0,0.0,0,0,True,True,True,2,0,0.0,False,False,True,0.0,/home/nez/Desktop/tesis-snn/platemo-cpp/results/ds1_snsgaii/fronts/SNSGAII_ds1_nh40_run17_front.csv
1,Statlog Australian,SNSGAII,17,7,13,0.08529411765,0.1195652174,0.8804347826,False,False,40,2,11,27,0,0.275,0.675,0.0,1,1,False,False,False,0,1,0.025,True,True,False,2.941175081261349e-12,/home/nez/Desktop/tesis-snn/platemo-cpp/results/ds1_snsgaii/fronts/SNSGAII_ds1_nh40_run17_front.csv
1,Statlog Australian,SNSGAII,17,8,13,0.005882352941,0.2699275362,0.7300724638,False,False,40,2,38,0,0,0.95,0.0,0.0,1,1,False,False,False,0,0,0.0,True,True,False,1.7647081712590662e-13,/home/nez/Desktop/tesis-snn/platemo-cpp/results/ds1_snsgaii/fronts/SNSGAII_ds1_nh40_run17_front.csv
1,Statlog Australian,SNSGAII,17,9,13,0.01911764706,0.1286231884,0.8713768116,False,False,40,2,34,4,0,0.85,0.1,0.0,1,1,False,False,False,0,1,0.025,True,True,False,1.1764686447257588e-12,/home/nez/Desktop/tesis-snn/platemo-cpp/results/ds1_snsgaii/fronts/SNSGAII_ds1_nh40_run17_front.csv
1,Statlog Australian,SNSGAII,17,10,13,0.01176470588,0.134057971,0.865942029,False,False,40,2,38,0,0,0.95,0.0,0.0,1,1,False,False,False,0,0,0.0,True,True,False,2.3529407588984697e-12,/home/nez/Desktop/tesis-snn/platemo-cpp/results/ds1_snsgaii/fronts/SNSGAII_ds1_nh40_run17_front.csv
1,Statlog Australian,SNSGAII,17,11,13,0.008823529412,0.1449275362,0.8550724638,False,False,40,2,38,0,0,0.95,0.0,0.0,1,1,False,False,False,0,0,0.0,True,True,False,2.3529442283454216e-13,/home/nez/Desktop/tesis-snn/platemo-cpp/results/ds1_snsgaii/fronts/SNSGAII_ds1_nh40_run17_front.csv
1,Statlog Australian,SNSGAII,17,12,13,0.007352941176,0.1721014493,0.8278985507000001,False,False,40,2,38,0,0,0.95,0.0,0.0,1,1,False,False,False,0,0,0.0,True,True,False,4.705879783073463e-13,/home/nez/Desktop/tesis-snn/platemo-cpp/results/ds1_snsgaii/fronts/SNSGAII_ds1_nh40_run17_front.csv
1,Statlog Australian,SNSGAII,18,0,10,0.004411764706,0.4275362319,0.5724637681,False,False,40,0,38,1,1,0.95,0.025,0.025,1,0,False,True,True,1,0,0.0,False,False,True,1.1764721141727108e-13,/home/nez/Desktop/tesis-snn/platemo-cpp/results/ds1_snsgaii/fronts/SNSGAII_ds1_nh40_run18_front.csv
1,Statlog Australian,SNSGAII,18,1,10,0.0,0.4456521739,0.5543478261,True,False,40,0,40,0,0,1.0,0.0,0.0,0,0,True,True,True,2,0,0.0,False,False,True,0.0,/home/nez/Desktop/tesis-snn/platemo-cpp/results/ds1_snsgaii/fronts/SNSGAII_ds1_nh40_run18_front.csv
1,Statlog Australian,SNSGAII,18,2,10,0.01176470588,0.1358695652,0.8641304348000001,False,False,40,3,37,0,0,0.925,0.0,0.0,2,1,False,False,False,0,0,0.0,True,True,False,2.3529407588984697e-12,/home/nez/Desktop/tesis-snn/platemo-cpp/results/ds1_snsgaii/fronts/SNSGAII_ds1_nh40_run18_front.csv
1,Statlog Australian,SNSGAII,18,3,10,0.001470588235,0.4329710145,0.5670289855,False,False,40,0,39,1,0,0.975,0.025,0.0,0,0,True,True,True,2,0,0.0,False,False,True,2.941175948623087e-13,/home/nez/Desktop/tesis-snn/platemo-cpp/results/ds1_snsgaii/fronts/SNSGAII_ds1_nh40_run18_front.csv
1,Statlog Australian,SNSGAII,18,4,10,0.007352941176,0.2699275362,0.7300724638,False,False,40,2,38,0,0,0.95,0.0,0.0,1,1,False,False,False,0,0,0.0,True,True,False,4.705879783073463e-13,/home/nez/Desktop/tesis-snn/platemo-cpp/results/ds1_snsgaii/fronts/SNSGAII_ds1_nh40_run18_front.csv
1,Statlog Australian,SNSGAII,18,5,10,0.008823529412,0.2427536232,0.7572463768,False,False,40,2,38,0,0,0.95,0.0,0.0,1,1,False,False,False,0,0,0.0,True,True,False,2.3529442283454216e-13,/home/nez/Desktop/tesis-snn/platemo-cpp/results/ds1_snsgaii/fronts/SNSGAII_ds1_nh40_run18_front.csv
1,Statlog Australian,SNSGAII,18,6,10,0.01029411765,0.1576086957,0.8423913043,False,False,40,2,38,0,0,0.95,0.0,0.0,1,1,False,False,False,0,0,0.0,True,True,False,2.941176815984825e-12,/home/nez/Desktop/tesis-snn/platemo-cpp/results/ds1_snsgaii/fronts/SNSGAII_ds1_nh40_run18_front.csv
1,Statlog Australian,SNSGAII,18,7,10,0.03382352941,0.1231884058,0.8768115942,False,True,40,6,29,5,0,0.725,0.125,0.0,3,3,False,False,False,0,0,0.0,True,True,False,1.7647064365355902e-12,/home/nez/Desktop/tesis-snn/platemo-cpp/results/ds1_snsgaii/fronts/SNSGAII_ds1_nh40_run18_front.csv
1,Statlog Australian,SNSGAII,18,8,10,0.02352941176,0.134057971,0.865942029,False,False,40,5,34,1,0,0.85,0.025,0.0,3,2,False,False,False,0,0,0.0,True,True,False,4.705881517796939e-12,/home/nez/Desktop/tesis-snn/platemo-cpp/results/ds1_snsgaii/fronts/SNSGAII_ds1_nh40_run18_front.csv
1,Statlog Australian,SNSGAII,18,9,10,0.02794117647,0.1286231884,0.8713768116,False,False,40,5,31,3,1,0.775,0.075,0.025,3,3,False,False,False,0,0,0.0,True,True,False,5.882377918098314e-13,/home/nez/Desktop/tesis-snn/platemo-cpp/results/ds1_snsgaii/fronts/SNSGAII_ds1_nh40_run18_front.csv
1,Statlog Australian,SNSGAII,19,0,5,0.02205882353,0.1394927536,0.8605072464,False,True,40,4,31,5,0,0.775,0.125,0.0,2,2,False,False,False,0,2,0.05,True,True,False,5.882343223628794e-13,/home/nez/Desktop/tesis-snn/platemo-cpp/results/ds1_snsgaii/fronts/SNSGAII_ds1_nh40_run19_front.csv
1,Statlog Australian,SNSGAII,19,1,5,0.001470588235,0.4384057971,0.5615942029000001,True,False,40,0,39,1,0,0.975,0.025,0.0,0,0,True,True,True,2,0,0.0,False,False,True,2.941175948623087e-13,/home/nez/Desktop/tesis-snn/platemo-cpp/results/ds1_snsgaii/fronts/SNSGAII_ds1_nh40_run19_front.csv
1,Statlog Australian,SNSGAII,19,2,5,0.01470588235,0.1413043478,0.8586956522,False,False,40,4,35,1,0,0.875,0.025,0.0,2,2,False,False,False,0,1,0.025,True,True,False,2.941176815984825e-12,/home/nez/Desktop/tesis-snn/platemo-cpp/results/ds1_snsgaii/fronts/SNSGAII_ds1_nh40_run19_front.csv
1,Statlog Australian,SNSGAII,19,3,5,0.01323529412,0.1449275362,0.8550724638,False,False,40,4,35,1,0,0.875,0.025,0.0,2,2,False,False,False,0,1,0.025,True,True,False,2.3529407588984697e-12,/home/nez/Desktop/tesis-snn/platemo-cpp/results/ds1_snsgaii/fronts/SNSGAII_ds1_nh40_run19_front.csv
1,Statlog Australian,SNSGAII,19,4,5,0.008823529412,0.2626811594,0.7373188406,False,False,40,2,37,1,0,0.925,0.025,0.0,1,1,False,False,False,0,0,0.0,True,True,False,2.3529442283454216e-13,/home/nez/Desktop/tesis-snn/platemo-cpp/results/ds1_snsgaii/fronts/SNSGAII_ds1_nh40_run19_front.csv
1,Statlog Australian,SNSGAII,20,0,2,0.007352941176,0.1449275362,0.8550724638,False,True,40,2,38,0,0,0.95,0.0,0.0,1,1,False,False,False,0,0,0.0,True,True,False,4.705879783073463e-13,/home/nez/Desktop/tesis-snn/platemo-cpp/results/ds1_snsgaii/fronts/SNSGAII_ds1_nh40_run20_front.csv
1,Statlog Australian,SNSGAII,20,1,2,0.0,0.4311594203,0.5688405797,True,False,40,0,40,0,0,1.0,0.0,0.0,0,0,True,True,True,2,0,0.0,False,False,True,0.0,/home/nez/Desktop/tesis-snn/platemo-cpp/results/ds1_snsgaii/fronts/SNSGAII_ds1_nh40_run20_front.csv
1,Statlog Australian,SNSGAII,21,0,6,0.001470588235,0.4402173913,0.5597826087,False,False,40,0,39,1,0,0.975,0.025,0.0,0,0,True,True,True,2,0,0.0,False,False,True,2.941175948623087e-13,/home/nez/Desktop/tesis-snn/platemo-cpp/results/ds1_snsgaii/fronts/SNSGAII_ds1_nh40_run21_front.csv
1,Statlog Australian,SNSGAII,21,1,6,0.008823529412,0.1485507246,0.8514492754,False,False,40,2,38,0,0,0.95,0.0,0.0,1,1,False,False,False,0,0,0.0,True,True,False,2.3529442283454216e-13,/home/nez/Desktop/tesis-snn/platemo-cpp/results/ds1_snsgaii/fronts/SNSGAII_ds1_nh40_run21_front.csv
1,Statlog Australian,SNSGAII,21,2,6,0.002941176471,0.4365942029,0.5634057970999999,False,False,40,0,38,2,0,0.95,0.05,0.0,0,0,True,True,True,2,1,0.025,False,False,True,4.117648062795798e-13,/home/nez/Desktop/tesis-snn/platemo-cpp/results/ds1_snsgaii/fronts/SNSGAII_ds1_nh40_run21_front.csv
1,Statlog Australian,SNSGAII,21,3,6,0.0,0.4420289855,0.5579710145,True,False,40,0,40,0,0,1.0,0.0,0.0,0,0,True,True,True,2,0,0.0,False,False,True,0.0,/home/nez/Desktop/tesis-snn/platemo-cpp/results/ds1_snsgaii/fronts/SNSGAII_ds1_nh40_run21_front.csv
1,Statlog Australian,SNSGAII,21,4,6,0.007352941176,0.259057971,0.740942029,False,False,40,2,38,0,0,0.95,0.0,0.0,1,1,False,False,False,0,0,0.0,True,True,False,4.705879783073463e-13,/home/nez/Desktop/tesis-snn/platemo-cpp/results/ds1_snsgaii/fronts/SNSGAII_ds1_nh40_run21_front.csv
1,Statlog Australian,SNSGAII,21,5,6,0.01176470588,0.1213768116,0.8786231884,False,True,40,3,37,0,0,0.925,0.0,0.0,2,1,False,False,False,0,0,0.0,True,True,False,2.3529407588984697e-12,/home/nez/Desktop/tesis-snn/platemo-cpp/results/ds1_snsgaii/fronts/SNSGAII_ds1_nh40_run21_front.csv
1,Statlog Australian,SNSGAII,22,0,5,0.001470588235,0.4365942029,0.5634057970999999,False,False,40,0,39,0,1,0.975,0.0,0.025,1,0,False,True,True,1,0,0.0,False,False,True,2.941175948623087e-13,/home/nez/Desktop/tesis-snn/platemo-cpp/results/ds1_snsgaii/fronts/SNSGAII_ds1_nh40_run22_front.csv
1,Statlog Australian,SNSGAII,22,1,5,0.007352941176,0.268115942,0.731884058,False,False,40,2,38,0,0,0.95,0.0,0.0,1,1,False,False,False,0,0,0.0,True,True,False,4.705879783073463e-13,/home/nez/Desktop/tesis-snn/platemo-cpp/results/ds1_snsgaii/fronts/SNSGAII_ds1_nh40_run22_front.csv
1,Statlog Australian,SNSGAII,22,2,5,0.008823529412,0.1358695652,0.8641304348000001,False,False,40,2,38,0,0,0.95,0.0,0.0,1,1,False,False,False,0,0,0.0,True,True,False,2.3529442283454216e-13,/home/nez/Desktop/tesis-snn/platemo-cpp/results/ds1_snsgaii/fronts/SNSGAII_ds1_nh40_run22_front.csv
1,Statlog Australian,SNSGAII,22,3,5,0.01176470588,0.1141304348,0.8858695652,False,True,40,3,37,0,0,0.925,0.0,0.0,2,1,False,False,False,0,0,0.0,True,True,False,2.3529407588984697e-12,/home/nez/Desktop/tesis-snn/platemo-cpp/results/ds1_snsgaii/fronts/SNSGAII_ds1_nh40_run22_front.csv
1,Statlog Australian,SNSGAII,22,4,5,0.0,0.4438405797,0.5561594203,True,False,40,0,40,0,0,1.0,0.0,0.0,0,0,True,True,True,2,0,0.0,False,False,True,0.0,/home/nez/Desktop/tesis-snn/platemo-cpp/results/ds1_snsgaii/fronts/SNSGAII_ds1_nh40_run22_front.csv
1,Statlog Australian,SNSGAII,23,0,8,0.07058823529,0.1123188406,0.8876811594,False,True,40,4,14,22,0,0.35,0.55,0.0,3,1,False,False,False,0,2,0.05,True,True,False,4.117650664881012e-12,/home/nez/Desktop/tesis-snn/platemo-cpp/results/ds1_snsgaii/fronts/SNSGAII_ds1_nh40_run23_front.csv
1,Statlog Australian,SNSGAII,23,1,8,0.001470588235,0.4311594203,0.5688405797,False,False,40,0,39,1,0,0.975,0.025,0.0,0,0,True,True,True,2,0,0.0,False,False,True,2.941175948623087e-13,/home/nez/Desktop/tesis-snn/platemo-cpp/results/ds1_snsgaii/fronts/SNSGAII_ds1_nh40_run23_front.csv
1,Statlog Australian,SNSGAII,23,2,8,0.02794117647,0.115942029,0.884057971,False,False,40,4,31,5,0,0.775,0.125,0.0,3,1,False,False,False,0,2,0.05,True,True,False,5.882377918098314e-13,/home/nez/Desktop/tesis-snn/platemo-cpp/results/ds1_snsgaii/fronts/SNSGAII_ds1_nh40_run23_front.csv
1,Statlog Australian,SNSGAII,23,3,8,0.0,0.4456521739,0.5543478261,True,False,40,0,40,0,0,1.0,0.0,0.0,0,0,True,True,True,2,0,0.0,False,False,True,0.0,/home/nez/Desktop/tesis-snn/platemo-cpp/results/ds1_snsgaii/fronts/SNSGAII_ds1_nh40_run23_front.csv
1,Statlog Australian,SNSGAII,23,4,8,0.005882352941,0.2518115942,0.7481884058,False,False,40,2,38,0,0,0.95,0.0,0.0,1,1,False,False,False,0,1,0.025,True,False,True,1.7647081712590662e-13,/home/nez/Desktop/tesis-snn/platemo-cpp/results/ds1_snsgaii/fronts/SNSGAII_ds1_nh40_run23_front.csv
1,Statlog Australian,SNSGAII,23,5,8,0.02058823529,0.1177536232,0.8822463768,False,False,40,4,36,0,0,0.9,0.0,0.0,3,1,False,False,False,0,0,0.0,True,True,False,4.11764719543406e-12,/home/nez/Desktop/tesis-snn/platemo-cpp/results/ds1_snsgaii/fronts/SNSGAII_ds1_nh40_run23_front.csv
1,Statlog Australian,SNSGAII,23,6,8,0.008823529412,0.1449275362,0.8550724638,False,False,40,2,38,0,0,0.95,0.0,0.0,1,1,False,False,False,0,0,0.0,True,True,False,2.3529442283454216e-13,/home/nez/Desktop/tesis-snn/platemo-cpp/results/ds1_snsgaii/fronts/SNSGAII_ds1_nh40_run23_front.csv
1,Statlog Australian,SNSGAII,23,7,8,0.01029411765,0.1268115942,0.8731884058,False,False,40,2,38,0,0,0.95,0.0,0.0,1,1,False,False,False,0,0,0.0,True,True,False,2.941176815984825e-12,/home/nez/Desktop/tesis-snn/platemo-cpp/results/ds1_snsgaii/fronts/SNSGAII_ds1_nh40_run23_front.csv
1,Statlog Australian,SNSGAII,24,0,7,0.008823529412,0.277173913,0.7228260870000001,False,False,40,2,37,1,0,0.925,0.025,0.0,1,1,False,False,False,0,1,0.025,False,True,True,2.3529442283454216e-13,/home/nez/Desktop/tesis-snn/platemo-cpp/results/ds1_snsgaii/fronts/SNSGAII_ds1_nh40_run24_front.csv
1,Statlog Australian,SNSGAII,24,1,7,0.002941176471,0.4402173913,0.5597826087,False,False,40,0,38,2,0,0.95,0.05,0.0,0,0,True,True,True,2,1,0.025,False,False,True,4.117648062795798e-13,/home/nez/Desktop/tesis-snn/platemo-cpp/results/ds1_snsgaii/fronts/SNSGAII_ds1_nh40_run24_front.csv
1,Statlog Australian,SNSGAII,24,2,7,0.007352941176,0.2826086957,0.7173913043,False,False,40,2,38,0,0,0.95,0.0,0.0,1,1,False,False,False,0,1,0.025,False,True,True,4.705879783073463e-13,/home/nez/Desktop/tesis-snn/platemo-cpp/results/ds1_snsgaii/fronts/SNSGAII_ds1_nh40_run24_front.csv
1,Statlog Australian,SNSGAII,24,3,7,0.0,0.4601449275,0.5398550725,True,False,40,0,40,0,0,1.0,0.0,0.0,0,0,True,True,True,2,0,0.0,False,False,True,0.0,/home/nez/Desktop/tesis-snn/platemo-cpp/results/ds1_snsgaii/fronts/SNSGAII_ds1_nh40_run24_front.csv
1,Statlog Australian,SNSGAII,24,4,7,0.001470588235,0.4420289855,0.5579710145,False,False,40,0,39,1,0,0.975,0.025,0.0,0,0,True,True,True,2,1,0.025,False,False,True,2.941175948623087e-13,/home/nez/Desktop/tesis-snn/platemo-cpp/results/ds1_snsgaii/fronts/SNSGAII_ds1_nh40_run24_front.csv
1,Statlog Australian,SNSGAII,24,5,7,0.01029411765,0.2717391304,0.7282608696,False,False,40,2,36,2,0,0.9,0.05,0.0,1,1,False,False,False,0,1,0.025,False,True,True,2.941176815984825e-12,/home/nez/Desktop/tesis-snn/platemo-cpp/results/ds1_snsgaii/fronts/SNSGAII_ds1_nh40_run24_front.csv
1,Statlog Australian,SNSGAII,24,6,7,0.01323529412,0.1394927536,0.8605072464,False,True,40,4,36,0,0,0.9,0.0,0.0,2,2,False,False,False,0,1,0.025,True,True,False,2.3529407588984697e-12,/home/nez/Desktop/tesis-snn/platemo-cpp/results/ds1_snsgaii/fronts/SNSGAII_ds1_nh40_run24_front.csv
1,Statlog Australian,SNSGAII,25,0,8,0.03970588235,0.1413043478,0.8586956522,False,True,40,4,25,11,0,0.625,0.275,0.0,3,1,False,False,False,0,0,0.0,True,True,False,2.941175081261349e-12,/home/nez/Desktop/tesis-snn/platemo-cpp/results/ds1_snsgaii/fronts/SNSGAII_ds1_nh40_run25_front.csv
1,Statlog Australian,SNSGAII,25,1,8,0.01323529412,0.2789855072,0.7210144928,False,False,40,4,36,0,0,0.9,0.0,0.0,3,1,False,False,False,0,0,0.0,True,True,False,2.3529407588984697e-12,/home/nez/Desktop/tesis-snn/platemo-cpp/results/ds1_snsgaii/fronts/SNSGAII_ds1_nh40_run25_front.csv
1,Statlog Australian,SNSGAII,25,2,8,0.0,0.4365942029,0.5634057970999999,True,False,40,0,40,0,0,1.0,0.0,0.0,0,0,True,True,True,2,0,0.0,False,False,True,0.0,/home/nez/Desktop/tesis-snn/platemo-cpp/results/ds1_snsgaii/fronts/SNSGAII_ds1_nh40_run25_front.csv
1,Statlog Australian,SNSGAII,25,3,8,0.01764705882,0.143115942,0.856884058,False,False,40,4,36,0,0,0.9,0.0,0.0,3,1,False,False,False,0,0,0.0,True,True,False,3.5294128730711805e-12,/home/nez/Desktop/tesis-snn/platemo-cpp/results/ds1_snsgaii/fronts/SNSGAII_ds1_nh40_run25_front.csv
1,Statlog Australian,SNSGAII,25,4,8,0.01617647059,0.1467391304,0.8532608696,False,False,40,4,36,0,0,0.9,0.0,0.0,3,1,False,False,False,0,0,0.0,True,True,False,1.7647029670886383e-12,/home/nez/Desktop/tesis-snn/platemo-cpp/results/ds1_snsgaii/fronts/SNSGAII_ds1_nh40_run25_front.csv
1,Statlog Australian,SNSGAII,25,5,8,0.01470588235,0.152173913,0.8478260870000001,False,False,40,4,36,0,0,0.9,0.0,0.0,3,1,False,False,False,0,0,0.0,True,True,False,2.941176815984825e-12,/home/nez/Desktop/tesis-snn/platemo-cpp/results/ds1_snsgaii/fronts/SNSGAII_ds1_nh40_run25_front.csv
1,Statlog Australian,SNSGAII,25,6,8,0.01029411765,0.3532608696,0.6467391304,False,False,40,3,37,0,0,0.925,0.0,0.0,2,1,False,False,False,0,0,0.0,True,True,False,2.941176815984825e-12,/home/nez/Desktop/tesis-snn/platemo-cpp/results/ds1_snsgaii/fronts/SNSGAII_ds1_nh40_run25_front.csv
1,Statlog Australian,SNSGAII,25,7,8,0.01176470588,0.3152173913,0.6847826087,False,False,40,3,36,0,1,0.9,0.0,0.025,3,1,False,False,False,0,0,0.0,True,True,False,2.3529407588984697e-12,/home/nez/Desktop/tesis-snn/platemo-cpp/results/ds1_snsgaii/fronts/SNSGAII_ds1_nh40_run25_front.csv
1,Statlog Australian,SNSGAII,26,0,12,0.06176470588,0.1231884058,0.8768115942,False,True,40,4,17,18,1,0.425,0.45,0.025,2,3,False,False,False,0,1,0.025,True,True,False,2.3529442283454216e-12,/home/nez/Desktop/tesis-snn/platemo-cpp/results/ds1_snsgaii/fronts/SNSGAII_ds1_nh40_run26_front.csv
1,Statlog Australian,SNSGAII,26,1,12,0.001470588235,0.4510869565,0.5489130435,True,False,40,0,39,1,0,0.975,0.025,0.0,0,0,True,True,True,2,0,0.0,False,False,True,2.941175948623087e-13,/home/nez/Desktop/tesis-snn/platemo-cpp/results/ds1_snsgaii/fronts/SNSGAII_ds1_nh40_run26_front.csv
1,Statlog Australian,SNSGAII,26,2,12,0.03382352941,0.1358695652,0.8641304348000001,False,False,40,4,27,9,0,0.675,0.225,0.0,2,2,False,False,False,0,0,0.0,True,True,False,1.7647064365355902e-12,/home/nez/Desktop/tesis-snn/platemo-cpp/results/ds1_snsgaii/fronts/SNSGAII_ds1_nh40_run26_front.csv
1,Statlog Australian,SNSGAII,26,3,12,0.01911764706,0.1376811594,0.8623188406,False,False,40,3,34,3,0,0.85,0.075,0.0,2,1,False,False,False,0,0,0.0,True,True,False,1.1764686447257588e-12,/home/nez/Desktop/tesis-snn/platemo-cpp/results/ds1_snsgaii/fronts/SNSGAII_ds1_nh40_run26_front.csv
1,Statlog Australian,SNSGAII,26,4,12,0.03676470588,0.1304347826,0.8695652174,False,False,40,4,25,10,1,0.625,0.25,0.025,2,3,False,False,False,0,0,0.0,True,True,False,2.3529442283454216e-12,/home/nez/Desktop/tesis-snn/platemo-cpp/results/ds1_snsgaii/fronts/SNSGAII_ds1_nh40_run26_front.csv
1,Statlog Australian,SNSGAII,26,5,12,0.007352941176,0.3858695652,0.6141304348000001,False,False,40,2,38,0,0,0.95,0.0,0.0,1,1,False,False,False,0,0,0.0,True,True,False,4.705879783073463e-13,/home/nez/Desktop/tesis-snn/platemo-cpp/results/ds1_snsgaii/fronts/SNSGAII_ds1_nh40_run26_front.csv
1,Statlog Australian,SNSGAII,26,6,12,0.01323529412,0.1503623188,0.8496376811999999,False,False,40,3,37,0,0,0.925,0.0,0.0,2,1,False,False,False,0,0,0.0,True,True,False,2.3529407588984697e-12,/home/nez/Desktop/tesis-snn/platemo-cpp/results/ds1_snsgaii/fronts/SNSGAII_ds1_nh40_run26_front.csv
1,Statlog Australian,SNSGAII,26,7,12,0.01470588235,0.1413043478,0.8586956522,False,False,40,3,37,0,0,0.925,0.0,0.0,2,1,False,False,False,0,0,0.0,True,True,False,2.941176815984825e-12,/home/nez/Desktop/tesis-snn/platemo-cpp/results/ds1_snsgaii/fronts/SNSGAII_ds1_nh40_run26_front.csv
1,Statlog Australian,SNSGAII,26,8,12,0.002941176471,0.4474637681,0.5525362319,False,False,40,0,39,1,0,0.975,0.025,0.0,0,0,True,True,True,2,0,0.0,False,False,True,4.117648062795798e-13,/home/nez/Desktop/tesis-snn/platemo-cpp/results/ds1_snsgaii/fronts/SNSGAII_ds1_nh40_run26_front.csv
1,Statlog Australian,SNSGAII,26,9,12,0.01029411765,0.2789855072,0.7210144928,False,False,40,2,38,0,0,0.95,0.0,0.0,1,1,False,False,False,0,0,0.0,True,True,False,2.941176815984825e-12,/home/nez/Desktop/tesis-snn/platemo-cpp/results/ds1_snsgaii/fronts/SNSGAII_ds1_nh40_run26_front.csv
1,Statlog Australian,SNSGAII,26,10,12,0.008823529412,0.3115942029,0.6884057970999999,False,False,40,2,38,0,0,0.95,0.0,0.0,1,1,False,False,False,0,0,0.0,True,True,False,2.3529442283454216e-13,/home/nez/Desktop/tesis-snn/platemo-cpp/results/ds1_snsgaii/fronts/SNSGAII_ds1_nh40_run26_front.csv
1,Statlog Australian,SNSGAII,26,11,12,0.01176470588,0.1884057971,0.8115942029000001,False,False,40,2,38,0,0,0.95,0.0,0.0,1,1,False,False,False,0,0,0.0,True,True,False,2.3529407588984697e-12,/home/nez/Desktop/tesis-snn/platemo-cpp/results/ds1_snsgaii/fronts/SNSGAII_ds1_nh40_run26_front.csv
1,Statlog Australian,SNSGAII,27,0,3,0.005882352941,0.4402173913,0.5597826087,False,False,40,0,36,4,0,0.9,0.1,0.0,0,0,True,True,True,2,0,0.0,False,False,True,1.7647081712590662e-13,/home/nez/Desktop/tesis-snn/platemo-cpp/results/ds1_snsgaii/fronts/SNSGAII_ds1_nh40_run27_front.csv
1,Statlog Australian,SNSGAII,27,1,3,0.0,0.4474637681,0.5525362319,True,False,40,0,40,0,0,1.0,0.0,0.0,0,0,True,True,True,2,0,0.0,False,False,True,0.0,/home/nez/Desktop/tesis-snn/platemo-cpp/results/ds1_snsgaii/fronts/SNSGAII_ds1_nh40_run27_front.csv
1,Statlog Australian,SNSGAII,27,2,3,0.007352941176,0.1449275362,0.8550724638,False,True,40,2,38,0,0,0.95,0.0,0.0,1,1,False,False,False,0,0,0.0,True,True,False,4.705879783073463e-13,/home/nez/Desktop/tesis-snn/platemo-cpp/results/ds1_snsgaii/fronts/SNSGAII_ds1_nh40_run27_front.csv
1,Statlog Australian,SNSGAII,28,0,8,0.02205882353,0.1485507246,0.8514492754,False,True,40,2,32,6,0,0.8,0.15,0.0,1,1,False,False,False,0,0,0.0,True,True,False,5.882343223628794e-13,/home/nez/Desktop/tesis-snn/platemo-cpp/results/ds1_snsgaii/fronts/SNSGAII_ds1_nh40_run28_front.csv
1,Statlog Australian,SNSGAII,28,1,8,0.001470588235,0.4347826087,0.5652173913,False,False,40,0,39,1,0,0.975,0.025,0.0,0,0,True,True,True,2,0,0.0,False,False,True,2.941175948623087e-13,/home/nez/Desktop/tesis-snn/platemo-cpp/results/ds1_snsgaii/fronts/SNSGAII_ds1_nh40_run28_front.csv
1,Statlog Australian,SNSGAII,28,2,8,0.01176470588,0.1684782609,0.8315217391,False,False,40,2,38,0,0,0.95,0.0,0.0,1,1,False,False,False,0,0,0.0,True,True,False,2.3529407588984697e-12,/home/nez/Desktop/tesis-snn/platemo-cpp/results/ds1_snsgaii/fronts/SNSGAII_ds1_nh40_run28_front.csv
1,Statlog Australian,SNSGAII,28,3,8,0.0,0.4565217391,0.5434782609,True,False,40,0,40,0,0,1.0,0.0,0.0,0,0,True,True,True,2,0,0.0,False,False,True,0.0,/home/nez/Desktop/tesis-snn/platemo-cpp/results/ds1_snsgaii/fronts/SNSGAII_ds1_nh40_run28_front.csv
1,Statlog Australian,SNSGAII,28,4,8,0.008823529412,0.3097826087,0.6902173913,False,False,40,2,38,0,0,0.95,0.0,0.0,1,1,False,False,False,0,0,0.0,True,True,False,2.3529442283454216e-13,/home/nez/Desktop/tesis-snn/platemo-cpp/results/ds1_snsgaii/fronts/SNSGAII_ds1_nh40_run28_front.csv
1,Statlog Australian,SNSGAII,28,5,8,0.007352941176,0.3876811594,0.6123188406,False,False,40,2,38,0,0,0.95,0.0,0.0,1,1,False,False,False,0,0,0.0,True,True,False,4.705879783073463e-13,/home/nez/Desktop/tesis-snn/platemo-cpp/results/ds1_snsgaii/fronts/SNSGAII_ds1_nh40_run28_front.csv
1,Statlog Australian,SNSGAII,28,6,8,0.01029411765,0.2101449275,0.7898550725,False,False,40,2,38,0,0,0.95,0.0,0.0,1,1,False,False,False,0,0,0.0,True,True,False,2.941176815984825e-12,/home/nez/Desktop/tesis-snn/platemo-cpp/results/ds1_snsgaii/fronts/SNSGAII_ds1_nh40_run28_front.csv
1,Statlog Australian,SNSGAII,28,7,8,0.01323529412,0.1557971014,0.8442028986,False,False,40,2,38,0,0,0.95,0.0,0.0,1,1,False,False,False,0,0,0.0,True,True,False,2.3529407588984697e-12,/home/nez/Desktop/tesis-snn/platemo-cpp/results/ds1_snsgaii/fronts/SNSGAII_ds1_nh40_run28_front.csv
1,Statlog Australian,SNSGAII,29,0,7,0.03235294118,0.1286231884,0.8713768116,False,True,40,4,27,9,0,0.675,0.225,0.0,2,2,False,False,False,0,2,0.05,True,True,False,3.5294059341772765e-12,/home/nez/Desktop/tesis-snn/platemo-cpp/results/ds1_snsgaii/fronts/SNSGAII_ds1_nh40_run29_front.csv
1,Statlog Australian,SNSGAII,29,1,7,0.008823529412,0.3351449275,0.6648550725,False,False,40,2,38,0,0,0.95,0.0,0.0,1,1,False,False,False,0,0,0.0,True,True,False,2.3529442283454216e-13,/home/nez/Desktop/tesis-snn/platemo-cpp/results/ds1_snsgaii/fronts/SNSGAII_ds1_nh40_run29_front.csv
1,Statlog Australian,SNSGAII,29,2,7,0.01764705882,0.1322463768,0.8677536232,False,False,40,4,33,3,0,0.825,0.075,0.0,2,2,False,False,False,0,2,0.05,True,True,False,3.5294128730711805e-12,/home/nez/Desktop/tesis-snn/platemo-cpp/results/ds1_snsgaii/fronts/SNSGAII_ds1_nh40_run29_front.csv
1,Statlog Australian,SNSGAII,29,3,7,0.01029411765,0.3333333333,0.6666666667000001,False,False,40,2,37,0,1,0.925,0.0,0.025,2,1,False,False,False,0,0,0.0,True,True,False,2.941176815984825e-12,/home/nez/Desktop/tesis-snn/platemo-cpp/results/ds1_snsgaii/fronts/SNSGAII_ds1_nh40_run29_front.csv
1,Statlog Australian,SNSGAII,29,4,7,0.01323529412,0.134057971,0.865942029,False,False,40,4,36,0,0,0.9,0.0,0.0,2,2,False,False,False,0,1,0.025,True,True,False,2.3529407588984697e-12,/home/nez/Desktop/tesis-snn/platemo-cpp/results/ds1_snsgaii/fronts/SNSGAII_ds1_nh40_run29_front.csv
1,Statlog Australian,SNSGAII,29,5,7,0.01176470588,0.1992753623,0.8007246377,False,False,40,4,36,0,0,0.9,0.0,0.0,2,2,False,False,False,0,0,0.0,True,True,False,2.3529407588984697e-12,/home/nez/Desktop/tesis-snn/platemo-cpp/results/ds1_snsgaii/fronts/SNSGAII_ds1_nh40_run29_front.csv
1,Statlog Australian,SNSGAII,29,6,7,0.0,0.4202898551,0.5797101449,True,False,40,0,40,0,0,1.0,0.0,0.0,0,0,True,True,True,2,0,0.0,False,False,True,0.0,/home/nez/Desktop/tesis-snn/platemo-cpp/results/ds1_snsgaii/fronts/SNSGAII_ds1_nh40_run29_front.csv
1,Statlog Australian,SNSGAII,30,0,5,0.02058823529,0.125,0.875,False,True,40,3,32,5,0,0.8,0.125,0.0,2,1,False,False,False,0,0,0.0,True,True,False,4.11764719543406e-12,/home/nez/Desktop/tesis-snn/platemo-cpp/results/ds1_snsgaii/fronts/SNSGAII_ds1_nh40_run30_front.csv
1,Statlog Australian,SNSGAII,30,1,5,0.0,0.4510869565,0.5489130435,True,False,40,0,40,0,0,1.0,0.0,0.0,0,0,True,True,True,2,0,0.0,False,False,True,0.0,/home/nez/Desktop/tesis-snn/platemo-cpp/results/ds1_snsgaii/fronts/SNSGAII_ds1_nh40_run30_front.csv
1,Statlog Australian,SNSGAII,30,2,5,0.007352941176,0.1413043478,0.8586956522,False,False,40,2,38,0,0,0.95,0.0,0.0,1,1,False,False,False,0,0,0.0,True,True,False,4.705879783073463e-13,/home/nez/Desktop/tesis-snn/platemo-cpp/results/ds1_snsgaii/fronts/SNSGAII_ds1_nh40_run30_front.csv
1,Statlog Australian,SNSGAII,30,3,5,0.001470588235,0.4492753623,0.5507246377,False,False,40,0,39,1,0,0.975,0.025,0.0,0,0,True,True,True,2,0,0.0,False,False,True,2.941175948623087e-13,/home/nez/Desktop/tesis-snn/platemo-cpp/results/ds1_snsgaii/fronts/SNSGAII_ds1_nh40_run30_front.csv
1,Statlog Australian,SNSGAII,30,4,5,0.01470588235,0.134057971,0.865942029,False,False,40,3,36,1,0,0.9,0.025,0.0,2,1,False,False,False,0,0,0.0,True,True,False,2.941176815984825e-12,/home/nez/Desktop/tesis-snn/platemo-cpp/results/ds1_snsgaii/fronts/SNSGAII_ds1_nh40_run30_front.csv
2,Climate,MOEACKF,0,0,7,0.00119047619,0.4097222222,0.5902777778,False,False,40,0,39,1,0,0.975,0.025,0.0,0,0,True,True,True,2,0,0.0,False,False,True,4.761904846134479e-13,/home/nez/Desktop/tesis-snn/platemo-cpp/results/ds2_moeackf/fronts/MOEACKF_ds2_nh40_run0_front.csv
2,Climate,MOEACKF,0,1,7,0.004761904762,0.08564814815,0.91435185185,False,False,40,2,38,0,0,0.95,0.0,0.0,0,2,True,False,True,1,0,0.0,False,True,True,9.523805355460269e-14,/home/nez/Desktop/tesis-snn/platemo-cpp/results/ds2_moeackf/fronts/MOEACKF_ds2_nh40_run0_front.csv
2,Climate,MOEACKF,0,2,7,0.003571428571,0.1412037037,0.8587962963,False,False,40,1,39,0,0,0.975,0.0,0.0,0,1,True,False,True,1,0,0.0,False,True,True,4.285712409957121e-13,/home/nez/Desktop/tesis-snn/platemo-cpp/results/ds2_moeackf/fronts/MOEACKF_ds2_nh40_run0_front.csv
2,Climate,MOEACKF,0,3,7,0.008333333333,0.08333333333,0.91666666667,False,False,40,2,37,1,0,0.925,0.025,0.0,0,2,True,False,True,1,0,0.0,False,True,True,3.333340548028474e-13,/home/nez/Desktop/tesis-snn/platemo-cpp/results/ds2_moeackf/fronts/MOEACKF_ds2_nh40_run0_front.csv
2,Climate,MOEACKF,0,4,7,0.0119047619,0.08101851852,0.91898148148,False,True,40,2,36,2,0,0.9,0.05,0.0,0,2,True,False,True,1,0,0.0,False,True,True,4.76190441245361e-12,/home/nez/Desktop/tesis-snn/platemo-cpp/results/ds2_moeackf/fronts/MOEACKF_ds2_nh40_run0_front.csv
2,Climate,MOEACKF,0,5,7,0.002380952381,0.1481481481,0.8518518519,False,False,40,1,39,0,0,0.975,0.0,0.0,0,1,True,False,True,1,0,0.0,False,True,True,4.761902677730134e-14,/home/nez/Desktop/tesis-snn/platemo-cpp/results/ds2_moeackf/fronts/MOEACKF_ds2_nh40_run0_front.csv
2,Climate,MOEACKF,0,6,7,0.0,0.4236111111,0.5763888889,True,False,40,0,40,0,0,1.0,0.0,0.0,0,0,True,True,True,2,0,0.0,False,False,True,0.0,/home/nez/Desktop/tesis-snn/platemo-cpp/results/ds2_moeackf/fronts/MOEACKF_ds2_nh40_run0_front.csv
2,Climate,MOEACKF,1,0,7,0.0,0.4143518519,0.5856481481,True,False,40,0,40,0,0,1.0,0.0,0.0,0,0,True,True,True,2,0,0.0,False,False,True,0.0,/home/nez/Desktop/tesis-snn/platemo-cpp/results/ds2_moeackf/fronts/MOEACKF_ds2_nh40_run1_front.csv
2,Climate,MOEACKF,1,1,7,0.003571428571,0.08333333333,0.91666666667,False,False,40,1,38,1,0,0.95,0.025,0.0,0,1,True,False,True,1,0,0.0,False,True,True,4.285712409957121e-13,/home/nez/Desktop/tesis-snn/platemo-cpp/results/ds2_moeackf/fronts/MOEACKF_ds2_nh40_run1_front.csv
2,Climate,MOEACKF,1,2,7,0.005952380952,0.07638888889,0.92361111111,False,False,40,2,37,1,0,0.925,0.025,0.0,0,2,True,False,True,1,0,0.0,False,True,True,3.8095221421841075e-13,/home/nez/Desktop/tesis-snn/platemo-cpp/results/ds2_moeackf/fronts/MOEACKF_ds2_nh40_run1_front.csv
2,Climate,MOEACKF,1,3,7,0.004761904762,0.0787037037,0.9212962963,False,False,40,2,38,0,0,0.95,0.0,0.0,0,2,True,False,True,1,0,0.0,False,True,True,9.523805355460269e-14,/home/nez/Desktop/tesis-snn/platemo-cpp/results/ds2_moeackf/fronts/MOEACKF_ds2_nh40_run1_front.csv
2,Climate,MOEACKF,1,4,7,0.002380952381,0.1041666667,0.8958333333,False,False,40,1,39,0,0,0.975,0.0,0.0,0,1,True,False,True,1,0,0.0,False,True,True,4.761902677730134e-14,/home/nez/Desktop/tesis-snn/platemo-cpp/results/ds2_moeackf/fronts/MOEACKF_ds2_nh40_run1_front.csv
2,Climate,MOEACKF,1,5,7,0.02142857143,0.06944444444,0.93055555556,False,True,40,3,27,8,2,0.675,0.2,0.05,0,5,True,False,True,1,2,0.05,False,True,True,1.4285725380425163e-12,/home/nez/Desktop/tesis-snn/platemo-cpp/results/ds2_moeackf/fronts/MOEACKF_ds2_nh40_run1_front.csv
2,Climate,MOEACKF,1,6,7,0.007142857143,0.07175925926,0.92824074074,False,False,40,2,37,1,0,0.925,0.025,0.0,0,2,True,False,True,1,0,0.0,False,True,True,1.4285708033190403e-13,/home/nez/Desktop/tesis-snn/platemo-cpp/results/ds2_moeackf/fronts/MOEACKF_ds2_nh40_run1_front.csv
2,Climate,MOEACKF,2,0,7,0.00119047619,0.4027777778,0.5972222222,False,False,40,0,39,1,0,0.975,0.025,0.0,0,0,True,True,True,2,0,0.0,False,False,True,4.761904846134479e-13,/home/nez/Desktop/tesis-snn/platemo-cpp/results/ds2_moeackf/fronts/MOEACKF_ds2_nh40_run2_front.csv
2,Climate,MOEACKF,2,1,7,0.0,0.4212962963,0.5787037037,True,False,40,0,40,0,0,1.0,0.0,0.0,0,0,True,True,True,2,0,0.0,False,False,True,0.0,/home/nez/Desktop/tesis-snn/platemo-cpp/results/ds2_moeackf/fronts/MOEACKF_ds2_nh40_run2_front.csv
2,Climate,MOEACKF,2,2,7,0.004761904762,0.08564814815,0.91435185185,False,False,40,2,38,0,0,0.95,0.0,0.0,0,2,True,False,True,1,0,0.0,False,True,True,9.523805355460269e-14,/home/nez/Desktop/tesis-snn/platemo-cpp/results/ds2_moeackf/fronts/MOEACKF_ds2_nh40_run2_front.csv
2,Climate,MOEACKF,2,3,7,0.005952380952,0.08333333333,0.91666666667,False,False,40,2,37,1,0,0.925,0.025,0.0,0,2,True,False,True,1,0,0.0,False,True,True,3.8095221421841075e-13,/home/nez/Desktop/tesis-snn/platemo-cpp/results/ds2_moeackf/fronts/MOEACKF_ds2_nh40_run2_front.csv
2,Climate,MOEACKF,2,4,7,0.002380952381,0.1458333333,0.8541666667,False,False,40,1,39,0,0,0.975,0.0,0.0,0,1,True,False,True,1,0,0.0,False,True,True,4.761902677730134e-14,/home/nez/Desktop/tesis-snn/platemo-cpp/results/ds2_moeackf/fronts/MOEACKF_ds2_nh40_run2_front.csv
2,Climate,MOEACKF,2,5,7,0.009523809524,0.08101851852,0.91898148148,False,True,40,3,35,2,0,0.875,0.05,0.0,0,3,True,False,True,1,0,0.0,False,True,True,1.9047610710920537e-13,/home/nez/Desktop/tesis-snn/platemo-cpp/results/ds2_moeackf/fronts/MOEACKF_ds2_nh40_run2_front.csv
2,Climate,MOEACKF,2,6,7,0.003571428571,0.1319444444,0.8680555556,False,False,40,1,38,0,1,0.95,0.0,0.025,0,2,True,False,True,1,0,0.0,False,True,True,4.285712409957121e-13,/home/nez/Desktop/tesis-snn/platemo-cpp/results/ds2_moeackf/fronts/MOEACKF_ds2_nh40_run2_front.csv
2,Climate,MOEACKF,3,0,5,0.004761904762,0.08333333333,0.91666666667,False,False,40,2,38,0,0,0.95,0.0,0.0,0,2,True,False,True,1,0,0.0,False,True,True,9.523805355460269e-14,/home/nez/Desktop/tesis-snn/platemo-cpp/results/ds2_moeackf/fronts/MOEACKF_ds2_nh40_run3_front.csv
2,Climate,MOEACKF,3,1,5,0.002380952381,0.1435185185,0.8564814815,False,False,40,1,39,0,0,0.975,0.0,0.0,0,1,True,False,True,1,0,0.0,False,True,True,4.761902677730134e-14,/home/nez/Desktop/tesis-snn/platemo-cpp/results/ds2_moeackf/fronts/MOEACKF_ds2_nh40_run3_front.csv
2,Climate,MOEACKF,3,2,5,0.007142857143,0.0787037037,0.9212962963,False,True,40,2,36,2,0,0.9,0.05,0.0,0,2,True,False,True,1,0,0.0,False,True,True,1.4285708033190403e-13,/home/nez/Desktop/tesis-snn/platemo-cpp/results/ds2_moeackf/fronts/MOEACKF_ds2_nh40_run3_front.csv
2,Climate,MOEACKF,3,3,5,0.0,0.4143518519,0.5856481481,True,False,40,0,40,0,0,1.0,0.0,0.0,0,0,True,True,True,2,0,0.0,False,False,True,0.0,/home/nez/Desktop/tesis-snn/platemo-cpp/results/ds2_moeackf/fronts/MOEACKF_ds2_nh40_run3_front.csv
2,Climate,MOEACKF,3,4,5,0.003571428571,0.1157407407,0.8842592593,False,False,40,1,39,0,0,0.975,0.0,0.0,0,1,True,False,True,1,0,0.0,False,True,True,4.285712409957121e-13,/home/nez/Desktop/tesis-snn/platemo-cpp/results/ds2_moeackf/fronts/MOEACKF_ds2_nh40_run3_front.csv
2,Climate,MOEACKF,4,0,6,0.0,0.412037037,0.5879629630000001,True,False,40,0,40,0,0,1.0,0.0,0.0,0,0,True,True,True,2,0,0.0,False,False,True,0.0,/home/nez/Desktop/tesis-snn/platemo-cpp/results/ds2_moeackf/fronts/MOEACKF_ds2_nh40_run4_front.csv
2,Climate,MOEACKF,4,1,6,0.004761904762,0.08564814815,0.91435185185,False,False,40,2,38,0,0,0.95,0.0,0.0,0,2,True,False,True,1,0,0.0,False,True,True,9.523805355460269e-14,/home/nez/Desktop/tesis-snn/platemo-cpp/results/ds2_moeackf/fronts/MOEACKF_ds2_nh40_run4_front.csv
2,Climate,MOEACKF,4,2,6,0.002380952381,0.1458333333,0.8541666667,False,False,40,1,39,0,0,0.975,0.0,0.0,0,1,True,False,True,1,0,0.0,False,True,True,4.761902677730134e-14,/home/nez/Desktop/tesis-snn/platemo-cpp/results/ds2_moeackf/fronts/MOEACKF_ds2_nh40_run4_front.csv
2,Climate,MOEACKF,4,3,6,0.003571428571,0.1388888889,0.8611111111,False,False,40,1,38,0,1,0.95,0.0,0.025,1,1,False,False,False,0,0,0.0,False,True,True,4.285712409957121e-13,/home/nez/Desktop/tesis-snn/platemo-cpp/results/ds2_moeackf/fronts/MOEACKF_ds2_nh40_run4_front.csv
2,Climate,MOEACKF,4,4,6,0.4119047619,0.08333333333,0.91666666667,False,False,40,26,0,14,0,0.0,0.35,0.0,11,20,False,False,False,0,0,0.0,True,True,False,4.761857574919759e-12,/home/nez/Desktop/tesis-snn/platemo-cpp/results/ds2_moeackf/fronts/MOEACKF_ds2_nh40_run4_front.csv
2,Climate,MOEACKF,4,5,6,0.4130952381,0.08101851852,0.91898148148,False,True,40,25,0,15,0,0.0,0.375,0.0,11,19,False,False,False,0,0,0.0,True,True,False,4.76191308607099e-12,/home/nez/Desktop/tesis-snn/platemo-cpp/results/ds2_moeackf/fronts/MOEACKF_ds2_nh40_run4_front.csv
2,Climate,MOEACKF,5,0,6,0.0,0.4212962963,0.5787037037,True,False,40,0,40,0,0,1.0,0.0,0.0,0,0,True,True,True,2,0,0.0,False,False,True,0.0,/home/nez/Desktop/tesis-snn/platemo-cpp/results/ds2_moeackf/fronts/MOEACKF_ds2_nh40_run5_front.csv
2,Climate,MOEACKF,5,1,6,0.004761904762,0.08564814815,0.91435185185,False,False,40,2,38,0,0,0.95,0.0,0.0,0,2,True,False,True,1,0,0.0,False,True,True,9.523805355460269e-14,/home/nez/Desktop/tesis-snn/platemo-cpp/results/ds2_moeackf/fronts/MOEACKF_ds2_nh40_run5_front.csv
2,Climate,MOEACKF,5,2,6,0.002380952381,0.1273148148,0.8726851851999999,False,False,40,1,39,0,0,0.975,0.0,0.0,0,1,True,False,True,1,0,0.0,False,True,True,4.761902677730134e-14,/home/nez/Desktop/tesis-snn/platemo-cpp/results/ds2_moeackf/fronts/MOEACKF_ds2_nh40_run5_front.csv
2,Climate,MOEACKF,5,3,6,0.005952380952,0.08333333333,0.91666666667,False,False,40,2,37,1,0,0.925,0.025,0.0,0,2,True,False,True,1,0,0.0,False,True,True,3.8095221421841075e-13,/home/nez/Desktop/tesis-snn/platemo-cpp/results/ds2_moeackf/fronts/MOEACKF_ds2_nh40_run5_front.csv
2,Climate,MOEACKF,5,4,6,0.03214285714,0.08101851852,0.91898148148,False,True,40,5,25,10,0,0.625,0.25,0.0,0,5,True,False,True,1,0,0.0,False,True,True,2.8571381371911286e-12,/home/nez/Desktop/tesis-snn/platemo-cpp/results/ds2_moeackf/fronts/MOEACKF_ds2_nh40_run5_front.csv
2,Climate,MOEACKF,5,5,6,0.00119047619,0.412037037,0.5879629630000001,False,False,40,0,39,1,0,0.975,0.025,0.0,0,0,True,True,True,2,0,0.0,False,False,True,4.761904846134479e-13,/home/nez/Desktop/tesis-snn/platemo-cpp/results/ds2_moeackf/fronts/MOEACKF_ds2_nh40_run5_front.csv
2,Climate,MOEACKF,6,0,6,0.00119047619,0.4166666667,0.5833333332999999,False,False,40,0,39,1,0,0.975,0.025,0.0,0,0,True,True,True,2,0,0.0,False,False,True,4.761904846134479e-13,/home/nez/Desktop/tesis-snn/platemo-cpp/results/ds2_moeackf/fronts/MOEACKF_ds2_nh40_run6_front.csv
2,Climate,MOEACKF,6,1,6,0.004761904762,0.08564814815,0.91435185185,False,False,40,2,38,0,0,0.95,0.0,0.0,0,2,True,False,True,1,0,0.0,False,True,True,9.523805355460269e-14,/home/nez/Desktop/tesis-snn/platemo-cpp/results/ds2_moeackf/fronts/MOEACKF_ds2_nh40_run6_front.csv
2,Climate,MOEACKF,6,2,6,0.02261904762,0.0787037037,0.9212962963,False,True,40,4,28,8,0,0.7,0.2,0.0,2,2,False,False,False,0,1,0.025,True,True,False,9.523805355460269e-13,/home/nez/Desktop/tesis-snn/platemo-cpp/results/ds2_moeackf/fronts/MOEACKF_ds2_nh40_run6_front.csv
2,Climate,MOEACKF,6,3,6,0.0,0.4236111111,0.5763888889,True,False,40,0,40,0,0,1.0,0.0,0.0,0,0,True,True,True,2,0,0.0,False,False,True,0.0,/home/nez/Desktop/tesis-snn/platemo-cpp/results/ds2_moeackf/fronts/MOEACKF_ds2_nh40_run6_front.csv
2,Climate,MOEACKF,6,4,6,0.008333333333,0.08333333333,0.91666666667,False,False,40,2,36,2,0,0.9,0.05,0.0,0,2,True,False,True,1,1,0.025,False,True,True,3.333340548028474e-13,/home/nez/Desktop/tesis-snn/platemo-cpp/results/ds2_moeackf/fronts/MOEACKF_ds2_nh40_run6_front.csv
2,Climate,MOEACKF,6,5,6,0.002380952381,0.150462963,0.8495370369999999,False,False,40,1,39,0,0,0.975,0.0,0.0,0,1,True,False,True,1,0,0.0,False,True,True,4.761902677730134e-14,/home/nez/Desktop/tesis-snn/platemo-cpp/results/ds2_moeackf/fronts/MOEACKF_ds2_nh40_run6_front.csv
2,Climate,MOEACKF,7,0,6,0.00119047619,0.4212962963,0.5787037037,False,False,40,0,39,1,0,0.975,0.025,0.0,0,0,True,True,True,2,0,0.0,False,False,True,4.761904846134479e-13,/home/nez/Desktop/tesis-snn/platemo-cpp/results/ds2_moeackf/fronts/MOEACKF_ds2_nh40_run7_front.csv
2,Climate,MOEACKF,7,1,6,0.004761904762,0.08564814815,0.91435185185,False,False,40,2,38,0,0,0.95,0.0,0.0,0,2,True,False,True,1,0,0.0,False,True,True,9.523805355460269e-14,/home/nez/Desktop/tesis-snn/platemo-cpp/results/ds2_moeackf/fronts/MOEACKF_ds2_nh40_run7_front.csv
2,Climate,MOEACKF,7,2,6,0.002380952381,0.125,0.875,False,False,40,1,39,0,0,0.975,0.0,0.0,0,1,True,False,True,1,0,0.0,False,True,True,4.761902677730134e-14,/home/nez/Desktop/tesis-snn/platemo-cpp/results/ds2_moeackf/fronts/MOEACKF_ds2_nh40_run7_front.csv
2,Climate,MOEACKF,7,3,6,0.0,0.4305555556,0.5694444444,True,False,40,0,40,0,0,1.0,0.0,0.0,0,0,True,True,True,2,0,0.0,False,False,True,0.0,/home/nez/Desktop/tesis-snn/platemo-cpp/results/ds2_moeackf/fronts/MOEACKF_ds2_nh40_run7_front.csv
2,Climate,MOEACKF,7,4,6,0.007142857143,0.08333333333,0.91666666667,False,False,40,2,36,2,0,0.9,0.05,0.0,0,2,True,False,True,1,0,0.0,False,True,True,1.4285708033190403e-13,/home/nez/Desktop/tesis-snn/platemo-cpp/results/ds2_moeackf/fronts/MOEACKF_ds2_nh40_run7_front.csv
2,Climate,MOEACKF,7,5,6,0.1095238095,0.07638888889,0.92361111111,False,True,40,6,1,31,2,0.025,0.775,0.05,2,6,False,False,False,0,2,0.05,True,True,False,2.3809523796991527e-11,/home/nez/Desktop/tesis-snn/platemo-cpp/results/ds2_moeackf/fronts/MOEACKF_ds2_nh40_run7_front.csv
2,Climate,MOEACKF,8,0,8,0.00119047619,0.4212962963,0.5787037037,False,False,40,0,39,1,0,0.975,0.025,0.0,0,0,True,True,True,2,0,0.0,False,False,True,4.761904846134479e-13,/home/nez/Desktop/tesis-snn/platemo-cpp/results/ds2_moeackf/fronts/MOEACKF_ds2_nh40_run8_front.csv
2,Climate,MOEACKF,8,1,8,0.0,0.4236111111,0.5763888889,True,False,40,0,40,0,0,1.0,0.0,0.0,0,0,True,True,True,2,0,0.0,False,False,True,0.0,/home/nez/Desktop/tesis-snn/platemo-cpp/results/ds2_moeackf/fronts/MOEACKF_ds2_nh40_run8_front.csv
2,Climate,MOEACKF,8,2,8,0.008333333333,0.08101851852,0.91898148148,False,False,40,2,35,3,0,0.875,0.075,0.0,0,2,True,False,True,1,0,0.0,False,True,True,3.333340548028474e-13,/home/nez/Desktop/tesis-snn/platemo-cpp/results/ds2_moeackf/fronts/MOEACKF_ds2_nh40_run8_front.csv
2,Climate,MOEACKF,8,3,8,0.003571428571,0.1018518519,0.8981481481,False,False,40,1,38,1,0,0.95,0.025,0.0,0,1,True,False,True,1,0,0.0,False,True,True,4.285712409957121e-13,/home/nez/Desktop/tesis-snn/platemo-cpp/results/ds2_moeackf/fronts/MOEACKF_ds2_nh40_run8_front.csv
2,Climate,MOEACKF,8,4,8,0.004761904762,0.08333333333,0.91666666667,False,False,40,2,38,0,0,0.95,0.0,0.0,0,2,True,False,True,1,0,0.0,False,True,True,9.523805355460269e-14,/home/nez/Desktop/tesis-snn/platemo-cpp/results/ds2_moeackf/fronts/MOEACKF_ds2_nh40_run8_front.csv
2,Climate,MOEACKF,8,5,8,0.002380952381,0.1087962963,0.8912037037,False,False,40,1,39,0,0,0.975,0.0,0.0,0,1,True,False,True,1,0,0.0,False,True,True,4.761902677730134e-14,/home/nez/Desktop/tesis-snn/platemo-cpp/results/ds2_moeackf/fronts/MOEACKF_ds2_nh40_run8_front.csv
2,Climate,MOEACKF,8,6,8,0.0130952381,0.07175925926,0.92824074074,False,True,40,3,33,4,0,0.825,0.1,0.0,0,3,True,False,True,1,0,0.0,False,True,True,4.76190441245361e-12,/home/nez/Desktop/tesis-snn/platemo-cpp/results/ds2_moeackf/fronts/MOEACKF_ds2_nh40_run8_front.csv
2,Climate,MOEACKF,8,7,8,0.01071428571,0.0787037037,0.9212962963,False,False,40,2,36,1,1,0.9,0.025,0.025,0,3,True,False,True,1,0,0.0,False,True,True,4.285714144680597e-12,/home/nez/Desktop/tesis-snn/platemo-cpp/results/ds2_moeackf/fronts/MOEACKF_ds2_nh40_run8_front.csv
2,Climate,MOEACKF,9,0,7,0.0,0.4212962963,0.5787037037,True,False,40,0,40,0,0,1.0,0.0,0.0,0,0,True,True,True,2,0,0.0,False,False,True,0.0,/home/nez/Desktop/tesis-snn/platemo-cpp/results/ds2_moeackf/fronts/MOEACKF_ds2_nh40_run9_front.csv
2,Climate,MOEACKF,9,1,7,0.004761904762,0.08564814815,0.91435185185,False,False,40,2,38,0,0,0.95,0.0,0.0,0,2,True,False,True,1,0,0.0,False,True,True,9.523805355460269e-14,/home/nez/Desktop/tesis-snn/platemo-cpp/results/ds2_moeackf/fronts/MOEACKF_ds2_nh40_run9_front.csv
2,Climate,MOEACKF,9,2,7,0.0119047619,0.07407407407,0.92592592593,False,False,40,2,33,5,0,0.825,0.125,0.0,0,2,True,False,True,1,0,0.0,False,True,True,4.76190441245361e-12,/home/nez/Desktop/tesis-snn/platemo-cpp/results/ds2_moeackf/fronts/MOEACKF_ds2_nh40_run9_front.csv
2,Climate,MOEACKF,9,3,7,0.007142857143,0.0787037037,0.9212962963,False,False,40,2,37,1,0,0.925,0.025,0.0,0,2,True,False,True,1,0,0.0,False,True,True,1.4285708033190403e-13,/home/nez/Desktop/tesis-snn/platemo-cpp/results/ds2_moeackf/fronts/MOEACKF_ds2_nh40_run9_front.csv
2,Climate,MOEACKF,9,4,7,0.01904761905,0.06944444444,0.93055555556,False,True,40,3,28,7,2,0.7,0.175,0.05,0,5,True,False,True,1,0,0.0,False,True,True,2.380949604141591e-12,/home/nez/Desktop/tesis-snn/platemo-cpp/results/ds2_moeackf/fronts/MOEACKF_ds2_nh40_run9_front.csv
2,Climate,MOEACKF,9,5,7,0.005952380952,0.08101851852,0.91898148148,False,False,40,2,38,0,0,0.95,0.0,0.0,0,2,True,False,True,1,0,0.0,False,True,True,3.8095221421841075e-13,/home/nez/Desktop/tesis-snn/platemo-cpp/results/ds2_moeackf/fronts/MOEACKF_ds2_nh40_run9_front.csv
2,Climate,MOEACKF,9,6,7,0.002380952381,0.1273148148,0.8726851851999999,False,False,40,1,39,0,0,0.975,0.0,0.0,0,1,True,False,True,1,0,0.0,False,True,True,4.761902677730134e-14,/home/nez/Desktop/tesis-snn/platemo-cpp/results/ds2_moeackf/fronts/MOEACKF_ds2_nh40_run9_front.csv
2,Climate,MOEACKF,10,0,7,0.00119047619,0.4097222222,0.5902777778,False,False,40,0,39,1,0,0.975,0.025,0.0,0,0,True,True,True,2,0,0.0,False,False,True,4.761904846134479e-13,/home/nez/Desktop/tesis-snn/platemo-cpp/results/ds2_moeackf/fronts/MOEACKF_ds2_nh40_run10_front.csv
2,Climate,MOEACKF,10,1,7,0.004761904762,0.08564814815,0.91435185185,False,False,40,2,38,0,0,0.95,0.0,0.0,0,2,True,False,True,1,0,0.0,False,True,True,9.523805355460269e-14,/home/nez/Desktop/tesis-snn/platemo-cpp/results/ds2_moeackf/fronts/MOEACKF_ds2_nh40_run10_front.csv
2,Climate,MOEACKF,10,2,7,0.0,0.4305555556,0.5694444444,True,False,40,0,40,0,0,1.0,0.0,0.0,0,0,True,True,True,2,0,0.0,False,False,True,0.0,/home/nez/Desktop/tesis-snn/platemo-cpp/results/ds2_moeackf/fronts/MOEACKF_ds2_nh40_run10_front.csv
2,Climate,MOEACKF,10,3,7,0.002380952381,0.150462963,0.8495370369999999,False,False,40,1,39,0,0,0.975,0.0,0.0,0,1,True,False,True,1,0,0.0,False,True,True,4.761902677730134e-14,/home/nez/Desktop/tesis-snn/platemo-cpp/results/ds2_moeackf/fronts/MOEACKF_ds2_nh40_run10_front.csv
2,Climate,MOEACKF,10,4,7,0.005952380952,0.08333333333,0.91666666667,False,False,40,2,38,0,0,0.95,0.0,0.0,0,2,True,False,True,1,0,0.0,False,True,True,3.8095221421841075e-13,/home/nez/Desktop/tesis-snn/platemo-cpp/results/ds2_moeackf/fronts/MOEACKF_ds2_nh40_run10_front.csv
2,Climate,MOEACKF,10,5,7,0.003571428571,0.1458333333,0.8541666667,False,False,40,1,38,1,0,0.95,0.025,0.0,0,1,True,False,True,1,0,0.0,False,True,True,4.285712409957121e-13,/home/nez/Desktop/tesis-snn/platemo-cpp/results/ds2_moeackf/fronts/MOEACKF_ds2_nh40_run10_front.csv
2,Climate,MOEACKF,10,6,7,0.007142857143,0.08101851852,0.91898148148,False,True,40,2,37,1,0,0.925,0.025,0.0,0,2,True,False,True,1,0,0.0,False,True,True,1.4285708033190403e-13,/home/nez/Desktop/tesis-snn/platemo-cpp/results/ds2_moeackf/fronts/MOEACKF_ds2_nh40_run10_front.csv
2,Climate,MOEACKF,11,0,7,0.00119047619,0.4074074074,0.5925925926,False,False,40,0,39,1,0,0.975,0.025,0.0,0,0,True,True,True,2,1,0.025,False,False,True,4.761904846134479e-13,/home/nez/Desktop/tesis-snn/platemo-cpp/results/ds2_moeackf/fronts/MOEACKF_ds2_nh40_run11_front.csv
2,Climate,MOEACKF,11,1,7,0.0130952381,0.08333333333,0.91666666667,False,False,40,2,33,4,1,0.825,0.1,0.025,0,3,True,False,True,1,0,0.0,False,True,True,4.76190441245361e-12,/home/nez/Desktop/tesis-snn/platemo-cpp/results/ds2_moeackf/fronts/MOEACKF_ds2_nh40_run11_front.csv
2,Climate,MOEACKF,11,2,7,0.004761904762,0.08564814815,0.91435185185,False,False,40,2,38,0,0,0.95,0.0,0.0,0,2,True,False,True,1,0,0.0,False,True,True,9.523805355460269e-14,/home/nez/Desktop/tesis-snn/platemo-cpp/results/ds2_moeackf/fronts/MOEACKF_ds2_nh40_run11_front.csv
2,Climate,MOEACKF,11,3,7,0.5571428571,0.08101851852,0.91898148148,False,True,40,35,0,5,0,0.0,0.125,0.0,21,29,False,False,False,0,0,0.0,True,True,False,4.285716226348768e-11,/home/nez/Desktop/tesis-snn/platemo-cpp/results/ds2_moeackf/fronts/MOEACKF_ds2_nh40_run11_front.csv
2,Climate,MOEACKF,11,4,7,0.0,0.4236111111,0.5763888889,True,False,40,0,40,0,0,1.0,0.0,0.0,0,0,True,True,True,2,0,0.0,False,False,True,0.0,/home/nez/Desktop/tesis-snn/platemo-cpp/results/ds2_moeackf/fronts/MOEACKF_ds2_nh40_run11_front.csv
2,Climate,MOEACKF,11,5,7,0.003571428571,0.1736111111,0.8263888889,False,False,40,1,38,1,0,0.95,0.025,0.0,0,1,True,False,True,1,0,0.0,False,True,True,4.285712409957121e-13,/home/nez/Desktop/tesis-snn/platemo-cpp/results/ds2_moeackf/fronts/MOEACKF_ds2_nh40_run11_front.csv
2,Climate,MOEACKF,11,6,7,0.002380952381,0.1851851852,0.8148148148000001,False,False,40,1,39,0,0,0.975,0.0,0.0,0,1,True,False,True,1,0,0.0,False,True,True,4.761902677730134e-14,/home/nez/Desktop/tesis-snn/platemo-cpp/results/ds2_moeackf/fronts/MOEACKF_ds2_nh40_run11_front.csv
2,Climate,MOEACKF,12,0,6,0.0,0.4143518519,0.5856481481,True,False,40,0,40,0,0,1.0,0.0,0.0,0,0,True,True,True,2,0,0.0,False,False,True,0.0,/home/nez/Desktop/tesis-snn/platemo-cpp/results/ds2_moeackf/fronts/MOEACKF_ds2_nh40_run12_front.csv
2,Climate,MOEACKF,12,1,6,0.00119047619,0.3912037037,0.6087962963,False,False,40,0,39,0,1,0.975,0.0,0.025,0,1,True,False,True,1,0,0.0,False,False,True,4.761904846134479e-13,/home/nez/Desktop/tesis-snn/platemo-cpp/results/ds2_moeackf/fronts/MOEACKF_ds2_nh40_run12_front.csv
2,Climate,MOEACKF,12,2,6,0.004761904762,0.08564814815,0.91435185185,False,False,40,2,38,0,0,0.95,0.0,0.0,0,2,True,False,True,1,0,0.0,False,True,True,9.523805355460269e-14,/home/nez/Desktop/tesis-snn/platemo-cpp/results/ds2_moeackf/fronts/MOEACKF_ds2_nh40_run12_front.csv
2,Climate,MOEACKF,12,3,6,0.002380952381,0.1064814815,0.8935185185,False,False,40,1,39,0,0,0.975,0.0,0.0,0,1,True,False,True,1,0,0.0,False,True,True,4.761902677730134e-14,/home/nez/Desktop/tesis-snn/platemo-cpp/results/ds2_moeackf/fronts/MOEACKF_ds2_nh40_run12_front.csv
2,Climate,MOEACKF,12,4,6,0.009523809524,0.08333333333,0.91666666667,False,True,40,2,35,3,0,0.875,0.075,0.0,0,2,True,False,True,1,0,0.0,False,True,True,1.9047610710920537e-13,/home/nez/Desktop/tesis-snn/platemo-cpp/results/ds2_moeackf/fronts/MOEACKF_ds2_nh40_run12_front.csv
2,Climate,MOEACKF,12,5,6,0.003571428571,0.1018518519,0.8981481481,False,False,40,1,38,1,0,0.95,0.025,0.0,0,1,True,False,True,1,0,0.0,False,True,True,4.285712409957121e-13,/home/nez/Desktop/tesis-snn/platemo-cpp/results/ds2_moeackf/fronts/MOEACKF_ds2_nh40_run12_front.csv
2,Climate,MOEACKF,13,0,8,0.00119047619,0.4166666667,0.5833333332999999,False,False,40,0,39,1,0,0.975,0.025,0.0,0,0,True,True,True,2,0,0.0,False,False,True,4.761904846134479e-13,/home/nez/Desktop/tesis-snn/platemo-cpp/results/ds2_moeackf/fronts/MOEACKF_ds2_nh40_run13_front.csv
2,Climate,MOEACKF,13,1,8,0.0,0.4305555556,0.5694444444,True,False,40,0,40,0,0,1.0,0.0,0.0,0,0,True,True,True,2,0,0.0,False,False,True,0.0,/home/nez/Desktop/tesis-snn/platemo-cpp/results/ds2_moeackf/fronts/MOEACKF_ds2_nh40_run13_front.csv
2,Climate,MOEACKF,13,2,8,0.02261904762,0.06944444444,0.93055555556,False,True,40,4,26,10,0,0.65,0.25,0.0,1,3,False,False,False,0,0,0.0,True,True,False,9.523805355460269e-13,/home/nez/Desktop/tesis-snn/platemo-cpp/results/ds2_moeackf/fronts/MOEACKF_ds2_nh40_run13_front.csv
2,Climate,MOEACKF,13,3,8,0.005952380952,0.07638888889,0.92361111111,False,False,40,2,38,0,0,0.95,0.0,0.0,0,2,True,False,True,1,0,0.0,False,True,True,3.8095221421841075e-13,/home/nez/Desktop/tesis-snn/platemo-cpp/results/ds2_moeackf/fronts/MOEACKF_ds2_nh40_run13_front.csv
2,Climate,MOEACKF,13,4,8,0.007142857143,0.07407407407,0.92592592593,False,False,40,2,37,1,0,0.925,0.025,0.0,0,2,True,False,True,1,1,0.025,False,True,True,1.4285708033190403e-13,/home/nez/Desktop/tesis-snn/platemo-cpp/results/ds2_moeackf/fronts/MOEACKF_ds2_nh40_run13_front.csv
2,Climate,MOEACKF,13,5,8,0.004761904762,0.08564814815,0.91435185185,False,False,40,2,38,0,0,0.95,0.0,0.0,0,2,True,False,True,1,0,0.0,False,True,True,9.523805355460269e-14,/home/nez/Desktop/tesis-snn/platemo-cpp/results/ds2_moeackf/fronts/MOEACKF_ds2_nh40_run13_front.csv
2,Climate,MOEACKF,13,6,8,0.002380952381,0.1064814815,0.8935185185,False,False,40,1,39,0,0,0.975,0.0,0.0,0,1,True,False,True,1,0,0.0,False,True,True,4.761902677730134e-14,/home/nez/Desktop/tesis-snn/platemo-cpp/results/ds2_moeackf/fronts/MOEACKF_ds2_nh40_run13_front.csv
2,Climate,MOEACKF,13,7,8,0.008333333333,0.07175925926,0.92824074074,False,False,40,2,36,2,0,0.9,0.05,0.0,0,2,True,False,True,1,0,0.0,False,True,True,3.333340548028474e-13,/home/nez/Desktop/tesis-snn/platemo-cpp/results/ds2_moeackf/fronts/MOEACKF_ds2_nh40_run13_front.csv
2,Climate,MOEACKF,14,0,5,0.005952380952,0.08101851852,0.91898148148,False,True,40,2,37,1,0,0.925,0.025,0.0,0,2,True,False,True,1,0,0.0,False,True,True,3.8095221421841075e-13,/home/nez/Desktop/tesis-snn/platemo-cpp/results/ds2_moeackf/fronts/MOEACKF_ds2_nh40_run14_front.csv
2,Climate,MOEACKF,14,1,5,0.0,0.412037037,0.5879629630000001,True,False,40,0,40,0,0,1.0,0.0,0.0,0,0,True,True,True,2,0,0.0,False,False,True,0.0,/home/nez/Desktop/tesis-snn/platemo-cpp/results/ds2_moeackf/fronts/MOEACKF_ds2_nh40_run14_front.csv
2,Climate,MOEACKF,14,2,5,0.004761904762,0.08333333333,0.91666666667,False,False,40,2,38,0,0,0.95,0.0,0.0,0,2,True,False,True,1,0,0.0,False,True,True,9.523805355460269e-14,/home/nez/Desktop/tesis-snn/platemo-cpp/results/ds2_moeackf/fronts/MOEACKF_ds2_nh40_run14_front.csv
2,Climate,MOEACKF,14,3,5,0.003571428571,0.1319444444,0.8680555556,False,False,40,1,38,1,0,0.95,0.025,0.0,0,1,True,False,True,1,0,0.0,False,True,True,4.285712409957121e-13,/home/nez/Desktop/tesis-snn/platemo-cpp/results/ds2_moeackf/fronts/MOEACKF_ds2_nh40_run14_front.csv
2,Climate,MOEACKF,14,4,5,0.002380952381,0.1342592593,0.8657407407,False,False,40,1,39,0,0,0.975,0.0,0.0,0,1,True,False,True,1,0,0.0,False,True,True,4.761902677730134e-14,/home/nez/Desktop/tesis-snn/platemo-cpp/results/ds2_moeackf/fronts/MOEACKF_ds2_nh40_run14_front.csv
2,Climate,MOEACKF,15,0,8,0.00119047619,0.4143518519,0.5856481481,False,False,40,0,39,1,0,0.975,0.025,0.0,0,0,True,True,True,2,1,0.025,False,False,True,4.761904846134479e-13,/home/nez/Desktop/tesis-snn/platemo-cpp/results/ds2_moeackf/fronts/MOEACKF_ds2_nh40_run15_front.csv
2,Climate,MOEACKF,15,1,8,0.004761904762,0.08333333333,0.91666666667,False,False,40,2,38,0,0,0.95,0.0,0.0,0,2,True,False,True,1,0,0.0,False,True,True,9.523805355460269e-14,/home/nez/Desktop/tesis-snn/platemo-cpp/results/ds2_moeackf/fronts/MOEACKF_ds2_nh40_run15_front.csv
2,Climate,MOEACKF,15,2,8,0.0130952381,0.0787037037,0.9212962963,False,False,40,2,33,5,0,0.825,0.125,0.0,0,2,True,False,True,1,0,0.0,False,True,True,4.76190441245361e-12,/home/nez/Desktop/tesis-snn/platemo-cpp/results/ds2_moeackf/fronts/MOEACKF_ds2_nh40_run15_front.csv
2,Climate,MOEACKF,15,3,8,0.002380952381,0.1111111111,0.8888888889,False,False,40,1,39,0,0,0.975,0.0,0.0,0,1,True,False,True,1,0,0.0,False,True,True,4.761902677730134e-14,/home/nez/Desktop/tesis-snn/platemo-cpp/results/ds2_moeackf/fronts/MOEACKF_ds2_nh40_run15_front.csv
2,Climate,MOEACKF,15,4,8,0.01428571429,0.07638888889,0.92361111111,False,True,40,2,31,7,0,0.775,0.175,0.0,0,2,True,False,True,1,0,0.0,False,True,True,4.285714144680597e-12,/home/nez/Desktop/tesis-snn/platemo-cpp/results/ds2_moeackf/fronts/MOEACKF_ds2_nh40_run15_front.csv
2,Climate,MOEACKF,15,5,8,0.0119047619,0.08101851852,0.91898148148,False,False,40,2,34,4,0,0.85,0.1,0.0,0,2,True,False,True,1,0,0.0,False,True,True,4.76190441245361e-12,/home/nez/Desktop/tesis-snn/platemo-cpp/results/ds2_moeackf/fronts/MOEACKF_ds2_nh40_run15_front.csv
2,Climate,MOEACKF,15,6,8,0.003571428571,0.1064814815,0.8935185185,False,False,40,1,38,1,0,0.95,0.025,0.0,0,1,True,False,True,1,0,0.0,False,True,True,4.285712409957121e-13,/home/nez/Desktop/tesis-snn/platemo-cpp/results/ds2_moeackf/fronts/MOEACKF_ds2_nh40_run15_front.csv
2,Climate,MOEACKF,15,7,8,0.0,0.4212962963,0.5787037037,True,False,40,0,40,0,0,1.0,0.0,0.0,0,0,True,True,True,2,0,0.0,False,False,True,0.0,/home/nez/Desktop/tesis-snn/platemo-cpp/results/ds2_moeackf/fronts/MOEACKF_ds2_nh40_run15_front.csv
2,Climate,MOEACKF,16,0,8,0.00119047619,0.412037037,0.5879629630000001,False,False,40,0,39,1,0,0.975,0.025,0.0,0,0,True,True,True,2,0,0.0,False,False,True,4.761904846134479e-13,/home/nez/Desktop/tesis-snn/platemo-cpp/results/ds2_moeackf/fronts/MOEACKF_ds2_nh40_run16_front.csv
2,Climate,MOEACKF,16,1,8,0.004761904762,0.08564814815,0.91435185185,False,False,40,2,38,0,0,0.95,0.0,0.0,0,2,True,False,True,1,0,0.0,False,True,True,9.523805355460269e-14,/home/nez/Desktop/tesis-snn/platemo-cpp/results/ds2_moeackf/fronts/MOEACKF_ds2_nh40_run16_front.csv
2,Climate,MOEACKF,16,2,8,0.002380952381,0.1342592593,0.8657407407,False,False,40,1,39,0,0,0.975,0.0,0.0,0,1,True,False,True,1,0,0.0,False,True,True,4.761902677730134e-14,/home/nez/Desktop/tesis-snn/platemo-cpp/results/ds2_moeackf/fronts/MOEACKF_ds2_nh40_run16_front.csv
2,Climate,MOEACKF,16,3,8,0.02857142857,0.07638888889,0.92361111111,False,True,40,3,25,11,1,0.625,0.275,0.025,0,4,True,False,True,1,0,0.0,False,True,True,1.4285690685955643e-12,/home/nez/Desktop/tesis-snn/platemo-cpp/results/ds2_moeackf/fronts/MOEACKF_ds2_nh40_run16_front.csv
2,Climate,MOEACKF,16,4,8,0.009523809524,0.08333333333,0.91666666667,False,False,40,2,34,4,0,0.85,0.1,0.0,0,2,True,False,True,1,1,0.025,False,True,True,1.9047610710920537e-13,/home/nez/Desktop/tesis-snn/platemo-cpp/results/ds2_moeackf/fronts/MOEACKF_ds2_nh40_run16_front.csv
2,Climate,MOEACKF,16,5,8,0.02619047619,0.0787037037,0.9212962963,False,False,40,3,25,10,2,0.625,0.25,0.05,1,4,False,False,False,0,0,0.0,False,True,True,4.761920024964894e-13,/home/nez/Desktop/tesis-snn/platemo-cpp/results/ds2_moeackf/fronts/MOEACKF_ds2_nh40_run16_front.csv
2,Climate,MOEACKF,16,6,8,0.025,0.08101851852,0.91898148148,False,False,40,3,24,11,2,0.6,0.275,0.05,1,4,False,False,False,0,0,0.0,False,True,True,0.0,/home/nez/Desktop/tesis-snn/platemo-cpp/results/ds2_moeackf/fronts/MOEACKF_ds2_nh40_run16_front.csv
2,Climate,MOEACKF,16,7,8,0.0,0.4282407407,0.5717592593,True,False,40,0,40,0,0,1.0,0.0,0.0,0,0,True,True,True,2,0,0.0,False,False,True,0.0,/home/nez/Desktop/tesis-snn/platemo-cpp/results/ds2_moeackf/fronts/MOEACKF_ds2_nh40_run16_front.csv
2,Climate,MOEACKF,17,0,5,0.0,0.4189814815,0.5810185185000001,True,False,40,0,40,0,0,1.0,0.0,0.0,0,0,True,True,True,2,0,0.0,False,False,True,0.0,/home/nez/Desktop/tesis-snn/platemo-cpp/results/ds2_moeackf/fronts/MOEACKF_ds2_nh40_run17_front.csv
2,Climate,MOEACKF,17,1,5,0.002380952381,0.09953703704,0.9004629629600001,False,False,40,1,39,0,0,0.975,0.0,0.0,0,1,True,False,True,1,0,0.0,False,True,True,4.761902677730134e-14,/home/nez/Desktop/tesis-snn/platemo-cpp/results/ds2_moeackf/fronts/MOEACKF_ds2_nh40_run17_front.csv
2,Climate,MOEACKF,17,2,5,0.01428571429,0.0787037037,0.9212962963,False,True,40,2,33,4,1,0.825,0.1,0.025,1,2,False,False,False,0,0,0.0,False,True,True,4.285714144680597e-12,/home/nez/Desktop/tesis-snn/platemo-cpp/results/ds2_moeackf/fronts/MOEACKF_ds2_nh40_run17_front.csv
2,Climate,MOEACKF,17,3,5,0.004761904762,0.08101851852,0.91898148148,False,False,40,2,38,0,0,0.95,0.0,0.0,0,2,True,False,True,1,0,0.0,False,True,True,9.523805355460269e-14,/home/nez/Desktop/tesis-snn/platemo-cpp/results/ds2_moeackf/fronts/MOEACKF_ds2_nh40_run17_front.csv
2,Climate,MOEACKF,17,4,5,0.00119047619,0.3981481481,0.6018518519,False,False,40,0,39,1,0,0.975,0.025,0.0,0,0,True,True,True,2,0,0.0,False,False,True,4.761904846134479e-13,/home/nez/Desktop/tesis-snn/platemo-cpp/results/ds2_moeackf/fronts/MOEACKF_ds2_nh40_run17_front.csv
2,Climate,MOEACKF,18,0,9,0.002380952381,0.1412037037,0.8587962963,False,False,40,1,39,0,0,0.975,0.0,0.0,0,1,True,False,True,1,0,0.0,False,True,True,4.761902677730134e-14,/home/nez/Desktop/tesis-snn/platemo-cpp/results/ds2_moeackf/fronts/MOEACKF_ds2_nh40_run18_front.csv
2,Climate,MOEACKF,18,1,9,0.004761904762,0.08796296296,0.9120370370399999,False,False,40,2,38,0,0,0.95,0.0,0.0,0,2,True,False,True,1,0,0.0,False,True,True,9.523805355460269e-14,/home/nez/Desktop/tesis-snn/platemo-cpp/results/ds2_moeackf/fronts/MOEACKF_ds2_nh40_run18_front.csv
2,Climate,MOEACKF,18,2,9,0.005952380952,0.08564814815,0.91435185185,False,False,40,2,37,1,0,0.925,0.025,0.0,0,2,True,False,True,1,0,0.0,False,True,True,3.8095221421841075e-13,/home/nez/Desktop/tesis-snn/platemo-cpp/results/ds2_moeackf/fronts/MOEACKF_ds2_nh40_run18_front.csv
2,Climate,MOEACKF,18,3,9,0.00119047619,0.4050925926,0.5949074074,False,False,40,0,39,1,0,0.975,0.025,0.0,0,0,True,True,True,2,0,0.0,False,False,True,4.761904846134479e-13,/home/nez/Desktop/tesis-snn/platemo-cpp/results/ds2_moeackf/fronts/MOEACKF_ds2_nh40_run18_front.csv
2,Climate,MOEACKF,18,4,9,0.01428571429,0.08101851852,0.91898148148,False,False,40,4,33,3,0,0.825,0.075,0.0,0,4,True,False,True,1,0,0.0,False,True,True,4.285714144680597e-12,/home/nez/Desktop/tesis-snn/platemo-cpp/results/ds2_moeackf/fronts/MOEACKF_ds2_nh40_run18_front.csv
2,Climate,MOEACKF,18,5,9,0.003571428571,0.1365740741,0.8634259259,False,False,40,1,38,1,0,0.95,0.025,0.0,0,1,True,False,True,1,0,0.0,False,True,True,4.285712409957121e-13,/home/nez/Desktop/tesis-snn/platemo-cpp/results/ds2_moeackf/fronts/MOEACKF_ds2_nh40_run18_front.csv
2,Climate,MOEACKF,18,6,9,0.008333333333,0.08333333333,0.91666666667,False,False,40,2,35,3,0,0.875,0.075,0.0,0,2,True,False,True,1,0,0.0,False,True,True,3.333340548028474e-13,/home/nez/Desktop/tesis-snn/platemo-cpp/results/ds2_moeackf/fronts/MOEACKF_ds2_nh40_run18_front.csv
2,Climate,MOEACKF,18,7,9,0.01547619048,0.0787037037,0.9212962963,False,True,40,3,31,5,1,0.775,0.125,0.025,0,4,True,False,True,1,1,0.025,False,True,True,3.8095238769075834e-12,/home/nez/Desktop/tesis-snn/platemo-cpp/results/ds2_moeackf/fronts/MOEACKF_ds2_nh40_run18_front.csv
2,Climate,MOEACKF,18,8,9,0.0,0.4305555556,0.5694444444,True,False,40,0,40,0,0,1.0,0.0,0.0,0,0,True,True,True,2,0,0.0,False,False,True,0.0,/home/nez/Desktop/tesis-snn/platemo-cpp/results/ds2_moeackf/fronts/MOEACKF_ds2_nh40_run18_front.csv
2,Climate,MOEACKF,19,0,7,0.0,0.4282407407,0.5717592593,True,False,40,0,40,0,0,1.0,0.0,0.0,0,0,True,True,True,2,0,0.0,False,False,True,0.0,/home/nez/Desktop/tesis-snn/platemo-cpp/results/ds2_moeackf/fronts/MOEACKF_ds2_nh40_run19_front.csv
2,Climate,MOEACKF,19,1,7,0.004761904762,0.08564814815,0.91435185185,False,False,40,2,38,0,0,0.95,0.0,0.0,0,2,True,False,True,1,0,0.0,False,True,True,9.523805355460269e-14,/home/nez/Desktop/tesis-snn/platemo-cpp/results/ds2_moeackf/fronts/MOEACKF_ds2_nh40_run19_front.csv
2,Climate,MOEACKF,19,2,7,0.002380952381,0.1319444444,0.8680555556,False,False,40,1,39,0,0,0.975,0.0,0.0,0,1,True,False,True,1,0,0.0,False,True,True,4.761902677730134e-14,/home/nez/Desktop/tesis-snn/platemo-cpp/results/ds2_moeackf/fronts/MOEACKF_ds2_nh40_run19_front.csv
2,Climate,MOEACKF,19,3,7,0.00119047619,0.4166666667,0.5833333332999999,False,False,40,0,39,1,0,0.975,0.025,0.0,0,0,True,True,True,2,0,0.0,False,False,True,4.761904846134479e-13,/home/nez/Desktop/tesis-snn/platemo-cpp/results/ds2_moeackf/fronts/MOEACKF_ds2_nh40_run19_front.csv
2,Climate,MOEACKF,19,4,7,0.008333333333,0.08333333333,0.91666666667,False,False,40,2,35,3,0,0.875,0.075,0.0,0,2,True,False,True,1,0,0.0,False,True,True,3.333340548028474e-13,/home/nez/Desktop/tesis-snn/platemo-cpp/results/ds2_moeackf/fronts/MOEACKF_ds2_nh40_run19_front.csv
2,Climate,MOEACKF,19,5,7,0.06666666667,0.0787037037,0.9212962963,False,True,40,8,12,19,1,0.3,0.475,0.025,3,6,False,False,False,0,1,0.025,True,True,False,3.33333360913457e-12,/home/nez/Desktop/tesis-snn/platemo-cpp/results/ds2_moeackf/fronts/MOEACKF_ds2_nh40_run19_front.csv
2,Climate,MOEACKF,19,6,7,0.06428571429,0.08101851852,0.91898148148,False,False,40,7,14,19,0,0.35,0.475,0.0,2,5,False,False,False,0,0,0.0,True,True,False,4.285724553021453e-12,/home/nez/Desktop/tesis-snn/platemo-cpp/results/ds2_moeackf/fronts/MOEACKF_ds2_nh40_run19_front.csv
2,Climate,MOEACKF,20,0,6,0.00119047619,0.4050925926,0.5949074074,False,False,40,0,39,1,0,0.975,0.025,0.0,0,0,True,True,True,2,0,0.0,False,False,True,4.761904846134479e-13,/home/nez/Desktop/tesis-snn/platemo-cpp/results/ds2_moeackf/fronts/MOEACKF_ds2_nh40_run20_front.csv
2,Climate,MOEACKF,20,1,6,0.005952380952,0.08101851852,0.91898148148,False,True,40,2,38,0,0,0.95,0.0,0.0,0,2,True,False,True,1,0,0.0,False,True,True,3.8095221421841075e-13,/home/nez/Desktop/tesis-snn/platemo-cpp/results/ds2_moeackf/fronts/MOEACKF_ds2_nh40_run20_front.csv
2,Climate,MOEACKF,20,2,6,0.004761904762,0.08564814815,0.91435185185,False,False,40,2,38,0,0,0.95,0.0,0.0,0,2,True,False,True,1,0,0.0,False,True,True,9.523805355460269e-14,/home/nez/Desktop/tesis-snn/platemo-cpp/results/ds2_moeackf/fronts/MOEACKF_ds2_nh40_run20_front.csv
2,Climate,MOEACKF,20,3,6,0.003571428571,0.1273148148,0.8726851851999999,False,False,40,1,38,1,0,0.95,0.025,0.0,0,1,True,False,True,1,0,0.0,False,True,True,4.285712409957121e-13,/home/nez/Desktop/tesis-snn/platemo-cpp/results/ds2_moeackf/fronts/MOEACKF_ds2_nh40_run20_front.csv
2,Climate,MOEACKF,20,4,6,0.0,0.4166666667,0.5833333332999999,True,False,40,0,40,0,0,1.0,0.0,0.0,0,0,True,True,True,2,0,0.0,False,False,True,0.0,/home/nez/Desktop/tesis-snn/platemo-cpp/results/ds2_moeackf/fronts/MOEACKF_ds2_nh40_run20_front.csv
2,Climate,MOEACKF,20,5,6,0.002380952381,0.1365740741,0.8634259259,False,False,40,1,39,0,0,0.975,0.0,0.0,0,1,True,False,True,1,0,0.0,False,True,True,4.761902677730134e-14,/home/nez/Desktop/tesis-snn/platemo-cpp/results/ds2_moeackf/fronts/MOEACKF_ds2_nh40_run20_front.csv
2,Climate,MOEACKF,21,0,4,0.002380952381,0.08564814815,0.91435185185,False,False,40,1,39,0,0,0.975,0.0,0.0,0,1,True,False,True,1,1,0.025,False,False,True,4.761902677730134e-14,/home/nez/Desktop/tesis-snn/platemo-cpp/results/ds2_moeackf/fronts/MOEACKF_ds2_nh40_run21_front.csv
2,Climate,MOEACKF,21,1,4,0.0,0.3981481481,0.6018518519,True,False,40,0,40,0,0,1.0,0.0,0.0,0,0,True,True,True,2,0,0.0,False,False,True,0.0,/home/nez/Desktop/tesis-snn/platemo-cpp/results/ds2_moeackf/fronts/MOEACKF_ds2_nh40_run21_front.csv
2,Climate,MOEACKF,21,2,4,0.0130952381,0.08333333333,0.91666666667,False,False,40,2,32,5,1,0.8,0.125,0.025,0,3,True,False,True,1,0,0.0,False,True,True,4.76190441245361e-12,/home/nez/Desktop/tesis-snn/platemo-cpp/results/ds2_moeackf/fronts/MOEACKF_ds2_nh40_run21_front.csv
2,Climate,MOEACKF,21,3,4,0.3285714286,0.08101851852,0.91898148148,False,True,40,19,0,21,0,0.0,0.525,0.0,10,12,False,False,False,0,0,0.0,True,True,False,2.857142300527471e-11,/home/nez/Desktop/tesis-snn/platemo-cpp/results/ds2_moeackf/fronts/MOEACKF_ds2_nh40_run21_front.csv
2,Climate,MOEACKF,22,0,7,0.00119047619,0.4074074074,0.5925925926,False,False,40,0,39,1,0,0.975,0.025,0.0,0,0,True,True,True,2,0,0.0,False,False,True,4.761904846134479e-13,/home/nez/Desktop/tesis-snn/platemo-cpp/results/ds2_moeackf/fronts/MOEACKF_ds2_nh40_run22_front.csv
2,Climate,MOEACKF,22,1,7,0.0,0.4189814815,0.5810185185000001,True,False,40,0,40,0,0,1.0,0.0,0.0,0,0,True,True,True,2,0,0.0,False,False,True,0.0,/home/nez/Desktop/tesis-snn/platemo-cpp/results/ds2_moeackf/fronts/MOEACKF_ds2_nh40_run22_front.csv
2,Climate,MOEACKF,22,2,7,0.004761904762,0.08564814815,0.91435185185,False,False,40,2,38,0,0,0.95,0.0,0.0,0,2,True,False,True,1,0,0.0,False,True,True,9.523805355460269e-14,/home/nez/Desktop/tesis-snn/platemo-cpp/results/ds2_moeackf/fronts/MOEACKF_ds2_nh40_run22_front.csv
2,Climate,MOEACKF,22,3,7,0.04047619048,0.08101851852,0.91898148148,False,True,40,3,16,20,1,0.4,0.5,0.025,1,3,False,False,False,0,0,0.0,False,True,True,3.8095221421841075e-12,/home/nez/Desktop/tesis-snn/platemo-cpp/results/ds2_moeackf/fronts/MOEACKF_ds2_nh40_run22_front.csv
2,Climate,MOEACKF,22,4,7,0.002380952381,0.1388888889,0.8611111111,False,False,40,1,39,0,0,0.975,0.0,0.0,0,1,True,False,True,1,0,0.0,False,True,True,4.761902677730134e-14,/home/nez/Desktop/tesis-snn/platemo-cpp/results/ds2_moeackf/fronts/MOEACKF_ds2_nh40_run22_front.csv
2,Climate,MOEACKF,22,5,7,0.003571428571,0.1342592593,0.8657407407,False,False,40,1,38,1,0,0.95,0.025,0.0,0,1,True,False,True,1,0,0.0,False,True,True,4.285712409957121e-13,/home/nez/Desktop/tesis-snn/platemo-cpp/results/ds2_moeackf/fronts/MOEACKF_ds2_nh40_run22_front.csv
2,Climate,MOEACKF,22,6,7,0.008333333333,0.08333333333,0.91666666667,False,False,40,2,36,1,1,0.9,0.025,0.025,0,3,True,False,True,1,0,0.0,False,True,True,3.333340548028474e-13,/home/nez/Desktop/tesis-snn/platemo-cpp/results/ds2_moeackf/fronts/MOEACKF_ds2_nh40_run22_front.csv
2,Climate,MOEACKF,23,0,8,0.00119047619,0.412037037,0.5879629630000001,False,False,40,0,39,1,0,0.975,0.025,0.0,0,0,True,True,True,2,0,0.0,False,False,True,4.761904846134479e-13,/home/nez/Desktop/tesis-snn/platemo-cpp/results/ds2_moeackf/fronts/MOEACKF_ds2_nh40_run23_front.csv
2,Climate,MOEACKF,23,1,8,0.0,0.4143518519,0.5856481481,True,False,40,0,40,0,0,1.0,0.0,0.0,0,0,True,True,True,2,0,0.0,False,False,True,0.0,/home/nez/Desktop/tesis-snn/platemo-cpp/results/ds2_moeackf/fronts/MOEACKF_ds2_nh40_run23_front.csv
2,Climate,MOEACKF,23,2,8,0.004761904762,0.08564814815,0.91435185185,False,False,40,2,38,0,0,0.95,0.0,0.0,0,2,True,False,True,1,0,0.0,False,True,True,9.523805355460269e-14,/home/nez/Desktop/tesis-snn/platemo-cpp/results/ds2_moeackf/fronts/MOEACKF_ds2_nh40_run23_front.csv
2,Climate,MOEACKF,23,3,8,0.003571428571,0.1342592593,0.8657407407,False,False,40,1,38,1,0,0.95,0.025,0.0,0,1,True,False,True,1,0,0.0,False,True,True,4.285712409957121e-13,/home/nez/Desktop/tesis-snn/platemo-cpp/results/ds2_moeackf/fronts/MOEACKF_ds2_nh40_run23_front.csv
2,Climate,MOEACKF,23,4,8,0.002380952381,0.1412037037,0.8587962963,False,False,40,1,39,0,0,0.975,0.0,0.0,0,1,True,False,True,1,0,0.0,False,True,True,4.761902677730134e-14,/home/nez/Desktop/tesis-snn/platemo-cpp/results/ds2_moeackf/fronts/MOEACKF_ds2_nh40_run23_front.csv
2,Climate,MOEACKF,23,5,8,0.007142857143,0.08333333333,0.91666666667,False,False,40,2,37,1,0,0.925,0.025,0.0,0,2,True,False,True,1,0,0.0,False,True,True,1.4285708033190403e-13,/home/nez/Desktop/tesis-snn/platemo-cpp/results/ds2_moeackf/fronts/MOEACKF_ds2_nh40_run23_front.csv
2,Climate,MOEACKF,23,6,8,0.009523809524,0.08101851852,0.91898148148,False,False,40,2,35,3,0,0.875,0.075,0.0,0,2,True,False,True,1,0,0.0,False,True,True,1.9047610710920537e-13,/home/nez/Desktop/tesis-snn/platemo-cpp/results/ds2_moeackf/fronts/MOEACKF_ds2_nh40_run23_front.csv
2,Climate,MOEACKF,23,7,8,0.03214285714,0.07638888889,0.92361111111,False,True,40,3,19,17,1,0.475,0.425,0.025,0,4,True,False,True,1,1,0.025,False,True,True,2.8571381371911286e-12,/home/nez/Desktop/tesis-snn/platemo-cpp/results/ds2_moeackf/fronts/MOEACKF_ds2_nh40_run23_front.csv
2,Climate,MOEACKF,24,0,5,0.00119047619,0.4097222222,0.5902777778,False,False,40,0,39,1,0,0.975,0.025,0.0,0,0,True,True,True,2,0,0.0,False,False,True,4.761904846134479e-13,/home/nez/Desktop/tesis-snn/platemo-cpp/results/ds2_moeackf/fronts/MOEACKF_ds2_nh40_run24_front.csv
2,Climate,MOEACKF,24,1,5,0.0,0.4212962963,0.5787037037,True,False,40,0,40,0,0,1.0,0.0,0.0,0,0,True,True,True,2,0,0.0,False,False,True,0.0,/home/nez/Desktop/tesis-snn/platemo-cpp/results/ds2_moeackf/fronts/MOEACKF_ds2_nh40_run24_front.csv
2,Climate,MOEACKF,24,2,5,0.002380952381,0.1203703704,0.8796296296,False,False,40,1,39,0,0,0.975,0.0,0.0,0,1,True,False,True,1,0,0.0,False,True,True,4.761902677730134e-14,/home/nez/Desktop/tesis-snn/platemo-cpp/results/ds2_moeackf/fronts/MOEACKF_ds2_nh40_run24_front.csv
2,Climate,MOEACKF,24,3,5,0.005952380952,0.08333333333,0.91666666667,False,True,40,2,37,1,0,0.925,0.025,0.0,0,2,True,False,True,1,0,0.0,False,True,True,3.8095221421841075e-13,/home/nez/Desktop/tesis-snn/platemo-cpp/results/ds2_moeackf/fronts/MOEACKF_ds2_nh40_run24_front.csv
2,Climate,MOEACKF,24,4,5,0.004761904762,0.08564814815,0.91435185185,False,False,40,2,38,0,0,0.95,0.0,0.0,0,2,True,False,True,1,0,0.0,False,True,True,9.523805355460269e-14,/home/nez/Desktop/tesis-snn/platemo-cpp/results/ds2_moeackf/fronts/MOEACKF_ds2_nh40_run24_front.csv
2,Climate,MOEACKF,25,0,6,0.00119047619,0.4189814815,0.5810185185000001,False,False,40,0,39,1,0,0.975,0.025,0.0,0,0,True,True,True,2,0,0.0,False,False,True,4.761904846134479e-13,/home/nez/Desktop/tesis-snn/platemo-cpp/results/ds2_moeackf/fronts/MOEACKF_ds2_nh40_run25_front.csv
2,Climate,MOEACKF,25,1,6,0.0,0.4236111111,0.5763888889,True,False,40,0,40,0,0,1.0,0.0,0.0,0,0,True,True,True,2,0,0.0,False,False,True,0.0,/home/nez/Desktop/tesis-snn/platemo-cpp/results/ds2_moeackf/fronts/MOEACKF_ds2_nh40_run25_front.csv
2,Climate,MOEACKF,25,2,6,0.009523809524,0.08333333333,0.91666666667,False,False,40,2,35,3,0,0.875,0.075,0.0,0,2,True,False,True,1,0,0.0,False,True,True,1.9047610710920537e-13,/home/nez/Desktop/tesis-snn/platemo-cpp/results/ds2_moeackf/fronts/MOEACKF_ds2_nh40_run25_front.csv
2,Climate,MOEACKF,25,3,6,0.004761904762,0.08564814815,0.91435185185,False,False,40,2,38,0,0,0.95,0.0,0.0,0,2,True,False,True,1,0,0.0,False,True,True,9.523805355460269e-14,/home/nez/Desktop/tesis-snn/platemo-cpp/results/ds2_moeackf/fronts/MOEACKF_ds2_nh40_run25_front.csv
2,Climate,MOEACKF,25,4,6,0.3511904762,0.08101851852,0.91898148148,False,True,40,23,0,17,0,0.0,0.425,0.0,12,17,False,False,False,0,0,0.0,True,True,False,9.52382617214198e-12,/home/nez/Desktop/tesis-snn/platemo-cpp/results/ds2_moeackf/fronts/MOEACKF_ds2_nh40_run25_front.csv
2,Climate,MOEACKF,25,5,6,0.002380952381,0.1273148148,0.8726851851999999,False,False,40,1,39,0,0,0.975,0.0,0.0,0,1,True,False,True,1,0,0.0,False,True,True,4.761902677730134e-14,/home/nez/Desktop/tesis-snn/platemo-cpp/results/ds2_moeackf/fronts/MOEACKF_ds2_nh40_run25_front.csv
2,Climate,MOEACKF,26,0,5,0.00119047619,0.4027777778,0.5972222222,False,False,40,0,39,1,0,0.975,0.025,0.0,0,0,True,True,True,2,0,0.0,False,False,True,4.761904846134479e-13,/home/nez/Desktop/tesis-snn/platemo-cpp/results/ds2_moeackf/fronts/MOEACKF_ds2_nh40_run26_front.csv
2,Climate,MOEACKF,26,1,5,0.007142857143,0.08101851852,0.91898148148,False,True,40,2,36,1,1,0.9,0.025,0.025,1,2,False,False,False,0,0,0.0,False,True,True,1.4285708033190403e-13,/home/nez/Desktop/tesis-snn/platemo-cpp/results/ds2_moeackf/fronts/MOEACKF_ds2_nh40_run26_front.csv
2,Climate,MOEACKF,26,2,5,0.0,0.4282407407,0.5717592593,True,False,40,0,40,0,0,1.0,0.0,0.0,0,0,True,True,True,2,0,0.0,False,False,True,0.0,/home/nez/Desktop/tesis-snn/platemo-cpp/results/ds2_moeackf/fronts/MOEACKF_ds2_nh40_run26_front.csv
2,Climate,MOEACKF,26,3,5,0.002380952381,0.1365740741,0.8634259259,False,False,40,1,39,0,0,0.975,0.0,0.0,0,1,True,False,True,1,0,0.0,False,True,True,4.761902677730134e-14,/home/nez/Desktop/tesis-snn/platemo-cpp/results/ds2_moeackf/fronts/MOEACKF_ds2_nh40_run26_front.csv
2,Climate,MOEACKF,26,4,5,0.004761904762,0.08333333333,0.91666666667,False,False,40,2,38,0,0,0.95,0.0,0.0,0,2,True,False,True,1,0,0.0,False,True,True,9.523805355460269e-14,/home/nez/Desktop/tesis-snn/platemo-cpp/results/ds2_moeackf/fronts/MOEACKF_ds2_nh40_run26_front.csv
2,Climate,MOEACKF,27,0,7,0.00119047619,0.4097222222,0.5902777778,False,False,40,0,39,1,0,0.975,0.025,0.0,0,0,True,True,True,2,0,0.0,False,False,True,4.761904846134479e-13,/home/nez/Desktop/tesis-snn/platemo-cpp/results/ds2_moeackf/fronts/MOEACKF_ds2_nh40_run27_front.csv
2,Climate,MOEACKF,27,1,7,0.0,0.4259259259,0.5740740741,True,False,40,0,40,0,0,1.0,0.0,0.0,0,0,True,True,True,2,0,0.0,False,False,True,0.0,/home/nez/Desktop/tesis-snn/platemo-cpp/results/ds2_moeackf/fronts/MOEACKF_ds2_nh40_run27_front.csv
2,Climate,MOEACKF,27,2,7,0.003571428571,0.09953703704,0.9004629629600001,False,False,40,1,38,1,0,0.95,0.025,0.0,0,1,True,False,True,1,0,0.0,False,True,True,4.285712409957121e-13,/home/nez/Desktop/tesis-snn/platemo-cpp/results/ds2_moeackf/fronts/MOEACKF_ds2_nh40_run27_front.csv
2,Climate,MOEACKF,27,3,7,0.004761904762,0.08564814815,0.91435185185,False,False,40,2,38,0,0,0.95,0.0,0.0,0,2,True,False,True,1,0,0.0,False,True,True,9.523805355460269e-14,/home/nez/Desktop/tesis-snn/platemo-cpp/results/ds2_moeackf/fronts/MOEACKF_ds2_nh40_run27_front.csv
2,Climate,MOEACKF,27,4,7,0.007142857143,0.08101851852,0.91898148148,False,True,40,2,37,1,0,0.925,0.025,0.0,0,2,True,False,True,1,0,0.0,False,True,True,1.4285708033190403e-13,/home/nez/Desktop/tesis-snn/platemo-cpp/results/ds2_moeackf/fronts/MOEACKF_ds2_nh40_run27_front.csv
2,Climate,MOEACKF,27,5,7,0.002380952381,0.1134259259,0.8865740741,False,False,40,1,39,0,0,0.975,0.0,0.0,0,1,True,False,True,1,0,0.0,False,True,True,4.761902677730134e-14,/home/nez/Desktop/tesis-snn/platemo-cpp/results/ds2_moeackf/fronts/MOEACKF_ds2_nh40_run27_front.csv
2,Climate,MOEACKF,27,6,7,0.005952380952,0.08333333333,0.91666666667,False,False,40,2,38,0,0,0.95,0.0,0.0,0,2,True,False,True,1,0,0.0,False,True,True,3.8095221421841075e-13,/home/nez/Desktop/tesis-snn/platemo-cpp/results/ds2_moeackf/fronts/MOEACKF_ds2_nh40_run27_front.csv
2,Climate,MOEACKF,28,0,7,0.00119047619,0.4074074074,0.5925925926,False,False,40,0,39,1,0,0.975,0.025,0.0,0,0,True,True,True,2,0,0.0,False,False,True,4.761904846134479e-13,/home/nez/Desktop/tesis-snn/platemo-cpp/results/ds2_moeackf/fronts/MOEACKF_ds2_nh40_run28_front.csv
2,Climate,MOEACKF,28,1,7,0.004761904762,0.08564814815,0.91435185185,False,False,40,2,38,0,0,0.95,0.0,0.0,0,2,True,False,True,1,0,0.0,False,True,True,9.523805355460269e-14,/home/nez/Desktop/tesis-snn/platemo-cpp/results/ds2_moeackf/fronts/MOEACKF_ds2_nh40_run28_front.csv
2,Climate,MOEACKF,28,2,7,0.0,0.4282407407,0.5717592593,True,False,40,0,40,0,0,1.0,0.0,0.0,0,0,True,True,True,2,0,0.0,False,False,True,0.0,/home/nez/Desktop/tesis-snn/platemo-cpp/results/ds2_moeackf/fronts/MOEACKF_ds2_nh40_run28_front.csv
2,Climate,MOEACKF,28,3,7,0.1214285714,0.08101851852,0.91898148148,False,True,40,12,3,25,0,0.075,0.625,0.0,4,9,False,False,False,0,0,0.0,True,True,False,2.857142300527471e-11,/home/nez/Desktop/tesis-snn/platemo-cpp/results/ds2_moeackf/fronts/MOEACKF_ds2_nh40_run28_front.csv
2,Climate,MOEACKF,28,4,7,0.009523809524,0.08333333333,0.91666666667,False,False,40,2,35,3,0,0.875,0.075,0.0,0,2,True,False,True,1,0,0.0,False,True,True,1.9047610710920537e-13,/home/nez/Desktop/tesis-snn/platemo-cpp/results/ds2_moeackf/fronts/MOEACKF_ds2_nh40_run28_front.csv
2,Climate,MOEACKF,28,5,7,0.002380952381,0.1342592593,0.8657407407,False,False,40,1,39,0,0,0.975,0.0,0.0,0,1,True,False,True,1,0,0.0,False,True,True,4.761902677730134e-14,/home/nez/Desktop/tesis-snn/platemo-cpp/results/ds2_moeackf/fronts/MOEACKF_ds2_nh40_run28_front.csv
2,Climate,MOEACKF,28,6,7,0.003571428571,0.1319444444,0.8680555556,False,False,40,1,38,1,0,0.95,0.025,0.0,0,1,True,False,True,1,0,0.0,False,True,True,4.285712409957121e-13,/home/nez/Desktop/tesis-snn/platemo-cpp/results/ds2_moeackf/fronts/MOEACKF_ds2_nh40_run28_front.csv
2,Climate,MOEACKF,29,0,7,0.00119047619,0.4189814815,0.5810185185000001,False,False,40,0,39,1,0,0.975,0.025,0.0,0,0,True,True,True,2,0,0.0,False,False,True,4.761904846134479e-13,/home/nez/Desktop/tesis-snn/platemo-cpp/results/ds2_moeackf/fronts/MOEACKF_ds2_nh40_run29_front.csv
2,Climate,MOEACKF,29,1,7,0.0,0.4282407407,0.5717592593,True,False,40,0,40,0,0,1.0,0.0,0.0,0,0,True,True,True,2,0,0.0,False,False,True,0.0,/home/nez/Desktop/tesis-snn/platemo-cpp/results/ds2_moeackf/fronts/MOEACKF_ds2_nh40_run29_front.csv
2,Climate,MOEACKF,29,2,7,0.004761904762,0.08564814815,0.91435185185,False,False,40,2,38,0,0,0.95,0.0,0.0,0,2,True,False,True,1,0,0.0,False,True,True,9.523805355460269e-14,/home/nez/Desktop/tesis-snn/platemo-cpp/results/ds2_moeackf/fronts/MOEACKF_ds2_nh40_run29_front.csv
2,Climate,MOEACKF,29,3,7,0.002380952381,0.1087962963,0.8912037037,False,False,40,1,39,0,0,0.975,0.0,0.0,0,1,True,False,True,1,0,0.0,False,True,True,4.761902677730134e-14,/home/nez/Desktop/tesis-snn/platemo-cpp/results/ds2_moeackf/fronts/MOEACKF_ds2_nh40_run29_front.csv
2,Climate,MOEACKF,29,4,7,0.003571428571,0.09953703704,0.9004629629600001,False,False,40,1,38,1,0,0.95,0.025,0.0,0,1,True,False,True,1,0,0.0,False,True,True,4.285712409957121e-13,/home/nez/Desktop/tesis-snn/platemo-cpp/results/ds2_moeackf/fronts/MOEACKF_ds2_nh40_run29_front.csv
2,Climate,MOEACKF,29,5,7,0.007142857143,0.0787037037,0.9212962963,False,True,40,2,37,1,0,0.925,0.025,0.0,0,2,True,False,True,1,0,0.0,False,True,True,1.4285708033190403e-13,/home/nez/Desktop/tesis-snn/platemo-cpp/results/ds2_moeackf/fronts/MOEACKF_ds2_nh40_run29_front.csv
2,Climate,MOEACKF,29,6,7,0.005952380952,0.08333333333,0.91666666667,False,False,40,2,38,0,0,0.95,0.0,0.0,0,2,True,False,True,1,0,0.0,False,True,True,3.8095221421841075e-13,/home/nez/Desktop/tesis-snn/platemo-cpp/results/ds2_moeackf/fronts/MOEACKF_ds2_nh40_run29_front.csv
2,Climate,MOEACKF,30,0,8,0.00119047619,0.4050925926,0.5949074074,False,False,40,0,39,1,0,0.975,0.025,0.0,0,0,True,True,True,2,0,0.0,False,False,True,4.761904846134479e-13,/home/nez/Desktop/tesis-snn/platemo-cpp/results/ds2_moeackf/fronts/MOEACKF_ds2_nh40_run30_front.csv
2,Climate,MOEACKF,30,1,8,0.004761904762,0.08564814815,0.91435185185,False,False,40,2,38,0,0,0.95,0.0,0.0,0,2,True,False,True,1,0,0.0,False,True,True,9.523805355460269e-14,/home/nez/Desktop/tesis-snn/platemo-cpp/results/ds2_moeackf/fronts/MOEACKF_ds2_nh40_run30_front.csv
2,Climate,MOEACKF,30,2,8,0.0,0.4143518519,0.5856481481,True,False,40,0,40,0,0,1.0,0.0,0.0,0,0,True,True,True,2,0,0.0,False,False,True,0.0,/home/nez/Desktop/tesis-snn/platemo-cpp/results/ds2_moeackf/fronts/MOEACKF_ds2_nh40_run30_front.csv
2,Climate,MOEACKF,30,3,8,0.008333333333,0.08333333333,0.91666666667,False,False,40,2,36,2,0,0.9,0.05,0.0,0,2,True,False,True,1,0,0.0,False,True,True,3.333340548028474e-13,/home/nez/Desktop/tesis-snn/platemo-cpp/results/ds2_moeackf/fronts/MOEACKF_ds2_nh40_run30_front.csv
2,Climate,MOEACKF,30,4,8,0.003571428571,0.1319444444,0.8680555556,False,False,40,1,38,1,0,0.95,0.025,0.0,0,1,True,False,True,1,1,0.025,False,True,True,4.285712409957121e-13,/home/nez/Desktop/tesis-snn/platemo-cpp/results/ds2_moeackf/fronts/MOEACKF_ds2_nh40_run30_front.csv
2,Climate,MOEACKF,30,5,8,0.02261904762,0.0787037037,0.9212962963,False,True,40,2,25,13,0,0.625,0.325,0.0,0,2,True,False,True,1,1,0.025,False,True,True,9.523805355460269e-13,/home/nez/Desktop/tesis-snn/platemo-cpp/results/ds2_moeackf/fronts/MOEACKF_ds2_nh40_run30_front.csv
2,Climate,MOEACKF,30,6,8,0.002380952381,0.1412037037,0.8587962963,False,False,40,1,39,0,0,0.975,0.0,0.0,0,1,True,False,True,1,0,0.0,False,True,True,4.761902677730134e-14,/home/nez/Desktop/tesis-snn/platemo-cpp/results/ds2_moeackf/fronts/MOEACKF_ds2_nh40_run30_front.csv
2,Climate,MOEACKF,30,7,8,0.02023809524,0.08101851852,0.91898148148,False,False,40,2,28,10,0,0.7,0.25,0.0,0,2,True,False,True,1,1,0.025,False,True,True,1.9047610710920537e-12,/home/nez/Desktop/tesis-snn/platemo-cpp/results/ds2_moeackf/fronts/MOEACKF_ds2_nh40_run30_front.csv
2,Climate,SNSGAII,0,0,4,0.0,0.4351851852,0.5648148148000001,True,False,40,0,40,0,0,1.0,0.0,0.0,0,0,True,True,True,2,0,0.0,False,False,True,0.0,/home/nez/Desktop/tesis-snn/platemo-cpp/results/ds2_snsgaii/fronts/SNSGAII_ds2_nh40_run0_front.csv
2,Climate,SNSGAII,0,1,4,0.00119047619,0.4259259259,0.5740740741,False,False,40,0,39,1,0,0.975,0.025,0.0,0,0,True,True,True,2,0,0.0,False,False,True,4.761904846134479e-13,/home/nez/Desktop/tesis-snn/platemo-cpp/results/ds2_snsgaii/fronts/SNSGAII_ds2_nh40_run0_front.csv
2,Climate,SNSGAII,0,2,4,0.003571428571,0.0787037037,0.9212962963,False,True,40,1,39,0,0,0.975,0.0,0.0,0,1,True,False,True,1,0,0.0,False,True,True,4.285712409957121e-13,/home/nez/Desktop/tesis-snn/platemo-cpp/results/ds2_snsgaii/fronts/SNSGAII_ds2_nh40_run0_front.csv
2,Climate,SNSGAII,0,3,4,0.002380952381,0.08101851852,0.91898148148,False,False,40,1,39,0,0,0.975,0.0,0.0,0,1,True,False,True,1,1,0.025,False,False,True,4.761902677730134e-14,/home/nez/Desktop/tesis-snn/platemo-cpp/results/ds2_snsgaii/fronts/SNSGAII_ds2_nh40_run0_front.csv
2,Climate,SNSGAII,1,0,3,0.0,0.4074074074,0.5925925926,True,False,40,0,40,0,0,1.0,0.0,0.0,0,0,True,True,True,2,0,0.0,False,False,True,0.0,/home/nez/Desktop/tesis-snn/platemo-cpp/results/ds2_snsgaii/fronts/SNSGAII_ds2_nh40_run1_front.csv
2,Climate,SNSGAII,1,1,3,0.002380952381,0.08101851852,0.91898148148,False,False,40,1,39,0,0,0.975,0.0,0.0,0,1,True,False,True,1,1,0.025,False,False,True,4.761902677730134e-14,/home/nez/Desktop/tesis-snn/platemo-cpp/results/ds2_snsgaii/fronts/SNSGAII_ds2_nh40_run1_front.csv
2,Climate,SNSGAII,1,2,3,0.003571428571,0.0787037037,0.9212962963,False,True,40,1,39,0,0,0.975,0.0,0.0,0,1,True,False,True,1,0,0.0,False,True,True,4.285712409957121e-13,/home/nez/Desktop/tesis-snn/platemo-cpp/results/ds2_snsgaii/fronts/SNSGAII_ds2_nh40_run1_front.csv
2,Climate,SNSGAII,2,0,3,0.00119047619,0.4212962963,0.5787037037,False,False,40,0,39,0,1,0.975,0.0,0.025,0,1,True,False,True,1,0,0.0,False,False,True,4.761904846134479e-13,/home/nez/Desktop/tesis-snn/platemo-cpp/results/ds2_snsgaii/fronts/SNSGAII_ds2_nh40_run2_front.csv
2,Climate,SNSGAII,2,1,3,0.0,0.4351851852,0.5648148148000001,True,False,40,0,40,0,0,1.0,0.0,0.0,0,0,True,True,True,2,0,0.0,False,False,True,0.0,/home/nez/Desktop/tesis-snn/platemo-cpp/results/ds2_snsgaii/fronts/SNSGAII_ds2_nh40_run2_front.csv
2,Climate,SNSGAII,2,2,3,0.002380952381,0.08101851852,0.91898148148,False,True,40,1,39,0,0,0.975,0.0,0.0,0,1,True,False,True,1,1,0.025,False,False,True,4.761902677730134e-14,/home/nez/Desktop/tesis-snn/platemo-cpp/results/ds2_snsgaii/fronts/SNSGAII_ds2_nh40_run2_front.csv
2,Climate,SNSGAII,3,0,4,0.0,0.4212962963,0.5787037037,True,False,40,0,40,0,0,1.0,0.0,0.0,0,0,True,True,True,2,0,0.0,False,False,True,0.0,/home/nez/Desktop/tesis-snn/platemo-cpp/results/ds2_snsgaii/fronts/SNSGAII_ds2_nh40_run3_front.csv
2,Climate,SNSGAII,3,1,4,0.003571428571,0.07638888889,0.92361111111,False,True,40,1,39,0,0,0.975,0.0,0.0,0,1,True,False,True,1,0,0.0,False,True,True,4.285712409957121e-13,/home/nez/Desktop/tesis-snn/platemo-cpp/results/ds2_snsgaii/fronts/SNSGAII_ds2_nh40_run3_front.csv
2,Climate,SNSGAII,3,2,4,0.002380952381,0.0787037037,0.9212962963,False,False,40,1,39,0,0,0.975,0.0,0.0,0,1,True,False,True,1,1,0.025,False,False,True,4.761902677730134e-14,/home/nez/Desktop/tesis-snn/platemo-cpp/results/ds2_snsgaii/fronts/SNSGAII_ds2_nh40_run3_front.csv
2,Climate,SNSGAII,3,3,4,0.00119047619,0.400462963,0.5995370369999999,False,False,40,0,39,0,1,0.975,0.0,0.025,0,1,True,False,True,1,0,0.0,False,False,True,4.761904846134479e-13,/home/nez/Desktop/tesis-snn/platemo-cpp/results/ds2_snsgaii/fronts/SNSGAII_ds2_nh40_run3_front.csv
2,Climate,SNSGAII,4,0,3,0.0,0.4074074074,0.5925925926,True,False,40,0,40,0,0,1.0,0.0,0.0,0,0,True,True,True,2,0,0.0,False,False,True,0.0,/home/nez/Desktop/tesis-snn/platemo-cpp/results/ds2_snsgaii/fronts/SNSGAII_ds2_nh40_run4_front.csv
2,Climate,SNSGAII,4,1,3,0.002380952381,0.08101851852,0.91898148148,False,True,40,1,39,0,0,0.975,0.0,0.0,0,1,True,False,True,1,1,0.025,False,False,True,4.761902677730134e-14,/home/nez/Desktop/tesis-snn/platemo-cpp/results/ds2_snsgaii/fronts/SNSGAII_ds2_nh40_run4_front.csv
2,Climate,SNSGAII,4,2,3,0.00119047619,0.4027777778,0.5972222222,False,False,40,0,39,1,0,0.975,0.025,0.0,0,0,True,True,True,2,1,0.025,False,False,True,4.761904846134479e-13,/home/nez/Desktop/tesis-snn/platemo-cpp/results/ds2_snsgaii/fronts/SNSGAII_ds2_nh40_run4_front.csv
2,Climate,SNSGAII,5,0,3,0.00119047619,0.4212962963,0.5787037037,False,False,40,0,39,1,0,0.975,0.025,0.0,0,0,True,True,True,2,1,0.025,False,False,True,4.761904846134479e-13,/home/nez/Desktop/tesis-snn/platemo-cpp/results/ds2_snsgaii/fronts/SNSGAII_ds2_nh40_run5_front.csv
2,Climate,SNSGAII,5,1,3,0.0,0.4351851852,0.5648148148000001,True,False,40,0,40,0,0,1.0,0.0,0.0,0,0,True,True,True,2,0,0.0,False,False,True,0.0,/home/nez/Desktop/tesis-snn/platemo-cpp/results/ds2_snsgaii/fronts/SNSGAII_ds2_nh40_run5_front.csv
2,Climate,SNSGAII,5,2,3,0.002380952381,0.08101851852,0.91898148148,False,True,40,1,39,0,0,0.975,0.0,0.0,0,1,True,False,True,1,1,0.025,False,False,True,4.761902677730134e-14,/home/nez/Desktop/tesis-snn/platemo-cpp/results/ds2_snsgaii/fronts/SNSGAII_ds2_nh40_run5_front.csv
2,Climate,SNSGAII,6,0,3,0.002380952381,0.08101851852,0.91898148148,False,True,40,1,39,0,0,0.975,0.0,0.0,0,1,True,False,True,1,1,0.025,False,False,True,4.761902677730134e-14,/home/nez/Desktop/tesis-snn/platemo-cpp/results/ds2_snsgaii/fronts/SNSGAII_ds2_nh40_run6_front.csv
2,Climate,SNSGAII,6,1,3,0.0,0.4305555556,0.5694444444,True,False,40,0,40,0,0,1.0,0.0,0.0,0,0,True,True,True,2,0,0.0,False,False,True,0.0,/home/nez/Desktop/tesis-snn/platemo-cpp/results/ds2_snsgaii/fronts/SNSGAII_ds2_nh40_run6_front.csv
2,Climate,SNSGAII,6,2,3,0.00119047619,0.4027777778,0.5972222222,False,False,40,0,39,1,0,0.975,0.025,0.0,0,0,True,True,True,2,1,0.025,False,False,True,4.761904846134479e-13,/home/nez/Desktop/tesis-snn/platemo-cpp/results/ds2_snsgaii/fronts/SNSGAII_ds2_nh40_run6_front.csv
2,Climate,SNSGAII,7,0,3,0.002380952381,0.08101851852,0.91898148148,False,True,40,1,39,0,0,0.975,0.0,0.0,0,1,True,False,True,1,1,0.025,False,False,True,4.761902677730134e-14,/home/nez/Desktop/tesis-snn/platemo-cpp/results/ds2_snsgaii/fronts/SNSGAII_ds2_nh40_run7_front.csv
2,Climate,SNSGAII,7,1,3,0.00119047619,0.4212962963,0.5787037037,False,False,40,0,39,1,0,0.975,0.025,0.0,0,0,True,True,True,2,1,0.025,False,False,True,4.761904846134479e-13,/home/nez/Desktop/tesis-snn/platemo-cpp/results/ds2_snsgaii/fronts/SNSGAII_ds2_nh40_run7_front.csv
2,Climate,SNSGAII,7,2,3,0.0,0.4236111111,0.5763888889,True,False,40,0,40,0,0,1.0,0.0,0.0,0,0,True,True,True,2,0,0.0,False,False,True,0.0,/home/nez/Desktop/tesis-snn/platemo-cpp/results/ds2_snsgaii/fronts/SNSGAII_ds2_nh40_run7_front.csv
2,Climate,SNSGAII,8,0,4,0.0,0.4236111111,0.5763888889,True,False,40,0,40,0,0,1.0,0.0,0.0,0,0,True,True,True,2,0,0.0,False,False,True,0.0,/home/nez/Desktop/tesis-snn/platemo-cpp/results/ds2_snsgaii/fronts/SNSGAII_ds2_nh40_run8_front.csv
2,Climate,SNSGAII,8,1,4,0.002380952381,0.08333333333,0.91666666667,False,False,40,1,39,0,0,0.975,0.0,0.0,0,1,True,False,True,1,1,0.025,False,False,True,4.761902677730134e-14,/home/nez/Desktop/tesis-snn/platemo-cpp/results/ds2_snsgaii/fronts/SNSGAII_ds2_nh40_run8_front.csv
2,Climate,SNSGAII,8,2,4,0.003571428571,0.0787037037,0.9212962963,False,True,40,1,39,0,0,0.975,0.0,0.0,0,1,True,False,True,1,0,0.0,False,True,True,4.285712409957121e-13,/home/nez/Desktop/tesis-snn/platemo-cpp/results/ds2_snsgaii/fronts/SNSGAII_ds2_nh40_run8_front.csv
2,Climate,SNSGAII,8,3,4,0.00119047619,0.4097222222,0.5902777778,False,False,40,0,39,0,1,0.975,0.0,0.025,0,1,True,False,True,1,0,0.0,False,False,True,4.761904846134479e-13,/home/nez/Desktop/tesis-snn/platemo-cpp/results/ds2_snsgaii/fronts/SNSGAII_ds2_nh40_run8_front.csv
2,Climate,SNSGAII,9,0,2,0.0,0.4166666667,0.5833333332999999,True,False,40,0,40,0,0,1.0,0.0,0.0,0,0,True,True,True,2,0,0.0,False,False,True,0.0,/home/nez/Desktop/tesis-snn/platemo-cpp/results/ds2_snsgaii/fronts/SNSGAII_ds2_nh40_run9_front.csv
2,Climate,SNSGAII,9,1,2,0.002380952381,0.08101851852,0.91898148148,False,True,40,1,39,0,0,0.975,0.0,0.0,0,1,True,False,True,1,1,0.025,False,False,True,4.761902677730134e-14,/home/nez/Desktop/tesis-snn/platemo-cpp/results/ds2_snsgaii/fronts/SNSGAII_ds2_nh40_run9_front.csv
2,Climate,SNSGAII,10,0,3,0.0,0.4282407407,0.5717592593,True,False,40,0,40,0,0,1.0,0.0,0.0,0,0,True,True,True,2,0,0.0,False,False,True,0.0,/home/nez/Desktop/tesis-snn/platemo-cpp/results/ds2_snsgaii/fronts/SNSGAII_ds2_nh40_run10_front.csv
2,Climate,SNSGAII,10,1,3,0.00119047619,0.4259259259,0.5740740741,False,False,40,0,39,1,0,0.975,0.025,0.0,0,0,True,True,True,2,0,0.0,False,False,True,4.761904846134479e-13,/home/nez/Desktop/tesis-snn/platemo-cpp/results/ds2_snsgaii/fronts/SNSGAII_ds2_nh40_run10_front.csv
2,Climate,SNSGAII,10,2,3,0.002380952381,0.0787037037,0.9212962963,False,True,40,1,39,0,0,0.975,0.0,0.0,0,1,True,False,True,1,1,0.025,False,False,True,4.761902677730134e-14,/home/nez/Desktop/tesis-snn/platemo-cpp/results/ds2_snsgaii/fronts/SNSGAII_ds2_nh40_run10_front.csv
2,Climate,SNSGAII,11,0,4,0.002380952381,0.08333333333,0.91666666667,False,False,40,1,39,0,0,0.975,0.0,0.0,0,1,True,False,True,1,1,0.025,False,False,True,4.761902677730134e-14,/home/nez/Desktop/tesis-snn/platemo-cpp/results/ds2_snsgaii/fronts/SNSGAII_ds2_nh40_run11_front.csv
2,Climate,SNSGAII,11,1,4,0.003571428571,0.08101851852,0.91898148148,False,True,40,1,39,0,0,0.975,0.0,0.0,0,1,True,False,True,1,0,0.0,False,True,True,4.285712409957121e-13,/home/nez/Desktop/tesis-snn/platemo-cpp/results/ds2_snsgaii/fronts/SNSGAII_ds2_nh40_run11_front.csv
2,Climate,SNSGAII,11,2,4,0.00119047619,0.412037037,0.5879629630000001,False,False,40,0,39,0,1,0.975,0.0,0.025,0,1,True,False,True,1,0,0.0,False,False,True,4.761904846134479e-13,/home/nez/Desktop/tesis-snn/platemo-cpp/results/ds2_snsgaii/fronts/SNSGAII_ds2_nh40_run11_front.csv
2,Climate,SNSGAII,11,3,4,0.0,0.4236111111,0.5763888889,True,False,40,0,40,0,0,1.0,0.0,0.0,0,0,True,True,True,2,0,0.0,False,False,True,0.0,/home/nez/Desktop/tesis-snn/platemo-cpp/results/ds2_snsgaii/fronts/SNSGAII_ds2_nh40_run11_front.csv
2,Climate,SNSGAII,12,0,4,0.002380952381,0.08101851852,0.91898148148,False,False,40,1,39,0,0,0.975,0.0,0.0,0,1,True,False,True,1,1,0.025,False,False,True,4.761902677730134e-14,/home/nez/Desktop/tesis-snn/platemo-cpp/results/ds2_snsgaii/fronts/SNSGAII_ds2_nh40_run12_front.csv
2,Climate,SNSGAII,12,1,4,0.003571428571,0.0787037037,0.9212962963,False,True,40,1,39,0,0,0.975,0.0,0.0,0,1,True,False,True,1,0,0.0,False,True,True,4.285712409957121e-13,/home/nez/Desktop/tesis-snn/platemo-cpp/results/ds2_snsgaii/fronts/SNSGAII_ds2_nh40_run12_front.csv
2,Climate,SNSGAII,12,2,4,0.00119047619,0.4212962963,0.5787037037,False,False,40,0,39,0,1,0.975,0.0,0.025,0,1,True,False,True,1,0,0.0,False,False,True,4.761904846134479e-13,/home/nez/Desktop/tesis-snn/platemo-cpp/results/ds2_snsgaii/fronts/SNSGAII_ds2_nh40_run12_front.csv
2,Climate,SNSGAII,12,3,4,0.0,0.4282407407,0.5717592593,True,False,40,0,40,0,0,1.0,0.0,0.0,0,0,True,True,True,2,0,0.0,False,False,True,0.0,/home/nez/Desktop/tesis-snn/platemo-cpp/results/ds2_snsgaii/fronts/SNSGAII_ds2_nh40_run12_front.csv
2,Climate,SNSGAII,13,0,4,0.003571428571,0.0787037037,0.9212962963,False,True,40,1,39,0,0,0.975,0.0,0.0,0,1,True,False,True,1,0,0.0,False,True,True,4.285712409957121e-13,/home/nez/Desktop/tesis-snn/platemo-cpp/results/ds2_snsgaii/fronts/SNSGAII_ds2_nh40_run13_front.csv
2,Climate,SNSGAII,13,1,4,0.002380952381,0.08101851852,0.91898148148,False,False,40,1,39,0,0,0.975,0.0,0.0,0,1,True,False,True,1,1,0.025,False,False,True,4.761902677730134e-14,/home/nez/Desktop/tesis-snn/platemo-cpp/results/ds2_snsgaii/fronts/SNSGAII_ds2_nh40_run13_front.csv
2,Climate,SNSGAII,13,2,4,0.0,0.4236111111,0.5763888889,True,False,40,0,40,0,0,1.0,0.0,0.0,0,0,True,True,True,2,0,0.0,False,False,True,0.0,/home/nez/Desktop/tesis-snn/platemo-cpp/results/ds2_snsgaii/fronts/SNSGAII_ds2_nh40_run13_front.csv
2,Climate,SNSGAII,13,3,4,0.00119047619,0.3935185185,0.6064814814999999,False,False,40,0,39,0,1,0.975,0.0,0.025,0,1,True,False,True,1,0,0.0,False,False,True,4.761904846134479e-13,/home/nez/Desktop/tesis-snn/platemo-cpp/results/ds2_snsgaii/fronts/SNSGAII_ds2_nh40_run13_front.csv
2,Climate,SNSGAII,14,0,3,0.0,0.4351851852,0.5648148148000001,True,False,40,0,40,0,0,1.0,0.0,0.0,0,0,True,True,True,2,0,0.0,False,False,True,0.0,/home/nez/Desktop/tesis-snn/platemo-cpp/results/ds2_snsgaii/fronts/SNSGAII_ds2_nh40_run14_front.csv
2,Climate,SNSGAII,14,1,3,0.00119047619,0.4143518519,0.5856481481,False,False,40,0,39,0,1,0.975,0.0,0.025,0,1,True,False,True,1,0,0.0,False,False,True,4.761904846134479e-13,/home/nez/Desktop/tesis-snn/platemo-cpp/results/ds2_snsgaii/fronts/SNSGAII_ds2_nh40_run14_front.csv
2,Climate,SNSGAII,14,2,3,0.002380952381,0.08101851852,0.91898148148,False,True,40,1,39,0,0,0.975,0.0,0.0,0,1,True,False,True,1,1,0.025,False,False,True,4.761902677730134e-14,/home/nez/Desktop/tesis-snn/platemo-cpp/results/ds2_snsgaii/fronts/SNSGAII_ds2_nh40_run14_front.csv
2,Climate,SNSGAII,15,0,3,0.002380952381,0.08101851852,0.91898148148,False,False,40,1,39,0,0,0.975,0.0,0.0,0,1,True,False,True,1,1,0.025,False,False,True,4.761902677730134e-14,/home/nez/Desktop/tesis-snn/platemo-cpp/results/ds2_snsgaii/fronts/SNSGAII_ds2_nh40_run15_front.csv
2,Climate,SNSGAII,15,1,3,0.003571428571,0.07638888889,0.92361111111,False,True,40,1,39,0,0,0.975,0.0,0.0,0,1,True,False,True,1,0,0.0,False,True,True,4.285712409957121e-13,/home/nez/Desktop/tesis-snn/platemo-cpp/results/ds2_snsgaii/fronts/SNSGAII_ds2_nh40_run15_front.csv
2,Climate,SNSGAII,15,2,3,0.0,0.4050925926,0.5949074074,True,False,40,0,40,0,0,1.0,0.0,0.0,0,0,True,True,True,2,0,0.0,False,False,True,0.0,/home/nez/Desktop/tesis-snn/platemo-cpp/results/ds2_snsgaii/fronts/SNSGAII_ds2_nh40_run15_front.csv
2,Climate,SNSGAII,16,0,3,0.003571428571,0.08101851852,0.91898148148,False,True,40,1,39,0,0,0.975,0.0,0.0,0,1,True,False,True,1,0,0.0,False,True,True,4.285712409957121e-13,/home/nez/Desktop/tesis-snn/platemo-cpp/results/ds2_snsgaii/fronts/SNSGAII_ds2_nh40_run16_front.csv
2,Climate,SNSGAII,16,1,3,0.002380952381,0.08333333333,0.91666666667,False,False,40,1,39,0,0,0.975,0.0,0.0,0,1,True,False,True,1,1,0.025,False,False,True,4.761902677730134e-14,/home/nez/Desktop/tesis-snn/platemo-cpp/results/ds2_snsgaii/fronts/SNSGAII_ds2_nh40_run16_front.csv
2,Climate,SNSGAII,16,2,3,0.0,0.4097222222,0.5902777778,True,False,40,0,40,0,0,1.0,0.0,0.0,0,0,True,True,True,2,0,0.0,False,False,True,0.0,/home/nez/Desktop/tesis-snn/platemo-cpp/results/ds2_snsgaii/fronts/SNSGAII_ds2_nh40_run16_front.csv
2,Climate,SNSGAII,17,0,3,0.0,0.4074074074,0.5925925926,True,False,40,0,40,0,0,1.0,0.0,0.0,0,0,True,True,True,2,0,0.0,False,False,True,0.0,/home/nez/Desktop/tesis-snn/platemo-cpp/results/ds2_snsgaii/fronts/SNSGAII_ds2_nh40_run17_front.csv
2,Climate,SNSGAII,17,1,3,0.003571428571,0.0787037037,0.9212962963,False,True,40,1,39,0,0,0.975,0.0,0.0,0,1,True,False,True,1,0,0.0,False,True,True,4.285712409957121e-13,/home/nez/Desktop/tesis-snn/platemo-cpp/results/ds2_snsgaii/fronts/SNSGAII_ds2_nh40_run17_front.csv
2,Climate,SNSGAII,17,2,3,0.002380952381,0.08101851852,0.91898148148,False,False,40,1,39,0,0,0.975,0.0,0.0,0,1,True,False,True,1,1,0.025,False,False,True,4.761902677730134e-14,/home/nez/Desktop/tesis-snn/platemo-cpp/results/ds2_snsgaii/fronts/SNSGAII_ds2_nh40_run17_front.csv
2,Climate,SNSGAII,18,0,4,0.00119047619,0.4050925926,0.5949074074,False,False,40,0,39,0,1,0.975,0.0,0.025,0,1,True,False,True,1,0,0.0,False,False,True,4.761904846134479e-13,/home/nez/Desktop/tesis-snn/platemo-cpp/results/ds2_snsgaii/fronts/SNSGAII_ds2_nh40_run18_front.csv
2,Climate,SNSGAII,18,1,4,0.002380952381,0.08101851852,0.91898148148,False,False,40,1,39,0,0,0.975,0.0,0.0,0,1,True,False,True,1,1,0.025,False,False,True,4.761902677730134e-14,/home/nez/Desktop/tesis-snn/platemo-cpp/results/ds2_snsgaii/fronts/SNSGAII_ds2_nh40_run18_front.csv
2,Climate,SNSGAII,18,2,4,0.003571428571,0.07638888889,0.92361111111,False,True,40,1,39,0,0,0.975,0.0,0.0,0,1,True,False,True,1,0,0.0,False,True,True,4.285712409957121e-13,/home/nez/Desktop/tesis-snn/platemo-cpp/results/ds2_snsgaii/fronts/SNSGAII_ds2_nh40_run18_front.csv
2,Climate,SNSGAII,18,3,4,0.0,0.4305555556,0.5694444444,True,False,40,0,40,0,0,1.0,0.0,0.0,0,0,True,True,True,2,0,0.0,False,False,True,0.0,/home/nez/Desktop/tesis-snn/platemo-cpp/results/ds2_snsgaii/fronts/SNSGAII_ds2_nh40_run18_front.csv
2,Climate,SNSGAII,19,0,3,0.002380952381,0.0787037037,0.9212962963,False,True,40,1,39,0,0,0.975,0.0,0.0,0,1,True,False,True,1,1,0.025,False,False,True,4.761902677730134e-14,/home/nez/Desktop/tesis-snn/platemo-cpp/results/ds2_snsgaii/fronts/SNSGAII_ds2_nh40_run19_front.csv
2,Climate,SNSGAII,19,1,3,0.00119047619,0.4166666667,0.5833333332999999,False,False,40,0,39,0,1,0.975,0.0,0.025,0,1,True,False,True,1,0,0.0,False,False,True,4.761904846134479e-13,/home/nez/Desktop/tesis-snn/platemo-cpp/results/ds2_snsgaii/fronts/SNSGAII_ds2_nh40_run19_front.csv
2,Climate,SNSGAII,19,2,3,0.0,0.4328703704,0.5671296296,True,False,40,0,40,0,0,1.0,0.0,0.0,0,0,True,True,True,2,0,0.0,False,False,True,0.0,/home/nez/Desktop/tesis-snn/platemo-cpp/results/ds2_snsgaii/fronts/SNSGAII_ds2_nh40_run19_front.csv
2,Climate,SNSGAII,20,0,3,0.00119047619,0.3958333333,0.6041666667000001,False,False,40,0,39,1,0,0.975,0.025,0.0,0,0,True,True,True,2,0,0.0,False,False,True,4.761904846134479e-13,/home/nez/Desktop/tesis-snn/platemo-cpp/results/ds2_snsgaii/fronts/SNSGAII_ds2_nh40_run20_front.csv
2,Climate,SNSGAII,20,1,3,0.0,0.4259259259,0.5740740741,True,False,40,0,40,0,0,1.0,0.0,0.0,0,0,True,True,True,2,0,0.0,False,False,True,0.0,/home/nez/Desktop/tesis-snn/platemo-cpp/results/ds2_snsgaii/fronts/SNSGAII_ds2_nh40_run20_front.csv
2,Climate,SNSGAII,20,2,3,0.002380952381,0.0787037037,0.9212962963,False,True,40,1,39,0,0,0.975,0.0,0.0,0,1,True,False,True,1,1,0.025,False,False,True,4.761902677730134e-14,/home/nez/Desktop/tesis-snn/platemo-cpp/results/ds2_snsgaii/fronts/SNSGAII_ds2_nh40_run20_front.csv
2,Climate,SNSGAII,21,0,4,0.0,0.4236111111,0.5763888889,True,False,40,0,40,0,0,1.0,0.0,0.0,0,0,True,True,True,2,0,0.0,False,False,True,0.0,/home/nez/Desktop/tesis-snn/platemo-cpp/results/ds2_snsgaii/fronts/SNSGAII_ds2_nh40_run21_front.csv
2,Climate,SNSGAII,21,1,4,0.002380952381,0.08101851852,0.91898148148,False,False,40,1,39,0,0,0.975,0.0,0.0,0,1,True,False,True,1,1,0.025,False,False,True,4.761902677730134e-14,/home/nez/Desktop/tesis-snn/platemo-cpp/results/ds2_snsgaii/fronts/SNSGAII_ds2_nh40_run21_front.csv
2,Climate,SNSGAII,21,2,4,0.003571428571,0.0787037037,0.9212962963,False,True,40,1,39,0,0,0.975,0.0,0.0,0,1,True,False,True,1,0,0.0,False,True,True,4.285712409957121e-13,/home/nez/Desktop/tesis-snn/platemo-cpp/results/ds2_snsgaii/fronts/SNSGAII_ds2_nh40_run21_front.csv
2,Climate,SNSGAII,21,3,4,0.00119047619,0.4166666667,0.5833333332999999,False,False,40,0,39,1,0,0.975,0.025,0.0,0,0,True,True,True,2,1,0.025,False,False,True,4.761904846134479e-13,/home/nez/Desktop/tesis-snn/platemo-cpp/results/ds2_snsgaii/fronts/SNSGAII_ds2_nh40_run21_front.csv
2,Climate,SNSGAII,22,0,4,0.004761904762,0.08101851852,0.91898148148,False,True,40,1,39,0,0,0.975,0.0,0.0,0,1,True,False,True,1,0,0.0,False,True,True,9.523805355460269e-14,/home/nez/Desktop/tesis-snn/platemo-cpp/results/ds2_snsgaii/fronts/SNSGAII_ds2_nh40_run22_front.csv
2,Climate,SNSGAII,22,1,4,0.003571428571,0.09027777778,0.90972222222,False,False,40,1,39,0,0,0.975,0.0,0.0,0,1,True,False,True,1,0,0.0,False,True,True,4.285712409957121e-13,/home/nez/Desktop/tesis-snn/platemo-cpp/results/ds2_snsgaii/fronts/SNSGAII_ds2_nh40_run22_front.csv
2,Climate,SNSGAII,22,2,4,0.0,0.4328703704,0.5671296296,True,False,40,0,40,0,0,1.0,0.0,0.0,0,0,True,True,True,2,0,0.0,False,False,True,0.0,/home/nez/Desktop/tesis-snn/platemo-cpp/results/ds2_snsgaii/fronts/SNSGAII_ds2_nh40_run22_front.csv
2,Climate,SNSGAII,22,3,4,0.002380952381,0.1574074074,0.8425925926,False,False,40,1,39,0,0,0.975,0.0,0.0,0,1,True,False,True,1,0,0.0,False,True,True,4.761902677730134e-14,/home/nez/Desktop/tesis-snn/platemo-cpp/results/ds2_snsgaii/fronts/SNSGAII_ds2_nh40_run22_front.csv
2,Climate,SNSGAII,23,0,3,0.002380952381,0.08101851852,0.91898148148,False,True,40,1,39,0,0,0.975,0.0,0.0,0,1,True,False,True,1,1,0.025,False,False,True,4.761902677730134e-14,/home/nez/Desktop/tesis-snn/platemo-cpp/results/ds2_snsgaii/fronts/SNSGAII_ds2_nh40_run23_front.csv
2,Climate,SNSGAII,23,1,3,0.00119047619,0.4259259259,0.5740740741,False,False,40,0,39,0,1,0.975,0.0,0.025,0,1,True,False,True,1,0,0.0,False,False,True,4.761904846134479e-13,/home/nez/Desktop/tesis-snn/platemo-cpp/results/ds2_snsgaii/fronts/SNSGAII_ds2_nh40_run23_front.csv
2,Climate,SNSGAII,23,2,3,0.0,0.4282407407,0.5717592593,True,False,40,0,40,0,0,1.0,0.0,0.0,0,0,True,True,True,2,0,0.0,False,False,True,0.0,/home/nez/Desktop/tesis-snn/platemo-cpp/results/ds2_snsgaii/fronts/SNSGAII_ds2_nh40_run23_front.csv
2,Climate,SNSGAII,24,0,4,0.00119047619,0.412037037,0.5879629630000001,False,False,40,0,39,1,0,0.975,0.025,0.0,0,0,True,True,True,2,1,0.025,False,False,True,4.761904846134479e-13,/home/nez/Desktop/tesis-snn/platemo-cpp/results/ds2_snsgaii/fronts/SNSGAII_ds2_nh40_run24_front.csv
2,Climate,SNSGAII,24,1,4,0.002380952381,0.08101851852,0.91898148148,False,False,40,1,39,0,0,0.975,0.0,0.0,0,1,True,False,True,1,1,0.025,False,False,True,4.761902677730134e-14,/home/nez/Desktop/tesis-snn/platemo-cpp/results/ds2_snsgaii/fronts/SNSGAII_ds2_nh40_run24_front.csv
2,Climate,SNSGAII,24,2,4,0.003571428571,0.0787037037,0.9212962963,False,True,40,1,39,0,0,0.975,0.0,0.0,0,1,True,False,True,1,0,0.0,False,True,True,4.285712409957121e-13,/home/nez/Desktop/tesis-snn/platemo-cpp/results/ds2_snsgaii/fronts/SNSGAII_ds2_nh40_run24_front.csv
2,Climate,SNSGAII,24,3,4,0.0,0.4282407407,0.5717592593,True,False,40,0,40,0,0,1.0,0.0,0.0,0,0,True,True,True,2,0,0.0,False,False,True,0.0,/home/nez/Desktop/tesis-snn/platemo-cpp/results/ds2_snsgaii/fronts/SNSGAII_ds2_nh40_run24_front.csv
2,Climate,SNSGAII,25,0,4,0.00119047619,0.4236111111,0.5763888889,False,False,40,0,39,0,1,0.975,0.0,0.025,0,1,True,False,True,1,0,0.0,False,False,True,4.761904846134479e-13,/home/nez/Desktop/tesis-snn/platemo-cpp/results/ds2_snsgaii/fronts/SNSGAII_ds2_nh40_run25_front.csv
2,Climate,SNSGAII,25,1,4,0.003571428571,0.0787037037,0.9212962963,False,True,40,1,39,0,0,0.975,0.0,0.0,0,1,True,False,True,1,0,0.0,False,True,True,4.285712409957121e-13,/home/nez/Desktop/tesis-snn/platemo-cpp/results/ds2_snsgaii/fronts/SNSGAII_ds2_nh40_run25_front.csv
2,Climate,SNSGAII,25,2,4,0.0,0.4351851852,0.5648148148000001,True,False,40,0,40,0,0,1.0,0.0,0.0,0,0,True,True,True,2,0,0.0,False,False,True,0.0,/home/nez/Desktop/tesis-snn/platemo-cpp/results/ds2_snsgaii/fronts/SNSGAII_ds2_nh40_run25_front.csv
2,Climate,SNSGAII,25,3,4,0.002380952381,0.08101851852,0.91898148148,False,False,40,1,39,0,0,0.975,0.0,0.0,0,1,True,False,True,1,1,0.025,False,False,True,4.761902677730134e-14,/home/nez/Desktop/tesis-snn/platemo-cpp/results/ds2_snsgaii/fronts/SNSGAII_ds2_nh40_run25_front.csv
2,Climate,SNSGAII,26,0,2,0.002380952381,0.08101851852,0.91898148148,False,True,40,1,39,0,0,0.975,0.0,0.0,0,1,True,False,True,1,1,0.025,False,False,True,4.761902677730134e-14,/home/nez/Desktop/tesis-snn/platemo-cpp/results/ds2_snsgaii/fronts/SNSGAII_ds2_nh40_run26_front.csv
2,Climate,SNSGAII,26,1,2,0.0,0.4189814815,0.5810185185000001,True,False,40,0,40,0,0,1.0,0.0,0.0,0,0,True,True,True,2,0,0.0,False,False,True,0.0,/home/nez/Desktop/tesis-snn/platemo-cpp/results/ds2_snsgaii/fronts/SNSGAII_ds2_nh40_run26_front.csv
2,Climate,SNSGAII,27,0,4,0.0,0.4351851852,0.5648148148000001,True,False,40,0,40,0,0,1.0,0.0,0.0,0,0,True,True,True,2,0,0.0,False,False,True,0.0,/home/nez/Desktop/tesis-snn/platemo-cpp/results/ds2_snsgaii/fronts/SNSGAII_ds2_nh40_run27_front.csv
2,Climate,SNSGAII,27,1,4,0.003571428571,0.0787037037,0.9212962963,False,True,40,1,39,0,0,0.975,0.0,0.0,0,1,True,False,True,1,0,0.0,False,True,True,4.285712409957121e-13,/home/nez/Desktop/tesis-snn/platemo-cpp/results/ds2_snsgaii/fronts/SNSGAII_ds2_nh40_run27_front.csv
2,Climate,SNSGAII,27,2,4,0.002380952381,0.08101851852,0.91898148148,False,False,40,1,39,0,0,0.975,0.0,0.0,0,1,True,False,True,1,1,0.025,False,False,True,4.761902677730134e-14,/home/nez/Desktop/tesis-snn/platemo-cpp/results/ds2_snsgaii/fronts/SNSGAII_ds2_nh40_run27_front.csv
2,Climate,SNSGAII,27,3,4,0.00119047619,0.412037037,0.5879629630000001,False,False,40,0,39,0,1,0.975,0.0,0.025,0,1,True,False,True,1,0,0.0,False,False,True,4.761904846134479e-13,/home/nez/Desktop/tesis-snn/platemo-cpp/results/ds2_snsgaii/fronts/SNSGAII_ds2_nh40_run27_front.csv
2,Climate,SNSGAII,28,0,5,0.00119047619,0.4166666667,0.5833333332999999,False,False,40,0,39,1,0,0.975,0.025,0.0,0,0,True,True,True,2,0,0.0,False,False,True,4.761904846134479e-13,/home/nez/Desktop/tesis-snn/platemo-cpp/results/ds2_snsgaii/fronts/SNSGAII_ds2_nh40_run28_front.csv
2,Climate,SNSGAII,28,1,5,0.002380952381,0.150462963,0.8495370369999999,False,False,40,1,39,0,0,0.975,0.0,0.0,0,1,True,False,True,1,0,0.0,False,True,True,4.761902677730134e-14,/home/nez/Desktop/tesis-snn/platemo-cpp/results/ds2_snsgaii/fronts/SNSGAII_ds2_nh40_run28_front.csv
2,Climate,SNSGAII,28,2,5,0.003571428571,0.08564814815,0.91435185185,False,False,40,1,39,0,0,0.975,0.0,0.0,0,1,True,False,True,1,0,0.0,False,True,True,4.285712409957121e-13,/home/nez/Desktop/tesis-snn/platemo-cpp/results/ds2_snsgaii/fronts/SNSGAII_ds2_nh40_run28_front.csv
2,Climate,SNSGAII,28,3,5,0.004761904762,0.07638888889,0.92361111111,False,True,40,1,39,0,0,0.975,0.0,0.0,0,1,True,False,True,1,0,0.0,False,True,True,9.523805355460269e-14,/home/nez/Desktop/tesis-snn/platemo-cpp/results/ds2_snsgaii/fronts/SNSGAII_ds2_nh40_run28_front.csv
2,Climate,SNSGAII,28,4,5,0.0,0.4212962963,0.5787037037,True,False,40,0,40,0,0,1.0,0.0,0.0,0,0,True,True,True,2,0,0.0,False,False,True,0.0,/home/nez/Desktop/tesis-snn/platemo-cpp/results/ds2_snsgaii/fronts/SNSGAII_ds2_nh40_run28_front.csv
2,Climate,SNSGAII,29,0,4,0.002380952381,0.1481481481,0.8518518519,False,False,40,1,39,0,0,0.975,0.0,0.0,0,1,True,False,True,1,0,0.0,False,True,True,4.761902677730134e-14,/home/nez/Desktop/tesis-snn/platemo-cpp/results/ds2_snsgaii/fronts/SNSGAII_ds2_nh40_run29_front.csv
2,Climate,SNSGAII,29,1,4,0.0,0.4189814815,0.5810185185000001,True,False,40,0,40,0,0,1.0,0.0,0.0,0,0,True,True,True,2,0,0.0,False,False,True,0.0,/home/nez/Desktop/tesis-snn/platemo-cpp/results/ds2_snsgaii/fronts/SNSGAII_ds2_nh40_run29_front.csv
2,Climate,SNSGAII,29,2,4,0.003571428571,0.08333333333,0.91666666667,False,False,40,1,39,0,0,0.975,0.0,0.0,0,1,True,False,True,1,0,0.0,False,True,True,4.285712409957121e-13,/home/nez/Desktop/tesis-snn/platemo-cpp/results/ds2_snsgaii/fronts/SNSGAII_ds2_nh40_run29_front.csv
2,Climate,SNSGAII,29,3,4,0.004761904762,0.07638888889,0.92361111111,False,True,40,1,39,0,0,0.975,0.0,0.0,0,1,True,False,True,1,0,0.0,False,True,True,9.523805355460269e-14,/home/nez/Desktop/tesis-snn/platemo-cpp/results/ds2_snsgaii/fronts/SNSGAII_ds2_nh40_run29_front.csv
2,Climate,SNSGAII,30,0,3,0.0,0.4236111111,0.5763888889,True,False,40,0,40,0,0,1.0,0.0,0.0,0,0,True,True,True,2,0,0.0,False,False,True,0.0,/home/nez/Desktop/tesis-snn/platemo-cpp/results/ds2_snsgaii/fronts/SNSGAII_ds2_nh40_run30_front.csv
2,Climate,SNSGAII,30,1,3,0.002380952381,0.08101851852,0.91898148148,False,False,40,1,39,0,0,0.975,0.0,0.0,0,1,True,False,True,1,1,0.025,False,False,True,4.761902677730134e-14,/home/nez/Desktop/tesis-snn/platemo-cpp/results/ds2_snsgaii/fronts/SNSGAII_ds2_nh40_run30_front.csv
2,Climate,SNSGAII,30,2,3,0.003571428571,0.0787037037,0.9212962963,False,True,40,1,39,0,0,0.975,0.0,0.0,0,1,True,False,True,1,0,0.0,False,True,True,4.285712409957121e-13,/home/nez/Desktop/tesis-snn/platemo-cpp/results/ds2_snsgaii/fronts/SNSGAII_ds2_nh40_run30_front.csv
3,Statlog German,MOEACKF,0,0,9,0.02222222222,0.275,0.725,False,True,40,2,21,16,1,0.525,0.4,0.025,1,2,False,False,False,0,0,0.0,True,True,False,2.2222224060897133e-12,/home/nez/Desktop/tesis-snn/platemo-cpp/results/ds3_moeackf/fronts/MOEACKF_ds3_nh40_run0_front.csv
3,Statlog German,MOEACKF,0,1,9,0.005555555556,0.28125,0.71875,False,False,40,1,35,3,1,0.875,0.075,0.025,2,0,False,True,True,1,0,0.0,True,False,True,4.4444396080089987e-13,/home/nez/Desktop/tesis-snn/platemo-cpp/results/ds3_moeackf/fronts/MOEACKF_ds3_nh40_run0_front.csv
3,Statlog German,MOEACKF,0,2,9,0.001851851852,0.28375,0.71625,False,False,40,1,39,0,0,0.975,0.0,0.0,1,0,False,True,True,1,0,0.0,True,False,True,1.481479869336333e-13,/home/nez/Desktop/tesis-snn/platemo-cpp/results/ds3_moeackf/fronts/MOEACKF_ds3_nh40_run0_front.csv
3,Statlog German,MOEACKF,0,3,9,0.008333333333,0.28,0.72,False,False,40,1,35,4,0,0.875,0.1,0.0,1,0,False,True,True,1,0,0.0,True,False,True,3.333340548028474e-13,/home/nez/Desktop/tesis-snn/platemo-cpp/results/ds3_moeackf/fronts/MOEACKF_ds3_nh40_run0_front.csv
3,Statlog German,MOEACKF,0,4,9,0.01666666667,0.27875,0.72125,False,False,40,2,27,10,1,0.675,0.25,0.025,1,2,False,False,False,0,0,0.0,True,True,False,3.33333360913457e-12,/home/nez/Desktop/tesis-snn/platemo-cpp/results/ds3_moeackf/fronts/MOEACKF_ds3_nh40_run0_front.csv
3,Statlog German,MOEACKF,0,5,9,0.003703703704,0.2825,0.7175,False,False,40,1,37,2,0,0.925,0.05,0.0,1,0,False,True,True,1,0,0.0,True,False,True,2.962959738672666e-13,/home/nez/Desktop/tesis-snn/platemo-cpp/results/ds3_moeackf/fronts/MOEACKF_ds3_nh40_run0_front.csv
3,Statlog German,MOEACKF,0,6,9,0.01759259259,0.27625,0.72375,False,False,40,2,26,11,1,0.65,0.275,0.025,1,2,False,False,False,0,0,0.0,True,True,False,2.5925928071046656e-12,/home/nez/Desktop/tesis-snn/platemo-cpp/results/ds3_moeackf/fronts/MOEACKF_ds3_nh40_run0_front.csv
3,Statlog German,MOEACKF,0,7,9,0.0009259259259,0.435,0.565,False,False,40,0,39,1,0,0.975,0.025,0.0,0,0,True,True,True,2,1,0.025,False,False,True,2.5925984449559625e-14,/home/nez/Desktop/tesis-snn/platemo-cpp/results/ds3_moeackf/fronts/MOEACKF_ds3_nh40_run0_front.csv
3,Statlog German,MOEACKF,0,8,9,0.0,0.445,0.5549999999999999,True,False,40,0,40,0,0,1.0,0.0,0.0,0,0,True,True,True,2,0,0.0,False,False,True,0.0,/home/nez/Desktop/tesis-snn/platemo-cpp/results/ds3_moeackf/fronts/MOEACKF_ds3_nh40_run0_front.csv
3,Statlog German,MOEACKF,1,0,8,0.0009259259259,0.4275,0.5725,False,False,40,0,39,1,0,0.975,0.025,0.0,0,0,True,True,True,2,0,0.0,False,False,True,2.5925984449559625e-14,/home/nez/Desktop/tesis-snn/platemo-cpp/results/ds3_moeackf/fronts/MOEACKF_ds3_nh40_run1_front.csv
3,Statlog German,MOEACKF,1,1,8,0.001851851852,0.28625,0.71375,False,False,40,1,39,0,0,0.975,0.0,0.0,1,0,False,True,True,1,0,0.0,True,False,True,1.481479869336333e-13,/home/nez/Desktop/tesis-snn/platemo-cpp/results/ds3_moeackf/fronts/MOEACKF_ds3_nh40_run1_front.csv
3,Statlog German,MOEACKF,1,2,8,0.002777777778,0.28375,0.71625,False,False,40,1,38,1,0,0.95,0.025,0.0,1,0,False,True,True,1,0,0.0,True,False,True,2.2222198040044994e-13,/home/nez/Desktop/tesis-snn/platemo-cpp/results/ds3_moeackf/fronts/MOEACKF_ds3_nh40_run1_front.csv
3,Statlog German,MOEACKF,1,3,8,0.0,0.44125,0.5587500000000001,True,False,40,0,40,0,0,1.0,0.0,0.0,0,0,True,True,True,2,0,0.0,False,False,True,0.0,/home/nez/Desktop/tesis-snn/platemo-cpp/results/ds3_moeackf/fronts/MOEACKF_ds3_nh40_run1_front.csv
3,Statlog German,MOEACKF,1,4,8,0.006481481481,0.27875,0.72125,False,False,40,1,35,4,0,0.875,0.1,0.0,1,0,False,True,True,1,0,0.0,True,False,True,4.814811743747427e-13,/home/nez/Desktop/tesis-snn/platemo-cpp/results/ds3_moeackf/fronts/MOEACKF_ds3_nh40_run1_front.csv
3,Statlog German,MOEACKF,1,5,8,0.05740740741,0.27375,0.7262500000000001,False,False,40,4,8,27,1,0.2,0.675,0.025,4,1,False,False,False,0,0,0.0,True,True,False,2.5925928071046656e-12,/home/nez/Desktop/tesis-snn/platemo-cpp/results/ds3_moeackf/fronts/MOEACKF_ds3_nh40_run1_front.csv
3,Statlog German,MOEACKF,1,6,8,0.06111111111,0.2725,0.7275,False,False,40,5,8,27,0,0.2,0.675,0.0,4,1,False,False,False,0,0,0.0,True,True,False,1.1111112030448567e-12,/home/nez/Desktop/tesis-snn/platemo-cpp/results/ds3_moeackf/fronts/MOEACKF_ds3_nh40_run1_front.csv
3,Statlog German,MOEACKF,1,7,8,0.06203703704,0.27,0.73,False,True,40,5,7,28,0,0.175,0.7,0.0,4,1,False,False,False,0,0,0.0,True,True,False,2.9629632081196178e-12,/home/nez/Desktop/tesis-snn/platemo-cpp/results/ds3_moeackf/fronts/MOEACKF_ds3_nh40_run1_front.csv
3,Statlog German,MOEACKF,2,0,3,0.0,0.435,0.565,True,False,40,0,40,0,0,1.0,0.0,0.0,0,0,True,True,True,2,0,0.0,False,False,True,0.0,/home/nez/Desktop/tesis-snn/platemo-cpp/results/ds3_moeackf/fronts/MOEACKF_ds3_nh40_run2_front.csv
3,Statlog German,MOEACKF,2,1,3,0.002777777778,0.28,0.72,False,True,40,1,38,1,0,0.95,0.025,0.0,1,0,False,True,True,1,0,0.0,True,False,True,2.2222198040044994e-13,/home/nez/Desktop/tesis-snn/platemo-cpp/results/ds3_moeackf/fronts/MOEACKF_ds3_nh40_run2_front.csv
3,Statlog German,MOEACKF,2,2,3,0.001851851852,0.28125,0.71875,False,False,40,1,39,0,0,0.975,0.0,0.0,1,0,False,True,True,1,0,0.0,True,False,True,1.481479869336333e-13,/home/nez/Desktop/tesis-snn/platemo-cpp/results/ds3_moeackf/fronts/MOEACKF_ds3_nh40_run2_front.csv
3,Statlog German,MOEACKF,3,0,10,0.0009259259259,0.435,0.565,False,False,40,0,39,1,0,0.975,0.025,0.0,0,0,True,True,True,2,0,0.0,False,False,True,2.5925984449559625e-14,/home/nez/Desktop/tesis-snn/platemo-cpp/results/ds3_moeackf/fronts/MOEACKF_ds3_nh40_run3_front.csv
3,Statlog German,MOEACKF,3,1,10,0.01944444444,0.28125,0.71875,False,False,40,1,24,13,2,0.6,0.325,0.05,3,0,False,True,True,1,0,0.0,True,False,True,4.444444812179427e-12,/home/nez/Desktop/tesis-snn/platemo-cpp/results/ds3_moeackf/fronts/MOEACKF_ds3_nh40_run3_front.csv
3,Statlog German,MOEACKF,3,2,10,0.002777777778,0.2825,0.7175,False,False,40,1,38,1,0,0.95,0.025,0.0,1,0,False,True,True,1,0,0.0,True,False,True,2.2222198040044994e-13,/home/nez/Desktop/tesis-snn/platemo-cpp/results/ds3_moeackf/fronts/MOEACKF_ds3_nh40_run3_front.csv
3,Statlog German,MOEACKF,3,3,10,0.001851851852,0.285,0.7150000000000001,False,False,40,1,39,0,0,0.975,0.0,0.0,1,0,False,True,True,1,0,0.0,True,False,True,1.481479869336333e-13,/home/nez/Desktop/tesis-snn/platemo-cpp/results/ds3_moeackf/fronts/MOEACKF_ds3_nh40_run3_front.csv
3,Statlog German,MOEACKF,3,4,10,0.0,0.44125,0.5587500000000001,True,False,40,0,40,0,0,1.0,0.0,0.0,0,0,True,True,True,2,0,0.0,False,False,True,0.0,/home/nez/Desktop/tesis-snn/platemo-cpp/results/ds3_moeackf/fronts/MOEACKF_ds3_nh40_run3_front.csv
3,Statlog German,MOEACKF,3,5,10,0.07222222222,0.26375,0.7362500000000001,False,True,40,9,3,28,0,0.075,0.7,0.0,8,1,False,False,False,0,0,0.0,True,True,False,2.2222085283019055e-12,/home/nez/Desktop/tesis-snn/platemo-cpp/results/ds3_moeackf/fronts/MOEACKF_ds3_nh40_run3_front.csv
3,Statlog German,MOEACKF,3,6,10,0.06574074074,0.2675,0.7324999999999999,False,False,40,6,4,29,1,0.1,0.725,0.025,5,2,False,False,False,0,1,0.025,True,True,False,7.407408020299044e-13,/home/nez/Desktop/tesis-snn/platemo-cpp/results/ds3_moeackf/fronts/MOEACKF_ds3_nh40_run3_front.csv
3,Statlog German,MOEACKF,3,7,10,0.06388888889,0.27125,0.72875,False,False,40,7,6,27,0,0.15,0.675,0.0,6,1,False,False,False,0,0,0.0,True,True,False,1.1111112030448567e-12,/home/nez/Desktop/tesis-snn/platemo-cpp/results/ds3_moeackf/fronts/MOEACKF_ds3_nh40_run3_front.csv
3,Statlog German,MOEACKF,3,8,10,0.05925925926,0.28,0.72,False,False,40,6,5,29,0,0.125,0.725,0.0,4,2,False,False,False,0,0,0.0,True,True,False,7.407408020299044e-13,/home/nez/Desktop/tesis-snn/platemo-cpp/results/ds3_moeackf/fronts/MOEACKF_ds3_nh40_run3_front.csv
3,Statlog German,MOEACKF,3,9,10,0.06296296296,0.27875,0.72125,False,False,40,6,5,28,1,0.125,0.7,0.025,6,1,False,False,False,0,0,0.0,True,True,False,2.9629632081196178e-12,/home/nez/Desktop/tesis-snn/platemo-cpp/results/ds3_moeackf/fronts/MOEACKF_ds3_nh40_run3_front.csv
3,Statlog German,MOEACKF,4,0,4,0.006481481481,0.26125,0.73875,False,True,40,1,34,5,0,0.85,0.125,0.0,1,0,False,True,True,1,0,0.0,True,False,True,4.814811743747427e-13,/home/nez/Desktop/tesis-snn/platemo-cpp/results/ds3_moeackf/fronts/MOEACKF_ds3_nh40_run4_front.csv
3,Statlog German,MOEACKF,4,1,4,0.002777777778,0.27,0.73,False,False,40,1,38,1,0,0.95,0.025,0.0,1,0,False,True,True,1,0,0.0,True,False,True,2.2222198040044994e-13,/home/nez/Desktop/tesis-snn/platemo-cpp/results/ds3_moeackf/fronts/MOEACKF_ds3_nh40_run4_front.csv
3,Statlog German,MOEACKF,4,2,4,0.001851851852,0.27875,0.72125,False,False,40,1,39,0,0,0.975,0.0,0.0,1,0,False,True,True,1,0,0.0,True,False,True,1.481479869336333e-13,/home/nez/Desktop/tesis-snn/platemo-cpp/results/ds3_moeackf/fronts/MOEACKF_ds3_nh40_run4_front.csv
3,Statlog German,MOEACKF,4,3,4,0.0,0.44,0.56,True,False,40,0,40,0,0,1.0,0.0,0.0,0,0,True,True,True,2,0,0.0,False,False,True,0.0,/home/nez/Desktop/tesis-snn/platemo-cpp/results/ds3_moeackf/fronts/MOEACKF_ds3_nh40_run4_front.csv
3,Statlog German,MOEACKF,5,0,5,0.006481481481,0.26625,0.73375,False,True,40,2,36,2,0,0.9,0.05,0.0,2,0,False,True,True,1,0,0.0,True,False,True,4.814811743747427e-13,/home/nez/Desktop/tesis-snn/platemo-cpp/results/ds3_moeackf/fronts/MOEACKF_ds3_nh40_run5_front.csv
3,Statlog German,MOEACKF,5,1,5,0.001851851852,0.28,0.72,False,False,40,1,39,0,0,0.975,0.0,0.0,1,0,False,True,True,1,0,0.0,True,False,True,1.481479869336333e-13,/home/nez/Desktop/tesis-snn/platemo-cpp/results/ds3_moeackf/fronts/MOEACKF_ds3_nh40_run5_front.csv
3,Statlog German,MOEACKF,5,2,5,0.002777777778,0.2725,0.7275,False,False,40,1,38,1,0,0.95,0.025,0.0,1,0,False,True,True,1,0,0.0,True,False,True,2.2222198040044994e-13,/home/nez/Desktop/tesis-snn/platemo-cpp/results/ds3_moeackf/fronts/MOEACKF_ds3_nh40_run5_front.csv
3,Statlog German,MOEACKF,5,3,5,0.0,0.445,0.5549999999999999,True,False,40,0,40,0,0,1.0,0.0,0.0,0,0,True,True,True,2,0,0.0,False,False,True,0.0,/home/nez/Desktop/tesis-snn/platemo-cpp/results/ds3_moeackf/fronts/MOEACKF_ds3_nh40_run5_front.csv
3,Statlog German,MOEACKF,5,4,5,0.0009259259259,0.43375,0.5662499999999999,False,False,40,0,39,1,0,0.975,0.025,0.0,0,0,True,True,True,2,0,0.0,False,False,True,2.5925984449559625e-14,/home/nez/Desktop/tesis-snn/platemo-cpp/results/ds3_moeackf/fronts/MOEACKF_ds3_nh40_run5_front.csv
3,Statlog German,MOEACKF,6,0,5,0.0009259259259,0.42375,0.5762499999999999,False,False,40,0,39,1,0,0.975,0.025,0.0,0,0,True,True,True,2,0,0.0,False,False,True,2.5925984449559625e-14,/home/nez/Desktop/tesis-snn/platemo-cpp/results/ds3_moeackf/fronts/MOEACKF_ds3_nh40_run6_front.csv
3,Statlog German,MOEACKF,6,1,5,0.0,0.43875,0.56125,True,False,40,0,40,0,0,1.0,0.0,0.0,0,0,True,True,True,2,0,0.0,False,False,True,0.0,/home/nez/Desktop/tesis-snn/platemo-cpp/results/ds3_moeackf/fronts/MOEACKF_ds3_nh40_run6_front.csv
3,Statlog German,MOEACKF,6,2,5,0.002777777778,0.2825,0.7175,False,False,40,1,38,1,0,0.95,0.025,0.0,1,0,False,True,True,1,0,0.0,True,False,True,2.2222198040044994e-13,/home/nez/Desktop/tesis-snn/platemo-cpp/results/ds3_moeackf/fronts/MOEACKF_ds3_nh40_run6_front.csv
3,Statlog German,MOEACKF,6,3,5,0.001851851852,0.28375,0.71625,False,False,40,1,39,0,0,0.975,0.0,0.0,1,0,False,True,True,1,0,0.0,True,False,True,1.481479869336333e-13,/home/nez/Desktop/tesis-snn/platemo-cpp/results/ds3_moeackf/fronts/MOEACKF_ds3_nh40_run6_front.csv
3,Statlog German,MOEACKF,6,4,5,0.05277777778,0.28,0.72,False,True,40,1,9,28,2,0.225,0.7,0.05,3,0,False,True,True,1,1,0.025,True,False,True,2.2222224060897133e-12,/home/nez/Desktop/tesis-snn/platemo-cpp/results/ds3_moeackf/fronts/MOEACKF_ds3_nh40_run6_front.csv
3,Statlog German,MOEACKF,7,0,9,0.0009259259259,0.43,0.5700000000000001,False,False,40,0,39,1,0,0.975,0.025,0.0,0,0,True,True,True,2,0,0.0,False,False,True,2.5925984449559625e-14,/home/nez/Desktop/tesis-snn/platemo-cpp/results/ds3_moeackf/fronts/MOEACKF_ds3_nh40_run7_front.csv
3,Statlog German,MOEACKF,7,1,9,0.0,0.4375,0.5625,True,False,40,0,40,0,0,1.0,0.0,0.0,0,0,True,True,True,2,0,0.0,False,False,True,0.0,/home/nez/Desktop/tesis-snn/platemo-cpp/results/ds3_moeackf/fronts/MOEACKF_ds3_nh40_run7_front.csv
3,Statlog German,MOEACKF,7,2,9,0.04259259259,0.26625,0.73375,False,False,40,3,12,23,2,0.3,0.575,0.05,5,0,False,True,True,1,1,0.025,True,False,True,2.5925928071046656e-12,/home/nez/Desktop/tesis-snn/platemo-cpp/results/ds3_moeackf/fronts/MOEACKF_ds3_nh40_run7_front.csv
3,Statlog German,MOEACKF,7,3,9,0.001851851852,0.28125,0.71875,False,False,40,1,39,0,0,0.975,0.0,0.0,1,0,False,True,True,1,0,0.0,True,False,True,1.481479869336333e-13,/home/nez/Desktop/tesis-snn/platemo-cpp/results/ds3_moeackf/fronts/MOEACKF_ds3_nh40_run7_front.csv
3,Statlog German,MOEACKF,7,4,9,0.0287037037,0.26875,0.73125,False,False,40,3,17,20,0,0.425,0.5,0.0,3,0,False,True,True,1,0,0.0,True,False,True,3.703704010149522e-12,/home/nez/Desktop/tesis-snn/platemo-cpp/results/ds3_moeackf/fronts/MOEACKF_ds3_nh40_run7_front.csv
3,Statlog German,MOEACKF,7,5,9,0.02592592593,0.27,0.73,False,False,40,3,18,19,0,0.45,0.475,0.0,3,0,False,True,True,1,1,0.025,True,False,True,4.0740744111644744e-12,/home/nez/Desktop/tesis-snn/platemo-cpp/results/ds3_moeackf/fronts/MOEACKF_ds3_nh40_run7_front.csv
3,Statlog German,MOEACKF,7,6,9,0.03518518519,0.2675,0.7324999999999999,False,False,40,2,16,20,2,0.4,0.5,0.05,3,1,False,False,False,0,0,0.0,True,False,True,4.814815213194379e-12,/home/nez/Desktop/tesis-snn/platemo-cpp/results/ds3_moeackf/fronts/MOEACKF_ds3_nh40_run7_front.csv
3,Statlog German,MOEACKF,7,7,9,0.04351851852,0.265,0.735,False,True,40,3,10,26,1,0.25,0.65,0.025,4,0,False,True,True,1,0,0.0,True,False,True,1.4814816040598089e-12,/home/nez/Desktop/tesis-snn/platemo-cpp/results/ds3_moeackf/fronts/MOEACKF_ds3_nh40_run7_front.csv
3,Statlog German,MOEACKF,7,8,9,0.0212962963,0.27875,0.72125,False,False,40,3,24,13,0,0.6,0.325,0.0,3,0,False,True,True,1,0,0.0,True,False,True,3.703704010149522e-12,/home/nez/Desktop/tesis-snn/platemo-cpp/results/ds3_moeackf/fronts/MOEACKF_ds3_nh40_run7_front.csv
3,Statlog German,MOEACKF,8,0,8,0.0009259259259,0.4325,0.5675,False,False,40,0,39,1,0,0.975,0.025,0.0,0,0,True,True,True,2,0,0.0,False,False,True,2.5925984449559625e-14,/home/nez/Desktop/tesis-snn/platemo-cpp/results/ds3_moeackf/fronts/MOEACKF_ds3_nh40_run8_front.csv
3,Statlog German,MOEACKF,8,1,8,0.0,0.44125,0.5587500000000001,True,False,40,0,40,0,0,1.0,0.0,0.0,0,0,True,True,True,2,0,0.0,False,False,True,0.0,/home/nez/Desktop/tesis-snn/platemo-cpp/results/ds3_moeackf/fronts/MOEACKF_ds3_nh40_run8_front.csv
3,Statlog German,MOEACKF,8,2,8,0.06666666667,0.2675,0.7324999999999999,False,False,40,5,5,28,2,0.125,0.7,0.05,7,0,False,True,True,1,0,0.0,True,False,True,3.33333360913457e-12,/home/nez/Desktop/tesis-snn/platemo-cpp/results/ds3_moeackf/fronts/MOEACKF_ds3_nh40_run8_front.csv
3,Statlog German,MOEACKF,8,3,8,0.003703703704,0.28125,0.71875,False,False,40,1,37,1,1,0.925,0.025,0.025,2,0,False,True,True,1,0,0.0,True,False,True,2.962959738672666e-13,/home/nez/Desktop/tesis-snn/platemo-cpp/results/ds3_moeackf/fronts/MOEACKF_ds3_nh40_run8_front.csv
3,Statlog German,MOEACKF,8,4,8,0.06759259259,0.265,0.735,False,True,40,5,4,29,2,0.1,0.725,0.05,7,0,False,True,True,1,0,0.0,True,False,True,2.5925928071046656e-12,/home/nez/Desktop/tesis-snn/platemo-cpp/results/ds3_moeackf/fronts/MOEACKF_ds3_nh40_run8_front.csv
3,Statlog German,MOEACKF,8,5,8,0.001851851852,0.28375,0.71625,False,False,40,1,39,0,0,0.975,0.0,0.0,1,0,False,True,True,1,0,0.0,True,False,True,1.481479869336333e-13,/home/nez/Desktop/tesis-snn/platemo-cpp/results/ds3_moeackf/fronts/MOEACKF_ds3_nh40_run8_front.csv
3,Statlog German,MOEACKF,8,6,8,0.02777777778,0.27125,0.72875,False,False,40,2,20,14,4,0.5,0.35,0.1,6,0,False,True,True,1,0,0.0,True,False,True,2.2222224060897133e-12,/home/nez/Desktop/tesis-snn/platemo-cpp/results/ds3_moeackf/fronts/MOEACKF_ds3_nh40_run8_front.csv
3,Statlog German,MOEACKF,8,7,8,0.002777777778,0.2825,0.7175,False,False,40,1,38,1,0,0.95,0.025,0.0,1,0,False,True,True,1,0,0.0,True,False,True,2.2222198040044994e-13,/home/nez/Desktop/tesis-snn/platemo-cpp/results/ds3_moeackf/fronts/MOEACKF_ds3_nh40_run8_front.csv
3,Statlog German,MOEACKF,9,0,4,0.001851851852,0.2825,0.7175,False,False,40,1,39,0,0,0.975,0.0,0.0,1,0,False,True,True,1,0,0.0,True,False,True,1.481479869336333e-13,/home/nez/Desktop/tesis-snn/platemo-cpp/results/ds3_moeackf/fronts/MOEACKF_ds3_nh40_run9_front.csv
3,Statlog German,MOEACKF,9,1,4,0.0,0.44125,0.5587500000000001,True,False,40,0,40,0,0,1.0,0.0,0.0,0,0,True,True,True,2,0,0.0,False,False,True,0.0,/home/nez/Desktop/tesis-snn/platemo-cpp/results/ds3_moeackf/fronts/MOEACKF_ds3_nh40_run9_front.csv
3,Statlog German,MOEACKF,9,2,4,0.00462962963,0.28125,0.71875,False,True,40,1,36,3,0,0.9,0.075,0.0,1,0,False,True,True,1,0,0.0,True,False,True,3.703704010149522e-13,/home/nez/Desktop/tesis-snn/platemo-cpp/results/ds3_moeackf/fronts/MOEACKF_ds3_nh40_run9_front.csv
3,Statlog German,MOEACKF,9,3,4,0.0009259259259,0.4275,0.5725,False,False,40,0,39,1,0,0.975,0.025,0.0,0,0,True,True,True,2,0,0.0,False,False,True,2.5925984449559625e-14,/home/nez/Desktop/tesis-snn/platemo-cpp/results/ds3_moeackf/fronts/MOEACKF_ds3_nh40_run9_front.csv
3,Statlog German,MOEACKF,10,0,4,0.0,0.445,0.5549999999999999,True,False,40,0,40,0,0,1.0,0.0,0.0,0,0,True,True,True,2,0,0.0,False,False,True,0.0,/home/nez/Desktop/tesis-snn/platemo-cpp/results/ds3_moeackf/fronts/MOEACKF_ds3_nh40_run10_front.csv
3,Statlog German,MOEACKF,10,1,4,0.001851851852,0.28125,0.71875,False,False,40,1,39,0,0,0.975,0.0,0.0,1,0,False,True,True,1,0,0.0,True,False,True,1.481479869336333e-13,/home/nez/Desktop/tesis-snn/platemo-cpp/results/ds3_moeackf/fronts/MOEACKF_ds3_nh40_run10_front.csv
3,Statlog German,MOEACKF,10,2,4,0.003703703704,0.28,0.72,False,True,40,1,37,2,0,0.925,0.05,0.0,1,0,False,True,True,1,0,0.0,True,False,True,2.962959738672666e-13,/home/nez/Desktop/tesis-snn/platemo-cpp/results/ds3_moeackf/fronts/MOEACKF_ds3_nh40_run10_front.csv
3,Statlog German,MOEACKF,10,3,4,0.0009259259259,0.4325,0.5675,False,False,40,0,39,0,1,0.975,0.0,0.025,1,0,False,True,True,1,0,0.0,False,False,True,2.5925984449559625e-14,/home/nez/Desktop/tesis-snn/platemo-cpp/results/ds3_moeackf/fronts/MOEACKF_ds3_nh40_run10_front.csv
3,Statlog German,MOEACKF,11,0,9,0.0009259259259,0.42625,0.57375,False,False,40,0,39,1,0,0.975,0.025,0.0,0,0,True,True,True,2,0,0.0,False,False,True,2.5925984449559625e-14,/home/nez/Desktop/tesis-snn/platemo-cpp/results/ds3_moeackf/fronts/MOEACKF_ds3_nh40_run11_front.csv
3,Statlog German,MOEACKF,11,1,9,0.03055555556,0.26625,0.73375,False,False,40,3,20,16,1,0.5,0.4,0.025,4,0,False,True,True,1,0,0.0,True,False,True,4.444444812179427e-12,/home/nez/Desktop/tesis-snn/platemo-cpp/results/ds3_moeackf/fronts/MOEACKF_ds3_nh40_run11_front.csv
3,Statlog German,MOEACKF,11,2,9,0.002777777778,0.2775,0.7224999999999999,False,False,40,1,38,1,0,0.95,0.025,0.0,1,0,False,True,True,1,0,0.0,True,False,True,2.2222198040044994e-13,/home/nez/Desktop/tesis-snn/platemo-cpp/results/ds3_moeackf/fronts/MOEACKF_ds3_nh40_run11_front.csv
3,Statlog German,MOEACKF,11,3,9,0.02777777778,0.26875,0.73125,False,False,40,3,22,15,0,0.55,0.375,0.0,3,0,False,True,True,1,0,0.0,True,False,True,2.2222224060897133e-12,/home/nez/Desktop/tesis-snn/platemo-cpp/results/ds3_moeackf/fronts/MOEACKF_ds3_nh40_run11_front.csv
3,Statlog German,MOEACKF,11,4,9,0.03148148148,0.26375,0.7362500000000001,False,True,40,2,18,19,1,0.45,0.475,0.025,3,0,False,True,True,1,0,0.0,True,False,True,1.4814816040598089e-12,/home/nez/Desktop/tesis-snn/platemo-cpp/results/ds3_moeackf/fronts/MOEACKF_ds3_nh40_run11_front.csv
3,Statlog German,MOEACKF,11,5,9,0.001851851852,0.28,0.72,False,False,40,1,39,0,0,0.975,0.0,0.0,1,0,False,True,True,1,0,0.0,True,False,True,1.481479869336333e-13,/home/nez/Desktop/tesis-snn/platemo-cpp/results/ds3_moeackf/fronts/MOEACKF_ds3_nh40_run11_front.csv
3,Statlog German,MOEACKF,11,6,9,0.02407407407,0.27125,0.72875,False,False,40,1,23,16,0,0.575,0.4,0.0,1,0,False,True,True,1,0,0.0,True,False,True,4.0740744111644744e-12,/home/nez/Desktop/tesis-snn/platemo-cpp/results/ds3_moeackf/fronts/MOEACKF_ds3_nh40_run11_front.csv
3,Statlog German,MOEACKF,11,7,9,0.005555555556,0.2725,0.7275,False,False,40,1,35,4,0,0.875,0.1,0.0,1,0,False,True,True,1,0,0.0,True,False,True,4.4444396080089987e-13,/home/nez/Desktop/tesis-snn/platemo-cpp/results/ds3_moeackf/fronts/MOEACKF_ds3_nh40_run11_front.csv
3,Statlog German,MOEACKF,11,8,9,0.0,0.43125,0.56875,True,False,40,0,40,0,0,1.0,0.0,0.0,0,0,True,True,True,2,0,0.0,False,False,True,0.0,/home/nez/Desktop/tesis-snn/platemo-cpp/results/ds3_moeackf/fronts/MOEACKF_ds3_nh40_run11_front.csv
3,Statlog German,MOEACKF,12,0,4,0.001851851852,0.28375,0.71625,False,False,40,1,39,0,0,0.975,0.0,0.0,1,0,False,True,True,1,0,0.0,True,False,True,1.481479869336333e-13,/home/nez/Desktop/tesis-snn/platemo-cpp/results/ds3_moeackf/fronts/MOEACKF_ds3_nh40_run12_front.csv
3,Statlog German,MOEACKF,12,1,4,0.002777777778,0.2825,0.7175,False,False,40,1,38,1,0,0.95,0.025,0.0,1,0,False,True,True,1,0,0.0,True,False,True,2.2222198040044994e-13,/home/nez/Desktop/tesis-snn/platemo-cpp/results/ds3_moeackf/fronts/MOEACKF_ds3_nh40_run12_front.csv
3,Statlog German,MOEACKF,12,2,4,0.0,0.43625,0.56375,True,False,40,0,40,0,0,1.0,0.0,0.0,0,0,True,True,True,2,0,0.0,False,False,True,0.0,/home/nez/Desktop/tesis-snn/platemo-cpp/results/ds3_moeackf/fronts/MOEACKF_ds3_nh40_run12_front.csv
3,Statlog German,MOEACKF,12,3,4,0.003703703704,0.28,0.72,False,True,40,1,37,2,0,0.925,0.05,0.0,1,0,False,True,True,1,0,0.0,True,False,True,2.962959738672666e-13,/home/nez/Desktop/tesis-snn/platemo-cpp/results/ds3_moeackf/fronts/MOEACKF_ds3_nh40_run12_front.csv
3,Statlog German,MOEACKF,13,0,4,0.005555555556,0.28,0.72,False,True,40,1,35,3,1,0.875,0.075,0.025,2,0,False,True,True,1,0,0.0,True,False,True,4.4444396080089987e-13,/home/nez/Desktop/tesis-snn/platemo-cpp/results/ds3_moeackf/fronts/MOEACKF_ds3_nh40_run13_front.csv
3,Statlog German,MOEACKF,13,1,4,0.0009259259259,0.4325,0.5675,False,False,40,0,39,0,1,0.975,0.0,0.025,1,0,False,True,True,1,0,0.0,False,False,True,2.5925984449559625e-14,/home/nez/Desktop/tesis-snn/platemo-cpp/results/ds3_moeackf/fronts/MOEACKF_ds3_nh40_run13_front.csv
3,Statlog German,MOEACKF,13,2,4,0.001851851852,0.28125,0.71875,False,False,40,1,39,0,0,0.975,0.0,0.0,1,0,False,True,True,1,0,0.0,True,False,True,1.481479869336333e-13,/home/nez/Desktop/tesis-snn/platemo-cpp/results/ds3_moeackf/fronts/MOEACKF_ds3_nh40_run13_front.csv
3,Statlog German,MOEACKF,13,3,4,0.0,0.43375,0.5662499999999999,True,False,40,0,40,0,0,1.0,0.0,0.0,0,0,True,True,True,2,0,0.0,False,False,True,0.0,/home/nez/Desktop/tesis-snn/platemo-cpp/results/ds3_moeackf/fronts/MOEACKF_ds3_nh40_run13_front.csv
3,Statlog German,MOEACKF,14,0,4,0.0,0.445,0.5549999999999999,True,False,40,0,40,0,0,1.0,0.0,0.0,0,0,True,True,True,2,0,0.0,False,False,True,0.0,/home/nez/Desktop/tesis-snn/platemo-cpp/results/ds3_moeackf/fronts/MOEACKF_ds3_nh40_run14_front.csv
3,Statlog German,MOEACKF,14,1,4,0.001851851852,0.285,0.7150000000000001,False,False,40,1,39,0,0,0.975,0.0,0.0,1,0,False,True,True,1,0,0.0,True,False,True,1.481479869336333e-13,/home/nez/Desktop/tesis-snn/platemo-cpp/results/ds3_moeackf/fronts/MOEACKF_ds3_nh40_run14_front.csv
3,Statlog German,MOEACKF,14,2,4,0.002777777778,0.2825,0.7175,False,True,40,1,38,1,0,0.95,0.025,0.0,1,0,False,True,True,1,0,0.0,True,False,True,2.2222198040044994e-13,/home/nez/Desktop/tesis-snn/platemo-cpp/results/ds3_moeackf/fronts/MOEACKF_ds3_nh40_run14_front.csv
3,Statlog German,MOEACKF,14,3,4,0.0009259259259,0.435,0.565,False,False,40,0,39,1,0,0.975,0.025,0.0,0,0,True,True,True,2,0,0.0,False,False,True,2.5925984449559625e-14,/home/nez/Desktop/tesis-snn/platemo-cpp/results/ds3_moeackf/fronts/MOEACKF_ds3_nh40_run14_front.csv
3,Statlog German,MOEACKF,15,0,6,0.0009259259259,0.43625,0.56375,False,False,40,0,39,1,0,0.975,0.025,0.0,0,0,True,True,True,2,0,0.0,False,False,True,2.5925984449559625e-14,/home/nez/Desktop/tesis-snn/platemo-cpp/results/ds3_moeackf/fronts/MOEACKF_ds3_nh40_run15_front.csv
3,Statlog German,MOEACKF,15,1,6,0.002777777778,0.2725,0.7275,False,False,40,1,38,1,0,0.95,0.025,0.0,1,0,False,True,True,1,0,0.0,True,False,True,2.2222198040044994e-13,/home/nez/Desktop/tesis-snn/platemo-cpp/results/ds3_moeackf/fronts/MOEACKF_ds3_nh40_run15_front.csv
3,Statlog German,MOEACKF,15,2,6,0.0,0.4475,0.5525,True,False,40,0,40,0,0,1.0,0.0,0.0,0,0,True,True,True,2,0,0.0,False,False,True,0.0,/home/nez/Desktop/tesis-snn/platemo-cpp/results/ds3_moeackf/fronts/MOEACKF_ds3_nh40_run15_front.csv
3,Statlog German,MOEACKF,15,3,6,0.001851851852,0.27625,0.72375,False,False,40,1,39,0,0,0.975,0.0,0.0,1,0,False,True,True,1,0,0.0,True,False,True,1.481479869336333e-13,/home/nez/Desktop/tesis-snn/platemo-cpp/results/ds3_moeackf/fronts/MOEACKF_ds3_nh40_run15_front.csv
3,Statlog German,MOEACKF,15,4,6,0.01203703704,0.2675,0.7324999999999999,False,True,40,2,29,8,1,0.725,0.2,0.025,2,1,False,False,False,0,0,0.0,True,False,True,2.9629632081196178e-12,/home/nez/Desktop/tesis-snn/platemo-cpp/results/ds3_moeackf/fronts/MOEACKF_ds3_nh40_run15_front.csv
3,Statlog German,MOEACKF,15,5,6,0.005555555556,0.27125,0.72875,False,False,40,1,36,3,0,0.9,0.075,0.0,1,0,False,True,True,1,0,0.0,True,False,True,4.4444396080089987e-13,/home/nez/Desktop/tesis-snn/platemo-cpp/results/ds3_moeackf/fronts/MOEACKF_ds3_nh40_run15_front.csv
3,Statlog German,MOEACKF,16,0,6,0.0009259259259,0.43375,0.5662499999999999,False,False,40,0,39,1,0,0.975,0.025,0.0,0,0,True,True,True,2,0,0.0,False,False,True,2.5925984449559625e-14,/home/nez/Desktop/tesis-snn/platemo-cpp/results/ds3_moeackf/fronts/MOEACKF_ds3_nh40_run16_front.csv
3,Statlog German,MOEACKF,16,1,6,0.01018518519,0.27125,0.72875,False,True,40,1,33,6,0,0.825,0.15,0.0,1,0,False,True,True,1,0,0.0,True,False,True,4.814813478470903e-12,/home/nez/Desktop/tesis-snn/platemo-cpp/results/ds3_moeackf/fronts/MOEACKF_ds3_nh40_run16_front.csv
3,Statlog German,MOEACKF,16,2,6,0.003703703704,0.2725,0.7275,False,False,40,1,37,2,0,0.925,0.05,0.0,1,0,False,True,True,1,0,0.0,True,False,True,2.962959738672666e-13,/home/nez/Desktop/tesis-snn/platemo-cpp/results/ds3_moeackf/fronts/MOEACKF_ds3_nh40_run16_front.csv
3,Statlog German,MOEACKF,16,3,6,0.001851851852,0.27875,0.72125,False,False,40,1,39,0,0,0.975,0.0,0.0,1,0,False,True,True,1,0,0.0,True,False,True,1.481479869336333e-13,/home/nez/Desktop/tesis-snn/platemo-cpp/results/ds3_moeackf/fronts/MOEACKF_ds3_nh40_run16_front.csv
3,Statlog German,MOEACKF,16,4,6,0.0,0.44875,0.55125,True,False,40,0,40,0,0,1.0,0.0,0.0,0,0,True,True,True,2,0,0.0,False,False,True,0.0,/home/nez/Desktop/tesis-snn/platemo-cpp/results/ds3_moeackf/fronts/MOEACKF_ds3_nh40_run16_front.csv
3,Statlog German,MOEACKF,16,5,6,0.002777777778,0.27375,0.7262500000000001,False,False,40,1,39,0,0,0.975,0.0,0.0,1,0,False,True,True,1,0,0.0,True,False,True,2.2222198040044994e-13,/home/nez/Desktop/tesis-snn/platemo-cpp/results/ds3_moeackf/fronts/MOEACKF_ds3_nh40_run16_front.csv
3,Statlog German,MOEACKF,17,0,2,0.001851851852,0.2825,0.7175,False,True,40,1,39,0,0,0.975,0.0,0.0,1,0,False,True,True,1,0,0.0,True,False,True,1.481479869336333e-13,/home/nez/Desktop/tesis-snn/platemo-cpp/results/ds3_moeackf/fronts/MOEACKF_ds3_nh40_run17_front.csv
3,Statlog German,MOEACKF,17,1,2,0.0,0.43,0.5700000000000001,True,False,40,0,40,0,0,1.0,0.0,0.0,0,0,True,True,True,2,0,0.0,False,False,True,0.0,/home/nez/Desktop/tesis-snn/platemo-cpp/results/ds3_moeackf/fronts/MOEACKF_ds3_nh40_run17_front.csv
3,Statlog German,MOEACKF,18,0,4,0.0009259259259,0.43375,0.5662499999999999,False,False,40,0,39,1,0,0.975,0.025,0.0,0,0,True,True,True,2,0,0.0,False,False,True,2.5925984449559625e-14,/home/nez/Desktop/tesis-snn/platemo-cpp/results/ds3_moeackf/fronts/MOEACKF_ds3_nh40_run18_front.csv
3,Statlog German,MOEACKF,18,1,4,0.005555555556,0.28125,0.71875,False,True,40,1,35,4,0,0.875,0.1,0.0,1,0,False,True,True,1,0,0.0,True,False,True,4.4444396080089987e-13,/home/nez/Desktop/tesis-snn/platemo-cpp/results/ds3_moeackf/fronts/MOEACKF_ds3_nh40_run18_front.csv
3,Statlog German,MOEACKF,18,2,4,0.0,0.44375,0.55625,True,False,40,0,40,0,0,1.0,0.0,0.0,0,0,True,True,True,2,0,0.0,False,False,True,0.0,/home/nez/Desktop/tesis-snn/platemo-cpp/results/ds3_moeackf/fronts/MOEACKF_ds3_nh40_run18_front.csv
3,Statlog German,MOEACKF,18,3,4,0.001851851852,0.2825,0.7175,False,False,40,1,39,0,0,0.975,0.0,0.0,1,0,False,True,True,1,0,0.0,True,False,True,1.481479869336333e-13,/home/nez/Desktop/tesis-snn/platemo-cpp/results/ds3_moeackf/fronts/MOEACKF_ds3_nh40_run18_front.csv
3,Statlog German,MOEACKF,19,0,5,0.0009259259259,0.43375,0.5662499999999999,False,False,40,0,39,1,0,0.975,0.025,0.0,0,0,True,True,True,2,0,0.0,False,False,True,2.5925984449559625e-14,/home/nez/Desktop/tesis-snn/platemo-cpp/results/ds3_moeackf/fronts/MOEACKF_ds3_nh40_run19_front.csv
3,Statlog German,MOEACKF,19,1,5,0.0,0.4375,0.5625,True,False,40,0,40,0,0,1.0,0.0,0.0,0,0,True,True,True,2,0,0.0,False,False,True,0.0,/home/nez/Desktop/tesis-snn/platemo-cpp/results/ds3_moeackf/fronts/MOEACKF_ds3_nh40_run19_front.csv
3,Statlog German,MOEACKF,19,2,5,0.002777777778,0.27375,0.7262500000000001,False,False,40,1,38,1,0,0.95,0.025,0.0,1,0,False,True,True,1,0,0.0,True,False,True,2.2222198040044994e-13,/home/nez/Desktop/tesis-snn/platemo-cpp/results/ds3_moeackf/fronts/MOEACKF_ds3_nh40_run19_front.csv
3,Statlog German,MOEACKF,19,3,5,0.01111111111,0.27,0.73,False,True,40,1,30,9,0,0.75,0.225,0.0,1,0,False,True,True,1,0,0.0,True,False,True,1.1111112030448567e-12,/home/nez/Desktop/tesis-snn/platemo-cpp/results/ds3_moeackf/fronts/MOEACKF_ds3_nh40_run19_front.csv
3,Statlog German,MOEACKF,19,4,5,0.001851851852,0.2825,0.7175,False,False,40,1,39,0,0,0.975,0.0,0.0,1,0,False,True,True,1,0,0.0,True,False,True,1.481479869336333e-13,/home/nez/Desktop/tesis-snn/platemo-cpp/results/ds3_moeackf/fronts/MOEACKF_ds3_nh40_run19_front.csv
3,Statlog German,MOEACKF,20,0,6,0.0009259259259,0.4375,0.5625,False,False,40,0,39,1,0,0.975,0.025,0.0,0,0,True,True,True,2,0,0.0,False,False,True,2.5925984449559625e-14,/home/nez/Desktop/tesis-snn/platemo-cpp/results/ds3_moeackf/fronts/MOEACKF_ds3_nh40_run20_front.csv
3,Statlog German,MOEACKF,20,1,6,0.0,0.43875,0.56125,True,False,40,0,40,0,0,1.0,0.0,0.0,0,0,True,True,True,2,0,0.0,False,False,True,0.0,/home/nez/Desktop/tesis-snn/platemo-cpp/results/ds3_moeackf/fronts/MOEACKF_ds3_nh40_run20_front.csv
3,Statlog German,MOEACKF,20,2,6,0.008333333333,0.27,0.73,False,True,40,1,32,7,0,0.8,0.175,0.0,1,0,False,True,True,1,0,0.0,True,False,True,3.333340548028474e-13,/home/nez/Desktop/tesis-snn/platemo-cpp/results/ds3_moeackf/fronts/MOEACKF_ds3_nh40_run20_front.csv
3,Statlog German,MOEACKF,20,3,6,0.00462962963,0.2725,0.7275,False,False,40,1,36,3,0,0.9,0.075,0.0,1,0,False,True,True,1,0,0.0,True,False,True,3.703704010149522e-13,/home/nez/Desktop/tesis-snn/platemo-cpp/results/ds3_moeackf/fronts/MOEACKF_ds3_nh40_run20_front.csv
3,Statlog German,MOEACKF,20,4,6,0.001851851852,0.27875,0.72125,False,False,40,1,39,0,0,0.975,0.0,0.0,1,0,False,True,True,1,0,0.0,True,False,True,1.481479869336333e-13,/home/nez/Desktop/tesis-snn/platemo-cpp/results/ds3_moeackf/fronts/MOEACKF_ds3_nh40_run20_front.csv
3,Statlog German,MOEACKF,20,5,6,0.002777777778,0.27375,0.7262500000000001,False,False,40,1,38,1,0,0.95,0.025,0.0,1,0,False,True,True,1,0,0.0,True,False,True,2.2222198040044994e-13,/home/nez/Desktop/tesis-snn/platemo-cpp/results/ds3_moeackf/fronts/MOEACKF_ds3_nh40_run20_front.csv
3,Statlog German,MOEACKF,21,0,8,0.0009259259259,0.43875,0.56125,False,False,40,0,39,1,0,0.975,0.025,0.0,0,0,True,True,True,2,1,0.025,False,False,True,2.5925984449559625e-14,/home/nez/Desktop/tesis-snn/platemo-cpp/results/ds3_moeackf/fronts/MOEACKF_ds3_nh40_run21_front.csv
3,Statlog German,MOEACKF,21,1,8,0.0462962963,0.27125,0.72875,False,False,40,1,8,28,3,0.2,0.7,0.075,3,1,False,False,False,0,1,0.025,True,False,True,3.703704010149522e-12,/home/nez/Desktop/tesis-snn/platemo-cpp/results/ds3_moeackf/fronts/MOEACKF_ds3_nh40_run21_front.csv
3,Statlog German,MOEACKF,21,2,8,0.006481481481,0.27625,0.72375,False,False,40,1,34,4,1,0.85,0.1,0.025,2,0,False,True,True,1,0,0.0,True,False,True,4.814811743747427e-13,/home/nez/Desktop/tesis-snn/platemo-cpp/results/ds3_moeackf/fronts/MOEACKF_ds3_nh40_run21_front.csv
3,Statlog German,MOEACKF,21,3,8,0.01203703704,0.2725,0.7275,False,False,40,2,30,8,0,0.75,0.2,0.0,2,0,False,True,True,1,0,0.0,True,False,True,2.9629632081196178e-12,/home/nez/Desktop/tesis-snn/platemo-cpp/results/ds3_moeackf/fronts/MOEACKF_ds3_nh40_run21_front.csv
3,Statlog German,MOEACKF,21,4,8,0.0,0.445,0.5549999999999999,True,False,40,0,40,0,0,1.0,0.0,0.0,0,0,True,True,True,2,0,0.0,False,False,True,0.0,/home/nez/Desktop/tesis-snn/platemo-cpp/results/ds3_moeackf/fronts/MOEACKF_ds3_nh40_run21_front.csv
3,Statlog German,MOEACKF,21,5,8,0.001851851852,0.2775,0.7224999999999999,False,False,40,1,39,0,0,0.975,0.0,0.0,1,0,False,True,True,1,0,0.0,True,False,True,1.481479869336333e-13,/home/nez/Desktop/tesis-snn/platemo-cpp/results/ds3_moeackf/fronts/MOEACKF_ds3_nh40_run21_front.csv
3,Statlog German,MOEACKF,21,6,8,0.04814814815,0.27,0.73,False,True,40,1,9,27,3,0.225,0.675,0.075,3,1,False,False,False,0,1,0.025,True,False,True,1.851852005074761e-12,/home/nez/Desktop/tesis-snn/platemo-cpp/results/ds3_moeackf/fronts/MOEACKF_ds3_nh40_run21_front.csv
3,Statlog German,MOEACKF,21,7,8,0.01111111111,0.275,0.725,False,False,40,1,30,8,1,0.75,0.2,0.025,2,0,False,True,True,1,0,0.0,True,False,True,1.1111112030448567e-12,/home/nez/Desktop/tesis-snn/platemo-cpp/results/ds3_moeackf/fronts/MOEACKF_ds3_nh40_run21_front.csv
3,Statlog German,MOEACKF,22,0,3,0.001851851852,0.28375,0.71625,False,False,40,1,39,0,0,0.975,0.0,0.0,1,0,False,True,True,1,0,0.0,True,False,True,1.481479869336333e-13,/home/nez/Desktop/tesis-snn/platemo-cpp/results/ds3_moeackf/fronts/MOEACKF_ds3_nh40_run22_front.csv
3,Statlog German,MOEACKF,22,1,3,0.0,0.43,0.5700000000000001,True,False,40,0,40,0,0,1.0,0.0,0.0,0,0,True,True,True,2,0,0.0,False,False,True,0.0,/home/nez/Desktop/tesis-snn/platemo-cpp/results/ds3_moeackf/fronts/MOEACKF_ds3_nh40_run22_front.csv
3,Statlog German,MOEACKF,22,2,3,0.002777777778,0.28125,0.71875,False,True,40,1,38,1,0,0.95,0.025,0.0,1,0,False,True,True,1,0,0.0,True,False,True,2.2222198040044994e-13,/home/nez/Desktop/tesis-snn/platemo-cpp/results/ds3_moeackf/fronts/MOEACKF_ds3_nh40_run22_front.csv
3,Statlog German,MOEACKF,23,0,4,0.002777777778,0.27625,0.72375,False,False,40,1,39,0,0,0.975,0.0,0.0,1,0,False,True,True,1,0,0.0,True,False,True,2.2222198040044994e-13,/home/nez/Desktop/tesis-snn/platemo-cpp/results/ds3_moeackf/fronts/MOEACKF_ds3_nh40_run23_front.csv
3,Statlog German,MOEACKF,23,1,4,0.0,0.43375,0.5662499999999999,True,False,40,0,40,0,0,1.0,0.0,0.0,0,0,True,True,True,2,0,0.0,False,False,True,0.0,/home/nez/Desktop/tesis-snn/platemo-cpp/results/ds3_moeackf/fronts/MOEACKF_ds3_nh40_run23_front.csv
3,Statlog German,MOEACKF,23,2,4,0.001851851852,0.2825,0.7175,False,False,40,1,39,0,0,0.975,0.0,0.0,1,0,False,True,True,1,0,0.0,True,False,True,1.481479869336333e-13,/home/nez/Desktop/tesis-snn/platemo-cpp/results/ds3_moeackf/fronts/MOEACKF_ds3_nh40_run23_front.csv
3,Statlog German,MOEACKF,23,3,4,0.003703703704,0.2725,0.7275,False,True,40,1,38,1,0,0.95,0.025,0.0,1,0,False,True,True,1,0,0.0,True,False,True,2.962959738672666e-13,/home/nez/Desktop/tesis-snn/platemo-cpp/results/ds3_moeackf/fronts/MOEACKF_ds3_nh40_run23_front.csv
3,Statlog German,MOEACKF,24,0,8,0.003703703704,0.28,0.72,False,False,40,1,38,1,0,0.95,0.025,0.0,1,0,False,True,True,1,0,0.0,True,False,True,2.962959738672666e-13,/home/nez/Desktop/tesis-snn/platemo-cpp/results/ds3_moeackf/fronts/MOEACKF_ds3_nh40_run24_front.csv
3,Statlog German,MOEACKF,24,1,8,0.001851851852,0.28375,0.71625,False,False,40,1,39,0,0,0.975,0.0,0.0,1,0,False,True,True,1,0,0.0,True,False,True,1.481479869336333e-13,/home/nez/Desktop/tesis-snn/platemo-cpp/results/ds3_moeackf/fronts/MOEACKF_ds3_nh40_run24_front.csv
3,Statlog German,MOEACKF,24,2,8,0.03333333333,0.2725,0.7275,False,True,40,2,15,22,1,0.375,0.55,0.025,3,0,False,True,True,1,1,0.025,True,False,True,3.33333360913457e-12,/home/nez/Desktop/tesis-snn/platemo-cpp/results/ds3_moeackf/fronts/MOEACKF_ds3_nh40_run24_front.csv
3,Statlog German,MOEACKF,24,3,8,0.002777777778,0.2825,0.7175,False,False,40,1,38,1,0,0.95,0.025,0.0,1,0,False,True,True,1,0,0.0,True,False,True,2.2222198040044994e-13,/home/nez/Desktop/tesis-snn/platemo-cpp/results/ds3_moeackf/fronts/MOEACKF_ds3_nh40_run24_front.csv
3,Statlog German,MOEACKF,24,4,8,0.0,0.43625,0.56375,True,False,40,0,40,0,0,1.0,0.0,0.0,0,0,True,True,True,2,0,0.0,False,False,True,0.0,/home/nez/Desktop/tesis-snn/platemo-cpp/results/ds3_moeackf/fronts/MOEACKF_ds3_nh40_run24_front.csv
3,Statlog German,MOEACKF,24,5,8,0.0009259259259,0.4275,0.5725,False,False,40,0,39,1,0,0.975,0.025,0.0,0,0,True,True,True,2,0,0.0,False,False,True,2.5925984449559625e-14,/home/nez/Desktop/tesis-snn/platemo-cpp/results/ds3_moeackf/fronts/MOEACKF_ds3_nh40_run24_front.csv
3,Statlog German,MOEACKF,24,6,8,0.01666666667,0.275,0.725,False,False,40,2,27,11,0,0.675,0.275,0.0,2,0,False,True,True,1,1,0.025,True,False,True,3.33333360913457e-12,/home/nez/Desktop/tesis-snn/platemo-cpp/results/ds3_moeackf/fronts/MOEACKF_ds3_nh40_run24_front.csv
3,Statlog German,MOEACKF,24,7,8,0.0212962963,0.27375,0.7262500000000001,False,False,40,2,22,16,0,0.55,0.4,0.0,2,0,False,True,True,1,1,0.025,True,False,True,3.703704010149522e-12,/home/nez/Desktop/tesis-snn/platemo-cpp/results/ds3_moeackf/fronts/MOEACKF_ds3_nh40_run24_front.csv
3,Statlog German,MOEACKF,25,0,6,0.0009259259259,0.42625,0.57375,False,False,40,0,39,1,0,0.975,0.025,0.0,0,0,True,True,True,2,0,0.0,False,False,True,2.5925984449559625e-14,/home/nez/Desktop/tesis-snn/platemo-cpp/results/ds3_moeackf/fronts/MOEACKF_ds3_nh40_run25_front.csv
3,Statlog German,MOEACKF,25,1,6,0.01111111111,0.26875,0.73125,False,True,40,2,32,6,0,0.8,0.15,0.0,2,0,False,True,True,1,0,0.0,True,False,True,1.1111112030448567e-12,/home/nez/Desktop/tesis-snn/platemo-cpp/results/ds3_moeackf/fronts/MOEACKF_ds3_nh40_run25_front.csv
3,Statlog German,MOEACKF,25,2,6,0.0,0.43125,0.56875,True,False,40,0,40,0,0,1.0,0.0,0.0,0,0,True,True,True,2,0,0.0,False,False,True,0.0,/home/nez/Desktop/tesis-snn/platemo-cpp/results/ds3_moeackf/fronts/MOEACKF_ds3_nh40_run25_front.csv
3,Statlog German,MOEACKF,25,3,6,0.005555555556,0.27,0.73,False,False,40,2,37,1,0,0.925,0.025,0.0,2,0,False,True,True,1,0,0.0,True,False,True,4.4444396080089987e-13,/home/nez/Desktop/tesis-snn/platemo-cpp/results/ds3_moeackf/fronts/MOEACKF_ds3_nh40_run25_front.csv
3,Statlog German,MOEACKF,25,4,6,0.001851851852,0.27875,0.72125,False,False,40,1,39,0,0,0.975,0.0,0.0,1,0,False,True,True,1,0,0.0,True,False,True,1.481479869336333e-13,/home/nez/Desktop/tesis-snn/platemo-cpp/results/ds3_moeackf/fronts/MOEACKF_ds3_nh40_run25_front.csv
3,Statlog German,MOEACKF,25,5,6,0.00462962963,0.275,0.725,False,False,40,2,37,1,0,0.925,0.025,0.0,2,0,False,True,True,1,0,0.0,True,False,True,3.703704010149522e-13,/home/nez/Desktop/tesis-snn/platemo-cpp/results/ds3_moeackf/fronts/MOEACKF_ds3_nh40_run25_front.csv
3,Statlog German,MOEACKF,26,0,6,0.0009259259259,0.43375,0.5662499999999999,False,False,40,0,39,1,0,0.975,0.025,0.0,0,0,True,True,True,2,0,0.0,False,False,True,2.5925984449559625e-14,/home/nez/Desktop/tesis-snn/platemo-cpp/results/ds3_moeackf/fronts/MOEACKF_ds3_nh40_run26_front.csv
3,Statlog German,MOEACKF,26,1,6,0.005555555556,0.28,0.72,False,True,40,1,35,4,0,0.875,0.1,0.0,1,0,False,True,True,1,0,0.0,True,False,True,4.4444396080089987e-13,/home/nez/Desktop/tesis-snn/platemo-cpp/results/ds3_moeackf/fronts/MOEACKF_ds3_nh40_run26_front.csv
3,Statlog German,MOEACKF,26,2,6,0.002777777778,0.2825,0.7175,False,False,40,1,38,1,0,0.95,0.025,0.0,1,0,False,True,True,1,0,0.0,True,False,True,2.2222198040044994e-13,/home/nez/Desktop/tesis-snn/platemo-cpp/results/ds3_moeackf/fronts/MOEACKF_ds3_nh40_run26_front.csv
3,Statlog German,MOEACKF,26,3,6,0.001851851852,0.285,0.7150000000000001,False,False,40,1,39,0,0,0.975,0.0,0.0,1,0,False,True,True,1,0,0.0,True,False,True,1.481479869336333e-13,/home/nez/Desktop/tesis-snn/platemo-cpp/results/ds3_moeackf/fronts/MOEACKF_ds3_nh40_run26_front.csv
3,Statlog German,MOEACKF,26,4,6,0.0,0.44,0.56,True,False,40,0,40,0,0,1.0,0.0,0.0,0,0,True,True,True,2,0,0.0,False,False,True,0.0,/home/nez/Desktop/tesis-snn/platemo-cpp/results/ds3_moeackf/fronts/MOEACKF_ds3_nh40_run26_front.csv
3,Statlog German,MOEACKF,26,5,6,0.003703703704,0.28125,0.71875,False,False,40,1,37,2,0,0.925,0.05,0.0,1,0,False,True,True,1,0,0.0,True,False,True,2.962959738672666e-13,/home/nez/Desktop/tesis-snn/platemo-cpp/results/ds3_moeackf/fronts/MOEACKF_ds3_nh40_run26_front.csv
3,Statlog German,MOEACKF,27,0,5,0.001851851852,0.2775,0.7224999999999999,False,False,40,1,39,0,0,0.975,0.0,0.0,1,0,False,True,True,1,0,0.0,True,False,True,1.481479869336333e-13,/home/nez/Desktop/tesis-snn/platemo-cpp/results/ds3_moeackf/fronts/MOEACKF_ds3_nh40_run27_front.csv
3,Statlog German,MOEACKF,27,1,5,0.0,0.44625,0.55375,True,False,40,0,40,0,0,1.0,0.0,0.0,0,0,True,True,True,2,0,0.0,False,False,True,0.0,/home/nez/Desktop/tesis-snn/platemo-cpp/results/ds3_moeackf/fronts/MOEACKF_ds3_nh40_run27_front.csv
3,Statlog German,MOEACKF,27,2,5,0.00462962963,0.2675,0.7324999999999999,False,True,40,1,37,2,0,0.925,0.05,0.0,1,0,False,True,True,1,0,0.0,True,False,True,3.703704010149522e-13,/home/nez/Desktop/tesis-snn/platemo-cpp/results/ds3_moeackf/fronts/MOEACKF_ds3_nh40_run27_front.csv
3,Statlog German,MOEACKF,27,3,5,0.0009259259259,0.42875,0.57125,False,False,40,0,39,1,0,0.975,0.025,0.0,0,0,True,True,True,2,0,0.0,False,False,True,2.5925984449559625e-14,/home/nez/Desktop/tesis-snn/platemo-cpp/results/ds3_moeackf/fronts/MOEACKF_ds3_nh40_run27_front.csv
3,Statlog German,MOEACKF,27,4,5,0.002777777778,0.26875,0.73125,False,False,40,1,38,1,0,0.95,0.025,0.0,1,0,False,True,True,1,0,0.0,True,False,True,2.2222198040044994e-13,/home/nez/Desktop/tesis-snn/platemo-cpp/results/ds3_moeackf/fronts/MOEACKF_ds3_nh40_run27_front.csv
3,Statlog German,MOEACKF,28,0,4,0.0009259259259,0.4325,0.5675,False,False,40,0,39,0,1,0.975,0.0,0.025,0,1,True,False,True,1,0,0.0,False,False,True,2.5925984449559625e-14,/home/nez/Desktop/tesis-snn/platemo-cpp/results/ds3_moeackf/fronts/MOEACKF_ds3_nh40_run28_front.csv
3,Statlog German,MOEACKF,28,1,4,0.0,0.4375,0.5625,True,False,40,0,40,0,0,1.0,0.0,0.0,0,0,True,True,True,2,0,0.0,False,False,True,0.0,/home/nez/Desktop/tesis-snn/platemo-cpp/results/ds3_moeackf/fronts/MOEACKF_ds3_nh40_run28_front.csv
3,Statlog German,MOEACKF,28,2,4,0.005555555556,0.26875,0.73125,False,True,40,1,35,4,0,0.875,0.1,0.0,1,0,False,True,True,1,0,0.0,True,False,True,4.4444396080089987e-13,/home/nez/Desktop/tesis-snn/platemo-cpp/results/ds3_moeackf/fronts/MOEACKF_ds3_nh40_run28_front.csv
3,Statlog German,MOEACKF,28,3,4,0.001851851852,0.27375,0.7262500000000001,False,False,40,1,39,0,0,0.975,0.0,0.0,1,0,False,True,True,1,0,0.0,True,False,True,1.481479869336333e-13,/home/nez/Desktop/tesis-snn/platemo-cpp/results/ds3_moeackf/fronts/MOEACKF_ds3_nh40_run28_front.csv
3,Statlog German,MOEACKF,29,0,4,0.0,0.43375,0.5662499999999999,True,False,40,0,40,0,0,1.0,0.0,0.0,0,0,True,True,True,2,0,0.0,False,False,True,0.0,/home/nez/Desktop/tesis-snn/platemo-cpp/results/ds3_moeackf/fronts/MOEACKF_ds3_nh40_run29_front.csv
3,Statlog German,MOEACKF,29,1,4,0.00462962963,0.28,0.72,False,False,40,1,36,2,1,0.9,0.05,0.025,2,0,False,True,True,1,0,0.0,True,False,True,3.703704010149522e-13,/home/nez/Desktop/tesis-snn/platemo-cpp/results/ds3_moeackf/fronts/MOEACKF_ds3_nh40_run29_front.csv
3,Statlog German,MOEACKF,29,2,4,0.008333333333,0.27875,0.72125,False,True,40,1,32,6,1,0.8,0.15,0.025,1,1,False,False,False,0,0,0.0,True,False,True,3.333340548028474e-13,/home/nez/Desktop/tesis-snn/platemo-cpp/results/ds3_moeackf/fronts/MOEACKF_ds3_nh40_run29_front.csv
3,Statlog German,MOEACKF,29,3,4,0.001851851852,0.2825,0.7175,False,False,40,1,39,0,0,0.975,0.0,0.0,1,0,False,True,True,1,0,0.0,True,False,True,1.481479869336333e-13,/home/nez/Desktop/tesis-snn/platemo-cpp/results/ds3_moeackf/fronts/MOEACKF_ds3_nh40_run29_front.csv
3,Statlog German,MOEACKF,30,0,4,0.0009259259259,0.4225,0.5775,False,False,40,0,39,1,0,0.975,0.025,0.0,0,0,True,True,True,2,0,0.0,False,False,True,2.5925984449559625e-14,/home/nez/Desktop/tesis-snn/platemo-cpp/results/ds3_moeackf/fronts/MOEACKF_ds3_nh40_run30_front.csv
3,Statlog German,MOEACKF,30,1,4,0.001851851852,0.2825,0.7175,False,False,40,1,39,0,0,0.975,0.0,0.0,1,0,False,True,True,1,0,0.0,True,False,True,1.481479869336333e-13,/home/nez/Desktop/tesis-snn/platemo-cpp/results/ds3_moeackf/fronts/MOEACKF_ds3_nh40_run30_front.csv
3,Statlog German,MOEACKF,30,2,4,0.002777777778,0.28,0.72,False,True,40,1,38,1,0,0.95,0.025,0.0,1,0,False,True,True,1,0,0.0,True,False,True,2.2222198040044994e-13,/home/nez/Desktop/tesis-snn/platemo-cpp/results/ds3_moeackf/fronts/MOEACKF_ds3_nh40_run30_front.csv
3,Statlog German,MOEACKF,30,3,4,0.0,0.4425,0.5575,True,False,40,0,40,0,0,1.0,0.0,0.0,0,0,True,True,True,2,0,0.0,False,False,True,0.0,/home/nez/Desktop/tesis-snn/platemo-cpp/results/ds3_moeackf/fronts/MOEACKF_ds3_nh40_run30_front.csv
3,Statlog German,SNSGAII,0,0,11,0.0,0.4575,0.5425,True,False,40,0,40,0,0,1.0,0.0,0.0,0,0,True,True,True,2,0,0.0,False,False,True,0.0,/home/nez/Desktop/tesis-snn/platemo-cpp/results/ds3_snsgaii/fronts/SNSGAII_ds3_nh40_run0_front.csv
3,Statlog German,SNSGAII,0,1,11,0.005555555556,0.28375,0.71625,False,False,40,2,36,2,0,0.9,0.05,0.0,1,1,False,False,False,0,1,0.025,True,False,True,4.4444396080089987e-13,/home/nez/Desktop/tesis-snn/platemo-cpp/results/ds3_snsgaii/fronts/SNSGAII_ds3_nh40_run0_front.csv
3,Statlog German,SNSGAII,0,2,11,0.0009259259259,0.43625,0.56375,False,False,40,0,39,0,1,0.975,0.0,0.025,1,0,False,True,True,1,0,0.0,False,False,True,2.5925984449559625e-14,/home/nez/Desktop/tesis-snn/platemo-cpp/results/ds3_snsgaii/fronts/SNSGAII_ds3_nh40_run0_front.csv
3,Statlog German,SNSGAII,0,3,11,0.003703703704,0.285,0.7150000000000001,False,False,40,2,38,0,0,0.95,0.0,0.0,1,1,False,False,False,0,1,0.025,True,False,True,2.962959738672666e-13,/home/nez/Desktop/tesis-snn/platemo-cpp/results/ds3_snsgaii/fronts/SNSGAII_ds3_nh40_run0_front.csv
3,Statlog German,SNSGAII,0,4,11,0.04166666667,0.26,0.74,False,True,40,7,16,17,0,0.4,0.425,0.0,4,3,False,False,False,0,0,0.0,True,True,False,3.33333360913457e-12,/home/nez/Desktop/tesis-snn/platemo-cpp/results/ds3_snsgaii/fronts/SNSGAII_ds3_nh40_run0_front.csv
3,Statlog German,SNSGAII,0,5,11,0.0212962963,0.2625,0.7375,False,False,40,4,26,10,0,0.65,0.25,0.0,2,2,False,False,False,0,1,0.025,True,True,False,3.703704010149522e-12,/home/nez/Desktop/tesis-snn/platemo-cpp/results/ds3_snsgaii/fronts/SNSGAII_ds3_nh40_run0_front.csv
3,Statlog German,SNSGAII,0,6,11,0.03888888889,0.26125,0.73875,False,False,40,7,18,15,0,0.45,0.375,0.0,4,3,False,False,False,0,0,0.0,True,True,False,1.1111112030448567e-12,/home/nez/Desktop/tesis-snn/platemo-cpp/results/ds3_snsgaii/fronts/SNSGAII_ds3_nh40_run0_front.csv
3,Statlog German,SNSGAII,0,7,11,0.01203703704,0.28,0.72,False,False,40,4,35,1,0,0.875,0.025,0.0,2,2,False,False,False,0,1,0.025,True,True,False,2.9629632081196178e-12,/home/nez/Desktop/tesis-snn/platemo-cpp/results/ds3_snsgaii/fronts/SNSGAII_ds3_nh40_run0_front.csv
3,Statlog German,SNSGAII,0,8,11,0.01388888889,0.2775,0.7224999999999999,False,False,40,4,33,3,0,0.825,0.075,0.0,2,2,False,False,False,0,1,0.025,True,True,False,1.1111112030448567e-12,/home/nez/Desktop/tesis-snn/platemo-cpp/results/ds3_snsgaii/fronts/SNSGAII_ds3_nh40_run0_front.csv
3,Statlog German,SNSGAII,0,9,11,0.001851851852,0.29875,0.7012499999999999,False,False,40,1,39,0,0,0.975,0.0,0.0,1,0,False,True,True,1,0,0.0,True,False,True,1.481479869336333e-13,/home/nez/Desktop/tesis-snn/platemo-cpp/results/ds3_snsgaii/fronts/SNSGAII_ds3_nh40_run0_front.csv
3,Statlog German,SNSGAII,0,10,11,0.01481481481,0.26875,0.73125,False,False,40,4,32,4,0,0.8,0.1,0.0,2,2,False,False,False,0,1,0.025,True,True,False,4.814815213194379e-12,/home/nez/Desktop/tesis-snn/platemo-cpp/results/ds3_snsgaii/fronts/SNSGAII_ds3_nh40_run0_front.csv
3,Statlog German,SNSGAII,1,0,7,0.0009259259259,0.42125,0.57875,False,False,40,0,39,1,0,0.975,0.025,0.0,0,0,True,True,True,2,0,0.0,False,False,True,2.5925984449559625e-14,/home/nez/Desktop/tesis-snn/platemo-cpp/results/ds3_snsgaii/fronts/SNSGAII_ds3_nh40_run1_front.csv
3,Statlog German,SNSGAII,1,1,7,0.0,0.445,0.5549999999999999,True,False,40,0,40,0,0,1.0,0.0,0.0,0,0,True,True,True,2,0,0.0,False,False,True,0.0,/home/nez/Desktop/tesis-snn/platemo-cpp/results/ds3_snsgaii/fronts/SNSGAII_ds3_nh40_run1_front.csv
3,Statlog German,SNSGAII,1,2,7,0.001851851852,0.2825,0.7175,False,False,40,1,39,0,0,0.975,0.0,0.0,1,0,False,True,True,1,0,0.0,True,False,True,1.481479869336333e-13,/home/nez/Desktop/tesis-snn/platemo-cpp/results/ds3_snsgaii/fronts/SNSGAII_ds3_nh40_run1_front.csv
3,Statlog German,SNSGAII,1,3,7,0.01018518519,0.25,0.75,False,True,40,2,38,0,0,0.95,0.0,0.0,1,1,False,False,False,0,0,0.0,True,True,False,4.814813478470903e-12,/home/nez/Desktop/tesis-snn/platemo-cpp/results/ds3_snsgaii/fronts/SNSGAII_ds3_nh40_run1_front.csv
3,Statlog German,SNSGAII,1,4,7,0.008333333333,0.25875,0.74125,False,False,40,2,38,0,0,0.95,0.0,0.0,1,1,False,False,False,0,0,0.0,True,True,False,3.333340548028474e-13,/home/nez/Desktop/tesis-snn/platemo-cpp/results/ds3_snsgaii/fronts/SNSGAII_ds3_nh40_run1_front.csv
3,Statlog German,SNSGAII,1,5,7,0.006481481481,0.27625,0.72375,False,False,40,2,38,0,0,0.95,0.0,0.0,1,1,False,False,False,0,0,0.0,True,True,False,4.814811743747427e-13,/home/nez/Desktop/tesis-snn/platemo-cpp/results/ds3_snsgaii/fronts/SNSGAII_ds3_nh40_run1_front.csv
3,Statlog German,SNSGAII,1,6,7,0.007407407407,0.26375,0.7362500000000001,False,False,40,2,38,0,0,0.95,0.0,0.0,1,1,False,False,False,0,0,0.0,True,True,False,4.0740761458879504e-13,/home/nez/Desktop/tesis-snn/platemo-cpp/results/ds3_snsgaii/fronts/SNSGAII_ds3_nh40_run1_front.csv
3,Statlog German,SNSGAII,2,0,14,0.06296296296,0.2575,0.7424999999999999,False,False,40,11,12,15,2,0.3,0.375,0.05,6,7,False,False,False,0,0,0.0,True,True,False,2.9629632081196178e-12,/home/nez/Desktop/tesis-snn/platemo-cpp/results/ds3_snsgaii/fronts/SNSGAII_ds3_nh40_run2_front.csv
3,Statlog German,SNSGAII,2,1,14,0.006481481481,0.28875,0.7112499999999999,False,False,40,2,36,2,0,0.9,0.05,0.0,1,1,False,False,False,0,0,0.0,True,True,False,4.814811743747427e-13,/home/nez/Desktop/tesis-snn/platemo-cpp/results/ds3_snsgaii/fronts/SNSGAII_ds3_nh40_run2_front.csv
3,Statlog German,SNSGAII,2,2,14,0.01759259259,0.2725,0.7275,False,False,40,5,31,3,1,0.775,0.075,0.025,3,3,False,False,False,0,0,0.0,True,True,False,2.5925928071046656e-12,/home/nez/Desktop/tesis-snn/platemo-cpp/results/ds3_snsgaii/fronts/SNSGAII_ds3_nh40_run2_front.csv
3,Statlog German,SNSGAII,2,3,14,0.1333333333,0.25125,0.74875,False,True,40,14,12,9,5,0.3,0.225,0.125,11,11,False,False,False,0,0,0.0,True,True,False,3.33333360913457e-11,/home/nez/Desktop/tesis-snn/platemo-cpp/results/ds3_snsgaii/fronts/SNSGAII_ds3_nh40_run2_front.csv
3,Statlog German,SNSGAII,2,4,14,0.01111111111,0.27875,0.72125,False,False,40,5,35,0,0,0.875,0.0,0.0,3,2,False,False,False,0,0,0.0,True,True,False,1.1111112030448567e-12,/home/nez/Desktop/tesis-snn/platemo-cpp/results/ds3_snsgaii/fronts/SNSGAII_ds3_nh40_run2_front.csv
3,Statlog German,SNSGAII,2,5,14,0.00462962963,0.29,0.71,False,False,40,2,38,0,0,0.95,0.0,0.0,1,1,False,False,False,0,0,0.0,True,True,False,3.703704010149522e-13,/home/nez/Desktop/tesis-snn/platemo-cpp/results/ds3_snsgaii/fronts/SNSGAII_ds3_nh40_run2_front.csv
3,Statlog German,SNSGAII,2,6,14,0.01666666667,0.27625,0.72375,False,False,40,5,31,3,1,0.775,0.075,0.025,3,3,False,False,False,0,0,0.0,True,True,False,3.33333360913457e-12,/home/nez/Desktop/tesis-snn/platemo-cpp/results/ds3_snsgaii/fronts/SNSGAII_ds3_nh40_run2_front.csv
3,Statlog German,SNSGAII,2,7,14,0.04259259259,0.2625,0.7375,False,False,40,9,20,11,0,0.5,0.275,0.0,5,4,False,False,False,0,0,0.0,True,True,False,2.5925928071046656e-12,/home/nez/Desktop/tesis-snn/platemo-cpp/results/ds3_snsgaii/fronts/SNSGAII_ds3_nh40_run2_front.csv
3,Statlog German,SNSGAII,2,8,14,0.02592592593,0.2675,0.7324999999999999,False,False,40,6,25,7,2,0.625,0.175,0.05,4,4,False,False,False,0,0,0.0,True,True,False,4.0740744111644744e-12,/home/nez/Desktop/tesis-snn/platemo-cpp/results/ds3_snsgaii/fronts/SNSGAII_ds3_nh40_run2_front.csv
3,Statlog German,SNSGAII,2,9,14,0.0,0.4425,0.5575,True,False,40,0,40,0,0,1.0,0.0,0.0,0,0,True,True,True,2,0,0.0,False,False,True,0.0,/home/nez/Desktop/tesis-snn/platemo-cpp/results/ds3_snsgaii/fronts/SNSGAII_ds3_nh40_run2_front.csv
3,Statlog German,SNSGAII,2,10,14,0.04074074074,0.265,0.735,False,False,40,9,20,11,0,0.5,0.275,0.0,5,4,False,False,False,0,0,0.0,True,True,False,7.407408020299044e-13,/home/nez/Desktop/tesis-snn/platemo-cpp/results/ds3_snsgaii/fronts/SNSGAII_ds3_nh40_run2_front.csv
3,Statlog German,SNSGAII,2,11,14,0.04351851852,0.26,0.74,False,False,40,9,20,11,0,0.5,0.275,0.0,5,4,False,False,False,0,0,0.0,True,True,False,1.4814816040598089e-12,/home/nez/Desktop/tesis-snn/platemo-cpp/results/ds3_snsgaii/fronts/SNSGAII_ds3_nh40_run2_front.csv
3,Statlog German,SNSGAII,2,12,14,0.1277777778,0.25625,0.74375,False,False,40,14,12,9,5,0.3,0.225,0.125,11,11,False,False,False,0,0,0.0,True,True,False,2.2222224060897133e-11,/home/nez/Desktop/tesis-snn/platemo-cpp/results/ds3_snsgaii/fronts/SNSGAII_ds3_nh40_run2_front.csv
3,Statlog German,SNSGAII,2,13,14,0.001851851852,0.29875,0.7012499999999999,False,False,40,1,39,0,0,0.975,0.0,0.0,1,0,False,True,True,1,0,0.0,True,False,True,1.481479869336333e-13,/home/nez/Desktop/tesis-snn/platemo-cpp/results/ds3_snsgaii/fronts/SNSGAII_ds3_nh40_run2_front.csv
3,Statlog German,SNSGAII,3,0,8,0.04351851852,0.26625,0.73375,False,True,40,3,20,17,0,0.5,0.425,0.0,2,1,False,False,False,0,2,0.05,True,True,False,1.4814816040598089e-12,/home/nez/Desktop/tesis-snn/platemo-cpp/results/ds3_snsgaii/fronts/SNSGAII_ds3_nh40_run3_front.csv
3,Statlog German,SNSGAII,3,1,8,0.04074074074,0.2675,0.7324999999999999,False,False,40,3,22,15,0,0.55,0.375,0.0,2,1,False,False,False,0,2,0.05,True,True,False,7.407408020299044e-13,/home/nez/Desktop/tesis-snn/platemo-cpp/results/ds3_snsgaii/fronts/SNSGAII_ds3_nh40_run3_front.csv
3,Statlog German,SNSGAII,3,2,8,0.01666666667,0.26875,0.73125,False,False,40,3,32,5,0,0.8,0.125,0.0,2,1,False,False,False,0,2,0.05,True,True,False,3.33333360913457e-12,/home/nez/Desktop/tesis-snn/platemo-cpp/results/ds3_snsgaii/fronts/SNSGAII_ds3_nh40_run3_front.csv
3,Statlog German,SNSGAII,3,3,8,0.0,0.425,0.575,True,False,40,0,40,0,0,1.0,0.0,0.0,0,0,True,True,True,2,0,0.0,False,False,True,0.0,/home/nez/Desktop/tesis-snn/platemo-cpp/results/ds3_snsgaii/fronts/SNSGAII_ds3_nh40_run3_front.csv
3,Statlog German,SNSGAII,3,4,8,0.005555555556,0.29,0.71,False,False,40,3,37,0,0,0.925,0.0,0.0,2,1,False,False,False,0,0,0.0,True,True,False,4.4444396080089987e-13,/home/nez/Desktop/tesis-snn/platemo-cpp/results/ds3_snsgaii/fronts/SNSGAII_ds3_nh40_run3_front.csv
3,Statlog German,SNSGAII,3,5,8,0.006481481481,0.27625,0.72375,False,False,40,3,37,0,0,0.925,0.0,0.0,2,1,False,False,False,0,0,0.0,True,True,False,4.814811743747427e-13,/home/nez/Desktop/tesis-snn/platemo-cpp/results/ds3_snsgaii/fronts/SNSGAII_ds3_nh40_run3_front.csv
3,Statlog German,SNSGAII,3,6,8,0.009259259259,0.27125,0.72875,False,False,40,3,37,0,0,0.925,0.0,0.0,2,1,False,False,False,0,0,0.0,True,True,False,2.5925789293168577e-13,/home/nez/Desktop/tesis-snn/platemo-cpp/results/ds3_snsgaii/fronts/SNSGAII_ds3_nh40_run3_front.csv
3,Statlog German,SNSGAII,3,7,8,0.001851851852,0.29875,0.7012499999999999,False,False,40,1,39,0,0,0.975,0.0,0.0,1,0,False,True,True,1,0,0.0,True,False,True,1.481479869336333e-13,/home/nez/Desktop/tesis-snn/platemo-cpp/results/ds3_snsgaii/fronts/SNSGAII_ds3_nh40_run3_front.csv
3,Statlog German,SNSGAII,4,0,9,0.0009259259259,0.43875,0.56125,False,False,40,0,39,0,1,0.975,0.0,0.025,1,0,False,True,True,1,0,0.0,False,False,True,2.5925984449559625e-14,/home/nez/Desktop/tesis-snn/platemo-cpp/results/ds3_snsgaii/fronts/SNSGAII_ds3_nh40_run4_front.csv
3,Statlog German,SNSGAII,4,1,9,0.001851851852,0.28125,0.71875,False,False,40,1,39,0,0,0.975,0.0,0.0,1,0,False,True,True,1,0,0.0,True,False,True,1.481479869336333e-13,/home/nez/Desktop/tesis-snn/platemo-cpp/results/ds3_snsgaii/fronts/SNSGAII_ds3_nh40_run4_front.csv
3,Statlog German,SNSGAII,4,2,9,0.01018518519,0.27875,0.72125,False,False,40,1,32,5,2,0.8,0.125,0.05,2,1,False,False,False,0,0,0.0,True,False,True,4.814813478470903e-12,/home/nez/Desktop/tesis-snn/platemo-cpp/results/ds3_snsgaii/fronts/SNSGAII_ds3_nh40_run4_front.csv
3,Statlog German,SNSGAII,4,3,9,0.02407407407,0.24625,0.75375,False,True,40,6,28,5,1,0.7,0.125,0.025,5,2,False,False,False,0,0,0.0,True,True,False,4.0740744111644744e-12,/home/nez/Desktop/tesis-snn/platemo-cpp/results/ds3_snsgaii/fronts/SNSGAII_ds3_nh40_run4_front.csv
3,Statlog German,SNSGAII,4,4,9,0.01851851852,0.2475,0.7525,False,False,40,6,33,1,0,0.825,0.025,0.0,4,2,False,False,False,0,0,0.0,True,True,False,1.4814816040598089e-12,/home/nez/Desktop/tesis-snn/platemo-cpp/results/ds3_snsgaii/fronts/SNSGAII_ds3_nh40_run4_front.csv
3,Statlog German,SNSGAII,4,5,9,0.0,0.45,0.55,True,False,40,0,40,0,0,1.0,0.0,0.0,0,0,True,True,True,2,0,0.0,False,False,True,0.0,/home/nez/Desktop/tesis-snn/platemo-cpp/results/ds3_snsgaii/fronts/SNSGAII_ds3_nh40_run4_front.csv
3,Statlog German,SNSGAII,4,6,9,0.01481481481,0.2575,0.7424999999999999,False,False,40,6,34,0,0,0.85,0.0,0.0,4,2,False,False,False,0,0,0.0,True,True,False,4.814815213194379e-12,/home/nez/Desktop/tesis-snn/platemo-cpp/results/ds3_snsgaii/fronts/SNSGAII_ds3_nh40_run4_front.csv
3,Statlog German,SNSGAII,4,7,9,0.01388888889,0.26875,0.73125,False,False,40,5,34,1,0,0.85,0.025,0.0,3,2,False,False,False,0,0,0.0,True,True,False,1.1111112030448567e-12,/home/nez/Desktop/tesis-snn/platemo-cpp/results/ds3_snsgaii/fronts/SNSGAII_ds3_nh40_run4_front.csv
3,Statlog German,SNSGAII,4,8,9,0.01574074074,0.25,0.75,False,False,40,6,34,0,0,0.85,0.0,0.0,4,2,False,False,False,0,0,0.0,True,True,False,7.407408020299044e-13,/home/nez/Desktop/tesis-snn/platemo-cpp/results/ds3_snsgaii/fronts/SNSGAII_ds3_nh40_run4_front.csv
3,Statlog German,SNSGAII,5,0,10,0.0,0.455,0.5449999999999999,True,False,40,0,40,0,0,1.0,0.0,0.0,0,0,True,True,True,2,0,0.0,False,False,True,0.0,/home/nez/Desktop/tesis-snn/platemo-cpp/results/ds3_snsgaii/fronts/SNSGAII_ds3_nh40_run5_front.csv
3,Statlog German,SNSGAII,5,1,10,0.0009259259259,0.44375,0.55625,False,False,40,0,39,1,0,0.975,0.025,0.0,0,0,True,True,True,2,0,0.0,False,False,True,2.5925984449559625e-14,/home/nez/Desktop/tesis-snn/platemo-cpp/results/ds3_snsgaii/fronts/SNSGAII_ds3_nh40_run5_front.csv
3,Statlog German,SNSGAII,5,2,10,0.01944444444,0.26125,0.73875,False,False,40,7,29,4,0,0.725,0.1,0.0,3,4,False,False,False,0,0,0.0,True,True,False,4.444444812179427e-12,/home/nez/Desktop/tesis-snn/platemo-cpp/results/ds3_snsgaii/fronts/SNSGAII_ds3_nh40_run5_front.csv
3,Statlog German,SNSGAII,5,3,10,0.01388888889,0.26625,0.73375,False,False,40,6,33,1,0,0.825,0.025,0.0,3,3,False,False,False,0,0,0.0,True,True,False,1.1111112030448567e-12,/home/nez/Desktop/tesis-snn/platemo-cpp/results/ds3_snsgaii/fronts/SNSGAII_ds3_nh40_run5_front.csv
3,Statlog German,SNSGAII,5,4,10,0.009259259259,0.275,0.725,False,False,40,3,35,2,0,0.875,0.05,0.0,2,1,False,False,False,0,0,0.0,True,True,False,2.5925789293168577e-13,/home/nez/Desktop/tesis-snn/platemo-cpp/results/ds3_snsgaii/fronts/SNSGAII_ds3_nh40_run5_front.csv
3,Statlog German,SNSGAII,5,5,10,0.03148148148,0.24875,0.75125,False,True,40,7,20,12,1,0.5,0.3,0.025,3,5,False,False,False,0,0,0.0,True,True,False,1.4814816040598089e-12,/home/nez/Desktop/tesis-snn/platemo-cpp/results/ds3_snsgaii/fronts/SNSGAII_ds3_nh40_run5_front.csv
3,Statlog German,SNSGAII,5,6,10,0.025,0.25125,0.74875,False,False,40,7,25,7,1,0.625,0.175,0.025,3,5,False,False,False,0,0,0.0,True,True,False,0.0,/home/nez/Desktop/tesis-snn/platemo-cpp/results/ds3_snsgaii/fronts/SNSGAII_ds3_nh40_run5_front.csv
3,Statlog German,SNSGAII,5,7,10,0.003703703704,0.295,0.7050000000000001,False,False,40,2,38,0,0,0.95,0.0,0.0,1,1,False,False,False,0,0,0.0,True,True,False,2.962959738672666e-13,/home/nez/Desktop/tesis-snn/platemo-cpp/results/ds3_snsgaii/fronts/SNSGAII_ds3_nh40_run5_front.csv
3,Statlog German,SNSGAII,5,8,10,0.007407407407,0.2775,0.7224999999999999,False,False,40,3,37,0,0,0.925,0.0,0.0,2,1,False,False,False,0,0,0.0,True,True,False,4.0740761458879504e-13,/home/nez/Desktop/tesis-snn/platemo-cpp/results/ds3_snsgaii/fronts/SNSGAII_ds3_nh40_run5_front.csv
3,Statlog German,SNSGAII,5,9,10,0.001851851852,0.29875,0.7012499999999999,False,False,40,1,39,0,0,0.975,0.0,0.0,1,0,False,True,True,1,0,0.0,True,False,True,1.481479869336333e-13,/home/nez/Desktop/tesis-snn/platemo-cpp/results/ds3_snsgaii/fronts/SNSGAII_ds3_nh40_run5_front.csv
3,Statlog German,SNSGAII,6,0,8,0.02314814815,0.27875,0.72125,False,True,40,3,26,11,0,0.65,0.275,0.0,2,1,False,False,False,0,0,0.0,True,True,False,1.851852005074761e-12,/home/nez/Desktop/tesis-snn/platemo-cpp/results/ds3_snsgaii/fronts/SNSGAII_ds3_nh40_run6_front.csv
3,Statlog German,SNSGAII,6,1,8,0.0009259259259,0.43625,0.56375,False,False,40,0,39,0,1,0.975,0.0,0.025,1,0,False,True,True,1,0,0.0,False,False,True,2.5925984449559625e-14,/home/nez/Desktop/tesis-snn/platemo-cpp/results/ds3_snsgaii/fronts/SNSGAII_ds3_nh40_run6_front.csv
3,Statlog German,SNSGAII,6,2,8,0.01851851852,0.28,0.72,False,False,40,3,29,8,0,0.725,0.2,0.0,2,1,False,False,False,0,1,0.025,True,True,False,1.4814816040598089e-12,/home/nez/Desktop/tesis-snn/platemo-cpp/results/ds3_snsgaii/fronts/SNSGAII_ds3_nh40_run6_front.csv
3,Statlog German,SNSGAII,6,3,8,0.01111111111,0.28125,0.71875,False,False,40,3,34,3,0,0.85,0.075,0.0,2,1,False,False,False,0,0,0.0,True,True,False,1.1111112030448567e-12,/home/nez/Desktop/tesis-snn/platemo-cpp/results/ds3_snsgaii/fronts/SNSGAII_ds3_nh40_run6_front.csv
3,Statlog German,SNSGAII,6,4,8,0.005555555556,0.28625,0.71375,False,False,40,2,38,0,0,0.95,0.0,0.0,1,1,False,False,False,0,0,0.0,True,True,False,4.4444396080089987e-13,/home/nez/Desktop/tesis-snn/platemo-cpp/results/ds3_snsgaii/fronts/SNSGAII_ds3_nh40_run6_front.csv
3,Statlog German,SNSGAII,6,5,8,0.01018518519,0.285,0.7150000000000001,False,False,40,3,35,2,0,0.875,0.05,0.0,2,1,False,False,False,0,0,0.0,True,True,False,4.814813478470903e-12,/home/nez/Desktop/tesis-snn/platemo-cpp/results/ds3_snsgaii/fronts/SNSGAII_ds3_nh40_run6_front.csv
3,Statlog German,SNSGAII,6,6,8,0.001851851852,0.29875,0.7012499999999999,False,False,40,1,39,0,0,0.975,0.0,0.0,1,0,False,True,True,1,0,0.0,True,False,True,1.481479869336333e-13,/home/nez/Desktop/tesis-snn/platemo-cpp/results/ds3_snsgaii/fronts/SNSGAII_ds3_nh40_run6_front.csv
3,Statlog German,SNSGAII,6,7,8,0.0,0.445,0.5549999999999999,True,False,40,0,40,0,0,1.0,0.0,0.0,0,0,True,True,True,2,0,0.0,False,False,True,0.0,/home/nez/Desktop/tesis-snn/platemo-cpp/results/ds3_snsgaii/fronts/SNSGAII_ds3_nh40_run6_front.csv
3,Statlog German,SNSGAII,7,0,8,0.0,0.43625,0.56375,True,False,40,0,40,0,0,1.0,0.0,0.0,0,0,True,True,True,2,0,0.0,False,False,True,0.0,/home/nez/Desktop/tesis-snn/platemo-cpp/results/ds3_snsgaii/fronts/SNSGAII_ds3_nh40_run7_front.csv
3,Statlog German,SNSGAII,7,1,8,0.03425925926,0.24625,0.75375,False,True,40,6,22,10,2,0.55,0.25,0.05,5,3,False,False,False,0,0,0.0,True,True,False,7.407408020299044e-13,/home/nez/Desktop/tesis-snn/platemo-cpp/results/ds3_snsgaii/fronts/SNSGAII_ds3_nh40_run7_front.csv
3,Statlog German,SNSGAII,7,2,8,0.01018518519,0.26875,0.73125,False,False,40,4,36,0,0,0.9,0.0,0.0,3,1,False,False,False,0,0,0.0,True,True,False,4.814813478470903e-12,/home/nez/Desktop/tesis-snn/platemo-cpp/results/ds3_snsgaii/fronts/SNSGAII_ds3_nh40_run7_front.csv
3,Statlog German,SNSGAII,7,3,8,0.01296296296,0.2525,0.7475,False,False,40,4,35,1,0,0.875,0.025,0.0,3,1,False,False,False,0,0,0.0,True,True,False,2.9629632081196178e-12,/home/nez/Desktop/tesis-snn/platemo-cpp/results/ds3_snsgaii/fronts/SNSGAII_ds3_nh40_run7_front.csv
3,Statlog German,SNSGAII,7,4,8,0.006481481481,0.2825,0.7175,False,False,40,3,37,0,0,0.925,0.0,0.0,2,1,False,False,False,0,0,0.0,True,True,False,4.814811743747427e-13,/home/nez/Desktop/tesis-snn/platemo-cpp/results/ds3_snsgaii/fronts/SNSGAII_ds3_nh40_run7_front.csv
3,Statlog German,SNSGAII,7,5,8,0.01203703704,0.255,0.745,False,False,40,4,36,0,0,0.9,0.0,0.0,3,1,False,False,False,0,0,0.0,True,True,False,2.9629632081196178e-12,/home/nez/Desktop/tesis-snn/platemo-cpp/results/ds3_snsgaii/fronts/SNSGAII_ds3_nh40_run7_front.csv
3,Statlog German,SNSGAII,7,6,8,0.01111111111,0.2625,0.7375,False,False,40,4,36,0,0,0.9,0.0,0.0,3,1,False,False,False,0,0,0.0,True,True,False,1.1111112030448567e-12,/home/nez/Desktop/tesis-snn/platemo-cpp/results/ds3_snsgaii/fronts/SNSGAII_ds3_nh40_run7_front.csv
3,Statlog German,SNSGAII,7,7,8,0.001851851852,0.29875,0.7012499999999999,False,False,40,1,39,0,0,0.975,0.0,0.0,1,0,False,True,True,1,0,0.0,True,False,True,1.481479869336333e-13,/home/nez/Desktop/tesis-snn/platemo-cpp/results/ds3_snsgaii/fronts/SNSGAII_ds3_nh40_run7_front.csv
3,Statlog German,SNSGAII,8,0,9,0.01111111111,0.25375,0.7462500000000001,False,False,40,4,35,0,1,0.875,0.0,0.025,2,3,False,False,False,0,0,0.0,True,True,False,1.1111112030448567e-12,/home/nez/Desktop/tesis-snn/platemo-cpp/results/ds3_snsgaii/fronts/SNSGAII_ds3_nh40_run8_front.csv
3,Statlog German,SNSGAII,8,1,9,0.009259259259,0.265,0.735,False,False,40,4,36,0,0,0.9,0.0,0.0,2,2,False,False,False,0,0,0.0,True,True,False,2.5925789293168577e-13,/home/nez/Desktop/tesis-snn/platemo-cpp/results/ds3_snsgaii/fronts/SNSGAII_ds3_nh40_run8_front.csv
3,Statlog German,SNSGAII,8,2,9,0.0,0.44,0.56,True,False,40,0,40,0,0,1.0,0.0,0.0,0,0,True,True,True,2,0,0.0,False,False,True,0.0,/home/nez/Desktop/tesis-snn/platemo-cpp/results/ds3_snsgaii/fronts/SNSGAII_ds3_nh40_run8_front.csv
3,Statlog German,SNSGAII,8,3,9,0.005555555556,0.28625,0.71375,False,False,40,3,37,0,0,0.925,0.0,0.0,2,1,False,False,False,0,0,0.0,True,True,False,4.4444396080089987e-13,/home/nez/Desktop/tesis-snn/platemo-cpp/results/ds3_snsgaii/fronts/SNSGAII_ds3_nh40_run8_front.csv
3,Statlog German,SNSGAII,8,4,9,0.01388888889,0.24875,0.75125,False,False,40,5,33,2,0,0.825,0.05,0.0,2,3,False,False,False,0,0,0.0,True,True,False,1.1111112030448567e-12,/home/nez/Desktop/tesis-snn/platemo-cpp/results/ds3_snsgaii/fronts/SNSGAII_ds3_nh40_run8_front.csv
3,Statlog German,SNSGAII,8,5,9,0.01018518519,0.255,0.745,False,False,40,4,36,0,0,0.9,0.0,0.0,2,2,False,False,False,0,0,0.0,True,True,False,4.814813478470903e-12,/home/nez/Desktop/tesis-snn/platemo-cpp/results/ds3_snsgaii/fronts/SNSGAII_ds3_nh40_run8_front.csv
3,Statlog German,SNSGAII,8,6,9,0.007407407407,0.26625,0.73375,False,False,40,4,36,0,0,0.9,0.0,0.0,2,2,False,False,False,0,0,0.0,True,True,False,4.0740761458879504e-13,/home/nez/Desktop/tesis-snn/platemo-cpp/results/ds3_snsgaii/fronts/SNSGAII_ds3_nh40_run8_front.csv
3,Statlog German,SNSGAII,8,7,9,0.001851851852,0.29875,0.7012499999999999,False,False,40,1,39,0,0,0.975,0.0,0.0,1,0,False,True,True,1,0,0.0,True,False,True,1.481479869336333e-13,/home/nez/Desktop/tesis-snn/platemo-cpp/results/ds3_snsgaii/fronts/SNSGAII_ds3_nh40_run8_front.csv
3,Statlog German,SNSGAII,8,8,9,0.02222222222,0.245,0.755,False,True,40,5,24,11,0,0.6,0.275,0.0,2,3,False,False,False,0,0,0.0,True,True,False,2.2222224060897133e-12,/home/nez/Desktop/tesis-snn/platemo-cpp/results/ds3_snsgaii/fronts/SNSGAII_ds3_nh40_run8_front.csv
3,Statlog German,SNSGAII,9,0,9,0.0212962963,0.26875,0.73125,False,True,40,3,25,12,0,0.625,0.3,0.0,2,2,False,False,False,0,1,0.025,True,True,False,3.703704010149522e-12,/home/nez/Desktop/tesis-snn/platemo-cpp/results/ds3_snsgaii/fronts/SNSGAII_ds3_nh40_run9_front.csv
3,Statlog German,SNSGAII,9,1,9,0.01388888889,0.27,0.73,False,False,40,3,32,5,0,0.8,0.125,0.0,2,2,False,False,False,0,0,0.0,True,True,False,1.1111112030448567e-12,/home/nez/Desktop/tesis-snn/platemo-cpp/results/ds3_snsgaii/fronts/SNSGAII_ds3_nh40_run9_front.csv
3,Statlog German,SNSGAII,9,2,9,0.0,0.44875,0.55125,True,False,40,0,40,0,0,1.0,0.0,0.0,0,0,True,True,True,2,0,0.0,False,False,True,0.0,/home/nez/Desktop/tesis-snn/platemo-cpp/results/ds3_snsgaii/fronts/SNSGAII_ds3_nh40_run9_front.csv
3,Statlog German,SNSGAII,9,3,9,0.005555555556,0.28,0.72,False,False,40,2,37,0,1,0.925,0.0,0.025,2,1,False,False,False,0,0,0.0,True,True,False,4.4444396080089987e-13,/home/nez/Desktop/tesis-snn/platemo-cpp/results/ds3_snsgaii/fronts/SNSGAII_ds3_nh40_run9_front.csv
3,Statlog German,SNSGAII,9,4,9,0.01203703704,0.2775,0.7224999999999999,False,False,40,3,34,3,0,0.85,0.075,0.0,2,2,False,False,False,0,0,0.0,True,True,False,2.9629632081196178e-12,/home/nez/Desktop/tesis-snn/platemo-cpp/results/ds3_snsgaii/fronts/SNSGAII_ds3_nh40_run9_front.csv
3,Statlog German,SNSGAII,9,5,9,0.00462962963,0.285,0.7150000000000001,False,False,40,2,38,0,0,0.95,0.0,0.0,1,1,False,False,False,0,0,0.0,True,True,False,3.703704010149522e-13,/home/nez/Desktop/tesis-snn/platemo-cpp/results/ds3_snsgaii/fronts/SNSGAII_ds3_nh40_run9_front.csv
3,Statlog German,SNSGAII,9,6,9,0.001851851852,0.29875,0.7012499999999999,False,False,40,1,39,0,0,0.975,0.0,0.0,1,0,False,True,True,1,0,0.0,True,False,True,1.481479869336333e-13,/home/nez/Desktop/tesis-snn/platemo-cpp/results/ds3_snsgaii/fronts/SNSGAII_ds3_nh40_run9_front.csv
3,Statlog German,SNSGAII,9,7,9,0.01296296296,0.275,0.725,False,False,40,3,31,5,1,0.775,0.125,0.025,3,2,False,False,False,0,1,0.025,True,True,False,2.9629632081196178e-12,/home/nez/Desktop/tesis-snn/platemo-cpp/results/ds3_snsgaii/fronts/SNSGAII_ds3_nh40_run9_front.csv
3,Statlog German,SNSGAII,9,8,9,0.0009259259259,0.44375,0.55625,False,False,40,0,39,0,1,0.975,0.0,0.025,1,0,False,True,True,1,0,0.0,False,False,True,2.5925984449559625e-14,/home/nez/Desktop/tesis-snn/platemo-cpp/results/ds3_snsgaii/fronts/SNSGAII_ds3_nh40_run9_front.csv
3,Statlog German,SNSGAII,10,0,11,0.02777777778,0.235,0.765,False,True,40,4,24,10,2,0.6,0.25,0.05,3,3,False,False,False,0,0,0.0,True,True,False,2.2222224060897133e-12,/home/nez/Desktop/tesis-snn/platemo-cpp/results/ds3_snsgaii/fronts/SNSGAII_ds3_nh40_run10_front.csv
3,Statlog German,SNSGAII,10,1,11,0.006481481481,0.26625,0.73375,False,False,40,2,38,0,0,0.95,0.0,0.0,1,1,False,False,False,0,0,0.0,True,True,False,4.814811743747427e-13,/home/nez/Desktop/tesis-snn/platemo-cpp/results/ds3_snsgaii/fronts/SNSGAII_ds3_nh40_run10_front.csv
3,Statlog German,SNSGAII,10,2,11,0.0,0.4575,0.5425,True,False,40,0,40,0,0,1.0,0.0,0.0,0,0,True,True,True,2,0,0.0,False,False,True,0.0,/home/nez/Desktop/tesis-snn/platemo-cpp/results/ds3_snsgaii/fronts/SNSGAII_ds3_nh40_run10_front.csv
3,Statlog German,SNSGAII,10,3,11,0.0009259259259,0.44875,0.55125,False,False,40,0,39,1,0,0.975,0.025,0.0,0,0,True,True,True,2,0,0.0,False,False,True,2.5925984449559625e-14,/home/nez/Desktop/tesis-snn/platemo-cpp/results/ds3_snsgaii/fronts/SNSGAII_ds3_nh40_run10_front.csv
3,Statlog German,SNSGAII,10,4,11,0.01851851852,0.24125,0.75875,False,False,40,4,31,4,1,0.775,0.1,0.025,3,2,False,False,False,0,0,0.0,True,True,False,1.4814816040598089e-12,/home/nez/Desktop/tesis-snn/platemo-cpp/results/ds3_snsgaii/fronts/SNSGAII_ds3_nh40_run10_front.csv
3,Statlog German,SNSGAII,10,5,11,0.01388888889,0.25875,0.74125,False,False,40,4,35,1,0,0.875,0.025,0.0,2,2,False,False,False,0,0,0.0,True,True,False,1.1111112030448567e-12,/home/nez/Desktop/tesis-snn/platemo-cpp/results/ds3_snsgaii/fronts/SNSGAII_ds3_nh40_run10_front.csv
3,Statlog German,SNSGAII,10,6,11,0.00462962963,0.29125,0.70875,False,False,40,2,38,0,0,0.95,0.0,0.0,1,1,False,False,False,0,0,0.0,True,True,False,3.703704010149522e-13,/home/nez/Desktop/tesis-snn/platemo-cpp/results/ds3_snsgaii/fronts/SNSGAII_ds3_nh40_run10_front.csv
3,Statlog German,SNSGAII,10,7,11,0.01481481481,0.24875,0.75125,False,False,40,4,35,1,0,0.875,0.025,0.0,2,2,False,False,False,0,0,0.0,True,True,False,4.814815213194379e-12,/home/nez/Desktop/tesis-snn/platemo-cpp/results/ds3_snsgaii/fronts/SNSGAII_ds3_nh40_run10_front.csv
3,Statlog German,SNSGAII,10,8,11,0.001851851852,0.29875,0.7012499999999999,False,False,40,1,39,0,0,0.975,0.0,0.0,1,0,False,True,True,1,0,0.0,True,False,True,1.481479869336333e-13,/home/nez/Desktop/tesis-snn/platemo-cpp/results/ds3_snsgaii/fronts/SNSGAII_ds3_nh40_run10_front.csv
3,Statlog German,SNSGAII,10,9,11,0.01574074074,0.2425,0.7575000000000001,False,False,40,4,34,2,0,0.85,0.05,0.0,2,2,False,False,False,0,0,0.0,True,True,False,7.407408020299044e-13,/home/nez/Desktop/tesis-snn/platemo-cpp/results/ds3_snsgaii/fronts/SNSGAII_ds3_nh40_run10_front.csv
3,Statlog German,SNSGAII,10,10,11,0.005555555556,0.28375,0.71625,False,False,40,2,38,0,0,0.95,0.0,0.0,1,1,False,False,False,0,0,0.0,True,True,False,4.4444396080089987e-13,/home/nez/Desktop/tesis-snn/platemo-cpp/results/ds3_snsgaii/fronts/SNSGAII_ds3_nh40_run10_front.csv
3,Statlog German,SNSGAII,11,0,9,0.007407407407,0.27875,0.72125,False,False,40,2,38,0,0,0.95,0.0,0.0,1,1,False,False,False,0,0,0.0,True,True,False,4.0740761458879504e-13,/home/nez/Desktop/tesis-snn/platemo-cpp/results/ds3_snsgaii/fronts/SNSGAII_ds3_nh40_run11_front.csv
3,Statlog German,SNSGAII,11,1,9,0.0,0.4525,0.5475,True,False,40,0,40,0,0,1.0,0.0,0.0,0,0,True,True,True,2,0,0.0,False,False,True,0.0,/home/nez/Desktop/tesis-snn/platemo-cpp/results/ds3_snsgaii/fronts/SNSGAII_ds3_nh40_run11_front.csv
3,Statlog German,SNSGAII,11,2,9,0.00462962963,0.285,0.7150000000000001,False,False,40,2,38,0,0,0.95,0.0,0.0,1,1,False,False,False,0,0,0.0,True,True,False,3.703704010149522e-13,/home/nez/Desktop/tesis-snn/platemo-cpp/results/ds3_snsgaii/fronts/SNSGAII_ds3_nh40_run11_front.csv
3,Statlog German,SNSGAII,11,3,9,0.01666666667,0.25875,0.74125,False,True,40,3,29,7,1,0.725,0.175,0.025,2,2,False,False,False,0,0,0.0,True,True,False,3.33333360913457e-12,/home/nez/Desktop/tesis-snn/platemo-cpp/results/ds3_snsgaii/fronts/SNSGAII_ds3_nh40_run11_front.csv
3,Statlog German,SNSGAII,11,4,9,0.0009259259259,0.43375,0.5662499999999999,False,False,40,0,39,0,1,0.975,0.0,0.025,1,0,False,True,True,1,0,0.0,False,False,True,2.5925984449559625e-14,/home/nez/Desktop/tesis-snn/platemo-cpp/results/ds3_snsgaii/fronts/SNSGAII_ds3_nh40_run11_front.csv
3,Statlog German,SNSGAII,11,5,9,0.009259259259,0.27,0.73,False,False,40,3,36,1,0,0.9,0.025,0.0,1,2,False,False,False,0,0,0.0,True,True,False,2.5925789293168577e-13,/home/nez/Desktop/tesis-snn/platemo-cpp/results/ds3_snsgaii/fronts/SNSGAII_ds3_nh40_run11_front.csv
3,Statlog German,SNSGAII,11,6,9,0.01111111111,0.26,0.74,False,False,40,3,36,1,0,0.9,0.025,0.0,1,2,False,False,False,0,0,0.0,True,True,False,1.1111112030448567e-12,/home/nez/Desktop/tesis-snn/platemo-cpp/results/ds3_snsgaii/fronts/SNSGAII_ds3_nh40_run11_front.csv
3,Statlog German,SNSGAII,11,7,9,0.01018518519,0.26125,0.73875,False,False,40,3,36,1,0,0.9,0.025,0.0,1,2,False,False,False,0,0,0.0,True,True,False,4.814813478470903e-12,/home/nez/Desktop/tesis-snn/platemo-cpp/results/ds3_snsgaii/fronts/SNSGAII_ds3_nh40_run11_front.csv
3,Statlog German,SNSGAII,11,8,9,0.001851851852,0.29875,0.7012499999999999,False,False,40,1,39,0,0,0.975,0.0,0.0,1,0,False,True,True,1,0,0.0,True,False,True,1.481479869336333e-13,/home/nez/Desktop/tesis-snn/platemo-cpp/results/ds3_snsgaii/fronts/SNSGAII_ds3_nh40_run11_front.csv
3,Statlog German,SNSGAII,12,0,3,0.0,0.45375,0.54625,True,False,40,0,40,0,0,1.0,0.0,0.0,0,0,True,True,True,2,0,0.0,False,False,True,0.0,/home/nez/Desktop/tesis-snn/platemo-cpp/results/ds3_snsgaii/fronts/SNSGAII_ds3_nh40_run12_front.csv
3,Statlog German,SNSGAII,12,1,3,0.00462962963,0.2825,0.7175,False,True,40,2,38,0,0,0.95,0.0,0.0,1,1,False,False,False,0,0,0.0,True,True,False,3.703704010149522e-13,/home/nez/Desktop/tesis-snn/platemo-cpp/results/ds3_snsgaii/fronts/SNSGAII_ds3_nh40_run12_front.csv
3,Statlog German,SNSGAII,12,2,3,0.001851851852,0.29875,0.7012499999999999,False,False,40,1,39,0,0,0.975,0.0,0.0,1,0,False,True,True,1,0,0.0,True,False,True,1.481479869336333e-13,/home/nez/Desktop/tesis-snn/platemo-cpp/results/ds3_snsgaii/fronts/SNSGAII_ds3_nh40_run12_front.csv
3,Statlog German,SNSGAII,13,0,11,0.06574074074,0.2525,0.7475,False,True,40,8,10,19,3,0.25,0.475,0.075,4,8,False,False,False,0,2,0.05,True,True,False,7.407408020299044e-13,/home/nez/Desktop/tesis-snn/platemo-cpp/results/ds3_snsgaii/fronts/SNSGAII_ds3_nh40_run13_front.csv
3,Statlog German,SNSGAII,13,1,11,0.009259259259,0.28125,0.71875,False,False,40,5,35,0,0,0.875,0.0,0.0,2,3,False,False,False,0,0,0.0,True,True,False,2.5925789293168577e-13,/home/nez/Desktop/tesis-snn/platemo-cpp/results/ds3_snsgaii/fronts/SNSGAII_ds3_nh40_run13_front.csv
3,Statlog German,SNSGAII,13,2,11,0.0009259259259,0.44375,0.55625,False,False,40,0,39,0,1,0.975,0.0,0.025,1,0,False,True,True,1,0,0.0,False,False,True,2.5925984449559625e-14,/home/nez/Desktop/tesis-snn/platemo-cpp/results/ds3_snsgaii/fronts/SNSGAII_ds3_nh40_run13_front.csv
3,Statlog German,SNSGAII,13,3,11,0.02222222222,0.2625,0.7375,False,False,40,5,27,7,1,0.675,0.175,0.025,2,4,False,False,False,0,0,0.0,True,True,False,2.2222224060897133e-12,/home/nez/Desktop/tesis-snn/platemo-cpp/results/ds3_snsgaii/fronts/SNSGAII_ds3_nh40_run13_front.csv
3,Statlog German,SNSGAII,13,4,11,0.0,0.45,0.55,True,False,40,0,40,0,0,1.0,0.0,0.0,0,0,True,True,True,2,0,0.0,False,False,True,0.0,/home/nez/Desktop/tesis-snn/platemo-cpp/results/ds3_snsgaii/fronts/SNSGAII_ds3_nh40_run13_front.csv
3,Statlog German,SNSGAII,13,5,11,0.01759259259,0.265,0.735,False,False,40,6,29,4,1,0.725,0.1,0.025,2,5,False,False,False,0,0,0.0,True,True,False,2.5925928071046656e-12,/home/nez/Desktop/tesis-snn/platemo-cpp/results/ds3_snsgaii/fronts/SNSGAII_ds3_nh40_run13_front.csv
3,Statlog German,SNSGAII,13,6,11,0.03148148148,0.25375,0.7462500000000001,False,False,40,6,21,12,1,0.525,0.3,0.025,2,5,False,False,False,0,1,0.025,True,True,False,1.4814816040598089e-12,/home/nez/Desktop/tesis-snn/platemo-cpp/results/ds3_snsgaii/fronts/SNSGAII_ds3_nh40_run13_front.csv
3,Statlog German,SNSGAII,13,7,11,0.01481481481,0.26875,0.73125,False,False,40,6,31,2,1,0.775,0.05,0.025,2,5,False,False,False,0,0,0.0,True,True,False,4.814815213194379e-12,/home/nez/Desktop/tesis-snn/platemo-cpp/results/ds3_snsgaii/fronts/SNSGAII_ds3_nh40_run13_front.csv
3,Statlog German,SNSGAII,13,8,11,0.01388888889,0.2725,0.7275,False,False,40,6,32,1,1,0.8,0.025,0.025,2,5,False,False,False,0,0,0.0,True,True,False,1.1111112030448567e-12,/home/nez/Desktop/tesis-snn/platemo-cpp/results/ds3_snsgaii/fronts/SNSGAII_ds3_nh40_run13_front.csv
3,Statlog German,SNSGAII,13,9,11,0.001851851852,0.29875,0.7012499999999999,False,False,40,1,39,0,0,0.975,0.0,0.0,1,0,False,True,True,1,0,0.0,True,False,True,1.481479869336333e-13,/home/nez/Desktop/tesis-snn/platemo-cpp/results/ds3_snsgaii/fronts/SNSGAII_ds3_nh40_run13_front.csv
3,Statlog German,SNSGAII,13,10,11,0.005555555556,0.28875,0.7112499999999999,False,False,40,3,37,0,0,0.925,0.0,0.0,1,2,False,False,False,0,0,0.0,True,True,False,4.4444396080089987e-13,/home/nez/Desktop/tesis-snn/platemo-cpp/results/ds3_snsgaii/fronts/SNSGAII_ds3_nh40_run13_front.csv
3,Statlog German,SNSGAII,14,0,13,0.02962962963,0.24125,0.75875,False,False,40,7,24,9,0,0.6,0.225,0.0,5,2,False,False,False,0,1,0.025,True,True,False,3.703704010149522e-13,/home/nez/Desktop/tesis-snn/platemo-cpp/results/ds3_snsgaii/fronts/SNSGAII_ds3_nh40_run14_front.csv
3,Statlog German,SNSGAII,14,1,13,0.01203703704,0.265,0.735,False,False,40,4,34,2,0,0.85,0.05,0.0,3,1,False,False,False,0,1,0.025,True,True,False,2.9629632081196178e-12,/home/nez/Desktop/tesis-snn/platemo-cpp/results/ds3_snsgaii/fronts/SNSGAII_ds3_nh40_run14_front.csv
3,Statlog German,SNSGAII,14,2,13,0.0212962963,0.25125,0.74875,False,False,40,6,29,5,0,0.725,0.125,0.0,4,2,False,False,False,0,1,0.025,True,True,False,3.703704010149522e-12,/home/nez/Desktop/tesis-snn/platemo-cpp/results/ds3_snsgaii/fronts/SNSGAII_ds3_nh40_run14_front.csv
3,Statlog German,SNSGAII,14,3,13,0.0,0.45125,0.5487500000000001,True,False,40,0,40,0,0,1.0,0.0,0.0,0,0,True,True,True,2,0,0.0,False,False,True,0.0,/home/nez/Desktop/tesis-snn/platemo-cpp/results/ds3_snsgaii/fronts/SNSGAII_ds3_nh40_run14_front.csv
3,Statlog German,SNSGAII,14,4,13,0.02314814815,0.24625,0.75375,False,False,40,7,29,4,0,0.725,0.1,0.0,5,2,False,False,False,0,1,0.025,True,True,False,1.851852005074761e-12,/home/nez/Desktop/tesis-snn/platemo-cpp/results/ds3_snsgaii/fronts/SNSGAII_ds3_nh40_run14_front.csv
3,Statlog German,SNSGAII,14,5,13,0.01018518519,0.27125,0.72875,False,False,40,4,36,0,0,0.9,0.0,0.0,3,1,False,False,False,0,1,0.025,True,True,False,4.814813478470903e-12,/home/nez/Desktop/tesis-snn/platemo-cpp/results/ds3_snsgaii/fronts/SNSGAII_ds3_nh40_run14_front.csv
3,Statlog German,SNSGAII,14,6,13,0.01759259259,0.2575,0.7424999999999999,False,False,40,5,31,4,0,0.775,0.1,0.0,4,1,False,False,False,0,1,0.025,True,True,False,2.5925928071046656e-12,/home/nez/Desktop/tesis-snn/platemo-cpp/results/ds3_snsgaii/fronts/SNSGAII_ds3_nh40_run14_front.csv
3,Statlog German,SNSGAII,14,7,13,0.03611111111,0.23125,0.76875,False,True,40,7,21,12,0,0.525,0.3,0.0,5,2,False,False,False,0,1,0.025,True,True,False,1.1111042641509528e-12,/home/nez/Desktop/tesis-snn/platemo-cpp/results/ds3_snsgaii/fronts/SNSGAII_ds3_nh40_run14_front.csv
3,Statlog German,SNSGAII,14,8,13,0.0009259259259,0.44,0.56,False,False,40,0,39,1,0,0.975,0.025,0.0,0,0,True,True,True,2,1,0.025,False,False,True,2.5925984449559625e-14,/home/nez/Desktop/tesis-snn/platemo-cpp/results/ds3_snsgaii/fronts/SNSGAII_ds3_nh40_run14_front.csv
3,Statlog German,SNSGAII,14,9,13,0.00462962963,0.28625,0.71375,False,False,40,1,39,0,0,0.975,0.0,0.0,1,0,False,True,True,1,0,0.0,True,False,True,3.703704010149522e-13,/home/nez/Desktop/tesis-snn/platemo-cpp/results/ds3_snsgaii/fronts/SNSGAII_ds3_nh40_run14_front.csv
3,Statlog German,SNSGAII,14,10,13,0.02685185185,0.2425,0.7575000000000001,False,False,40,7,26,7,0,0.65,0.175,0.0,5,2,False,False,False,0,1,0.025,True,True,False,1.851852005074761e-12,/home/nez/Desktop/tesis-snn/platemo-cpp/results/ds3_snsgaii/fronts/SNSGAII_ds3_nh40_run14_front.csv
3,Statlog German,SNSGAII,14,11,13,0.009259259259,0.2775,0.7224999999999999,False,False,40,4,36,0,0,0.9,0.0,0.0,3,1,False,False,False,0,1,0.025,True,True,False,2.5925789293168577e-13,/home/nez/Desktop/tesis-snn/platemo-cpp/results/ds3_snsgaii/fronts/SNSGAII_ds3_nh40_run14_front.csv
3,Statlog German,SNSGAII,14,12,13,0.001851851852,0.29875,0.7012499999999999,False,False,40,1,39,0,0,0.975,0.0,0.0,1,0,False,True,True,1,1,0.025,False,False,True,1.481479869336333e-13,/home/nez/Desktop/tesis-snn/platemo-cpp/results/ds3_snsgaii/fronts/SNSGAII_ds3_nh40_run14_front.csv
3,Statlog German,SNSGAII,15,0,13,0.1018518519,0.24375,0.75625,False,True,40,7,6,27,0,0.15,0.675,0.0,4,3,False,False,False,0,0,0.0,True,True,False,4.814815213194379e-11,/home/nez/Desktop/tesis-snn/platemo-cpp/results/ds3_snsgaii/fronts/SNSGAII_ds3_nh40_run15_front.csv
3,Statlog German,SNSGAII,15,1,13,0.07037037037,0.245,0.755,False,False,40,6,11,22,1,0.275,0.55,0.025,4,3,False,False,False,0,0,0.0,True,True,False,3.703704010149522e-13,/home/nez/Desktop/tesis-snn/platemo-cpp/results/ds3_snsgaii/fronts/SNSGAII_ds3_nh40_run15_front.csv
3,Statlog German,SNSGAII,15,2,13,0.0009259259259,0.44125,0.5587500000000001,False,False,40,0,39,1,0,0.975,0.025,0.0,0,0,True,True,True,2,0,0.0,False,False,True,2.5925984449559625e-14,/home/nez/Desktop/tesis-snn/platemo-cpp/results/ds3_snsgaii/fronts/SNSGAII_ds3_nh40_run15_front.csv
3,Statlog German,SNSGAII,15,3,13,0.03703703704,0.25125,0.74875,False,False,40,4,21,14,1,0.525,0.35,0.025,4,2,False,False,False,0,1,0.025,True,True,False,2.9629632081196178e-12,/home/nez/Desktop/tesis-snn/platemo-cpp/results/ds3_snsgaii/fronts/SNSGAII_ds3_nh40_run15_front.csv
3,Statlog German,SNSGAII,15,4,13,0.01203703704,0.275,0.725,False,False,40,3,33,4,0,0.825,0.1,0.0,2,1,False,False,False,0,1,0.025,True,True,False,2.9629632081196178e-12,/home/nez/Desktop/tesis-snn/platemo-cpp/results/ds3_snsgaii/fronts/SNSGAII_ds3_nh40_run15_front.csv
3,Statlog German,SNSGAII,15,5,13,0.007407407407,0.27625,0.72375,False,False,40,3,37,0,0,0.925,0.0,0.0,2,1,False,False,False,0,0,0.0,True,True,False,4.0740761458879504e-13,/home/nez/Desktop/tesis-snn/platemo-cpp/results/ds3_snsgaii/fronts/SNSGAII_ds3_nh40_run15_front.csv
3,Statlog German,SNSGAII,15,6,13,0.06944444444,0.24625,0.75375,False,False,40,6,11,22,1,0.275,0.55,0.025,4,3,False,False,False,0,0,0.0,True,True,False,4.444444812179427e-12,/home/nez/Desktop/tesis-snn/platemo-cpp/results/ds3_snsgaii/fronts/SNSGAII_ds3_nh40_run15_front.csv
3,Statlog German,SNSGAII,15,7,13,0.006481481481,0.28875,0.7112499999999999,False,False,40,3,37,0,0,0.925,0.0,0.0,2,1,False,False,False,0,0,0.0,True,True,False,4.814811743747427e-13,/home/nez/Desktop/tesis-snn/platemo-cpp/results/ds3_snsgaii/fronts/SNSGAII_ds3_nh40_run15_front.csv
3,Statlog German,SNSGAII,15,8,13,0.01851851852,0.25625,0.74375,False,False,40,4,33,3,0,0.825,0.075,0.0,3,2,False,False,False,0,0,0.0,True,True,False,1.4814816040598089e-12,/home/nez/Desktop/tesis-snn/platemo-cpp/results/ds3_snsgaii/fronts/SNSGAII_ds3_nh40_run15_front.csv
3,Statlog German,SNSGAII,15,9,13,0.01574074074,0.27,0.73,False,False,40,4,34,2,0,0.85,0.05,0.0,3,2,False,False,False,0,0,0.0,True,True,False,7.407408020299044e-13,/home/nez/Desktop/tesis-snn/platemo-cpp/results/ds3_snsgaii/fronts/SNSGAII_ds3_nh40_run15_front.csv
3,Statlog German,SNSGAII,15,10,13,0.01759259259,0.2625,0.7375,False,False,40,4,33,3,0,0.825,0.075,0.0,3,2,False,False,False,0,0,0.0,True,True,False,2.5925928071046656e-12,/home/nez/Desktop/tesis-snn/platemo-cpp/results/ds3_snsgaii/fronts/SNSGAII_ds3_nh40_run15_front.csv
3,Statlog German,SNSGAII,15,11,13,0.0,0.46375,0.53625,True,False,40,0,40,0,0,1.0,0.0,0.0,0,0,True,True,True,2,0,0.0,False,False,True,0.0,/home/nez/Desktop/tesis-snn/platemo-cpp/results/ds3_snsgaii/fronts/SNSGAII_ds3_nh40_run15_front.csv
3,Statlog German,SNSGAII,15,12,13,0.001851851852,0.29875,0.7012499999999999,False,False,40,1,39,0,0,0.975,0.0,0.0,1,0,False,True,True,1,0,0.0,True,False,True,1.481479869336333e-13,/home/nez/Desktop/tesis-snn/platemo-cpp/results/ds3_snsgaii/fronts/SNSGAII_ds3_nh40_run15_front.csv
3,Statlog German,SNSGAII,16,0,6,0.0009259259259,0.44375,0.55625,False,False,40,0,39,0,1,0.975,0.0,0.025,1,0,False,True,True,1,0,0.0,False,False,True,2.5925984449559625e-14,/home/nez/Desktop/tesis-snn/platemo-cpp/results/ds3_snsgaii/fronts/SNSGAII_ds3_nh40_run16_front.csv
3,Statlog German,SNSGAII,16,1,6,0.009259259259,0.29,0.71,False,False,40,5,35,0,0,0.875,0.0,0.0,3,2,False,False,False,0,0,0.0,True,True,False,2.5925789293168577e-13,/home/nez/Desktop/tesis-snn/platemo-cpp/results/ds3_snsgaii/fronts/SNSGAII_ds3_nh40_run16_front.csv
3,Statlog German,SNSGAII,16,2,6,0.0,0.45375,0.54625,True,False,40,0,40,0,0,1.0,0.0,0.0,0,0,True,True,True,2,0,0.0,False,False,True,0.0,/home/nez/Desktop/tesis-snn/platemo-cpp/results/ds3_snsgaii/fronts/SNSGAII_ds3_nh40_run16_front.csv
3,Statlog German,SNSGAII,16,3,6,0.008333333333,0.295,0.7050000000000001,False,False,40,4,35,0,1,0.875,0.0,0.025,3,2,False,False,False,0,0,0.0,True,True,False,3.333340548028474e-13,/home/nez/Desktop/tesis-snn/platemo-cpp/results/ds3_snsgaii/fronts/SNSGAII_ds3_nh40_run16_front.csv
3,Statlog German,SNSGAII,16,4,6,0.04351851852,0.28875,0.7112499999999999,False,True,40,3,24,13,0,0.6,0.325,0.0,2,2,False,False,False,0,1,0.025,True,True,False,1.4814816040598089e-12,/home/nez/Desktop/tesis-snn/platemo-cpp/results/ds3_snsgaii/fronts/SNSGAII_ds3_nh40_run16_front.csv
3,Statlog German,SNSGAII,16,5,6,0.001851851852,0.29875,0.7012499999999999,False,False,40,1,39,0,0,0.975,0.0,0.0,1,0,False,True,True,1,0,0.0,True,False,True,1.481479869336333e-13,/home/nez/Desktop/tesis-snn/platemo-cpp/results/ds3_snsgaii/fronts/SNSGAII_ds3_nh40_run16_front.csv
3,Statlog German,SNSGAII,17,0,6,0.01944444444,0.26375,0.7362500000000001,False,True,40,4,27,9,0,0.675,0.225,0.0,1,3,False,False,False,0,0,0.0,True,True,False,4.444444812179427e-12,/home/nez/Desktop/tesis-snn/platemo-cpp/results/ds3_snsgaii/fronts/SNSGAII_ds3_nh40_run17_front.csv
3,Statlog German,SNSGAII,17,1,6,0.0009259259259,0.43625,0.56375,False,False,40,0,39,0,1,0.975,0.0,0.025,1,0,False,True,True,1,0,0.0,False,False,True,2.5925984449559625e-14,/home/nez/Desktop/tesis-snn/platemo-cpp/results/ds3_snsgaii/fronts/SNSGAII_ds3_nh40_run17_front.csv
3,Statlog German,SNSGAII,17,2,6,0.0,0.4475,0.5525,True,False,40,0,40,0,0,1.0,0.0,0.0,0,0,True,True,True,2,0,0.0,False,False,True,0.0,/home/nez/Desktop/tesis-snn/platemo-cpp/results/ds3_snsgaii/fronts/SNSGAII_ds3_nh40_run17_front.csv
3,Statlog German,SNSGAII,17,3,6,0.007407407407,0.26875,0.73125,False,False,40,4,36,0,0,0.9,0.0,0.0,1,3,False,False,False,0,0,0.0,True,True,False,4.0740761458879504e-13,/home/nez/Desktop/tesis-snn/platemo-cpp/results/ds3_snsgaii/fronts/SNSGAII_ds3_nh40_run17_front.csv
3,Statlog German,SNSGAII,17,4,6,0.001851851852,0.27875,0.72125,False,False,40,1,39,0,0,0.975,0.0,0.0,1,0,False,True,True,1,0,0.0,True,False,True,1.481479869336333e-13,/home/nez/Desktop/tesis-snn/platemo-cpp/results/ds3_snsgaii/fronts/SNSGAII_ds3_nh40_run17_front.csv
3,Statlog German,SNSGAII,17,5,6,0.005555555556,0.2725,0.7275,False,False,40,3,37,0,0,0.925,0.0,0.0,1,2,False,False,False,0,0,0.0,True,True,False,4.4444396080089987e-13,/home/nez/Desktop/tesis-snn/platemo-cpp/results/ds3_snsgaii/fronts/SNSGAII_ds3_nh40_run17_front.csv
3,Statlog German,SNSGAII,18,0,5,0.0009259259259,0.43875,0.56125,False,False,40,0,39,1,0,0.975,0.025,0.0,0,0,True,True,True,2,0,0.0,False,False,True,2.5925984449559625e-14,/home/nez/Desktop/tesis-snn/platemo-cpp/results/ds3_snsgaii/fronts/SNSGAII_ds3_nh40_run18_front.csv
3,Statlog German,SNSGAII,18,1,5,0.007407407407,0.29375,0.70625,False,False,40,3,37,0,0,0.925,0.0,0.0,2,1,False,False,False,0,0,0.0,True,True,False,4.0740761458879504e-13,/home/nez/Desktop/tesis-snn/platemo-cpp/results/ds3_snsgaii/fronts/SNSGAII_ds3_nh40_run18_front.csv
3,Statlog German,SNSGAII,18,2,5,0.01018518519,0.29125,0.70875,False,True,40,3,34,3,0,0.85,0.075,0.0,2,1,False,False,False,0,0,0.0,True,True,False,4.814813478470903e-12,/home/nez/Desktop/tesis-snn/platemo-cpp/results/ds3_snsgaii/fronts/SNSGAII_ds3_nh40_run18_front.csv
3,Statlog German,SNSGAII,18,3,5,0.0,0.45625,0.54375,True,False,40,0,40,0,0,1.0,0.0,0.0,0,0,True,True,True,2,0,0.0,False,False,True,0.0,/home/nez/Desktop/tesis-snn/platemo-cpp/results/ds3_snsgaii/fronts/SNSGAII_ds3_nh40_run18_front.csv
3,Statlog German,SNSGAII,18,4,5,0.001851851852,0.29875,0.7012499999999999,False,False,40,1,39,0,0,0.975,0.0,0.0,1,0,False,True,True,1,0,0.0,True,False,True,1.481479869336333e-13,/home/nez/Desktop/tesis-snn/platemo-cpp/results/ds3_snsgaii/fronts/SNSGAII_ds3_nh40_run18_front.csv
3,Statlog German,SNSGAII,19,0,11,0.03981481481,0.23375,0.76625,False,True,40,6,17,14,3,0.425,0.35,0.075,5,4,False,False,False,0,0,0.0,True,True,False,4.814815213194379e-12,/home/nez/Desktop/tesis-snn/platemo-cpp/results/ds3_snsgaii/fronts/SNSGAII_ds3_nh40_run19_front.csv
3,Statlog German,SNSGAII,19,1,11,0.007407407407,0.26625,0.73375,False,False,40,2,38,0,0,0.95,0.0,0.0,1,1,False,False,False,0,0,0.0,True,True,False,4.0740761458879504e-13,/home/nez/Desktop/tesis-snn/platemo-cpp/results/ds3_snsgaii/fronts/SNSGAII_ds3_nh40_run19_front.csv
3,Statlog German,SNSGAII,19,2,11,0.01111111111,0.2425,0.7575000000000001,False,False,40,4,36,0,0,0.9,0.0,0.0,2,2,False,False,False,0,0,0.0,True,True,False,1.1111112030448567e-12,/home/nez/Desktop/tesis-snn/platemo-cpp/results/ds3_snsgaii/fronts/SNSGAII_ds3_nh40_run19_front.csv
3,Statlog German,SNSGAII,19,3,11,0.0009259259259,0.43625,0.56375,False,False,40,0,39,0,1,0.975,0.0,0.025,1,0,False,True,True,1,0,0.0,False,False,True,2.5925984449559625e-14,/home/nez/Desktop/tesis-snn/platemo-cpp/results/ds3_snsgaii/fronts/SNSGAII_ds3_nh40_run19_front.csv
3,Statlog German,SNSGAII,19,4,11,0.01574074074,0.23625,0.76375,False,False,40,5,35,0,0,0.875,0.0,0.0,2,3,False,False,False,0,0,0.0,True,True,False,7.407408020299044e-13,/home/nez/Desktop/tesis-snn/platemo-cpp/results/ds3_snsgaii/fronts/SNSGAII_ds3_nh40_run19_front.csv
3,Statlog German,SNSGAII,19,5,11,0.008333333333,0.265,0.735,False,False,40,2,37,1,0,0.925,0.025,0.0,1,1,False,False,False,0,0,0.0,True,True,False,3.333340548028474e-13,/home/nez/Desktop/tesis-snn/platemo-cpp/results/ds3_snsgaii/fronts/SNSGAII_ds3_nh40_run19_front.csv
3,Statlog German,SNSGAII,19,6,11,0.0,0.45125,0.5487500000000001,True,False,40,0,40,0,0,1.0,0.0,0.0,0,0,True,True,True,2,0,0.0,False,False,True,0.0,/home/nez/Desktop/tesis-snn/platemo-cpp/results/ds3_snsgaii/fronts/SNSGAII_ds3_nh40_run19_front.csv
3,Statlog German,SNSGAII,19,7,11,0.01018518519,0.25125,0.74875,False,False,40,4,36,0,0,0.9,0.0,0.0,2,2,False,False,False,0,0,0.0,True,True,False,4.814813478470903e-12,/home/nez/Desktop/tesis-snn/platemo-cpp/results/ds3_snsgaii/fronts/SNSGAII_ds3_nh40_run19_front.csv
3,Statlog German,SNSGAII,19,8,11,0.006481481481,0.2675,0.7324999999999999,False,False,40,2,38,0,0,0.95,0.0,0.0,1,1,False,False,False,0,0,0.0,True,True,False,4.814811743747427e-13,/home/nez/Desktop/tesis-snn/platemo-cpp/results/ds3_snsgaii/fronts/SNSGAII_ds3_nh40_run19_front.csv
3,Statlog German,SNSGAII,19,9,11,0.005555555556,0.28125,0.71875,False,False,40,2,38,0,0,0.95,0.0,0.0,1,1,False,False,False,0,0,0.0,True,True,False,4.4444396080089987e-13,/home/nez/Desktop/tesis-snn/platemo-cpp/results/ds3_snsgaii/fronts/SNSGAII_ds3_nh40_run19_front.csv
3,Statlog German,SNSGAII,19,10,11,0.001851851852,0.29875,0.7012499999999999,False,False,40,1,39,0,0,0.975,0.0,0.0,1,0,False,True,True,1,0,0.0,True,False,True,1.481479869336333e-13,/home/nez/Desktop/tesis-snn/platemo-cpp/results/ds3_snsgaii/fronts/SNSGAII_ds3_nh40_run19_front.csv
3,Statlog German,SNSGAII,20,0,8,0.01203703704,0.27,0.73,False,True,40,3,33,4,0,0.825,0.1,0.0,1,2,False,False,False,0,0,0.0,True,True,False,2.9629632081196178e-12,/home/nez/Desktop/tesis-snn/platemo-cpp/results/ds3_snsgaii/fronts/SNSGAII_ds3_nh40_run20_front.csv
3,Statlog German,SNSGAII,20,1,8,0.006481481481,0.28875,0.7112499999999999,False,False,40,3,37,0,0,0.925,0.0,0.0,2,1,False,False,False,0,0,0.0,True,True,False,4.814811743747427e-13,/home/nez/Desktop/tesis-snn/platemo-cpp/results/ds3_snsgaii/fronts/SNSGAII_ds3_nh40_run20_front.csv
3,Statlog German,SNSGAII,20,2,8,0.008333333333,0.2725,0.7275,False,False,40,3,37,0,0,0.925,0.0,0.0,1,2,False,False,False,0,0,0.0,True,True,False,3.333340548028474e-13,/home/nez/Desktop/tesis-snn/platemo-cpp/results/ds3_snsgaii/fronts/SNSGAII_ds3_nh40_run20_front.csv
3,Statlog German,SNSGAII,20,3,8,0.005555555556,0.2925,0.7075,False,False,40,2,38,0,0,0.95,0.0,0.0,1,1,False,False,False,0,0,0.0,True,True,False,4.4444396080089987e-13,/home/nez/Desktop/tesis-snn/platemo-cpp/results/ds3_snsgaii/fronts/SNSGAII_ds3_nh40_run20_front.csv
3,Statlog German,SNSGAII,20,4,8,0.00462962963,0.295,0.7050000000000001,False,False,40,2,38,0,0,0.95,0.0,0.0,1,1,False,False,False,0,0,0.0,True,True,False,3.703704010149522e-13,/home/nez/Desktop/tesis-snn/platemo-cpp/results/ds3_snsgaii/fronts/SNSGAII_ds3_nh40_run20_front.csv
3,Statlog German,SNSGAII,20,5,8,0.0,0.4475,0.5525,True,False,40,0,40,0,0,1.0,0.0,0.0,0,0,True,True,True,2,0,0.0,False,False,True,0.0,/home/nez/Desktop/tesis-snn/platemo-cpp/results/ds3_snsgaii/fronts/SNSGAII_ds3_nh40_run20_front.csv
3,Statlog German,SNSGAII,20,6,8,0.0009259259259,0.43875,0.56125,False,False,40,0,39,1,0,0.975,0.025,0.0,0,0,True,True,True,2,0,0.0,False,False,True,2.5925984449559625e-14,/home/nez/Desktop/tesis-snn/platemo-cpp/results/ds3_snsgaii/fronts/SNSGAII_ds3_nh40_run20_front.csv
3,Statlog German,SNSGAII,20,7,8,0.001851851852,0.29875,0.7012499999999999,False,False,40,1,39,0,0,0.975,0.0,0.0,1,0,False,True,True,1,0,0.0,True,False,True,1.481479869336333e-13,/home/nez/Desktop/tesis-snn/platemo-cpp/results/ds3_snsgaii/fronts/SNSGAII_ds3_nh40_run20_front.csv
3,Statlog German,SNSGAII,21,0,10,0.0,0.45,0.55,True,False,40,0,40,0,0,1.0,0.0,0.0,0,0,True,True,True,2,0,0.0,False,False,True,0.0,/home/nez/Desktop/tesis-snn/platemo-cpp/results/ds3_snsgaii/fronts/SNSGAII_ds3_nh40_run21_front.csv
3,Statlog German,SNSGAII,21,1,10,0.01018518519,0.26125,0.73875,False,False,40,3,36,1,0,0.9,0.025,0.0,1,2,False,False,False,0,0,0.0,True,True,False,4.814813478470903e-12,/home/nez/Desktop/tesis-snn/platemo-cpp/results/ds3_snsgaii/fronts/SNSGAII_ds3_nh40_run21_front.csv
3,Statlog German,SNSGAII,21,2,10,0.009259259259,0.2625,0.7375,False,False,40,3,37,0,0,0.925,0.0,0.0,1,2,False,False,False,0,0,0.0,True,True,False,2.5925789293168577e-13,/home/nez/Desktop/tesis-snn/platemo-cpp/results/ds3_snsgaii/fronts/SNSGAII_ds3_nh40_run21_front.csv
3,Statlog German,SNSGAII,21,3,10,0.02407407407,0.25875,0.74125,False,True,40,3,25,12,0,0.625,0.3,0.0,1,2,False,False,False,0,0,0.0,True,True,False,4.0740744111644744e-12,/home/nez/Desktop/tesis-snn/platemo-cpp/results/ds3_snsgaii/fronts/SNSGAII_ds3_nh40_run21_front.csv
3,Statlog German,SNSGAII,21,4,10,0.0009259259259,0.44375,0.55625,False,False,40,0,39,1,0,0.975,0.025,0.0,0,0,True,True,True,2,0,0.0,False,False,True,2.5925984449559625e-14,/home/nez/Desktop/tesis-snn/platemo-cpp/results/ds3_snsgaii/fronts/SNSGAII_ds3_nh40_run21_front.csv
3,Statlog German,SNSGAII,21,5,10,0.008333333333,0.26375,0.7362500000000001,False,False,40,3,36,1,0,0.9,0.025,0.0,1,2,False,False,False,0,0,0.0,True,True,False,3.333340548028474e-13,/home/nez/Desktop/tesis-snn/platemo-cpp/results/ds3_snsgaii/fronts/SNSGAII_ds3_nh40_run21_front.csv
3,Statlog German,SNSGAII,21,6,10,0.007407407407,0.27,0.73,False,False,40,3,37,0,0,0.925,0.0,0.0,1,2,False,False,False,0,0,0.0,True,True,False,4.0740761458879504e-13,/home/nez/Desktop/tesis-snn/platemo-cpp/results/ds3_snsgaii/fronts/SNSGAII_ds3_nh40_run21_front.csv
3,Statlog German,SNSGAII,21,7,10,0.00462962963,0.28375,0.71625,False,False,40,2,38,0,0,0.95,0.0,0.0,1,1,False,False,False,0,0,0.0,True,True,False,3.703704010149522e-13,/home/nez/Desktop/tesis-snn/platemo-cpp/results/ds3_snsgaii/fronts/SNSGAII_ds3_nh40_run21_front.csv
3,Statlog German,SNSGAII,21,8,10,0.005555555556,0.2775,0.7224999999999999,False,False,40,2,38,0,0,0.95,0.0,0.0,1,1,False,False,False,0,0,0.0,True,True,False,4.4444396080089987e-13,/home/nez/Desktop/tesis-snn/platemo-cpp/results/ds3_snsgaii/fronts/SNSGAII_ds3_nh40_run21_front.csv
3,Statlog German,SNSGAII,21,9,10,0.001851851852,0.29875,0.7012499999999999,False,False,40,1,39,0,0,0.975,0.0,0.0,1,0,False,True,True,1,0,0.0,True,False,True,1.481479869336333e-13,/home/nez/Desktop/tesis-snn/platemo-cpp/results/ds3_snsgaii/fronts/SNSGAII_ds3_nh40_run21_front.csv
3,Statlog German,SNSGAII,22,0,14,0.0,0.4575,0.5425,True,False,40,0,40,0,0,1.0,0.0,0.0,0,0,True,True,True,2,0,0.0,False,False,True,0.0,/home/nez/Desktop/tesis-snn/platemo-cpp/results/ds3_snsgaii/fronts/SNSGAII_ds3_nh40_run22_front.csv
3,Statlog German,SNSGAII,22,1,14,0.05,0.2575,0.7424999999999999,False,True,40,4,14,22,0,0.35,0.55,0.0,1,3,False,False,False,0,0,0.0,True,True,False,0.0,/home/nez/Desktop/tesis-snn/platemo-cpp/results/ds3_snsgaii/fronts/SNSGAII_ds3_nh40_run22_front.csv
3,Statlog German,SNSGAII,22,2,14,0.0009259259259,0.4525,0.5475,False,False,40,0,39,0,1,0.975,0.0,0.025,1,0,False,True,True,1,0,0.0,False,False,True,2.5925984449559625e-14,/home/nez/Desktop/tesis-snn/platemo-cpp/results/ds3_snsgaii/fronts/SNSGAII_ds3_nh40_run22_front.csv
3,Statlog German,SNSGAII,22,3,14,0.006481481481,0.28375,0.71625,False,False,40,3,37,0,0,0.925,0.0,0.0,1,2,False,False,False,0,0,0.0,True,True,False,4.814811743747427e-13,/home/nez/Desktop/tesis-snn/platemo-cpp/results/ds3_snsgaii/fronts/SNSGAII_ds3_nh40_run22_front.csv
3,Statlog German,SNSGAII,22,4,14,0.007407407407,0.27875,0.72125,False,False,40,3,37,0,0,0.925,0.0,0.0,1,2,False,False,False,0,0,0.0,True,True,False,4.0740761458879504e-13,/home/nez/Desktop/tesis-snn/platemo-cpp/results/ds3_snsgaii/fronts/SNSGAII_ds3_nh40_run22_front.csv
3,Statlog German,SNSGAII,22,5,14,0.00462962963,0.29625,0.70375,False,False,40,2,38,0,0,0.95,0.0,0.0,1,1,False,False,False,0,0,0.0,True,True,False,3.703704010149522e-13,/home/nez/Desktop/tesis-snn/platemo-cpp/results/ds3_snsgaii/fronts/SNSGAII_ds3_nh40_run22_front.csv
3,Statlog German,SNSGAII,22,6,14,0.01111111111,0.27375,0.7262500000000001,False,False,40,3,34,3,0,0.85,0.075,0.0,1,2,False,False,False,0,0,0.0,True,True,False,1.1111112030448567e-12,/home/nez/Desktop/tesis-snn/platemo-cpp/results/ds3_snsgaii/fronts/SNSGAII_ds3_nh40_run22_front.csv
3,Statlog German,SNSGAII,22,7,14,0.01666666667,0.2725,0.7275,False,False,40,3,30,7,0,0.75,0.175,0.0,1,2,False,False,False,0,0,0.0,True,True,False,3.33333360913457e-12,/home/nez/Desktop/tesis-snn/platemo-cpp/results/ds3_snsgaii/fronts/SNSGAII_ds3_nh40_run22_front.csv
3,Statlog German,SNSGAII,22,8,14,0.02407407407,0.26125,0.73875,False,False,40,4,27,9,0,0.675,0.225,0.0,1,3,False,False,False,0,0,0.0,True,True,False,4.0740744111644744e-12,/home/nez/Desktop/tesis-snn/platemo-cpp/results/ds3_snsgaii/fronts/SNSGAII_ds3_nh40_run22_front.csv
3,Statlog German,SNSGAII,22,9,14,0.008333333333,0.275,0.725,False,False,40,3,37,0,0,0.925,0.0,0.0,1,2,False,False,False,0,0,0.0,True,True,False,3.333340548028474e-13,/home/nez/Desktop/tesis-snn/platemo-cpp/results/ds3_snsgaii/fronts/SNSGAII_ds3_nh40_run22_front.csv
3,Statlog German,SNSGAII,22,10,14,0.02037037037,0.26875,0.73125,False,False,40,4,30,6,0,0.75,0.15,0.0,1,3,False,False,False,0,0,0.0,True,True,False,3.703704010149522e-13,/home/nez/Desktop/tesis-snn/platemo-cpp/results/ds3_snsgaii/fronts/SNSGAII_ds3_nh40_run22_front.csv
3,Statlog German,SNSGAII,22,11,14,0.005555555556,0.29125,0.70875,False,False,40,2,37,1,0,0.925,0.025,0.0,1,1,False,False,False,0,0,0.0,True,True,False,4.4444396080089987e-13,/home/nez/Desktop/tesis-snn/platemo-cpp/results/ds3_snsgaii/fronts/SNSGAII_ds3_nh40_run22_front.csv
3,Statlog German,SNSGAII,22,12,14,0.02222222222,0.26375,0.7362500000000001,False,False,40,4,29,7,0,0.725,0.175,0.0,1,3,False,False,False,0,0,0.0,True,True,False,2.2222224060897133e-12,/home/nez/Desktop/tesis-snn/platemo-cpp/results/ds3_snsgaii/fronts/SNSGAII_ds3_nh40_run22_front.csv
3,Statlog German,SNSGAII,22,13,14,0.001851851852,0.29875,0.7012499999999999,False,False,40,1,39,0,0,0.975,0.0,0.0,1,0,False,True,True,1,0,0.0,True,False,True,1.481479869336333e-13,/home/nez/Desktop/tesis-snn/platemo-cpp/results/ds3_snsgaii/fronts/SNSGAII_ds3_nh40_run22_front.csv
3,Statlog German,SNSGAII,23,0,9,0.137962963,0.24625,0.75375,False,True,40,13,9,5,13,0.225,0.125,0.325,16,14,False,False,False,0,0,0.0,True,True,False,3.703704010149522e-11,/home/nez/Desktop/tesis-snn/platemo-cpp/results/ds3_snsgaii/fronts/SNSGAII_ds3_nh40_run23_front.csv
3,Statlog German,SNSGAII,23,1,9,0.005555555556,0.285,0.7150000000000001,False,False,40,2,38,0,0,0.95,0.0,0.0,1,1,False,False,False,0,0,0.0,True,True,False,4.4444396080089987e-13,/home/nez/Desktop/tesis-snn/platemo-cpp/results/ds3_snsgaii/fronts/SNSGAII_ds3_nh40_run23_front.csv
3,Statlog German,SNSGAII,23,2,9,0.0009259259259,0.44625,0.55375,False,False,40,0,39,1,0,0.975,0.025,0.0,0,0,True,True,True,2,0,0.0,False,False,True,2.5925984449559625e-14,/home/nez/Desktop/tesis-snn/platemo-cpp/results/ds3_snsgaii/fronts/SNSGAII_ds3_nh40_run23_front.csv
3,Statlog German,SNSGAII,23,3,9,0.01203703704,0.2525,0.7475,False,False,40,5,35,0,0,0.875,0.0,0.0,3,2,False,False,False,0,0,0.0,True,True,False,2.9629632081196178e-12,/home/nez/Desktop/tesis-snn/platemo-cpp/results/ds3_snsgaii/fronts/SNSGAII_ds3_nh40_run23_front.csv
3,Statlog German,SNSGAII,23,4,9,0.0,0.4475,0.5525,True,False,40,0,40,0,0,1.0,0.0,0.0,0,0,True,True,True,2,0,0.0,False,False,True,0.0,/home/nez/Desktop/tesis-snn/platemo-cpp/results/ds3_snsgaii/fronts/SNSGAII_ds3_nh40_run23_front.csv
3,Statlog German,SNSGAII,23,5,9,0.02037037037,0.24875,0.75125,False,False,40,5,28,6,1,0.7,0.15,0.025,4,2,False,False,False,0,0,0.0,True,True,False,3.703704010149522e-13,/home/nez/Desktop/tesis-snn/platemo-cpp/results/ds3_snsgaii/fronts/SNSGAII_ds3_nh40_run23_front.csv
3,Statlog German,SNSGAII,23,6,9,0.01111111111,0.26625,0.73375,False,False,40,5,35,0,0,0.875,0.0,0.0,3,2,False,False,False,0,0,0.0,True,True,False,1.1111112030448567e-12,/home/nez/Desktop/tesis-snn/platemo-cpp/results/ds3_snsgaii/fronts/SNSGAII_ds3_nh40_run23_front.csv
3,Statlog German,SNSGAII,23,7,9,0.01018518519,0.2725,0.7275,False,False,40,5,35,0,0,0.875,0.0,0.0,3,2,False,False,False,0,0,0.0,True,True,False,4.814813478470903e-12,/home/nez/Desktop/tesis-snn/platemo-cpp/results/ds3_snsgaii/fronts/SNSGAII_ds3_nh40_run23_front.csv
3,Statlog German,SNSGAII,23,8,9,0.001851851852,0.29875,0.7012499999999999,False,False,40,1,39,0,0,0.975,0.0,0.0,1,0,False,True,True,1,0,0.0,True,False,True,1.481479869336333e-13,/home/nez/Desktop/tesis-snn/platemo-cpp/results/ds3_snsgaii/fronts/SNSGAII_ds3_nh40_run23_front.csv
3,Statlog German,SNSGAII,24,0,9,0.0537037037,0.28375,0.71625,False,True,40,4,9,26,1,0.225,0.65,0.025,4,1,False,False,False,0,0,0.0,True,True,False,3.703704010149522e-12,/home/nez/Desktop/tesis-snn/platemo-cpp/results/ds3_snsgaii/fronts/SNSGAII_ds3_nh40_run24_front.csv
3,Statlog German,SNSGAII,24,1,9,0.04259259259,0.2875,0.7125,False,False,40,4,14,21,1,0.35,0.525,0.025,4,1,False,False,False,0,0,0.0,True,True,False,2.5925928071046656e-12,/home/nez/Desktop/tesis-snn/platemo-cpp/results/ds3_snsgaii/fronts/SNSGAII_ds3_nh40_run24_front.csv
3,Statlog German,SNSGAII,24,2,9,0.006481481481,0.2975,0.7025,False,False,40,3,37,0,0,0.925,0.0,0.0,2,1,False,False,False,0,0,0.0,True,True,False,4.814811743747427e-13,/home/nez/Desktop/tesis-snn/platemo-cpp/results/ds3_snsgaii/fronts/SNSGAII_ds3_nh40_run24_front.csv
3,Statlog German,SNSGAII,24,3,9,0.0,0.45375,0.54625,True,False,40,0,40,0,0,1.0,0.0,0.0,0,0,True,True,True,2,0,0.0,False,False,True,0.0,/home/nez/Desktop/tesis-snn/platemo-cpp/results/ds3_snsgaii/fronts/SNSGAII_ds3_nh40_run24_front.csv
3,Statlog German,SNSGAII,24,4,9,0.0009259259259,0.44875,0.55125,False,False,40,0,39,0,1,0.975,0.0,0.025,1,0,False,True,True,1,0,0.0,False,False,True,2.5925984449559625e-14,/home/nez/Desktop/tesis-snn/platemo-cpp/results/ds3_snsgaii/fronts/SNSGAII_ds3_nh40_run24_front.csv
3,Statlog German,SNSGAII,24,5,9,0.009259259259,0.28875,0.7112499999999999,False,False,40,4,34,2,0,0.85,0.05,0.0,3,1,False,False,False,0,0,0.0,True,True,False,2.5925789293168577e-13,/home/nez/Desktop/tesis-snn/platemo-cpp/results/ds3_snsgaii/fronts/SNSGAII_ds3_nh40_run24_front.csv
3,Statlog German,SNSGAII,24,6,9,0.05092592593,0.28625,0.71375,False,False,40,4,11,24,1,0.275,0.6,0.025,4,1,False,False,False,0,0,0.0,True,True,False,4.0740744111644744e-12,/home/nez/Desktop/tesis-snn/platemo-cpp/results/ds3_snsgaii/fronts/SNSGAII_ds3_nh40_run24_front.csv
3,Statlog German,SNSGAII,24,7,9,0.007407407407,0.29,0.71,False,False,40,4,36,0,0,0.9,0.0,0.0,3,1,False,False,False,0,0,0.0,True,True,False,4.0740761458879504e-13,/home/nez/Desktop/tesis-snn/platemo-cpp/results/ds3_snsgaii/fronts/SNSGAII_ds3_nh40_run24_front.csv
3,Statlog German,SNSGAII,24,8,9,0.001851851852,0.29875,0.7012499999999999,False,False,40,1,39,0,0,0.975,0.0,0.0,1,0,False,True,True,1,0,0.0,True,False,True,1.481479869336333e-13,/home/nez/Desktop/tesis-snn/platemo-cpp/results/ds3_snsgaii/fronts/SNSGAII_ds3_nh40_run24_front.csv
3,Statlog German,SNSGAII,25,0,10,0.05833333333,0.21875,0.78125,False,True,40,7,14,18,1,0.35,0.45,0.025,5,4,False,False,False,0,0,0.0,True,True,False,3.33333360913457e-12,/home/nez/Desktop/tesis-snn/platemo-cpp/results/ds3_snsgaii/fronts/SNSGAII_ds3_nh40_run25_front.csv
3,Statlog German,SNSGAII,25,1,10,0.03981481481,0.225,0.775,False,False,40,7,19,13,1,0.475,0.325,0.025,5,4,False,False,False,0,0,0.0,True,True,False,4.814815213194379e-12,/home/nez/Desktop/tesis-snn/platemo-cpp/results/ds3_snsgaii/fronts/SNSGAII_ds3_nh40_run25_front.csv
3,Statlog German,SNSGAII,25,2,10,0.02407407407,0.22875,0.77125,False,False,40,4,27,9,0,0.675,0.225,0.0,2,2,False,False,False,0,0,0.0,True,True,False,4.0740744111644744e-12,/home/nez/Desktop/tesis-snn/platemo-cpp/results/ds3_snsgaii/fronts/SNSGAII_ds3_nh40_run25_front.csv
3,Statlog German,SNSGAII,25,3,10,0.01018518519,0.24375,0.75625,False,False,40,3,37,0,0,0.925,0.0,0.0,2,1,False,False,False,0,0,0.0,True,True,False,4.814813478470903e-12,/home/nez/Desktop/tesis-snn/platemo-cpp/results/ds3_snsgaii/fronts/SNSGAII_ds3_nh40_run25_front.csv
3,Statlog German,SNSGAII,25,4,10,0.008333333333,0.265,0.735,False,False,40,3,37,0,0,0.925,0.0,0.0,2,1,False,False,False,0,0,0.0,True,True,False,3.333340548028474e-13,/home/nez/Desktop/tesis-snn/platemo-cpp/results/ds3_snsgaii/fronts/SNSGAII_ds3_nh40_run25_front.csv
3,Statlog German,SNSGAII,25,5,10,0.0009259259259,0.43875,0.56125,False,False,40,0,39,0,1,0.975,0.0,0.025,1,0,False,True,True,1,0,0.0,False,False,True,2.5925984449559625e-14,/home/nez/Desktop/tesis-snn/platemo-cpp/results/ds3_snsgaii/fronts/SNSGAII_ds3_nh40_run25_front.csv
3,Statlog German,SNSGAII,25,6,10,0.005555555556,0.28875,0.7112499999999999,False,False,40,2,38,0,0,0.95,0.0,0.0,1,1,False,False,False,0,0,0.0,True,True,False,4.4444396080089987e-13,/home/nez/Desktop/tesis-snn/platemo-cpp/results/ds3_snsgaii/fronts/SNSGAII_ds3_nh40_run25_front.csv
3,Statlog German,SNSGAII,25,7,10,0.01388888889,0.23125,0.76875,False,False,40,4,36,0,0,0.9,0.0,0.0,2,2,False,False,False,0,0,0.0,True,True,False,1.1111112030448567e-12,/home/nez/Desktop/tesis-snn/platemo-cpp/results/ds3_snsgaii/fronts/SNSGAII_ds3_nh40_run25_front.csv
3,Statlog German,SNSGAII,25,8,10,0.0,0.44875,0.55125,True,False,40,0,40,0,0,1.0,0.0,0.0,0,0,True,True,True,2,0,0.0,False,False,True,0.0,/home/nez/Desktop/tesis-snn/platemo-cpp/results/ds3_snsgaii/fronts/SNSGAII_ds3_nh40_run25_front.csv
3,Statlog German,SNSGAII,25,9,10,0.001851851852,0.29875,0.7012499999999999,False,False,40,1,39,0,0,0.975,0.0,0.0,1,0,False,True,True,1,0,0.0,True,False,True,1.481479869336333e-13,/home/nez/Desktop/tesis-snn/platemo-cpp/results/ds3_snsgaii/fronts/SNSGAII_ds3_nh40_run25_front.csv
3,Statlog German,SNSGAII,26,0,8,0.0,0.445,0.5549999999999999,True,False,40,0,40,0,0,1.0,0.0,0.0,0,0,True,True,True,2,0,0.0,False,False,True,0.0,/home/nez/Desktop/tesis-snn/platemo-cpp/results/ds3_snsgaii/fronts/SNSGAII_ds3_nh40_run26_front.csv
3,Statlog German,SNSGAII,26,1,8,0.005555555556,0.28375,0.71625,False,False,40,2,38,0,0,0.95,0.0,0.0,1,1,False,False,False,0,0,0.0,True,True,False,4.4444396080089987e-13,/home/nez/Desktop/tesis-snn/platemo-cpp/results/ds3_snsgaii/fronts/SNSGAII_ds3_nh40_run26_front.csv
3,Statlog German,SNSGAII,26,2,8,0.008333333333,0.275,0.725,False,True,40,2,36,1,1,0.9,0.025,0.025,2,1,False,False,False,0,0,0.0,True,True,False,3.333340548028474e-13,/home/nez/Desktop/tesis-snn/platemo-cpp/results/ds3_snsgaii/fronts/SNSGAII_ds3_nh40_run26_front.csv
3,Statlog German,SNSGAII,26,3,8,0.0009259259259,0.4425,0.5575,False,False,40,0,39,1,0,0.975,0.025,0.0,0,0,True,True,True,2,0,0.0,False,False,True,2.5925984449559625e-14,/home/nez/Desktop/tesis-snn/platemo-cpp/results/ds3_snsgaii/fronts/SNSGAII_ds3_nh40_run26_front.csv
3,Statlog German,SNSGAII,26,4,8,0.007407407407,0.2775,0.7224999999999999,False,False,40,2,37,0,1,0.925,0.0,0.025,2,1,False,False,False,0,0,0.0,True,True,False,4.0740761458879504e-13,/home/nez/Desktop/tesis-snn/platemo-cpp/results/ds3_snsgaii/fronts/SNSGAII_ds3_nh40_run26_front.csv
3,Statlog German,SNSGAII,26,5,8,0.006481481481,0.28125,0.71875,False,False,40,2,38,0,0,0.95,0.0,0.0,1,1,False,False,False,0,0,0.0,True,True,False,4.814811743747427e-13,/home/nez/Desktop/tesis-snn/platemo-cpp/results/ds3_snsgaii/fronts/SNSGAII_ds3_nh40_run26_front.csv
3,Statlog German,SNSGAII,26,6,8,0.003703703704,0.2925,0.7075,False,False,40,2,38,0,0,0.95,0.0,0.0,1,1,False,False,False,0,0,0.0,True,True,False,2.962959738672666e-13,/home/nez/Desktop/tesis-snn/platemo-cpp/results/ds3_snsgaii/fronts/SNSGAII_ds3_nh40_run26_front.csv
3,Statlog German,SNSGAII,26,7,8,0.001851851852,0.29875,0.7012499999999999,False,False,40,1,39,0,0,0.975,0.0,0.0,1,0,False,True,True,1,0,0.0,True,False,True,1.481479869336333e-13,/home/nez/Desktop/tesis-snn/platemo-cpp/results/ds3_snsgaii/fronts/SNSGAII_ds3_nh40_run26_front.csv
3,Statlog German,SNSGAII,27,0,7,0.005555555556,0.28,0.72,False,False,40,2,38,0,0,0.95,0.0,0.0,1,2,False,False,False,0,0,0.0,True,True,False,4.4444396080089987e-13,/home/nez/Desktop/tesis-snn/platemo-cpp/results/ds3_snsgaii/fronts/SNSGAII_ds3_nh40_run27_front.csv
3,Statlog German,SNSGAII,27,1,7,0.007407407407,0.2675,0.7324999999999999,False,False,40,2,37,1,0,0.925,0.025,0.0,1,2,False,False,False,0,0,0.0,True,True,False,4.0740761458879504e-13,/home/nez/Desktop/tesis-snn/platemo-cpp/results/ds3_snsgaii/fronts/SNSGAII_ds3_nh40_run27_front.csv
3,Statlog German,SNSGAII,27,2,7,0.0,0.45875,0.54125,True,False,40,0,40,0,0,1.0,0.0,0.0,0,0,True,True,True,2,0,0.0,False,False,True,0.0,/home/nez/Desktop/tesis-snn/platemo-cpp/results/ds3_snsgaii/fronts/SNSGAII_ds3_nh40_run27_front.csv
3,Statlog German,SNSGAII,27,3,7,0.006481481481,0.27,0.73,False,False,40,2,38,0,0,0.95,0.0,0.0,1,2,False,False,False,0,0,0.0,True,True,False,4.814811743747427e-13,/home/nez/Desktop/tesis-snn/platemo-cpp/results/ds3_snsgaii/fronts/SNSGAII_ds3_nh40_run27_front.csv
3,Statlog German,SNSGAII,27,4,7,0.009259259259,0.2625,0.7375,False,True,40,2,35,3,0,0.875,0.075,0.0,1,2,False,False,False,0,0,0.0,True,True,False,2.5925789293168577e-13,/home/nez/Desktop/tesis-snn/platemo-cpp/results/ds3_snsgaii/fronts/SNSGAII_ds3_nh40_run27_front.csv
3,Statlog German,SNSGAII,27,5,7,0.0009259259259,0.44375,0.55625,False,False,40,0,39,1,0,0.975,0.025,0.0,0,0,True,True,True,2,0,0.0,False,False,True,2.5925984449559625e-14,/home/nez/Desktop/tesis-snn/platemo-cpp/results/ds3_snsgaii/fronts/SNSGAII_ds3_nh40_run27_front.csv
3,Statlog German,SNSGAII,27,6,7,0.001851851852,0.29875,0.7012499999999999,False,False,40,1,39,0,0,0.975,0.0,0.0,1,0,False,True,True,1,0,0.0,True,False,True,1.481479869336333e-13,/home/nez/Desktop/tesis-snn/platemo-cpp/results/ds3_snsgaii/fronts/SNSGAII_ds3_nh40_run27_front.csv
3,Statlog German,SNSGAII,28,0,10,0.008333333333,0.27125,0.72875,False,False,40,3,35,2,0,0.875,0.05,0.0,1,2,False,False,False,0,0,0.0,True,True,False,3.333340548028474e-13,/home/nez/Desktop/tesis-snn/platemo-cpp/results/ds3_snsgaii/fronts/SNSGAII_ds3_nh40_run28_front.csv
3,Statlog German,SNSGAII,28,1,10,0.006481481481,0.27875,0.72125,False,False,40,3,37,0,0,0.925,0.0,0.0,1,2,False,False,False,0,0,0.0,True,True,False,4.814811743747427e-13,/home/nez/Desktop/tesis-snn/platemo-cpp/results/ds3_snsgaii/fronts/SNSGAII_ds3_nh40_run28_front.csv
3,Statlog German,SNSGAII,28,2,10,0.01203703704,0.25875,0.74125,False,False,40,4,35,1,0,0.875,0.025,0.0,2,2,False,False,False,0,0,0.0,True,True,False,2.9629632081196178e-12,/home/nez/Desktop/tesis-snn/platemo-cpp/results/ds3_snsgaii/fronts/SNSGAII_ds3_nh40_run28_front.csv
3,Statlog German,SNSGAII,28,3,10,0.01296296296,0.25625,0.74375,False,False,40,4,34,2,0,0.85,0.05,0.0,2,2,False,False,False,0,0,0.0,True,True,False,2.9629632081196178e-12,/home/nez/Desktop/tesis-snn/platemo-cpp/results/ds3_snsgaii/fronts/SNSGAII_ds3_nh40_run28_front.csv
3,Statlog German,SNSGAII,28,4,10,0.0,0.44625,0.55375,True,False,40,0,40,0,0,1.0,0.0,0.0,0,0,True,True,True,2,0,0.0,False,False,True,0.0,/home/nez/Desktop/tesis-snn/platemo-cpp/results/ds3_snsgaii/fronts/SNSGAII_ds3_nh40_run28_front.csv
3,Statlog German,SNSGAII,28,5,10,0.0009259259259,0.44125,0.5587500000000001,False,False,40,0,39,0,1,0.975,0.0,0.025,1,0,False,True,True,1,0,0.0,False,False,True,2.5925984449559625e-14,/home/nez/Desktop/tesis-snn/platemo-cpp/results/ds3_snsgaii/fronts/SNSGAII_ds3_nh40_run28_front.csv
3,Statlog German,SNSGAII,28,6,10,0.02592592593,0.24625,0.75375,False,True,40,5,25,10,0,0.625,0.25,0.0,2,3,False,False,False,0,0,0.0,True,True,False,4.0740744111644744e-12,/home/nez/Desktop/tesis-snn/platemo-cpp/results/ds3_snsgaii/fronts/SNSGAII_ds3_nh40_run28_front.csv
3,Statlog German,SNSGAII,28,7,10,0.01018518519,0.26,0.74,False,False,40,4,36,0,0,0.9,0.0,0.0,2,2,False,False,False,0,0,0.0,True,True,False,4.814813478470903e-12,/home/nez/Desktop/tesis-snn/platemo-cpp/results/ds3_snsgaii/fronts/SNSGAII_ds3_nh40_run28_front.csv
3,Statlog German,SNSGAII,28,8,10,0.01481481481,0.25,0.75,False,False,40,4,32,4,0,0.8,0.1,0.0,2,2,False,False,False,0,0,0.0,True,True,False,4.814815213194379e-12,/home/nez/Desktop/tesis-snn/platemo-cpp/results/ds3_snsgaii/fronts/SNSGAII_ds3_nh40_run28_front.csv
3,Statlog German,SNSGAII,28,9,10,0.001851851852,0.29875,0.7012499999999999,False,False,40,1,39,0,0,0.975,0.0,0.0,1,0,False,True,True,1,0,0.0,True,False,True,1.481479869336333e-13,/home/nez/Desktop/tesis-snn/platemo-cpp/results/ds3_snsgaii/fronts/SNSGAII_ds3_nh40_run28_front.csv
3,Statlog German,SNSGAII,29,0,7,0.02962962963,0.2825,0.7175,False,True,40,3,20,17,0,0.5,0.425,0.0,2,1,False,False,False,0,1,0.025,True,True,False,3.703704010149522e-13,/home/nez/Desktop/tesis-snn/platemo-cpp/results/ds3_snsgaii/fronts/SNSGAII_ds3_nh40_run29_front.csv
3,Statlog German,SNSGAII,29,1,7,0.0,0.4525,0.5475,True,False,40,0,40,0,0,1.0,0.0,0.0,0,0,True,True,True,2,0,0.0,False,False,True,0.0,/home/nez/Desktop/tesis-snn/platemo-cpp/results/ds3_snsgaii/fronts/SNSGAII_ds3_nh40_run29_front.csv
3,Statlog German,SNSGAII,29,2,7,0.005555555556,0.2925,0.7075,False,False,40,2,38,0,0,0.95,0.0,0.0,1,1,False,False,False,0,0,0.0,True,True,False,4.4444396080089987e-13,/home/nez/Desktop/tesis-snn/platemo-cpp/results/ds3_snsgaii/fronts/SNSGAII_ds3_nh40_run29_front.csv
3,Statlog German,SNSGAII,29,3,7,0.01944444444,0.285,0.7150000000000001,False,False,40,3,27,10,0,0.675,0.25,0.0,2,1,False,False,False,0,0,0.0,True,True,False,4.444444812179427e-12,/home/nez/Desktop/tesis-snn/platemo-cpp/results/ds3_snsgaii/fronts/SNSGAII_ds3_nh40_run29_front.csv
3,Statlog German,SNSGAII,29,4,7,0.01481481481,0.2875,0.7125,False,False,40,3,31,6,0,0.775,0.15,0.0,2,1,False,False,False,0,0,0.0,True,True,False,4.814815213194379e-12,/home/nez/Desktop/tesis-snn/platemo-cpp/results/ds3_snsgaii/fronts/SNSGAII_ds3_nh40_run29_front.csv
3,Statlog German,SNSGAII,29,5,7,0.01203703704,0.29,0.71,False,False,40,3,34,3,0,0.85,0.075,0.0,2,1,False,False,False,0,0,0.0,True,True,False,2.9629632081196178e-12,/home/nez/Desktop/tesis-snn/platemo-cpp/results/ds3_snsgaii/fronts/SNSGAII_ds3_nh40_run29_front.csv
3,Statlog German,SNSGAII,29,6,7,0.001851851852,0.29875,0.7012499999999999,False,False,40,1,39,0,0,0.975,0.0,0.0,1,0,False,True,True,1,1,0.025,False,False,True,1.481479869336333e-13,/home/nez/Desktop/tesis-snn/platemo-cpp/results/ds3_snsgaii/fronts/SNSGAII_ds3_nh40_run29_front.csv
3,Statlog German,SNSGAII,30,0,10,0.1222222222,0.265,0.735,False,True,40,11,4,24,1,0.1,0.6,0.025,8,5,False,False,False,0,0,0.0,True,True,False,2.2222224060897133e-11,/home/nez/Desktop/tesis-snn/platemo-cpp/results/ds3_snsgaii/fronts/SNSGAII_ds3_nh40_run30_front.csv
3,Statlog German,SNSGAII,30,1,10,0.01111111111,0.285,0.7150000000000001,False,False,40,3,33,4,0,0.825,0.1,0.0,2,1,False,False,False,0,0,0.0,True,True,False,1.1111112030448567e-12,/home/nez/Desktop/tesis-snn/platemo-cpp/results/ds3_snsgaii/fronts/SNSGAII_ds3_nh40_run30_front.csv
3,Statlog German,SNSGAII,30,2,10,0.0009259259259,0.44125,0.5587500000000001,False,False,40,0,39,1,0,0.975,0.025,0.0,0,0,True,True,True,2,0,0.0,False,False,True,2.5925984449559625e-14,/home/nez/Desktop/tesis-snn/platemo-cpp/results/ds3_snsgaii/fronts/SNSGAII_ds3_nh40_run30_front.csv
3,Statlog German,SNSGAII,30,3,10,0.00462962963,0.28625,0.71375,False,False,40,2,37,1,0,0.925,0.025,0.0,1,1,False,False,False,0,0,0.0,True,True,False,3.703704010149522e-13,/home/nez/Desktop/tesis-snn/platemo-cpp/results/ds3_snsgaii/fronts/SNSGAII_ds3_nh40_run30_front.csv
3,Statlog German,SNSGAII,30,4,10,0.003703703704,0.29,0.71,False,False,40,2,38,0,0,0.95,0.0,0.0,1,1,False,False,False,0,0,0.0,True,True,False,2.962959738672666e-13,/home/nez/Desktop/tesis-snn/platemo-cpp/results/ds3_snsgaii/fronts/SNSGAII_ds3_nh40_run30_front.csv
3,Statlog German,SNSGAII,30,5,10,0.0,0.45125,0.5487500000000001,True,False,40,0,40,0,0,1.0,0.0,0.0,0,0,True,True,True,2,0,0.0,False,False,True,0.0,/home/nez/Desktop/tesis-snn/platemo-cpp/results/ds3_snsgaii/fronts/SNSGAII_ds3_nh40_run30_front.csv
3,Statlog German,SNSGAII,30,6,10,0.07777777778,0.26625,0.73375,False,False,40,8,9,23,0,0.225,0.575,0.0,6,3,False,False,False,0,0,0.0,True,True,False,2.2222224060897133e-12,/home/nez/Desktop/tesis-snn/platemo-cpp/results/ds3_snsgaii/fronts/SNSGAII_ds3_nh40_run30_front.csv
3,Statlog German,SNSGAII,30,7,10,0.02685185185,0.26875,0.73125,False,False,40,5,25,10,0,0.625,0.25,0.0,3,3,False,False,False,0,1,0.025,True,True,False,1.851852005074761e-12,/home/nez/Desktop/tesis-snn/platemo-cpp/results/ds3_snsgaii/fronts/SNSGAII_ds3_nh40_run30_front.csv
3,Statlog German,SNSGAII,30,8,10,0.01388888889,0.27125,0.72875,False,False,40,3,34,3,0,0.85,0.075,0.0,2,1,False,False,False,0,0,0.0,True,True,False,1.1111112030448567e-12,/home/nez/Desktop/tesis-snn/platemo-cpp/results/ds3_snsgaii/fronts/SNSGAII_ds3_nh40_run30_front.csv
3,Statlog German,SNSGAII,30,9,10,0.001851851852,0.29875,0.7012499999999999,False,False,40,1,39,0,0,0.975,0.0,0.0,1,0,False,True,True,1,0,0.0,True,False,True,1.481479869336333e-13,/home/nez/Desktop/tesis-snn/platemo-cpp/results/ds3_snsgaii/fronts/SNSGAII_ds3_nh40_run30_front.csv
4,Sonar,MOEACKF,0,0,13,0.0003968253968,0.3592814371,0.6407185629000001,False,False,40,0,39,1,0,0.975,0.025,0.0,0,0,True,True,True,2,0,0.0,False,False,True,2.5396839579278074e-14,/home/nez/Desktop/tesis-snn/platemo-cpp/results/ds4_moeackf/fronts/MOEACKF_ds4_nh40_run0_front.csv
4,Sonar,MOEACKF,0,1,13,0.0,0.3652694611,0.6347305389,True,False,40,0,40,0,0,1.0,0.0,0.0,0,0,True,True,True,2,0,0.0,False,False,True,0.0,/home/nez/Desktop/tesis-snn/platemo-cpp/results/ds4_moeackf/fronts/MOEACKF_ds4_nh40_run0_front.csv
4,Sonar,MOEACKF,0,2,13,0.07976190476,0.1616766467,0.8383233533,False,True,40,11,0,29,0,0.0,0.725,0.0,6,5,False,False,False,0,0,0.0,True,True,False,1.90475413219815e-12,/home/nez/Desktop/tesis-snn/platemo-cpp/results/ds4_moeackf/fronts/MOEACKF_ds4_nh40_run0_front.csv
4,Sonar,MOEACKF,0,3,13,0.07857142857,0.1676646707,0.8323353293,False,False,40,11,0,29,0,0.0,0.725,0.0,6,5,False,False,False,0,0,0.0,True,True,False,1.4285655991486124e-12,/home/nez/Desktop/tesis-snn/platemo-cpp/results/ds4_moeackf/fronts/MOEACKF_ds4_nh40_run0_front.csv
4,Sonar,MOEACKF,0,4,13,0.04523809524,0.2215568862,0.7784431138,False,False,40,7,1,31,1,0.025,0.775,0.025,4,4,False,False,False,0,0,0.0,True,True,False,1.9047610710920537e-12,/home/nez/Desktop/tesis-snn/platemo-cpp/results/ds4_moeackf/fronts/MOEACKF_ds4_nh40_run0_front.csv
4,Sonar,MOEACKF,0,5,13,0.05793650794,0.1976047904,0.8023952096,False,False,40,9,1,30,0,0.025,0.75,0.0,5,4,False,False,False,0,0,0.0,True,True,False,3.492060807186448e-12,/home/nez/Desktop/tesis-snn/platemo-cpp/results/ds4_moeackf/fronts/MOEACKF_ds4_nh40_run0_front.csv
4,Sonar,MOEACKF,0,6,13,0.06984126984,0.1796407186,0.8203592814,False,False,40,12,1,27,0,0.025,0.675,0.0,7,5,False,False,False,0,0,0.0,True,True,False,1.2698453399906384e-12,/home/nez/Desktop/tesis-snn/platemo-cpp/results/ds4_moeackf/fronts/MOEACKF_ds4_nh40_run0_front.csv
4,Sonar,MOEACKF,0,7,13,0.05119047619,0.2095808383,0.7904191617,False,False,40,10,1,29,0,0.025,0.725,0.0,6,4,False,False,False,0,0,0.0,True,True,False,4.761885330495375e-13,/home/nez/Desktop/tesis-snn/platemo-cpp/results/ds4_moeackf/fronts/MOEACKF_ds4_nh40_run0_front.csv
4,Sonar,MOEACKF,0,8,13,0.04206349206,0.2874251497,0.7125748503,False,False,40,5,1,33,1,0.025,0.825,0.025,3,3,False,False,False,0,0,0.0,True,True,False,3.4920677460803518e-12,/home/nez/Desktop/tesis-snn/platemo-cpp/results/ds4_moeackf/fronts/MOEACKF_ds4_nh40_run0_front.csv
4,Sonar,MOEACKF,0,9,13,0.06746031746,0.1916167665,0.8083832335,False,False,40,12,1,27,0,0.025,0.675,0.0,7,5,False,False,False,0,0,0.0,True,True,False,3.174543961037557e-13,/home/nez/Desktop/tesis-snn/platemo-cpp/results/ds4_moeackf/fronts/MOEACKF_ds4_nh40_run0_front.csv
4,Sonar,MOEACKF,0,10,13,0.04246031746,0.245508982,0.754491018,False,False,40,8,1,31,0,0.025,0.775,0.0,4,4,False,False,False,0,0,0.0,True,True,False,3.174613349976596e-13,/home/nez/Desktop/tesis-snn/platemo-cpp/results/ds4_moeackf/fronts/MOEACKF_ds4_nh40_run0_front.csv
4,Sonar,MOEACKF,0,11,13,0.04682539683,0.2155688623,0.7844311377,False,False,40,7,2,30,1,0.05,0.75,0.025,4,4,False,False,False,0,0,0.0,True,True,False,4.6031720102313045e-12,/home/nez/Desktop/tesis-snn/platemo-cpp/results/ds4_moeackf/fronts/MOEACKF_ds4_nh40_run0_front.csv
4,Sonar,MOEACKF,0,12,13,0.04325396825,0.2275449102,0.7724550898,False,False,40,7,1,31,1,0.025,0.775,0.025,4,4,False,False,False,0,0,0.0,True,True,False,3.968256279129889e-12,/home/nez/Desktop/tesis-snn/platemo-cpp/results/ds4_moeackf/fronts/MOEACKF_ds4_nh40_run0_front.csv
4,Sonar,MOEACKF,1,0,13,0.0003968253968,0.3532934132,0.6467065867999999,False,False,40,0,39,1,0,0.975,0.025,0.0,0,0,True,True,True,2,0,0.0,False,False,True,2.5396839579278074e-14,/home/nez/Desktop/tesis-snn/platemo-cpp/results/ds4_moeackf/fronts/MOEACKF_ds4_nh40_run1_front.csv
4,Sonar,MOEACKF,1,1,13,0.0,0.377245509,0.622754491,True,False,40,0,40,0,0,1.0,0.0,0.0,0,0,True,True,True,2,0,0.0,False,False,True,0.0,/home/nez/Desktop/tesis-snn/platemo-cpp/results/ds4_moeackf/fronts/MOEACKF_ds4_nh40_run1_front.csv
4,Sonar,MOEACKF,1,2,13,0.006349206349,0.2335329341,0.7664670659,False,False,40,6,33,1,0,0.825,0.025,0.0,3,3,False,False,False,0,1,0.025,True,True,False,2.0634882691439316e-13,/home/nez/Desktop/tesis-snn/platemo-cpp/results/ds4_moeackf/fronts/MOEACKF_ds4_nh40_run1_front.csv
4,Sonar,MOEACKF,1,3,13,0.01706349206,0.2095808383,0.7904191617,False,False,40,6,17,17,0,0.425,0.425,0.0,3,3,False,False,False,0,1,0.025,True,True,False,3.492060807186448e-12,/home/nez/Desktop/tesis-snn/platemo-cpp/results/ds4_moeackf/fronts/MOEACKF_ds4_nh40_run1_front.csv
4,Sonar,MOEACKF,1,4,13,0.003968253968,0.2934131737,0.7065868263,False,False,40,4,35,1,0,0.875,0.025,0.0,2,2,False,False,False,0,0,0.0,True,True,False,2.539678536916945e-13,/home/nez/Desktop/tesis-snn/platemo-cpp/results/ds4_moeackf/fronts/MOEACKF_ds4_nh40_run1_front.csv
4,Sonar,MOEACKF,1,5,13,0.00753968254,0.2215568862,0.7784431138,False,False,40,6,31,3,0,0.775,0.075,0.0,3,3,False,False,False,0,1,0.025,True,True,False,3.174604676359216e-13,/home/nez/Desktop/tesis-snn/platemo-cpp/results/ds4_moeackf/fronts/MOEACKF_ds4_nh40_run1_front.csv
4,Sonar,MOEACKF,1,6,13,0.005952380952,0.245508982,0.754491018,False,False,40,6,33,1,0,0.825,0.025,0.0,3,3,False,False,False,0,0,0.0,True,True,False,3.8095221421841075e-13,/home/nez/Desktop/tesis-snn/platemo-cpp/results/ds4_moeackf/fronts/MOEACKF_ds4_nh40_run1_front.csv
4,Sonar,MOEACKF,1,7,13,0.003174603175,0.3353293413,0.6646706587,False,False,40,4,36,0,0,0.9,0.0,0.0,2,2,False,False,False,0,0,0.0,True,True,False,3.968253677044675e-13,/home/nez/Desktop/tesis-snn/platemo-cpp/results/ds4_moeackf/fronts/MOEACKF_ds4_nh40_run1_front.csv
4,Sonar,MOEACKF,1,8,13,0.003571428571,0.3053892216,0.6946107784,False,False,40,4,36,0,0,0.9,0.0,0.0,2,2,False,False,False,0,0,0.0,True,True,False,4.285712409957121e-13,/home/nez/Desktop/tesis-snn/platemo-cpp/results/ds4_moeackf/fronts/MOEACKF_ds4_nh40_run1_front.csv
4,Sonar,MOEACKF,1,9,13,0.004365079365,0.2574850299,0.7425149701,False,False,40,4,35,1,0,0.875,0.025,0.0,2,2,False,False,False,0,0,0.0,True,True,False,7.93653337494149e-14,/home/nez/Desktop/tesis-snn/platemo-cpp/results/ds4_moeackf/fronts/MOEACKF_ds4_nh40_run1_front.csv
4,Sonar,MOEACKF,1,10,13,0.02023809524,0.1736526946,0.8263473054,False,True,40,6,12,22,0,0.3,0.55,0.0,3,3,False,False,False,0,1,0.025,True,True,False,1.9047610710920537e-12,/home/nez/Desktop/tesis-snn/platemo-cpp/results/ds4_moeackf/fronts/MOEACKF_ds4_nh40_run1_front.csv
4,Sonar,MOEACKF,1,11,13,0.01666666667,0.2155688623,0.7844311377,False,False,40,6,16,18,0,0.4,0.45,0.0,3,3,False,False,False,0,1,0.025,True,True,False,3.33333360913457e-12,/home/nez/Desktop/tesis-snn/platemo-cpp/results/ds4_moeackf/fronts/MOEACKF_ds4_nh40_run1_front.csv
4,Sonar,MOEACKF,1,12,13,0.01785714286,0.1976047904,0.8023952096,False,False,40,6,18,16,0,0.45,0.4,0.0,3,3,False,False,False,0,0,0.0,True,True,False,2.8571450760850325e-12,/home/nez/Desktop/tesis-snn/platemo-cpp/results/ds4_moeackf/fronts/MOEACKF_ds4_nh40_run1_front.csv
4,Sonar,MOEACKF,2,0,11,0.0003968253968,0.3233532934,0.6766467065999999,False,False,40,0,39,1,0,0.975,0.025,0.0,0,0,True,True,True,2,0,0.0,False,False,True,2.5396839579278074e-14,/home/nez/Desktop/tesis-snn/platemo-cpp/results/ds4_moeackf/fronts/MOEACKF_ds4_nh40_run2_front.csv
4,Sonar,MOEACKF,2,1,11,0.01468253968,0.2035928144,0.7964071856,False,False,40,4,16,18,2,0.4,0.45,0.05,2,4,False,False,False,0,1,0.025,True,True,False,2.539682006363897e-12,/home/nez/Desktop/tesis-snn/platemo-cpp/results/ds4_moeackf/fronts/MOEACKF_ds4_nh40_run2_front.csv
4,Sonar,MOEACKF,2,2,11,0.01507936508,0.1856287425,0.8143712575,False,False,40,5,18,16,1,0.45,0.4,0.025,2,4,False,False,False,0,0,0.0,True,True,False,6.349209352718432e-13,/home/nez/Desktop/tesis-snn/platemo-cpp/results/ds4_moeackf/fronts/MOEACKF_ds4_nh40_run2_front.csv
4,Sonar,MOEACKF,2,3,11,0.0,0.3592814371,0.6407185629000001,True,False,40,0,40,0,0,1.0,0.0,0.0,0,0,True,True,True,2,0,0.0,False,False,True,0.0,/home/nez/Desktop/tesis-snn/platemo-cpp/results/ds4_moeackf/fronts/MOEACKF_ds4_nh40_run2_front.csv
4,Sonar,MOEACKF,2,4,11,0.009523809524,0.2095808383,0.7904191617,False,False,40,5,28,7,0,0.7,0.175,0.0,2,3,False,False,False,0,1,0.025,True,True,False,1.9047610710920537e-13,/home/nez/Desktop/tesis-snn/platemo-cpp/results/ds4_moeackf/fronts/MOEACKF_ds4_nh40_run2_front.csv
4,Sonar,MOEACKF,2,5,11,0.006746031746,0.245508982,0.754491018,False,False,40,4,33,3,0,0.825,0.075,0.0,2,2,False,False,False,0,0,0.0,True,True,False,3.174630697211356e-14,/home/nez/Desktop/tesis-snn/platemo-cpp/results/ds4_moeackf/fronts/MOEACKF_ds4_nh40_run2_front.csv
4,Sonar,MOEACKF,2,6,11,0.00753968254,0.2275449102,0.7724550898,False,False,40,4,31,5,0,0.775,0.125,0.0,2,2,False,False,False,0,1,0.025,True,True,False,3.174604676359216e-13,/home/nez/Desktop/tesis-snn/platemo-cpp/results/ds4_moeackf/fronts/MOEACKF_ds4_nh40_run2_front.csv
4,Sonar,MOEACKF,2,7,11,0.02420634921,0.1736526946,0.8263473054,False,True,40,6,7,27,0,0.175,0.675,0.0,3,3,False,False,False,0,0,0.0,True,True,False,3.650791474685278e-12,/home/nez/Desktop/tesis-snn/platemo-cpp/results/ds4_moeackf/fronts/MOEACKF_ds4_nh40_run2_front.csv
4,Sonar,MOEACKF,2,8,11,0.003968253968,0.3173652695,0.6826347305,False,False,40,3,35,1,1,0.875,0.025,0.025,2,2,False,False,False,0,0,0.0,True,True,False,2.539678536916945e-13,/home/nez/Desktop/tesis-snn/platemo-cpp/results/ds4_moeackf/fronts/MOEACKF_ds4_nh40_run2_front.csv
4,Sonar,MOEACKF,2,9,11,0.004365079365,0.251497006,0.748502994,False,False,40,3,36,1,0,0.9,0.025,0.0,1,2,False,False,False,0,0,0.0,True,True,False,7.93653337494149e-14,/home/nez/Desktop/tesis-snn/platemo-cpp/results/ds4_moeackf/fronts/MOEACKF_ds4_nh40_run2_front.csv
4,Sonar,MOEACKF,2,10,11,0.00873015873,0.2215568862,0.7784431138,False,False,40,5,30,5,0,0.75,0.125,0.0,2,3,False,False,False,0,1,0.025,True,True,False,1.587306674988298e-13,/home/nez/Desktop/tesis-snn/platemo-cpp/results/ds4_moeackf/fronts/MOEACKF_ds4_nh40_run2_front.csv
4,Sonar,MOEACKF,3,0,15,0.0003968253968,0.3592814371,0.6407185629000001,False,False,40,0,39,1,0,0.975,0.025,0.0,0,0,True,True,True,2,0,0.0,False,False,True,2.5396839579278074e-14,/home/nez/Desktop/tesis-snn/platemo-cpp/results/ds4_moeackf/fronts/MOEACKF_ds4_nh40_run3_front.csv
4,Sonar,MOEACKF,3,1,15,0.0,0.377245509,0.622754491,True,False,40,0,40,0,0,1.0,0.0,0.0,0,0,True,True,True,2,0,0.0,False,False,True,0.0,/home/nez/Desktop/tesis-snn/platemo-cpp/results/ds4_moeackf/fronts/MOEACKF_ds4_nh40_run3_front.csv
4,Sonar,MOEACKF,3,2,15,0.04285714286,0.1556886228,0.8443113771999999,False,True,40,6,2,32,0,0.05,0.8,0.0,4,2,False,False,False,0,0,0.0,True,True,False,2.8571450760850325e-12,/home/nez/Desktop/tesis-snn/platemo-cpp/results/ds4_moeackf/fronts/MOEACKF_ds4_nh40_run3_front.csv
4,Sonar,MOEACKF,3,3,15,0.02222222222,0.2095808383,0.7904191617,False,False,40,4,13,23,0,0.325,0.575,0.0,2,2,False,False,False,0,0,0.0,True,True,False,2.2222224060897133e-12,/home/nez/Desktop/tesis-snn/platemo-cpp/results/ds4_moeackf/fronts/MOEACKF_ds4_nh40_run3_front.csv
4,Sonar,MOEACKF,3,4,15,0.025,0.1976047904,0.8023952096,False,False,40,4,10,26,0,0.25,0.65,0.0,2,2,False,False,False,0,0,0.0,True,True,False,0.0,/home/nez/Desktop/tesis-snn/platemo-cpp/results/ds4_moeackf/fronts/MOEACKF_ds4_nh40_run3_front.csv
4,Sonar,MOEACKF,3,5,15,0.02063492063,0.2215568862,0.7784431138,False,False,40,4,16,20,0,0.4,0.5,0.0,2,2,False,False,False,0,0,0.0,True,True,False,4.920633345228964e-12,/home/nez/Desktop/tesis-snn/platemo-cpp/results/ds4_moeackf/fronts/MOEACKF_ds4_nh40_run3_front.csv
4,Sonar,MOEACKF,3,6,15,0.03333333333,0.1856287425,0.8143712575,False,False,40,6,7,27,0,0.175,0.675,0.0,4,2,False,False,False,0,0,0.0,True,True,False,3.33333360913457e-12,/home/nez/Desktop/tesis-snn/platemo-cpp/results/ds4_moeackf/fronts/MOEACKF_ds4_nh40_run3_front.csv
4,Sonar,MOEACKF,3,7,15,0.01904761905,0.2275449102,0.7724550898,False,False,40,4,17,19,0,0.425,0.475,0.0,2,2,False,False,False,0,0,0.0,True,True,False,2.380949604141591e-12,/home/nez/Desktop/tesis-snn/platemo-cpp/results/ds4_moeackf/fronts/MOEACKF_ds4_nh40_run3_front.csv
4,Sonar,MOEACKF,3,8,15,0.01388888889,0.2574850299,0.7425149701,False,False,40,4,21,15,0,0.525,0.375,0.0,2,2,False,False,False,0,1,0.025,True,True,False,1.1111112030448567e-12,/home/nez/Desktop/tesis-snn/platemo-cpp/results/ds4_moeackf/fronts/MOEACKF_ds4_nh40_run3_front.csv
4,Sonar,MOEACKF,3,9,15,0.02341269841,0.2035928144,0.7964071856,False,False,40,4,14,22,0,0.35,0.55,0.0,2,2,False,False,False,0,0,0.0,True,True,False,2.6984144085862027e-12,/home/nez/Desktop/tesis-snn/platemo-cpp/results/ds4_moeackf/fronts/MOEACKF_ds4_nh40_run3_front.csv
4,Sonar,MOEACKF,3,10,15,0.01428571429,0.2395209581,0.7604790419,False,False,40,4,22,13,1,0.55,0.325,0.025,2,3,False,False,False,0,1,0.025,True,True,False,4.285714144680597e-12,/home/nez/Desktop/tesis-snn/platemo-cpp/results/ds4_moeackf/fronts/MOEACKF_ds4_nh40_run3_front.csv
4,Sonar,MOEACKF,3,11,15,0.03412698413,0.1736526946,0.8263473054,False,False,40,6,6,28,0,0.15,0.7,0.0,4,2,False,False,False,0,0,0.0,True,True,False,3.0158792130308143e-12,/home/nez/Desktop/tesis-snn/platemo-cpp/results/ds4_moeackf/fronts/MOEACKF_ds4_nh40_run3_front.csv
4,Sonar,MOEACKF,3,12,15,0.0130952381,0.3053892216,0.6946107784,False,False,40,4,23,13,0,0.575,0.325,0.0,2,2,False,False,False,0,1,0.025,True,True,False,4.76190441245361e-12,/home/nez/Desktop/tesis-snn/platemo-cpp/results/ds4_moeackf/fronts/MOEACKF_ds4_nh40_run3_front.csv
4,Sonar,MOEACKF,3,13,15,0.01031746032,0.3233532934,0.6766467065999999,False,False,40,4,26,10,0,0.65,0.25,0.0,2,2,False,False,False,0,1,0.025,True,True,False,2.539682006363897e-12,/home/nez/Desktop/tesis-snn/platemo-cpp/results/ds4_moeackf/fronts/MOEACKF_ds4_nh40_run3_front.csv
4,Sonar,MOEACKF,3,14,15,0.01349206349,0.2814371257,0.7185628743,False,False,40,4,21,15,0,0.525,0.375,0.0,2,2,False,False,False,0,1,0.025,True,True,False,2.0634934733143595e-12,/home/nez/Desktop/tesis-snn/platemo-cpp/results/ds4_moeackf/fronts/MOEACKF_ds4_nh40_run3_front.csv
4,Sonar,MOEACKF,4,0,7,0.0003968253968,0.3473053892,0.6526946108,False,False,40,0,39,1,0,0.975,0.025,0.0,0,0,True,True,True,2,0,0.0,False,False,True,2.5396839579278074e-14,/home/nez/Desktop/tesis-snn/platemo-cpp/results/ds4_moeackf/fronts/MOEACKF_ds4_nh40_run4_front.csv
4,Sonar,MOEACKF,4,1,7,0.0,0.377245509,0.622754491,True,False,40,0,40,0,0,1.0,0.0,0.0,0,0,True,True,True,2,0,0.0,False,False,True,0.0,/home/nez/Desktop/tesis-snn/platemo-cpp/results/ds4_moeackf/fronts/MOEACKF_ds4_nh40_run4_front.csv
4,Sonar,MOEACKF,4,2,7,0.004761904762,0.1976047904,0.8023952096,False,True,40,3,34,2,1,0.85,0.05,0.025,2,2,False,False,False,0,0,0.0,True,True,False,9.523805355460269e-14,/home/nez/Desktop/tesis-snn/platemo-cpp/results/ds4_moeackf/fronts/MOEACKF_ds4_nh40_run4_front.csv
4,Sonar,MOEACKF,4,3,7,0.004365079365,0.2335329341,0.7664670659,False,False,40,2,34,4,0,0.85,0.1,0.0,1,1,False,False,False,0,0,0.0,True,True,False,7.93653337494149e-14,/home/nez/Desktop/tesis-snn/platemo-cpp/results/ds4_moeackf/fronts/MOEACKF_ds4_nh40_run4_front.csv
4,Sonar,MOEACKF,4,4,7,0.002777777778,0.2395209581,0.7604790419,False,False,40,2,38,0,0,0.95,0.0,0.0,1,1,False,False,False,0,0,0.0,True,True,False,2.2222198040044994e-13,/home/nez/Desktop/tesis-snn/platemo-cpp/results/ds4_moeackf/fronts/MOEACKF_ds4_nh40_run4_front.csv
4,Sonar,MOEACKF,4,5,7,0.002380952381,0.2694610778,0.7305389222,False,False,40,2,38,0,0,0.95,0.0,0.0,1,1,False,False,False,0,0,0.0,True,True,False,4.761902677730134e-14,/home/nez/Desktop/tesis-snn/platemo-cpp/results/ds4_moeackf/fronts/MOEACKF_ds4_nh40_run4_front.csv
4,Sonar,MOEACKF,4,6,7,0.001984126984,0.2934131737,0.7065868263,False,False,40,2,38,0,0,0.95,0.0,0.0,1,1,False,False,False,0,0,0.0,True,True,False,1.2698392684584725e-13,/home/nez/Desktop/tesis-snn/platemo-cpp/results/ds4_moeackf/fronts/MOEACKF_ds4_nh40_run4_front.csv
4,Sonar,MOEACKF,5,0,9,0.0003968253968,0.3293413174,0.6706586826000001,False,False,40,0,39,1,0,0.975,0.025,0.0,0,0,True,True,True,2,0,0.0,False,False,True,2.5396839579278074e-14,/home/nez/Desktop/tesis-snn/platemo-cpp/results/ds4_moeackf/fronts/MOEACKF_ds4_nh40_run5_front.csv
4,Sonar,MOEACKF,5,1,9,0.0,0.3832335329,0.6167664670999999,True,False,40,0,40,0,0,1.0,0.0,0.0,0,0,True,True,True,2,0,0.0,False,False,True,0.0,/home/nez/Desktop/tesis-snn/platemo-cpp/results/ds4_moeackf/fronts/MOEACKF_ds4_nh40_run5_front.csv
4,Sonar,MOEACKF,5,2,9,0.02142857143,0.1856287425,0.8143712575,False,True,40,3,12,24,1,0.3,0.6,0.025,2,2,False,False,False,0,0,0.0,True,True,False,1.4285725380425163e-12,/home/nez/Desktop/tesis-snn/platemo-cpp/results/ds4_moeackf/fronts/MOEACKF_ds4_nh40_run5_front.csv
4,Sonar,MOEACKF,5,3,9,0.006746031746,0.1976047904,0.8023952096,False,False,40,3,31,6,0,0.775,0.15,0.0,2,1,False,False,False,0,0,0.0,True,True,False,3.174630697211356e-14,/home/nez/Desktop/tesis-snn/platemo-cpp/results/ds4_moeackf/fronts/MOEACKF_ds4_nh40_run5_front.csv
4,Sonar,MOEACKF,5,4,9,0.003571428571,0.2754491018,0.7245508982,False,False,40,3,37,0,0,0.925,0.0,0.0,2,1,False,False,False,0,0,0.0,True,True,False,4.285712409957121e-13,/home/nez/Desktop/tesis-snn/platemo-cpp/results/ds4_moeackf/fronts/MOEACKF_ds4_nh40_run5_front.csv
4,Sonar,MOEACKF,5,5,9,0.005158730159,0.2035928144,0.7964071856,False,False,40,3,34,3,0,0.85,0.075,0.0,2,1,False,False,False,0,0,0.0,True,True,False,2.6984144085862027e-13,/home/nez/Desktop/tesis-snn/platemo-cpp/results/ds4_moeackf/fronts/MOEACKF_ds4_nh40_run5_front.csv
4,Sonar,MOEACKF,5,6,9,0.003968253968,0.2095808383,0.7904191617,False,False,40,3,37,0,0,0.925,0.0,0.0,2,1,False,False,False,0,0,0.0,True,True,False,2.539678536916945e-13,/home/nez/Desktop/tesis-snn/platemo-cpp/results/ds4_moeackf/fronts/MOEACKF_ds4_nh40_run5_front.csv
4,Sonar,MOEACKF,5,7,9,0.003174603175,0.3053892216,0.6946107784,False,False,40,3,37,0,0,0.925,0.0,0.0,2,1,False,False,False,0,0,0.0,True,True,False,3.968253677044675e-13,/home/nez/Desktop/tesis-snn/platemo-cpp/results/ds4_moeackf/fronts/MOEACKF_ds4_nh40_run5_front.csv
4,Sonar,MOEACKF,5,8,9,0.002380952381,0.3173652695,0.6826347305,False,False,40,2,38,0,0,0.95,0.0,0.0,1,1,False,False,False,0,0,0.0,True,True,False,4.761902677730134e-14,/home/nez/Desktop/tesis-snn/platemo-cpp/results/ds4_moeackf/fronts/MOEACKF_ds4_nh40_run5_front.csv
4,Sonar,MOEACKF,6,0,5,0.0,0.3473053892,0.6526946108,True,False,40,0,40,0,0,1.0,0.0,0.0,0,0,True,True,True,2,0,0.0,False,False,True,0.0,/home/nez/Desktop/tesis-snn/platemo-cpp/results/ds4_moeackf/fronts/MOEACKF_ds4_nh40_run6_front.csv
4,Sonar,MOEACKF,6,1,5,0.0003968253968,0.3293413174,0.6706586826000001,False,False,40,0,39,1,0,0.975,0.025,0.0,0,0,True,True,True,2,0,0.0,False,False,True,2.5396839579278074e-14,/home/nez/Desktop/tesis-snn/platemo-cpp/results/ds4_moeackf/fronts/MOEACKF_ds4_nh40_run6_front.csv
4,Sonar,MOEACKF,6,2,5,0.01388888889,0.2694610778,0.7305389222,False,True,40,2,22,16,0,0.55,0.4,0.0,1,1,False,False,False,0,0,0.0,True,True,False,1.1111112030448567e-12,/home/nez/Desktop/tesis-snn/platemo-cpp/results/ds4_moeackf/fronts/MOEACKF_ds4_nh40_run6_front.csv
4,Sonar,MOEACKF,6,3,5,0.0130952381,0.2934131737,0.7065868263,False,False,40,2,21,17,0,0.525,0.425,0.0,1,1,False,False,False,0,0,0.0,True,True,False,4.76190441245361e-12,/home/nez/Desktop/tesis-snn/platemo-cpp/results/ds4_moeackf/fronts/MOEACKF_ds4_nh40_run6_front.csv
4,Sonar,MOEACKF,6,4,5,0.005952380952,0.2994011976,0.7005988024,False,False,40,2,34,4,0,0.85,0.1,0.0,1,1,False,False,False,0,0,0.0,True,True,False,3.8095221421841075e-13,/home/nez/Desktop/tesis-snn/platemo-cpp/results/ds4_moeackf/fronts/MOEACKF_ds4_nh40_run6_front.csv
4,Sonar,MOEACKF,7,0,11,0.0003968253968,0.3532934132,0.6467065867999999,False,False,40,0,39,1,0,0.975,0.025,0.0,0,0,True,True,True,2,0,0.0,False,False,True,2.5396839579278074e-14,/home/nez/Desktop/tesis-snn/platemo-cpp/results/ds4_moeackf/fronts/MOEACKF_ds4_nh40_run7_front.csv
4,Sonar,MOEACKF,7,1,11,0.0,0.3652694611,0.6347305389,True,False,40,0,40,0,0,1.0,0.0,0.0,0,0,True,True,True,2,0,0.0,False,False,True,0.0,/home/nez/Desktop/tesis-snn/platemo-cpp/results/ds4_moeackf/fronts/MOEACKF_ds4_nh40_run7_front.csv
4,Sonar,MOEACKF,7,2,11,0.1738095238,0.2095808383,0.7904191617,False,False,40,20,0,20,0,0.0,0.5,0.0,13,12,False,False,False,0,0,0.0,True,True,False,9.523798416566365e-12,/home/nez/Desktop/tesis-snn/platemo-cpp/results/ds4_moeackf/fronts/MOEACKF_ds4_nh40_run7_front.csv
4,Sonar,MOEACKF,7,3,11,0.1662698413,0.2395209581,0.7604790419,False,False,40,20,0,20,0,0.0,0.5,0.0,13,12,False,False,False,0,0,0.0,True,True,False,3.015873661915691e-11,/home/nez/Desktop/tesis-snn/platemo-cpp/results/ds4_moeackf/fronts/MOEACKF_ds4_nh40_run7_front.csv
4,Sonar,MOEACKF,7,4,11,0.1742063492,0.1976047904,0.8023952096,False,False,40,20,0,20,0,0.0,0.5,0.0,13,12,False,False,False,0,0,0.0,True,True,False,6.3491989443775765e-12,/home/nez/Desktop/tesis-snn/platemo-cpp/results/ds4_moeackf/fronts/MOEACKF_ds4_nh40_run7_front.csv
4,Sonar,MOEACKF,7,5,11,0.1638888889,0.2634730539,0.7365269461,False,False,40,20,0,20,0,0.0,0.5,0.0,13,12,False,False,False,0,0,0.0,True,True,False,1.1111112030448567e-11,/home/nez/Desktop/tesis-snn/platemo-cpp/results/ds4_moeackf/fronts/MOEACKF_ds4_nh40_run7_front.csv
4,Sonar,MOEACKF,7,6,11,0.201984127,0.1736526946,0.8263473054,False,True,40,20,0,20,0,0.0,0.5,0.0,13,12,False,False,False,0,0,0.0,True,True,False,1.5873025116519557e-11,/home/nez/Desktop/tesis-snn/platemo-cpp/results/ds4_moeackf/fronts/MOEACKF_ds4_nh40_run7_front.csv
4,Sonar,MOEACKF,7,7,11,0.1686507937,0.2215568862,0.7784431138,False,False,40,20,0,20,0,0.0,0.5,0.0,13,12,False,False,False,0,0,0.0,True,True,False,4.920633345228964e-11,/home/nez/Desktop/tesis-snn/platemo-cpp/results/ds4_moeackf/fronts/MOEACKF_ds4_nh40_run7_front.csv
4,Sonar,MOEACKF,7,8,11,0.1654761905,0.251497006,0.748502994,False,False,40,20,0,20,0,0.0,0.5,0.0,13,12,False,False,False,0,0,0.0,True,True,False,2.3809537674779335e-11,/home/nez/Desktop/tesis-snn/platemo-cpp/results/ds4_moeackf/fronts/MOEACKF_ds4_nh40_run7_front.csv
4,Sonar,MOEACKF,7,9,11,0.1845238095,0.1856287425,0.8143712575,False,False,40,20,0,20,0,0.0,0.5,0.0,12,12,False,False,False,0,0,0.0,True,True,False,2.3809537674779335e-11,/home/nez/Desktop/tesis-snn/platemo-cpp/results/ds4_moeackf/fronts/MOEACKF_ds4_nh40_run7_front.csv
4,Sonar,MOEACKF,7,10,11,0.1726190476,0.2155688623,0.7844311377,False,False,40,20,0,20,0,0.0,0.5,0.0,13,12,False,False,False,0,0,0.0,True,True,False,1.9047624588708345e-11,/home/nez/Desktop/tesis-snn/platemo-cpp/results/ds4_moeackf/fronts/MOEACKF_ds4_nh40_run7_front.csv
4,Sonar,MOEACKF,8,0,14,0.0003968253968,0.3353293413,0.6646706587,False,False,40,0,39,1,0,0.975,0.025,0.0,0,0,True,True,True,2,0,0.0,False,False,True,2.5396839579278074e-14,/home/nez/Desktop/tesis-snn/platemo-cpp/results/ds4_moeackf/fronts/MOEACKF_ds4_nh40_run8_front.csv
4,Sonar,MOEACKF,8,1,14,0.0,0.3652694611,0.6347305389,True,False,40,0,40,0,0,1.0,0.0,0.0,0,0,True,True,True,2,0,0.0,False,False,True,0.0,/home/nez/Desktop/tesis-snn/platemo-cpp/results/ds4_moeackf/fronts/MOEACKF_ds4_nh40_run8_front.csv
4,Sonar,MOEACKF,8,2,14,0.3845238095,0.2215568862,0.7784431138,False,False,40,25,0,15,0,0.0,0.375,0.0,14,13,False,False,False,0,0,0.0,True,True,False,2.380956543035495e-11,/home/nez/Desktop/tesis-snn/platemo-cpp/results/ds4_moeackf/fronts/MOEACKF_ds4_nh40_run8_front.csv
4,Sonar,MOEACKF,8,3,14,0.355952381,0.2694610778,0.7305389222,False,False,40,25,0,15,0,0.0,0.375,0.0,14,14,False,False,False,0,0,0.0,True,True,False,4.761901983840744e-11,/home/nez/Desktop/tesis-snn/platemo-cpp/results/ds4_moeackf/fronts/MOEACKF_ds4_nh40_run8_front.csv
4,Sonar,MOEACKF,8,4,14,0.3615079365,0.251497006,0.748502994,False,False,40,25,0,15,0,0.0,0.375,0.0,14,14,False,False,False,0,0,0.0,True,True,False,7.936484802684163e-12,/home/nez/Desktop/tesis-snn/platemo-cpp/results/ds4_moeackf/fronts/MOEACKF_ds4_nh40_run8_front.csv
4,Sonar,MOEACKF,8,5,14,0.3507936508,0.2874251497,0.7125748503,False,False,40,25,0,15,0,0.0,0.375,0.0,14,14,False,False,False,0,0,0.0,True,True,False,6.349254455528808e-12,/home/nez/Desktop/tesis-snn/platemo-cpp/results/ds4_moeackf/fronts/MOEACKF_ds4_nh40_run8_front.csv
4,Sonar,MOEACKF,8,6,14,0.3837301587,0.2275449102,0.7724550898,False,False,40,25,0,15,0,0.0,0.375,0.0,14,13,False,False,False,0,0,0.0,True,True,False,3.015876437473253e-11,/home/nez/Desktop/tesis-snn/platemo-cpp/results/ds4_moeackf/fronts/MOEACKF_ds4_nh40_run8_front.csv
4,Sonar,MOEACKF,8,7,14,0.3515873016,0.2814371257,0.7185628743,False,False,40,25,0,15,0,0.0,0.375,0.0,14,14,False,False,False,0,0,0.0,True,True,False,1.2698397888755153e-11,/home/nez/Desktop/tesis-snn/platemo-cpp/results/ds4_moeackf/fronts/MOEACKF_ds4_nh40_run8_front.csv
4,Sonar,MOEACKF,8,8,14,0.3857142857,0.2155688623,0.7844311377,False,True,40,25,0,15,0,0.0,0.375,0.0,14,13,False,False,False,0,0,0.0,True,True,False,1.428573925821297e-11,/home/nez/Desktop/tesis-snn/platemo-cpp/results/ds4_moeackf/fronts/MOEACKF_ds4_nh40_run8_front.csv
4,Sonar,MOEACKF,8,9,14,0.3805555556,0.2335329341,0.7664670659,False,False,40,25,0,15,0,0.0,0.375,0.0,14,13,False,False,False,0,0,0.0,True,True,False,4.4444448121794267e-11,/home/nez/Desktop/tesis-snn/platemo-cpp/results/ds4_moeackf/fronts/MOEACKF_ds4_nh40_run8_front.csv
4,Sonar,MOEACKF,8,10,14,0.3503968254,0.2994011976,0.7005988024,False,False,40,25,0,15,0,0.0,0.375,0.0,14,14,False,False,False,0,0,0.0,True,True,False,3.174627227764404e-12,/home/nez/Desktop/tesis-snn/platemo-cpp/results/ds4_moeackf/fronts/MOEACKF_ds4_nh40_run8_front.csv
4,Sonar,MOEACKF,8,11,14,0.3496031746,0.3173652695,0.6826347305,False,False,40,25,0,15,0,0.0,0.375,0.0,14,14,False,False,False,0,0,0.0,True,True,False,3.1745717166131726e-12,/home/nez/Desktop/tesis-snn/platemo-cpp/results/ds4_moeackf/fronts/MOEACKF_ds4_nh40_run8_front.csv
4,Sonar,MOEACKF,8,12,14,0.3492063492,0.3293413174,0.6706586826000001,False,False,40,25,0,15,0,0.0,0.375,0.0,14,13,False,False,False,0,0,0.0,True,True,False,6.3491989443775765e-12,/home/nez/Desktop/tesis-snn/platemo-cpp/results/ds4_moeackf/fronts/MOEACKF_ds4_nh40_run8_front.csv
4,Sonar,MOEACKF,8,13,14,0.3686507937,0.245508982,0.754491018,False,False,40,25,0,15,0,0.0,0.375,0.0,14,13,False,False,False,0,0,0.0,True,True,False,4.9206305696714026e-11,/home/nez/Desktop/tesis-snn/platemo-cpp/results/ds4_moeackf/fronts/MOEACKF_ds4_nh40_run8_front.csv
4,Sonar,MOEACKF,9,0,16,0.0003968253968,0.3592814371,0.6407185629000001,False,False,40,0,39,1,0,0.975,0.025,0.0,0,0,True,True,True,2,0,0.0,False,False,True,2.5396839579278074e-14,/home/nez/Desktop/tesis-snn/platemo-cpp/results/ds4_moeackf/fronts/MOEACKF_ds4_nh40_run9_front.csv
4,Sonar,MOEACKF,9,1,16,0.0,0.3652694611,0.6347305389,True,False,40,0,40,0,0,1.0,0.0,0.0,0,0,True,True,True,2,0,0.0,False,False,True,0.0,/home/nez/Desktop/tesis-snn/platemo-cpp/results/ds4_moeackf/fronts/MOEACKF_ds4_nh40_run9_front.csv
4,Sonar,MOEACKF,9,2,16,0.07142857143,0.1976047904,0.8023952096,False,False,40,10,1,29,0,0.025,0.725,0.0,6,6,False,False,False,0,0,0.0,True,True,False,1.4285794769364202e-12,/home/nez/Desktop/tesis-snn/platemo-cpp/results/ds4_moeackf/fronts/MOEACKF_ds4_nh40_run9_front.csv
4,Sonar,MOEACKF,9,3,16,0.1015873016,0.1796407186,0.8203592814,False,True,40,12,0,28,0,0.0,0.7,0.0,8,5,False,False,False,0,0,0.0,True,True,False,1.269841176654296e-11,/home/nez/Desktop/tesis-snn/platemo-cpp/results/ds4_moeackf/fronts/MOEACKF_ds4_nh40_run9_front.csv
4,Sonar,MOEACKF,9,4,16,0.08373015873,0.1856287425,0.8143712575,False,False,40,11,0,29,0,0.0,0.725,0.0,7,5,False,False,False,0,0,0.0,True,True,False,1.5872025915797394e-13,/home/nez/Desktop/tesis-snn/platemo-cpp/results/ds4_moeackf/fronts/MOEACKF_ds4_nh40_run9_front.csv
4,Sonar,MOEACKF,9,5,16,0.0619047619,0.245508982,0.754491018,False,False,40,10,1,29,0,0.025,0.725,0.0,6,6,False,False,False,0,0,0.0,True,True,False,4.761906147177086e-12,/home/nez/Desktop/tesis-snn/platemo-cpp/results/ds4_moeackf/fronts/MOEACKF_ds4_nh40_run9_front.csv
4,Sonar,MOEACKF,9,6,16,0.05793650794,0.2574850299,0.7425149701,False,False,40,10,3,27,0,0.075,0.675,0.0,6,6,False,False,False,0,0,0.0,True,True,False,3.492060807186448e-12,/home/nez/Desktop/tesis-snn/platemo-cpp/results/ds4_moeackf/fronts/MOEACKF_ds4_nh40_run9_front.csv
4,Sonar,MOEACKF,9,7,16,0.0630952381,0.2215568862,0.7784431138,False,False,40,11,1,28,0,0.025,0.7,0.0,7,5,False,False,False,0,0,0.0,True,True,False,4.76191308607099e-12,/home/nez/Desktop/tesis-snn/platemo-cpp/results/ds4_moeackf/fronts/MOEACKF_ds4_nh40_run9_front.csv
4,Sonar,MOEACKF,9,8,16,0.05674603175,0.3053892216,0.6946107784,False,False,40,9,2,29,0,0.05,0.725,0.0,5,5,False,False,False,0,0,0.0,True,True,False,3.968256279129889e-12,/home/nez/Desktop/tesis-snn/platemo-cpp/results/ds4_moeackf/fronts/MOEACKF_ds4_nh40_run9_front.csv
4,Sonar,MOEACKF,9,9,16,0.05476190476,0.3293413174,0.6706586826000001,False,False,40,8,2,30,0,0.05,0.75,0.0,4,5,False,False,False,0,0,0.0,True,True,False,1.9047610710920537e-12,/home/nez/Desktop/tesis-snn/platemo-cpp/results/ds4_moeackf/fronts/MOEACKF_ds4_nh40_run9_front.csv
4,Sonar,MOEACKF,9,10,16,0.05515873016,0.3173652695,0.6826347305,False,False,40,9,2,29,0,0.05,0.725,0.0,5,5,False,False,False,0,0,0.0,True,True,False,1.2698453399906384e-12,/home/nez/Desktop/tesis-snn/platemo-cpp/results/ds4_moeackf/fronts/MOEACKF_ds4_nh40_run9_front.csv
4,Sonar,MOEACKF,9,11,16,0.05595238095,0.3113772455,0.6886227545,False,False,40,8,2,30,0,0.05,0.75,0.0,4,5,False,False,False,0,0,0.0,True,True,False,2.380956543035495e-12,/home/nez/Desktop/tesis-snn/platemo-cpp/results/ds4_moeackf/fronts/MOEACKF_ds4_nh40_run9_front.csv
4,Sonar,MOEACKF,9,12,16,0.0626984127,0.2335329341,0.7664670659,False,False,40,11,1,28,0,0.025,0.7,0.0,7,5,False,False,False,0,0,0.0,True,True,False,1.5872997360943941e-12,/home/nez/Desktop/tesis-snn/platemo-cpp/results/ds4_moeackf/fronts/MOEACKF_ds4_nh40_run9_front.csv
4,Sonar,MOEACKF,9,13,16,0.06071428571,0.251497006,0.748502994,False,False,40,11,2,27,0,0.05,0.675,0.0,7,6,False,False,False,0,0,0.0,True,True,False,4.285710675233645e-12,/home/nez/Desktop/tesis-snn/platemo-cpp/results/ds4_moeackf/fronts/MOEACKF_ds4_nh40_run9_front.csv
4,Sonar,MOEACKF,9,14,16,0.06746031746,0.2155688623,0.7844311377,False,False,40,10,1,29,0,0.025,0.725,0.0,6,5,False,False,False,0,0,0.0,True,True,False,3.174543961037557e-13,/home/nez/Desktop/tesis-snn/platemo-cpp/results/ds4_moeackf/fronts/MOEACKF_ds4_nh40_run9_front.csv
4,Sonar,MOEACKF,9,15,16,0.05753968254,0.2634730539,0.7365269461,False,False,40,11,2,27,0,0.05,0.675,0.0,7,6,False,False,False,0,0,0.0,True,True,False,3.174613349976596e-13,/home/nez/Desktop/tesis-snn/platemo-cpp/results/ds4_moeackf/fronts/MOEACKF_ds4_nh40_run9_front.csv
4,Sonar,MOEACKF,10,0,14,0.0,0.3652694611,0.6347305389,True,False,40,0,40,0,0,1.0,0.0,0.0,0,0,True,True,True,2,0,0.0,False,False,True,0.0,/home/nez/Desktop/tesis-snn/platemo-cpp/results/ds4_moeackf/fronts/MOEACKF_ds4_nh40_run10_front.csv
4,Sonar,MOEACKF,10,1,14,0.0003968253968,0.3532934132,0.6467065867999999,False,False,40,0,39,1,0,0.975,0.025,0.0,0,0,True,True,True,2,0,0.0,False,False,True,2.5396839579278074e-14,/home/nez/Desktop/tesis-snn/platemo-cpp/results/ds4_moeackf/fronts/MOEACKF_ds4_nh40_run10_front.csv
4,Sonar,MOEACKF,10,2,14,0.01865079365,0.1856287425,0.8143712575,False,True,40,4,15,21,0,0.375,0.525,0.0,3,1,False,False,False,0,0,0.0,True,True,False,7.936498680471971e-13,/home/nez/Desktop/tesis-snn/platemo-cpp/results/ds4_moeackf/fronts/MOEACKF_ds4_nh40_run10_front.csv
4,Sonar,MOEACKF,10,3,14,0.005952380952,0.2395209581,0.7604790419,False,False,40,4,33,3,0,0.825,0.075,0.0,3,1,False,False,False,0,0,0.0,True,True,False,3.8095221421841075e-13,/home/nez/Desktop/tesis-snn/platemo-cpp/results/ds4_moeackf/fronts/MOEACKF_ds4_nh40_run10_front.csv
4,Sonar,MOEACKF,10,4,14,0.007142857143,0.2215568862,0.7784431138,False,False,40,4,30,6,0,0.75,0.15,0.0,3,1,False,False,False,0,0,0.0,True,True,False,1.4285708033190403e-13,/home/nez/Desktop/tesis-snn/platemo-cpp/results/ds4_moeackf/fronts/MOEACKF_ds4_nh40_run10_front.csv
4,Sonar,MOEACKF,10,5,14,0.004365079365,0.2694610778,0.7305389222,False,False,40,3,35,1,1,0.875,0.025,0.025,3,1,False,False,False,0,0,0.0,True,True,False,7.93653337494149e-14,/home/nez/Desktop/tesis-snn/platemo-cpp/results/ds4_moeackf/fronts/MOEACKF_ds4_nh40_run10_front.csv
4,Sonar,MOEACKF,10,6,14,0.01468253968,0.2095808383,0.7904191617,False,False,40,4,20,16,0,0.5,0.4,0.0,3,1,False,False,False,0,0,0.0,True,True,False,2.539682006363897e-12,/home/nez/Desktop/tesis-snn/platemo-cpp/results/ds4_moeackf/fronts/MOEACKF_ds4_nh40_run10_front.csv
4,Sonar,MOEACKF,10,7,14,0.01349206349,0.2155688623,0.7844311377,False,False,40,4,22,14,0,0.55,0.35,0.0,3,1,False,False,False,0,0,0.0,True,True,False,2.0634934733143595e-12,/home/nez/Desktop/tesis-snn/platemo-cpp/results/ds4_moeackf/fronts/MOEACKF_ds4_nh40_run10_front.csv
4,Sonar,MOEACKF,10,8,14,0.01507936508,0.1976047904,0.8023952096,False,False,40,4,19,17,0,0.475,0.425,0.0,3,1,False,False,False,0,0,0.0,True,True,False,6.349209352718432e-13,/home/nez/Desktop/tesis-snn/platemo-cpp/results/ds4_moeackf/fronts/MOEACKF_ds4_nh40_run10_front.csv
4,Sonar,MOEACKF,10,9,14,0.003968253968,0.2934131737,0.7065868263,False,False,40,3,36,0,1,0.9,0.0,0.025,3,1,False,False,False,0,0,0.0,True,True,False,2.539678536916945e-13,/home/nez/Desktop/tesis-snn/platemo-cpp/results/ds4_moeackf/fronts/MOEACKF_ds4_nh40_run10_front.csv
4,Sonar,MOEACKF,10,10,14,0.006349206349,0.2275449102,0.7724550898,False,False,40,4,32,4,0,0.8,0.1,0.0,3,1,False,False,False,0,0,0.0,True,True,False,2.0634882691439316e-13,/home/nez/Desktop/tesis-snn/platemo-cpp/results/ds4_moeackf/fronts/MOEACKF_ds4_nh40_run10_front.csv
4,Sonar,MOEACKF,10,11,14,0.01706349206,0.1916167665,0.8083832335,False,False,40,4,16,20,0,0.4,0.5,0.0,3,1,False,False,False,0,0,0.0,True,True,False,3.492060807186448e-12,/home/nez/Desktop/tesis-snn/platemo-cpp/results/ds4_moeackf/fronts/MOEACKF_ds4_nh40_run10_front.csv
4,Sonar,MOEACKF,10,12,14,0.005555555556,0.245508982,0.754491018,False,False,40,4,34,2,0,0.85,0.05,0.0,3,1,False,False,False,0,0,0.0,True,True,False,4.4444396080089987e-13,/home/nez/Desktop/tesis-snn/platemo-cpp/results/ds4_moeackf/fronts/MOEACKF_ds4_nh40_run10_front.csv
4,Sonar,MOEACKF,10,13,14,0.003571428571,0.3293413174,0.6706586826000001,False,False,40,3,37,0,0,0.925,0.0,0.0,2,1,False,False,False,0,0,0.0,True,True,False,4.285712409957121e-13,/home/nez/Desktop/tesis-snn/platemo-cpp/results/ds4_moeackf/fronts/MOEACKF_ds4_nh40_run10_front.csv
4,Sonar,MOEACKF,11,0,11,0.0003968253968,0.3592814371,0.6407185629000001,False,False,40,0,39,1,0,0.975,0.025,0.0,0,0,True,True,True,2,0,0.0,False,False,True,2.5396839579278074e-14,/home/nez/Desktop/tesis-snn/platemo-cpp/results/ds4_moeackf/fronts/MOEACKF_ds4_nh40_run11_front.csv
4,Sonar,MOEACKF,11,1,11,0.0,0.377245509,0.622754491,True,False,40,0,40,0,0,1.0,0.0,0.0,0,0,True,True,True,2,0,0.0,False,False,True,0.0,/home/nez/Desktop/tesis-snn/platemo-cpp/results/ds4_moeackf/fronts/MOEACKF_ds4_nh40_run11_front.csv
4,Sonar,MOEACKF,11,2,11,0.09166666667,0.1976047904,0.8023952096,False,False,40,10,0,30,0,0.0,0.75,0.0,5,5,False,False,False,0,0,0.0,True,True,False,3.33333360913457e-12,/home/nez/Desktop/tesis-snn/platemo-cpp/results/ds4_moeackf/fronts/MOEACKF_ds4_nh40_run11_front.csv
4,Sonar,MOEACKF,11,3,11,0.1226190476,0.1916167665,0.8083832335,False,False,40,12,0,28,0,0.0,0.7,0.0,7,5,False,False,False,0,0,0.0,True,True,False,1.9047610710920537e-11,/home/nez/Desktop/tesis-snn/platemo-cpp/results/ds4_moeackf/fronts/MOEACKF_ds4_nh40_run11_front.csv
4,Sonar,MOEACKF,11,4,11,0.05515873016,0.2035928144,0.7964071856,False,False,40,9,1,30,0,0.025,0.75,0.0,4,5,False,False,False,0,0,0.0,True,True,False,1.2698453399906384e-12,/home/nez/Desktop/tesis-snn/platemo-cpp/results/ds4_moeackf/fronts/MOEACKF_ds4_nh40_run11_front.csv
4,Sonar,MOEACKF,11,5,11,0.123015873,0.1856287425,0.8143712575,False,True,40,12,0,28,0,0.0,0.7,0.0,7,5,False,False,False,0,0,0.0,True,True,False,1.587301123873175e-11,/home/nez/Desktop/tesis-snn/platemo-cpp/results/ds4_moeackf/fronts/MOEACKF_ds4_nh40_run11_front.csv
4,Sonar,MOEACKF,11,6,11,0.02738095238,0.3293413174,0.6706586826000001,False,False,40,7,10,23,0,0.25,0.575,0.0,3,4,False,False,False,0,0,0.0,True,True,False,9.523805355460269e-13,/home/nez/Desktop/tesis-snn/platemo-cpp/results/ds4_moeackf/fronts/MOEACKF_ds4_nh40_run11_front.csv
4,Sonar,MOEACKF,11,7,11,0.03134920635,0.251497006,0.748502994,False,False,40,6,7,26,1,0.175,0.65,0.025,4,3,False,False,False,0,0,0.0,True,True,False,7.936498680471971e-13,/home/nez/Desktop/tesis-snn/platemo-cpp/results/ds4_moeackf/fronts/MOEACKF_ds4_nh40_run11_front.csv
4,Sonar,MOEACKF,11,8,11,0.03174603175,0.2275449102,0.7724550898,False,False,40,7,6,27,0,0.15,0.675,0.0,3,4,False,False,False,0,0,0.0,True,True,False,3.968256279129889e-12,/home/nez/Desktop/tesis-snn/platemo-cpp/results/ds4_moeackf/fronts/MOEACKF_ds4_nh40_run11_front.csv
4,Sonar,MOEACKF,11,9,11,0.03333333333,0.2155688623,0.7844311377,False,False,40,8,7,24,1,0.175,0.6,0.025,4,5,False,False,False,0,0,0.0,True,True,False,3.33333360913457e-12,/home/nez/Desktop/tesis-snn/platemo-cpp/results/ds4_moeackf/fronts/MOEACKF_ds4_nh40_run11_front.csv
4,Sonar,MOEACKF,11,10,11,0.02896825397,0.2754491018,0.7245508982,False,False,40,7,10,23,0,0.25,0.575,0.0,3,4,False,False,False,0,0,0.0,True,True,False,1.746030403593224e-12,/home/nez/Desktop/tesis-snn/platemo-cpp/results/ds4_moeackf/fronts/MOEACKF_ds4_nh40_run11_front.csv
4,Sonar,MOEACKF,12,0,12,0.0003968253968,0.3413173653,0.6586826347,False,False,40,0,39,1,0,0.975,0.025,0.0,0,0,True,True,True,2,1,0.025,False,False,True,2.5396839579278074e-14,/home/nez/Desktop/tesis-snn/platemo-cpp/results/ds4_moeackf/fronts/MOEACKF_ds4_nh40_run12_front.csv
4,Sonar,MOEACKF,12,1,12,0.0,0.377245509,0.622754491,True,False,40,0,40,0,0,1.0,0.0,0.0,0,0,True,True,True,2,0,0.0,False,False,True,0.0,/home/nez/Desktop/tesis-snn/platemo-cpp/results/ds4_moeackf/fronts/MOEACKF_ds4_nh40_run12_front.csv
4,Sonar,MOEACKF,12,2,12,0.003174603175,0.3053892216,0.6946107784,False,False,40,2,38,0,0,0.95,0.0,0.0,1,1,False,False,False,0,0,0.0,True,True,False,3.968253677044675e-13,/home/nez/Desktop/tesis-snn/platemo-cpp/results/ds4_moeackf/fronts/MOEACKF_ds4_nh40_run12_front.csv
4,Sonar,MOEACKF,12,3,12,0.006349206349,0.2095808383,0.7904191617,False,False,40,3,34,3,0,0.85,0.075,0.0,2,1,False,False,False,0,0,0.0,True,True,False,2.0634882691439316e-13,/home/nez/Desktop/tesis-snn/platemo-cpp/results/ds4_moeackf/fronts/MOEACKF_ds4_nh40_run12_front.csv
4,Sonar,MOEACKF,12,4,12,0.005158730159,0.2275449102,0.7724550898,False,False,40,2,35,3,0,0.875,0.075,0.0,1,1,False,False,False,0,0,0.0,True,True,False,2.6984144085862027e-13,/home/nez/Desktop/tesis-snn/platemo-cpp/results/ds4_moeackf/fronts/MOEACKF_ds4_nh40_run12_front.csv
4,Sonar,MOEACKF,12,5,12,0.01111111111,0.1856287425,0.8143712575,False,False,40,3,26,10,1,0.65,0.25,0.025,2,2,False,False,False,0,0,0.0,True,True,False,1.1111112030448567e-12,/home/nez/Desktop/tesis-snn/platemo-cpp/results/ds4_moeackf/fronts/MOEACKF_ds4_nh40_run12_front.csv
4,Sonar,MOEACKF,12,6,12,0.004761904762,0.2395209581,0.7604790419,False,False,40,2,35,3,0,0.875,0.075,0.0,1,1,False,False,False,0,0,0.0,True,True,False,9.523805355460269e-14,/home/nez/Desktop/tesis-snn/platemo-cpp/results/ds4_moeackf/fronts/MOEACKF_ds4_nh40_run12_front.csv
4,Sonar,MOEACKF,12,7,12,0.003571428571,0.2814371257,0.7185628743,False,False,40,2,37,1,0,0.925,0.025,0.0,1,1,False,False,False,0,0,0.0,True,True,False,4.285712409957121e-13,/home/nez/Desktop/tesis-snn/platemo-cpp/results/ds4_moeackf/fronts/MOEACKF_ds4_nh40_run12_front.csv
4,Sonar,MOEACKF,12,8,12,0.004365079365,0.2694610778,0.7305389222,False,False,40,2,36,2,0,0.9,0.05,0.0,1,1,False,False,False,0,0,0.0,True,True,False,7.93653337494149e-14,/home/nez/Desktop/tesis-snn/platemo-cpp/results/ds4_moeackf/fronts/MOEACKF_ds4_nh40_run12_front.csv
4,Sonar,MOEACKF,12,9,12,0.01865079365,0.1676646707,0.8323353293,False,True,40,5,19,16,0,0.475,0.4,0.0,3,2,False,False,False,0,0,0.0,True,True,False,7.936498680471971e-13,/home/nez/Desktop/tesis-snn/platemo-cpp/results/ds4_moeackf/fronts/MOEACKF_ds4_nh40_run12_front.csv
4,Sonar,MOEACKF,12,10,12,0.002777777778,0.3173652695,0.6826347305,False,False,40,2,37,1,0,0.925,0.025,0.0,1,1,False,False,False,0,1,0.025,True,True,False,2.2222198040044994e-13,/home/nez/Desktop/tesis-snn/platemo-cpp/results/ds4_moeackf/fronts/MOEACKF_ds4_nh40_run12_front.csv
4,Sonar,MOEACKF,12,11,12,0.01428571429,0.1796407186,0.8203592814,False,False,40,5,20,15,0,0.5,0.375,0.0,3,2,False,False,False,0,0,0.0,True,True,False,4.285714144680597e-12,/home/nez/Desktop/tesis-snn/platemo-cpp/results/ds4_moeackf/fronts/MOEACKF_ds4_nh40_run12_front.csv
4,Sonar,MOEACKF,13,0,16,0.0003968253968,0.3592814371,0.6407185629000001,False,False,40,0,39,1,0,0.975,0.025,0.0,0,0,True,True,True,2,0,0.0,False,False,True,2.5396839579278074e-14,/home/nez/Desktop/tesis-snn/platemo-cpp/results/ds4_moeackf/fronts/MOEACKF_ds4_nh40_run13_front.csv
4,Sonar,MOEACKF,13,1,16,0.0,0.377245509,0.622754491,True,False,40,0,40,0,0,1.0,0.0,0.0,0,0,True,True,True,2,0,0.0,False,False,True,0.0,/home/nez/Desktop/tesis-snn/platemo-cpp/results/ds4_moeackf/fronts/MOEACKF_ds4_nh40_run13_front.csv
4,Sonar,MOEACKF,13,2,16,0.07261904762,0.1916167665,0.8083832335,False,True,40,5,0,35,0,0.0,0.875,0.0,3,2,False,False,False,0,0,0.0,True,True,False,9.52377066099075e-13,/home/nez/Desktop/tesis-snn/platemo-cpp/results/ds4_moeackf/fronts/MOEACKF_ds4_nh40_run13_front.csv
4,Sonar,MOEACKF,13,3,16,0.02619047619,0.2095808383,0.7904191617,False,False,40,4,11,24,1,0.275,0.6,0.025,3,2,False,False,False,0,0,0.0,True,True,False,4.761920024964894e-13,/home/nez/Desktop/tesis-snn/platemo-cpp/results/ds4_moeackf/fronts/MOEACKF_ds4_nh40_run13_front.csv
4,Sonar,MOEACKF,13,4,16,0.02817460317,0.2035928144,0.7964071856,False,False,40,4,11,24,1,0.275,0.6,0.025,3,2,False,False,False,0,0,0.0,True,True,False,4.6031754796782565e-12,/home/nez/Desktop/tesis-snn/platemo-cpp/results/ds4_moeackf/fronts/MOEACKF_ds4_nh40_run13_front.csv
4,Sonar,MOEACKF,13,5,16,0.01547619048,0.2874251497,0.7125748503,False,False,40,3,19,18,0,0.475,0.45,0.0,1,2,False,False,False,0,0,0.0,True,True,False,3.8095238769075834e-12,/home/nez/Desktop/tesis-snn/platemo-cpp/results/ds4_moeackf/fronts/MOEACKF_ds4_nh40_run13_front.csv
4,Sonar,MOEACKF,13,6,16,0.02182539683,0.2155688623,0.7844311377,False,False,40,4,15,21,0,0.375,0.525,0.0,2,2,False,False,False,0,0,0.0,True,True,False,4.6031754796782565e-12,/home/nez/Desktop/tesis-snn/platemo-cpp/results/ds4_moeackf/fronts/MOEACKF_ds4_nh40_run13_front.csv
4,Sonar,MOEACKF,13,7,16,0.01666666667,0.2694610778,0.7305389222,False,False,40,4,19,16,1,0.475,0.4,0.025,3,2,False,False,False,0,0,0.0,True,True,False,3.33333360913457e-12,/home/nez/Desktop/tesis-snn/platemo-cpp/results/ds4_moeackf/fronts/MOEACKF_ds4_nh40_run13_front.csv
4,Sonar,MOEACKF,13,8,16,0.01785714286,0.2335329341,0.7664670659,False,False,40,4,19,17,0,0.475,0.425,0.0,2,2,False,False,False,0,0,0.0,True,True,False,2.8571450760850325e-12,/home/nez/Desktop/tesis-snn/platemo-cpp/results/ds4_moeackf/fronts/MOEACKF_ds4_nh40_run13_front.csv
4,Sonar,MOEACKF,13,9,16,0.01825396825,0.2275449102,0.7724550898,False,False,40,4,16,20,0,0.4,0.5,0.0,2,2,False,False,False,0,1,0.025,True,True,False,3.968256279129889e-12,/home/nez/Desktop/tesis-snn/platemo-cpp/results/ds4_moeackf/fronts/MOEACKF_ds4_nh40_run13_front.csv
4,Sonar,MOEACKF,13,10,16,0.01468253968,0.2934131737,0.7065868263,False,False,40,4,22,14,0,0.55,0.35,0.0,2,2,False,False,False,0,0,0.0,True,True,False,2.539682006363897e-12,/home/nez/Desktop/tesis-snn/platemo-cpp/results/ds4_moeackf/fronts/MOEACKF_ds4_nh40_run13_front.csv
4,Sonar,MOEACKF,13,11,16,0.01746031746,0.245508982,0.754491018,False,False,40,4,19,17,0,0.475,0.425,0.0,2,2,False,False,False,0,0,0.0,True,True,False,3.174613349976596e-13,/home/nez/Desktop/tesis-snn/platemo-cpp/results/ds4_moeackf/fronts/MOEACKF_ds4_nh40_run13_front.csv
4,Sonar,MOEACKF,13,12,16,0.01071428571,0.3113772455,0.6886227545,False,False,40,3,27,10,0,0.675,0.25,0.0,1,2,False,False,False,0,0,0.0,True,True,False,4.285714144680597e-12,/home/nez/Desktop/tesis-snn/platemo-cpp/results/ds4_moeackf/fronts/MOEACKF_ds4_nh40_run13_front.csv
4,Sonar,MOEACKF,13,13,16,0.01587301587,0.2814371257,0.7185628743,False,False,40,4,22,14,0,0.55,0.35,0.0,2,2,False,False,False,0,0,0.0,True,True,False,3.0158722741369104e-12,/home/nez/Desktop/tesis-snn/platemo-cpp/results/ds4_moeackf/fronts/MOEACKF_ds4_nh40_run13_front.csv
4,Sonar,MOEACKF,13,14,16,0.01111111111,0.2994011976,0.7005988024,False,False,40,3,26,11,0,0.65,0.275,0.0,1,2,False,False,False,0,0,0.0,True,True,False,1.1111112030448567e-12,/home/nez/Desktop/tesis-snn/platemo-cpp/results/ds4_moeackf/fronts/MOEACKF_ds4_nh40_run13_front.csv
4,Sonar,MOEACKF,13,15,16,0.009920634921,0.3353293413,0.6646706587,False,False,40,3,26,11,0,0.65,0.275,0.0,1,2,False,False,False,0,0,0.0,True,True,False,3.6507949441322296e-13,/home/nez/Desktop/tesis-snn/platemo-cpp/results/ds4_moeackf/fronts/MOEACKF_ds4_nh40_run13_front.csv
4,Sonar,MOEACKF,14,0,4,0.0003968253968,0.3353293413,0.6646706587,False,False,40,0,39,1,0,0.975,0.025,0.0,0,0,True,True,True,2,0,0.0,False,False,True,2.5396839579278074e-14,/home/nez/Desktop/tesis-snn/platemo-cpp/results/ds4_moeackf/fronts/MOEACKF_ds4_nh40_run14_front.csv
4,Sonar,MOEACKF,14,1,4,0.0,0.3652694611,0.6347305389,True,False,40,0,40,0,0,1.0,0.0,0.0,0,0,True,True,True,2,0,0.0,False,False,True,0.0,/home/nez/Desktop/tesis-snn/platemo-cpp/results/ds4_moeackf/fronts/MOEACKF_ds4_nh40_run14_front.csv
4,Sonar,MOEACKF,14,2,4,0.002777777778,0.3053892216,0.6946107784,False,False,40,3,37,0,0,0.925,0.0,0.0,2,1,False,False,False,0,0,0.0,True,True,False,2.2222198040044994e-13,/home/nez/Desktop/tesis-snn/platemo-cpp/results/ds4_moeackf/fronts/MOEACKF_ds4_nh40_run14_front.csv
4,Sonar,MOEACKF,14,3,4,0.003174603175,0.2754491018,0.7245508982,False,True,40,3,36,1,0,0.9,0.025,0.0,2,1,False,False,False,0,0,0.0,True,True,False,3.968253677044675e-13,/home/nez/Desktop/tesis-snn/platemo-cpp/results/ds4_moeackf/fronts/MOEACKF_ds4_nh40_run14_front.csv
4,Sonar,MOEACKF,15,0,18,0.0003968253968,0.3592814371,0.6407185629000001,False,False,40,0,39,1,0,0.975,0.025,0.0,0,0,True,True,True,2,0,0.0,False,False,True,2.5396839579278074e-14,/home/nez/Desktop/tesis-snn/platemo-cpp/results/ds4_moeackf/fronts/MOEACKF_ds4_nh40_run15_front.csv
4,Sonar,MOEACKF,15,1,18,0.3357142857,0.1556886228,0.8443113771999999,False,True,40,27,0,13,0,0.0,0.325,0.0,16,16,False,False,False,0,0,0.0,True,True,False,1.428568374706174e-11,/home/nez/Desktop/tesis-snn/platemo-cpp/results/ds4_moeackf/fronts/MOEACKF_ds4_nh40_run15_front.csv
4,Sonar,MOEACKF,15,2,18,0.3015873016,0.1916167665,0.8083832335,False,False,40,26,0,14,0,0.0,0.35,0.0,14,15,False,False,False,0,0,0.0,True,True,False,1.2698453399906384e-11,/home/nez/Desktop/tesis-snn/platemo-cpp/results/ds4_moeackf/fronts/MOEACKF_ds4_nh40_run15_front.csv
4,Sonar,MOEACKF,15,3,18,0.2865079365,0.2155688623,0.7844311377,False,False,40,26,0,14,0,0.0,0.35,0.0,15,14,False,False,False,0,0,0.0,True,True,False,7.936484802684163e-12,/home/nez/Desktop/tesis-snn/platemo-cpp/results/ds4_moeackf/fronts/MOEACKF_ds4_nh40_run15_front.csv
4,Sonar,MOEACKF,15,4,18,0.2873015873,0.2035928144,0.7964071856,False,False,40,26,0,14,0,0.0,0.35,0.0,15,14,False,False,False,0,0,0.0,True,True,False,1.5872858583065863e-12,/home/nez/Desktop/tesis-snn/platemo-cpp/results/ds4_moeackf/fronts/MOEACKF_ds4_nh40_run15_front.csv
4,Sonar,MOEACKF,15,5,18,0.2722222222,0.251497006,0.748502994,False,False,40,26,0,14,0,0.0,0.35,0.0,15,14,False,False,False,0,0,0.0,True,True,False,2.2222224060897133e-11,/home/nez/Desktop/tesis-snn/platemo-cpp/results/ds4_moeackf/fronts/MOEACKF_ds4_nh40_run15_front.csv
4,Sonar,MOEACKF,15,6,18,0.2817460317,0.2215568862,0.7784431138,False,False,40,25,0,15,0,0.0,0.375,0.0,14,14,False,False,False,0,0,0.0,True,True,False,4.603173398010085e-11,/home/nez/Desktop/tesis-snn/platemo-cpp/results/ds4_moeackf/fronts/MOEACKF_ds4_nh40_run15_front.csv
4,Sonar,MOEACKF,15,7,18,0.0,0.3832335329,0.6167664670999999,True,False,40,0,40,0,0,1.0,0.0,0.0,0,0,True,True,True,2,0,0.0,False,False,True,0.0,/home/nez/Desktop/tesis-snn/platemo-cpp/results/ds4_moeackf/fronts/MOEACKF_ds4_nh40_run15_front.csv
4,Sonar,MOEACKF,15,8,18,0.3158730159,0.1856287425,0.8143712575,False,False,40,25,0,15,0,0.0,0.375,0.0,14,16,False,False,False,0,0,0.0,True,True,False,2.6984137146968123e-11,/home/nez/Desktop/tesis-snn/platemo-cpp/results/ds4_moeackf/fronts/MOEACKF_ds4_nh40_run15_front.csv
4,Sonar,MOEACKF,15,9,18,0.269047619,0.2634730539,0.7365269461,False,False,40,26,0,14,0,0.0,0.35,0.0,15,14,False,False,False,0,0,0.0,True,True,False,4.761901983840744e-11,/home/nez/Desktop/tesis-snn/platemo-cpp/results/ds4_moeackf/fronts/MOEACKF_ds4_nh40_run15_front.csv
4,Sonar,MOEACKF,15,10,18,0.3170634921,0.1676646707,0.8323353293,False,False,40,25,0,15,0,0.0,0.375,0.0,14,16,False,False,False,0,0,0.0,True,True,False,3.6507963319110104e-11,/home/nez/Desktop/tesis-snn/platemo-cpp/results/ds4_moeackf/fronts/MOEACKF_ds4_nh40_run15_front.csv
4,Sonar,MOEACKF,15,11,18,0.2773809524,0.2335329341,0.7664670659,False,False,40,26,0,14,0,0.0,0.35,0.0,14,15,False,False,False,0,0,0.0,True,True,False,1.904759683313273e-11,/home/nez/Desktop/tesis-snn/platemo-cpp/results/ds4_moeackf/fronts/MOEACKF_ds4_nh40_run15_front.csv
4,Sonar,MOEACKF,15,12,18,0.2932539683,0.1976047904,0.8023952096,False,False,40,26,0,14,0,0.0,0.35,0.0,15,14,False,False,False,0,0,0.0,True,True,False,4.603173398010085e-11,/home/nez/Desktop/tesis-snn/platemo-cpp/results/ds4_moeackf/fronts/MOEACKF_ds4_nh40_run15_front.csv
4,Sonar,MOEACKF,15,13,18,0.271031746,0.2574850299,0.7425149701,False,False,40,25,0,15,0,0.0,0.375,0.0,14,14,False,False,False,0,0,0.0,True,True,False,3.174599472188788e-11,/home/nez/Desktop/tesis-snn/platemo-cpp/results/ds4_moeackf/fronts/MOEACKF_ds4_nh40_run15_front.csv
4,Sonar,MOEACKF,15,14,18,0.2734126984,0.2395209581,0.7604790419,False,False,40,26,0,14,0,0.0,0.35,0.0,15,14,False,False,False,0,0,0.0,True,True,False,1.2698397888755153e-11,/home/nez/Desktop/tesis-snn/platemo-cpp/results/ds4_moeackf/fronts/MOEACKF_ds4_nh40_run15_front.csv
4,Sonar,MOEACKF,15,15,18,0.2666666667,0.2874251497,0.7125748503,False,False,40,25,0,15,0,0.0,0.375,0.0,14,14,False,False,False,0,0,0.0,True,True,False,3.33333360913457e-11,/home/nez/Desktop/tesis-snn/platemo-cpp/results/ds4_moeackf/fronts/MOEACKF_ds4_nh40_run15_front.csv
4,Sonar,MOEACKF,15,16,18,0.2686507937,0.2694610778,0.7305389222,False,False,40,25,0,15,0,0.0,0.375,0.0,14,14,False,False,False,0,0,0.0,True,True,False,4.920636120786526e-11,/home/nez/Desktop/tesis-snn/platemo-cpp/results/ds4_moeackf/fronts/MOEACKF_ds4_nh40_run15_front.csv
4,Sonar,MOEACKF,15,17,18,0.2654761905,0.3173652695,0.6826347305,False,False,40,25,0,15,0,0.0,0.375,0.0,14,14,False,False,False,0,0,0.0,True,True,False,2.380950991920372e-11,/home/nez/Desktop/tesis-snn/platemo-cpp/results/ds4_moeackf/fronts/MOEACKF_ds4_nh40_run15_front.csv
4,Sonar,MOEACKF,16,0,13,0.0003968253968,0.3532934132,0.6467065867999999,False,False,40,0,39,1,0,0.975,0.025,0.0,0,0,True,True,True,2,0,0.0,False,False,True,2.5396839579278074e-14,/home/nez/Desktop/tesis-snn/platemo-cpp/results/ds4_moeackf/fronts/MOEACKF_ds4_nh40_run16_front.csv
4,Sonar,MOEACKF,16,1,13,0.0,0.371257485,0.628742515,True,False,40,0,40,0,0,1.0,0.0,0.0,0,0,True,True,True,2,0,0.0,False,False,True,0.0,/home/nez/Desktop/tesis-snn/platemo-cpp/results/ds4_moeackf/fronts/MOEACKF_ds4_nh40_run16_front.csv
4,Sonar,MOEACKF,16,2,13,0.08968253968,0.1736526946,0.8263473054,False,True,40,9,0,31,0,0.0,0.775,0.0,7,6,False,False,False,0,0,0.0,True,True,False,2.539676802193469e-12,/home/nez/Desktop/tesis-snn/platemo-cpp/results/ds4_moeackf/fronts/MOEACKF_ds4_nh40_run16_front.csv
4,Sonar,MOEACKF,16,3,13,0.07857142857,0.1856287425,0.8143712575,False,False,40,9,0,31,0,0.0,0.775,0.0,7,5,False,False,False,0,0,0.0,True,True,False,1.4285655991486124e-12,/home/nez/Desktop/tesis-snn/platemo-cpp/results/ds4_moeackf/fronts/MOEACKF_ds4_nh40_run16_front.csv
4,Sonar,MOEACKF,16,4,13,0.05873015873,0.2874251497,0.7125748503,False,False,40,7,2,31,0,0.05,0.775,0.0,4,4,False,False,False,0,0,0.0,True,True,False,1.5872719805187785e-13,/home/nez/Desktop/tesis-snn/platemo-cpp/results/ds4_moeackf/fronts/MOEACKF_ds4_nh40_run16_front.csv
4,Sonar,MOEACKF,16,5,13,0.06031746032,0.2754491018,0.7245508982,False,False,40,9,0,31,0,0.0,0.775,0.0,7,5,False,False,False,0,0,0.0,True,True,False,2.539683741087373e-12,/home/nez/Desktop/tesis-snn/platemo-cpp/results/ds4_moeackf/fronts/MOEACKF_ds4_nh40_run16_front.csv
4,Sonar,MOEACKF,16,6,13,0.06666666667,0.2155688623,0.7844311377,False,False,40,9,0,31,0,0.0,0.775,0.0,6,5,False,False,False,0,0,0.0,True,True,False,3.33333360913457e-12,/home/nez/Desktop/tesis-snn/platemo-cpp/results/ds4_moeackf/fronts/MOEACKF_ds4_nh40_run16_front.csv
4,Sonar,MOEACKF,16,7,13,0.06825396825,0.2035928144,0.7964071856,False,False,40,9,2,29,0,0.05,0.725,0.0,6,6,False,False,False,0,0,0.0,True,True,False,3.968242401342081e-12,/home/nez/Desktop/tesis-snn/platemo-cpp/results/ds4_moeackf/fronts/MOEACKF_ds4_nh40_run16_front.csv
4,Sonar,MOEACKF,16,8,13,0.0753968254,0.1916167665,0.8083832335,False,False,40,9,0,31,0,0.0,0.775,0.0,7,5,False,False,False,0,0,0.0,True,True,False,3.174613349976596e-12,/home/nez/Desktop/tesis-snn/platemo-cpp/results/ds4_moeackf/fronts/MOEACKF_ds4_nh40_run16_front.csv
4,Sonar,MOEACKF,16,9,13,0.07142857143,0.1976047904,0.8023952096,False,False,40,9,0,31,0,0.0,0.775,0.0,7,5,False,False,False,0,0,0.0,True,True,False,1.4285794769364202e-12,/home/nez/Desktop/tesis-snn/platemo-cpp/results/ds4_moeackf/fronts/MOEACKF_ds4_nh40_run16_front.csv
4,Sonar,MOEACKF,16,10,13,0.05753968254,0.3233532934,0.6766467065999999,False,False,40,7,1,32,0,0.025,0.8,0.0,4,4,False,False,False,0,0,0.0,True,True,False,3.174613349976596e-13,/home/nez/Desktop/tesis-snn/platemo-cpp/results/ds4_moeackf/fronts/MOEACKF_ds4_nh40_run16_front.csv
4,Sonar,MOEACKF,16,11,13,0.07896825397,0.1796407186,0.8203592814,False,False,40,9,0,31,0,0.0,0.775,0.0,6,5,False,False,False,0,0,0.0,True,True,False,1.7460338730401759e-12,/home/nez/Desktop/tesis-snn/platemo-cpp/results/ds4_moeackf/fronts/MOEACKF_ds4_nh40_run16_front.csv
4,Sonar,MOEACKF,16,12,13,0.06111111111,0.2215568862,0.7784431138,False,False,40,8,2,30,0,0.05,0.75,0.0,5,4,False,False,False,0,0,0.0,True,True,False,1.1111112030448567e-12,/home/nez/Desktop/tesis-snn/platemo-cpp/results/ds4_moeackf/fronts/MOEACKF_ds4_nh40_run16_front.csv
4,Sonar,MOEACKF,17,0,12,0.0003968253968,0.3592814371,0.6407185629000001,False,False,40,0,39,1,0,0.975,0.025,0.0,0,0,True,True,True,2,1,0.025,False,False,True,2.5396839579278074e-14,/home/nez/Desktop/tesis-snn/platemo-cpp/results/ds4_moeackf/fronts/MOEACKF_ds4_nh40_run17_front.csv
4,Sonar,MOEACKF,17,1,12,0.0,0.3832335329,0.6167664670999999,True,False,40,0,40,0,0,1.0,0.0,0.0,0,0,True,True,True,2,0,0.0,False,False,True,0.0,/home/nez/Desktop/tesis-snn/platemo-cpp/results/ds4_moeackf/fronts/MOEACKF_ds4_nh40_run17_front.csv
4,Sonar,MOEACKF,17,2,12,0.04206349206,0.2155688623,0.7844311377,False,False,40,10,6,24,0,0.15,0.6,0.0,6,6,False,False,False,0,0,0.0,True,True,False,3.4920677460803518e-12,/home/nez/Desktop/tesis-snn/platemo-cpp/results/ds4_moeackf/fronts/MOEACKF_ds4_nh40_run17_front.csv
4,Sonar,MOEACKF,17,3,12,0.03452380952,0.2275449102,0.7724550898,False,False,40,7,7,25,1,0.175,0.625,0.025,5,5,False,False,False,0,0,0.0,True,True,False,3.809529081078011e-12,/home/nez/Desktop/tesis-snn/platemo-cpp/results/ds4_moeackf/fronts/MOEACKF_ds4_nh40_run17_front.csv
4,Sonar,MOEACKF,17,4,12,0.04285714286,0.2095808383,0.7904191617,False,False,40,10,5,25,0,0.125,0.625,0.0,6,6,False,False,False,0,0,0.0,True,True,False,2.8571450760850325e-12,/home/nez/Desktop/tesis-snn/platemo-cpp/results/ds4_moeackf/fronts/MOEACKF_ds4_nh40_run17_front.csv
4,Sonar,MOEACKF,17,5,12,0.02896825397,0.2335329341,0.7664670659,False,False,40,7,7,25,1,0.175,0.625,0.025,6,4,False,False,False,0,0,0.0,True,True,False,1.746030403593224e-12,/home/nez/Desktop/tesis-snn/platemo-cpp/results/ds4_moeackf/fronts/MOEACKF_ds4_nh40_run17_front.csv
4,Sonar,MOEACKF,17,6,12,0.02420634921,0.251497006,0.748502994,False,False,40,6,12,21,1,0.3,0.525,0.025,5,3,False,False,False,0,0,0.0,True,True,False,3.650791474685278e-12,/home/nez/Desktop/tesis-snn/platemo-cpp/results/ds4_moeackf/fronts/MOEACKF_ds4_nh40_run17_front.csv
4,Sonar,MOEACKF,17,7,12,0.04444444444,0.2035928144,0.7964071856,False,True,40,9,4,27,0,0.1,0.675,0.0,6,5,False,False,False,0,0,0.0,True,True,False,4.444444812179427e-12,/home/nez/Desktop/tesis-snn/platemo-cpp/results/ds4_moeackf/fronts/MOEACKF_ds4_nh40_run17_front.csv
4,Sonar,MOEACKF,17,8,12,0.02380952381,0.3293413174,0.6706586826000001,False,False,40,7,13,19,1,0.325,0.475,0.025,5,4,False,False,False,0,0,0.0,True,True,False,4.761920024964894e-13,/home/nez/Desktop/tesis-snn/platemo-cpp/results/ds4_moeackf/fronts/MOEACKF_ds4_nh40_run17_front.csv
4,Sonar,MOEACKF,17,9,12,0.02817460317,0.2395209581,0.7604790419,False,False,40,6,7,26,1,0.175,0.65,0.025,5,4,False,False,False,0,0,0.0,True,True,False,4.6031754796782565e-12,/home/nez/Desktop/tesis-snn/platemo-cpp/results/ds4_moeackf/fronts/MOEACKF_ds4_nh40_run17_front.csv
4,Sonar,MOEACKF,17,10,12,0.04126984127,0.2215568862,0.7784431138,False,False,40,9,5,26,0,0.125,0.65,0.0,6,5,False,False,False,0,0,0.0,True,True,False,1.5873413694578176e-13,/home/nez/Desktop/tesis-snn/platemo-cpp/results/ds4_moeackf/fronts/MOEACKF_ds4_nh40_run17_front.csv
4,Sonar,MOEACKF,17,11,12,0.02261904762,0.3413173653,0.6586826347,False,False,40,6,11,23,0,0.275,0.575,0.0,3,3,False,False,False,0,0,0.0,True,True,False,9.523805355460269e-13,/home/nez/Desktop/tesis-snn/platemo-cpp/results/ds4_moeackf/fronts/MOEACKF_ds4_nh40_run17_front.csv
4,Sonar,MOEACKF,18,0,14,0.0003968253968,0.3473053892,0.6526946108,False,False,40,0,39,1,0,0.975,0.025,0.0,0,0,True,True,True,2,0,0.0,False,False,True,2.5396839579278074e-14,/home/nez/Desktop/tesis-snn/platemo-cpp/results/ds4_moeackf/fronts/MOEACKF_ds4_nh40_run18_front.csv
4,Sonar,MOEACKF,18,1,14,0.0,0.3592814371,0.6407185629000001,True,False,40,0,40,0,0,1.0,0.0,0.0,0,0,True,True,True,2,0,0.0,False,False,True,0.0,/home/nez/Desktop/tesis-snn/platemo-cpp/results/ds4_moeackf/fronts/MOEACKF_ds4_nh40_run18_front.csv
4,Sonar,MOEACKF,18,2,14,0.02380952381,0.2215568862,0.7784431138,False,False,40,4,7,29,0,0.175,0.725,0.0,1,3,False,False,False,0,0,0.0,True,True,False,4.761920024964894e-13,/home/nez/Desktop/tesis-snn/platemo-cpp/results/ds4_moeackf/fronts/MOEACKF_ds4_nh40_run18_front.csv
4,Sonar,MOEACKF,18,3,14,0.004365079365,0.2634730539,0.7365269461,False,False,40,4,36,0,0,0.9,0.0,0.0,1,3,False,False,False,0,0,0.0,True,True,False,7.93653337494149e-14,/home/nez/Desktop/tesis-snn/platemo-cpp/results/ds4_moeackf/fronts/MOEACKF_ds4_nh40_run18_front.csv
4,Sonar,MOEACKF,18,4,14,0.003174603175,0.2874251497,0.7125748503,False,False,40,2,36,1,1,0.9,0.025,0.025,1,2,False,False,False,0,0,0.0,True,True,False,3.968253677044675e-13,/home/nez/Desktop/tesis-snn/platemo-cpp/results/ds4_moeackf/fronts/MOEACKF_ds4_nh40_run18_front.csv
4,Sonar,MOEACKF,18,5,14,0.001984126984,0.2994011976,0.7005988024,False,False,40,2,38,0,0,0.95,0.0,0.0,1,1,False,False,False,0,0,0.0,True,True,False,1.2698392684584725e-13,/home/nez/Desktop/tesis-snn/platemo-cpp/results/ds4_moeackf/fronts/MOEACKF_ds4_nh40_run18_front.csv
4,Sonar,MOEACKF,18,6,14,0.0130952381,0.2335329341,0.7664670659,False,False,40,4,20,15,1,0.5,0.375,0.025,1,4,False,False,False,0,0,0.0,True,True,False,4.76190441245361e-12,/home/nez/Desktop/tesis-snn/platemo-cpp/results/ds4_moeackf/fronts/MOEACKF_ds4_nh40_run18_front.csv
4,Sonar,MOEACKF,18,7,14,0.02817460317,0.1976047904,0.8023952096,False,True,40,5,5,30,0,0.125,0.75,0.0,1,4,False,False,False,0,0,0.0,True,True,False,4.6031754796782565e-12,/home/nez/Desktop/tesis-snn/platemo-cpp/results/ds4_moeackf/fronts/MOEACKF_ds4_nh40_run18_front.csv
4,Sonar,MOEACKF,18,8,14,0.005952380952,0.2395209581,0.7604790419,False,False,40,5,33,2,0,0.825,0.05,0.0,1,4,False,False,False,0,0,0.0,True,True,False,3.8095221421841075e-13,/home/nez/Desktop/tesis-snn/platemo-cpp/results/ds4_moeackf/fronts/MOEACKF_ds4_nh40_run18_front.csv
4,Sonar,MOEACKF,18,9,14,0.002777777778,0.2934131737,0.7065868263,False,False,40,3,37,0,0,0.925,0.0,0.0,1,2,False,False,False,0,0,0.0,True,True,False,2.2222198040044994e-13,/home/nez/Desktop/tesis-snn/platemo-cpp/results/ds4_moeackf/fronts/MOEACKF_ds4_nh40_run18_front.csv
4,Sonar,MOEACKF,18,10,14,0.004761904762,0.245508982,0.754491018,False,False,40,4,35,0,1,0.875,0.0,0.025,1,4,False,False,False,0,0,0.0,True,True,False,9.523805355460269e-14,/home/nez/Desktop/tesis-snn/platemo-cpp/results/ds4_moeackf/fronts/MOEACKF_ds4_nh40_run18_front.csv
4,Sonar,MOEACKF,18,11,14,0.003571428571,0.2814371257,0.7185628743,False,False,40,2,35,2,1,0.875,0.05,0.025,1,2,False,False,False,0,0,0.0,True,True,False,4.285712409957121e-13,/home/nez/Desktop/tesis-snn/platemo-cpp/results/ds4_moeackf/fronts/MOEACKF_ds4_nh40_run18_front.csv
4,Sonar,MOEACKF,18,12,14,0.02738095238,0.2095808383,0.7904191617,False,False,40,5,10,25,0,0.25,0.625,0.0,1,4,False,False,False,0,0,0.0,True,True,False,9.523805355460269e-13,/home/nez/Desktop/tesis-snn/platemo-cpp/results/ds4_moeackf/fronts/MOEACKF_ds4_nh40_run18_front.csv
4,Sonar,MOEACKF,18,13,14,0.02619047619,0.2155688623,0.7844311377,False,False,40,5,10,25,0,0.25,0.625,0.0,1,4,False,False,False,0,0,0.0,True,True,False,4.761920024964894e-13,/home/nez/Desktop/tesis-snn/platemo-cpp/results/ds4_moeackf/fronts/MOEACKF_ds4_nh40_run18_front.csv
4,Sonar,MOEACKF,19,0,7,0.0,0.3353293413,0.6646706587,True,False,40,0,40,0,0,1.0,0.0,0.0,0,0,True,True,True,2,0,0.0,False,False,True,0.0,/home/nez/Desktop/tesis-snn/platemo-cpp/results/ds4_moeackf/fronts/MOEACKF_ds4_nh40_run19_front.csv
4,Sonar,MOEACKF,19,1,7,0.1507936508,0.1736526946,0.8263473054,False,False,40,18,0,22,0,0.0,0.55,0.0,11,7,False,False,False,0,0,0.0,True,True,False,6.349226699953192e-12,/home/nez/Desktop/tesis-snn/platemo-cpp/results/ds4_moeackf/fronts/MOEACKF_ds4_nh40_run19_front.csv
4,Sonar,MOEACKF,19,2,7,0.1607142857,0.1616766467,0.8383233533,False,False,40,18,0,22,0,0.0,0.55,0.0,11,7,False,False,False,0,0,0.0,True,True,False,1.428573925821297e-11,/home/nez/Desktop/tesis-snn/platemo-cpp/results/ds4_moeackf/fronts/MOEACKF_ds4_nh40_run19_front.csv
4,Sonar,MOEACKF,19,3,7,0.1273809524,0.1916167665,0.8083832335,False,False,40,18,0,22,0,0.0,0.55,0.0,11,7,False,False,False,0,0,0.0,True,True,False,1.9047624588708345e-11,/home/nez/Desktop/tesis-snn/platemo-cpp/results/ds4_moeackf/fronts/MOEACKF_ds4_nh40_run19_front.csv
4,Sonar,MOEACKF,19,4,7,0.1341269841,0.1856287425,0.8143712575,False,False,40,18,0,22,0,0.0,0.55,0.0,11,7,False,False,False,0,0,0.0,True,True,False,2.6984109391392508e-11,/home/nez/Desktop/tesis-snn/platemo-cpp/results/ds4_moeackf/fronts/MOEACKF_ds4_nh40_run19_front.csv
4,Sonar,MOEACKF,19,5,7,0.171031746,0.1556886228,0.8443113771999999,False,True,40,18,0,22,0,0.0,0.55,0.0,11,7,False,False,False,0,0,0.0,True,True,False,3.17460224774635e-11,/home/nez/Desktop/tesis-snn/platemo-cpp/results/ds4_moeackf/fronts/MOEACKF_ds4_nh40_run19_front.csv
4,Sonar,MOEACKF,19,6,7,0.1253968254,0.2035928144,0.7964071856,False,False,40,19,0,21,0,0.0,0.525,0.0,12,7,False,False,False,0,0,0.0,True,True,False,3.1745994721887882e-12,/home/nez/Desktop/tesis-snn/platemo-cpp/results/ds4_moeackf/fronts/MOEACKF_ds4_nh40_run19_front.csv
4,Sonar,MOEACKF,20,0,12,0.0003968253968,0.3532934132,0.6467065867999999,False,False,40,0,39,1,0,0.975,0.025,0.0,0,0,True,True,True,2,0,0.0,False,False,True,2.5396839579278074e-14,/home/nez/Desktop/tesis-snn/platemo-cpp/results/ds4_moeackf/fronts/MOEACKF_ds4_nh40_run20_front.csv
4,Sonar,MOEACKF,20,1,12,0.0,0.3952095808,0.6047904192,True,False,40,0,40,0,0,1.0,0.0,0.0,0,0,True,True,True,2,0,0.0,False,False,True,0.0,/home/nez/Desktop/tesis-snn/platemo-cpp/results/ds4_moeackf/fronts/MOEACKF_ds4_nh40_run20_front.csv
4,Sonar,MOEACKF,20,2,12,0.05238095238,0.1676646707,0.8323353293,False,True,40,5,1,34,0,0.025,0.85,0.0,3,2,False,False,False,0,0,0.0,True,True,False,9.523840049929788e-13,/home/nez/Desktop/tesis-snn/platemo-cpp/results/ds4_moeackf/fronts/MOEACKF_ds4_nh40_run20_front.csv
4,Sonar,MOEACKF,20,3,12,0.03253968254,0.1796407186,0.8203592814,False,False,40,5,9,26,0,0.225,0.65,0.0,3,2,False,False,False,0,0,0.0,True,True,False,3.174613349976596e-13,/home/nez/Desktop/tesis-snn/platemo-cpp/results/ds4_moeackf/fronts/MOEACKF_ds4_nh40_run20_front.csv
4,Sonar,MOEACKF,20,4,12,0.02936507937,0.1856287425,0.8143712575,False,False,40,5,11,24,0,0.275,0.6,0.0,3,2,False,False,False,0,0,0.0,True,True,False,4.920636814675916e-12,/home/nez/Desktop/tesis-snn/platemo-cpp/results/ds4_moeackf/fronts/MOEACKF_ds4_nh40_run20_front.csv
4,Sonar,MOEACKF,20,5,12,0.02738095238,0.1976047904,0.8023952096,False,False,40,5,10,25,0,0.25,0.625,0.0,3,2,False,False,False,0,0,0.0,True,True,False,9.523805355460269e-13,/home/nez/Desktop/tesis-snn/platemo-cpp/results/ds4_moeackf/fronts/MOEACKF_ds4_nh40_run20_front.csv
4,Sonar,MOEACKF,20,6,12,0.007936507937,0.2335329341,0.7664670659,False,False,40,4,28,7,1,0.7,0.175,0.025,3,2,False,False,False,0,0,0.0,True,True,False,4.920647223016772e-13,/home/nez/Desktop/tesis-snn/platemo-cpp/results/ds4_moeackf/fronts/MOEACKF_ds4_nh40_run20_front.csv
4,Sonar,MOEACKF,20,7,12,0.005158730159,0.2994011976,0.7005988024,False,False,40,2,31,5,2,0.775,0.125,0.05,3,1,False,False,False,0,0,0.0,True,True,False,2.6984144085862027e-13,/home/nez/Desktop/tesis-snn/platemo-cpp/results/ds4_moeackf/fronts/MOEACKF_ds4_nh40_run20_front.csv
4,Sonar,MOEACKF,20,8,12,0.006349206349,0.2694610778,0.7305389222,False,False,40,4,31,5,0,0.775,0.125,0.0,2,2,False,False,False,0,0,0.0,True,True,False,2.0634882691439316e-13,/home/nez/Desktop/tesis-snn/platemo-cpp/results/ds4_moeackf/fronts/MOEACKF_ds4_nh40_run20_front.csv
4,Sonar,MOEACKF,20,9,12,0.01746031746,0.2095808383,0.7904191617,False,False,40,5,17,18,0,0.425,0.45,0.0,3,2,False,False,False,0,0,0.0,True,True,False,3.174613349976596e-13,/home/nez/Desktop/tesis-snn/platemo-cpp/results/ds4_moeackf/fronts/MOEACKF_ds4_nh40_run20_front.csv
4,Sonar,MOEACKF,20,10,12,0.01666666667,0.2275449102,0.7724550898,False,False,40,5,17,18,0,0.425,0.45,0.0,3,2,False,False,False,0,0,0.0,True,True,False,3.33333360913457e-12,/home/nez/Desktop/tesis-snn/platemo-cpp/results/ds4_moeackf/fronts/MOEACKF_ds4_nh40_run20_front.csv
4,Sonar,MOEACKF,20,11,12,0.007142857143,0.251497006,0.748502994,False,False,40,4,29,7,0,0.725,0.175,0.0,2,2,False,False,False,0,0,0.0,True,True,False,1.4285708033190403e-13,/home/nez/Desktop/tesis-snn/platemo-cpp/results/ds4_moeackf/fronts/MOEACKF_ds4_nh40_run20_front.csv
4,Sonar,MOEACKF,21,0,8,0.0003968253968,0.3592814371,0.6407185629000001,False,False,40,0,39,1,0,0.975,0.025,0.0,0,0,True,True,True,2,0,0.0,False,False,True,2.5396839579278074e-14,/home/nez/Desktop/tesis-snn/platemo-cpp/results/ds4_moeackf/fronts/MOEACKF_ds4_nh40_run21_front.csv
4,Sonar,MOEACKF,21,1,8,0.0,0.377245509,0.622754491,True,False,40,0,40,0,0,1.0,0.0,0.0,0,0,True,True,True,2,0,0.0,False,False,True,0.0,/home/nez/Desktop/tesis-snn/platemo-cpp/results/ds4_moeackf/fronts/MOEACKF_ds4_nh40_run21_front.csv
4,Sonar,MOEACKF,21,2,8,0.07896825397,0.1856287425,0.8143712575,False,True,40,9,0,31,0,0.0,0.775,0.0,6,4,False,False,False,0,0,0.0,True,True,False,1.7460338730401759e-12,/home/nez/Desktop/tesis-snn/platemo-cpp/results/ds4_moeackf/fronts/MOEACKF_ds4_nh40_run21_front.csv
4,Sonar,MOEACKF,21,3,8,0.05396825397,0.2335329341,0.7664670659,False,False,40,9,1,30,0,0.025,0.75,0.0,6,4,False,False,False,0,0,0.0,True,True,False,1.746026934146272e-12,/home/nez/Desktop/tesis-snn/platemo-cpp/results/ds4_moeackf/fronts/MOEACKF_ds4_nh40_run21_front.csv
4,Sonar,MOEACKF,21,4,8,0.05476190476,0.1916167665,0.8083832335,False,False,40,9,2,29,0,0.05,0.725,0.0,6,4,False,False,False,0,0,0.0,True,True,False,1.9047610710920537e-12,/home/nez/Desktop/tesis-snn/platemo-cpp/results/ds4_moeackf/fronts/MOEACKF_ds4_nh40_run21_front.csv
4,Sonar,MOEACKF,21,5,8,0.0496031746,0.2994011976,0.7005988024,False,False,40,9,3,28,0,0.075,0.7,0.0,6,4,False,False,False,0,0,0.0,True,True,False,3.1745994721887882e-12,/home/nez/Desktop/tesis-snn/platemo-cpp/results/ds4_moeackf/fronts/MOEACKF_ds4_nh40_run21_front.csv
4,Sonar,MOEACKF,21,6,8,0.05079365079,0.2395209581,0.7604790419,False,False,40,9,1,30,0,0.025,0.75,0.0,6,4,False,False,False,0,0,0.0,True,True,False,3.65079494413223e-12,/home/nez/Desktop/tesis-snn/platemo-cpp/results/ds4_moeackf/fronts/MOEACKF_ds4_nh40_run21_front.csv
4,Sonar,MOEACKF,21,7,8,0.0503968254,0.2694610778,0.7305389222,False,False,40,9,1,30,0,0.025,0.75,0.0,6,4,False,False,False,0,0,0.0,True,True,False,3.1745994721887882e-12,/home/nez/Desktop/tesis-snn/platemo-cpp/results/ds4_moeackf/fronts/MOEACKF_ds4_nh40_run21_front.csv
4,Sonar,MOEACKF,22,0,13,0.0003968253968,0.3652694611,0.6347305389,False,False,40,0,39,1,0,0.975,0.025,0.0,0,0,True,True,True,2,0,0.0,False,False,True,2.5396839579278074e-14,/home/nez/Desktop/tesis-snn/platemo-cpp/results/ds4_moeackf/fronts/MOEACKF_ds4_nh40_run22_front.csv
4,Sonar,MOEACKF,22,1,13,0.0007936507937,0.3473053892,0.6526946108,False,False,40,0,38,2,0,0.95,0.05,0.0,0,0,True,True,True,2,0,0.0,False,False,True,4.920629875782012e-14,/home/nez/Desktop/tesis-snn/platemo-cpp/results/ds4_moeackf/fronts/MOEACKF_ds4_nh40_run22_front.csv
4,Sonar,MOEACKF,22,2,13,0.0,0.371257485,0.628742515,True,False,40,0,40,0,0,1.0,0.0,0.0,0,0,True,True,True,2,0,0.0,False,False,True,0.0,/home/nez/Desktop/tesis-snn/platemo-cpp/results/ds4_moeackf/fronts/MOEACKF_ds4_nh40_run22_front.csv
4,Sonar,MOEACKF,22,3,13,0.03015873016,0.1796407186,0.8203592814,False,False,40,6,8,26,0,0.2,0.65,0.0,3,3,False,False,False,0,0,0.0,True,True,False,1.2698418705436865e-12,/home/nez/Desktop/tesis-snn/platemo-cpp/results/ds4_moeackf/fronts/MOEACKF_ds4_nh40_run22_front.csv
4,Sonar,MOEACKF,22,4,13,0.006349206349,0.2035928144,0.7964071856,False,False,40,3,33,4,0,0.825,0.1,0.0,2,1,False,False,False,0,1,0.025,True,True,False,2.0634882691439316e-13,/home/nez/Desktop/tesis-snn/platemo-cpp/results/ds4_moeackf/fronts/MOEACKF_ds4_nh40_run22_front.csv
4,Sonar,MOEACKF,22,5,13,0.003571428571,0.2754491018,0.7245508982,False,False,40,3,37,0,0,0.925,0.0,0.0,2,1,False,False,False,0,0,0.0,True,True,False,4.285712409957121e-13,/home/nez/Desktop/tesis-snn/platemo-cpp/results/ds4_moeackf/fronts/MOEACKF_ds4_nh40_run22_front.csv
4,Sonar,MOEACKF,22,6,13,0.005952380952,0.2095808383,0.7904191617,False,False,40,3,34,3,0,0.85,0.075,0.0,2,1,False,False,False,0,0,0.0,True,True,False,3.8095221421841075e-13,/home/nez/Desktop/tesis-snn/platemo-cpp/results/ds4_moeackf/fronts/MOEACKF_ds4_nh40_run22_front.csv
4,Sonar,MOEACKF,22,7,13,0.003174603175,0.2874251497,0.7125748503,False,False,40,3,37,0,0,0.925,0.0,0.0,2,1,False,False,False,0,0,0.0,True,True,False,3.968253677044675e-13,/home/nez/Desktop/tesis-snn/platemo-cpp/results/ds4_moeackf/fronts/MOEACKF_ds4_nh40_run22_front.csv
4,Sonar,MOEACKF,22,8,13,0.03492063492,0.1556886228,0.8443113771999999,False,True,40,6,5,28,1,0.125,0.7,0.025,4,3,False,False,False,0,0,0.0,True,True,False,6.349226699953192e-13,/home/nez/Desktop/tesis-snn/platemo-cpp/results/ds4_moeackf/fronts/MOEACKF_ds4_nh40_run22_front.csv
4,Sonar,MOEACKF,22,9,13,0.005158730159,0.245508982,0.754491018,False,False,40,3,35,2,0,0.875,0.05,0.0,2,1,False,False,False,0,0,0.0,True,True,False,2.6984144085862027e-13,/home/nez/Desktop/tesis-snn/platemo-cpp/results/ds4_moeackf/fronts/MOEACKF_ds4_nh40_run22_front.csv
4,Sonar,MOEACKF,22,10,13,0.01587301587,0.1856287425,0.8143712575,False,False,40,4,17,18,1,0.425,0.45,0.025,2,3,False,False,False,0,0,0.0,True,True,False,3.0158722741369104e-12,/home/nez/Desktop/tesis-snn/platemo-cpp/results/ds4_moeackf/fronts/MOEACKF_ds4_nh40_run22_front.csv
4,Sonar,MOEACKF,22,11,13,0.007142857143,0.1976047904,0.8023952096,False,False,40,3,31,6,0,0.775,0.15,0.0,2,1,False,False,False,0,1,0.025,True,True,False,1.4285708033190403e-13,/home/nez/Desktop/tesis-snn/platemo-cpp/results/ds4_moeackf/fronts/MOEACKF_ds4_nh40_run22_front.csv
4,Sonar,MOEACKF,22,12,13,0.03373015873,0.1736526946,0.8263473054,False,False,40,6,5,29,0,0.125,0.725,0.0,3,3,False,False,False,0,0,0.0,True,True,False,1.5872719805187785e-13,/home/nez/Desktop/tesis-snn/platemo-cpp/results/ds4_moeackf/fronts/MOEACKF_ds4_nh40_run22_front.csv
4,Sonar,MOEACKF,23,0,13,0.0003968253968,0.3473053892,0.6526946108,False,False,40,0,39,1,0,0.975,0.025,0.0,0,0,True,True,True,2,0,0.0,False,False,True,2.5396839579278074e-14,/home/nez/Desktop/tesis-snn/platemo-cpp/results/ds4_moeackf/fronts/MOEACKF_ds4_nh40_run23_front.csv
4,Sonar,MOEACKF,23,1,13,0.0,0.371257485,0.628742515,True,False,40,0,40,0,0,1.0,0.0,0.0,0,0,True,True,True,2,0,0.0,False,False,True,0.0,/home/nez/Desktop/tesis-snn/platemo-cpp/results/ds4_moeackf/fronts/MOEACKF_ds4_nh40_run23_front.csv
4,Sonar,MOEACKF,23,2,13,0.005555555556,0.2335329341,0.7664670659,False,False,40,2,33,3,2,0.825,0.075,0.05,2,2,False,False,False,0,0,0.0,True,True,False,4.4444396080089987e-13,/home/nez/Desktop/tesis-snn/platemo-cpp/results/ds4_moeackf/fronts/MOEACKF_ds4_nh40_run23_front.csv
4,Sonar,MOEACKF,23,3,13,0.003571428571,0.2694610778,0.7305389222,False,False,40,2,37,1,0,0.925,0.025,0.0,1,1,False,False,False,0,0,0.0,True,True,False,4.285712409957121e-13,/home/nez/Desktop/tesis-snn/platemo-cpp/results/ds4_moeackf/fronts/MOEACKF_ds4_nh40_run23_front.csv
4,Sonar,MOEACKF,23,4,13,0.01071428571,0.1916167665,0.8083832335,False,False,40,5,26,8,1,0.65,0.2,0.025,4,2,False,False,False,0,0,0.0,True,True,False,4.285714144680597e-12,/home/nez/Desktop/tesis-snn/platemo-cpp/results/ds4_moeackf/fronts/MOEACKF_ds4_nh40_run23_front.csv
4,Sonar,MOEACKF,23,5,13,0.009523809524,0.2155688623,0.7844311377,False,False,40,5,28,6,1,0.7,0.15,0.025,4,2,False,False,False,0,0,0.0,True,True,False,1.9047610710920537e-13,/home/nez/Desktop/tesis-snn/platemo-cpp/results/ds4_moeackf/fronts/MOEACKF_ds4_nh40_run23_front.csv
4,Sonar,MOEACKF,23,6,13,0.009920634921,0.2095808383,0.7904191617,False,False,40,5,27,7,1,0.675,0.175,0.025,4,2,False,False,False,0,0,0.0,True,True,False,3.6507949441322296e-13,/home/nez/Desktop/tesis-snn/platemo-cpp/results/ds4_moeackf/fronts/MOEACKF_ds4_nh40_run23_front.csv
4,Sonar,MOEACKF,23,7,13,0.05317460317,0.1556886228,0.8443113771999999,False,True,40,9,1,30,0,0.025,0.75,0.0,6,4,False,False,False,0,1,0.025,True,True,False,4.6031720102313045e-12,/home/nez/Desktop/tesis-snn/platemo-cpp/results/ds4_moeackf/fronts/MOEACKF_ds4_nh40_run23_front.csv
4,Sonar,MOEACKF,23,8,13,0.01904761905,0.1616766467,0.8383233533,False,False,40,7,14,18,1,0.35,0.45,0.025,5,3,False,False,False,0,0,0.0,True,True,False,2.380949604141591e-12,/home/nez/Desktop/tesis-snn/platemo-cpp/results/ds4_moeackf/fronts/MOEACKF_ds4_nh40_run23_front.csv
4,Sonar,MOEACKF,23,9,13,0.01031746032,0.2035928144,0.7964071856,False,False,40,5,28,6,1,0.7,0.15,0.025,4,2,False,False,False,0,0,0.0,True,True,False,2.539682006363897e-12,/home/nez/Desktop/tesis-snn/platemo-cpp/results/ds4_moeackf/fronts/MOEACKF_ds4_nh40_run23_front.csv
4,Sonar,MOEACKF,23,10,13,0.01865079365,0.1736526946,0.8263473054,False,False,40,7,16,17,0,0.4,0.425,0.0,4,3,False,False,False,0,0,0.0,True,True,False,7.936498680471971e-13,/home/nez/Desktop/tesis-snn/platemo-cpp/results/ds4_moeackf/fronts/MOEACKF_ds4_nh40_run23_front.csv
4,Sonar,MOEACKF,23,11,13,0.003174603175,0.2934131737,0.7065868263,False,False,40,2,38,0,0,0.95,0.0,0.0,1,1,False,False,False,0,0,0.0,True,True,False,3.968253677044675e-13,/home/nez/Desktop/tesis-snn/platemo-cpp/results/ds4_moeackf/fronts/MOEACKF_ds4_nh40_run23_front.csv
4,Sonar,MOEACKF,23,12,13,0.005158730159,0.2634730539,0.7365269461,False,False,40,2,33,4,1,0.825,0.1,0.025,1,2,False,False,False,0,0,0.0,True,True,False,2.6984144085862027e-13,/home/nez/Desktop/tesis-snn/platemo-cpp/results/ds4_moeackf/fronts/MOEACKF_ds4_nh40_run23_front.csv
4,Sonar,MOEACKF,24,0,8,0.0,0.3473053892,0.6526946108,True,False,40,0,40,0,0,1.0,0.0,0.0,0,0,True,True,True,2,0,0.0,False,False,True,0.0,/home/nez/Desktop/tesis-snn/platemo-cpp/results/ds4_moeackf/fronts/MOEACKF_ds4_nh40_run24_front.csv
4,Sonar,MOEACKF,24,1,8,0.02857142857,0.1916167665,0.8083832335,False,True,40,5,10,25,0,0.25,0.625,0.0,3,2,False,False,False,0,1,0.025,True,True,False,1.4285690685955643e-12,/home/nez/Desktop/tesis-snn/platemo-cpp/results/ds4_moeackf/fronts/MOEACKF_ds4_nh40_run24_front.csv
4,Sonar,MOEACKF,24,2,8,0.01031746032,0.2035928144,0.7964071856,False,False,40,4,24,12,0,0.6,0.3,0.0,2,2,False,False,False,0,0,0.0,True,True,False,2.539682006363897e-12,/home/nez/Desktop/tesis-snn/platemo-cpp/results/ds4_moeackf/fronts/MOEACKF_ds4_nh40_run24_front.csv
4,Sonar,MOEACKF,24,3,8,0.008333333333,0.2155688623,0.7844311377,False,False,40,4,30,5,1,0.75,0.125,0.025,2,3,False,False,False,0,0,0.0,True,True,False,3.333340548028474e-13,/home/nez/Desktop/tesis-snn/platemo-cpp/results/ds4_moeackf/fronts/MOEACKF_ds4_nh40_run24_front.csv
4,Sonar,MOEACKF,24,4,8,0.002380952381,0.2694610778,0.7305389222,False,False,40,2,38,0,0,0.95,0.0,0.0,1,1,False,False,False,0,0,0.0,True,True,False,4.761902677730134e-14,/home/nez/Desktop/tesis-snn/platemo-cpp/results/ds4_moeackf/fronts/MOEACKF_ds4_nh40_run24_front.csv
4,Sonar,MOEACKF,24,5,8,0.005158730159,0.251497006,0.748502994,False,False,40,4,35,1,0,0.875,0.025,0.0,2,2,False,False,False,0,0,0.0,True,True,False,2.6984144085862027e-13,/home/nez/Desktop/tesis-snn/platemo-cpp/results/ds4_moeackf/fronts/MOEACKF_ds4_nh40_run24_front.csv
4,Sonar,MOEACKF,24,6,8,0.005952380952,0.2215568862,0.7784431138,False,False,40,4,33,3,0,0.825,0.075,0.0,2,2,False,False,False,0,0,0.0,True,True,False,3.8095221421841075e-13,/home/nez/Desktop/tesis-snn/platemo-cpp/results/ds4_moeackf/fronts/MOEACKF_ds4_nh40_run24_front.csv
4,Sonar,MOEACKF,24,7,8,0.001984126984,0.3113772455,0.6886227545,False,False,40,2,38,0,0,0.95,0.0,0.0,1,1,False,False,False,0,0,0.0,True,True,False,1.2698392684584725e-13,/home/nez/Desktop/tesis-snn/platemo-cpp/results/ds4_moeackf/fronts/MOEACKF_ds4_nh40_run24_front.csv
4,Sonar,MOEACKF,25,0,9,0.0003968253968,0.3473053892,0.6526946108,False,False,40,0,39,0,1,0.975,0.0,0.025,0,1,True,False,True,1,0,0.0,False,False,True,2.5396839579278074e-14,/home/nez/Desktop/tesis-snn/platemo-cpp/results/ds4_moeackf/fronts/MOEACKF_ds4_nh40_run25_front.csv
4,Sonar,MOEACKF,25,1,9,0.0,0.3592814371,0.6407185629000001,True,False,40,0,40,0,0,1.0,0.0,0.0,0,0,True,True,True,2,0,0.0,False,False,True,0.0,/home/nez/Desktop/tesis-snn/platemo-cpp/results/ds4_moeackf/fronts/MOEACKF_ds4_nh40_run25_front.csv
4,Sonar,MOEACKF,25,2,9,0.007936507937,0.1796407186,0.8203592814,False,False,40,6,31,3,0,0.775,0.075,0.0,3,3,False,False,False,0,0,0.0,True,True,False,4.920647223016772e-13,/home/nez/Desktop/tesis-snn/platemo-cpp/results/ds4_moeackf/fronts/MOEACKF_ds4_nh40_run25_front.csv
4,Sonar,MOEACKF,25,3,9,0.007142857143,0.1976047904,0.8023952096,False,False,40,6,32,2,0,0.8,0.05,0.0,3,3,False,False,False,0,0,0.0,True,True,False,1.4285708033190403e-13,/home/nez/Desktop/tesis-snn/platemo-cpp/results/ds4_moeackf/fronts/MOEACKF_ds4_nh40_run25_front.csv
4,Sonar,MOEACKF,25,4,9,0.004761904762,0.2035928144,0.7964071856,False,False,40,4,35,1,0,0.875,0.025,0.0,2,2,False,False,False,0,0,0.0,True,True,False,9.523805355460269e-14,/home/nez/Desktop/tesis-snn/platemo-cpp/results/ds4_moeackf/fronts/MOEACKF_ds4_nh40_run25_front.csv
4,Sonar,MOEACKF,25,5,9,0.004365079365,0.2275449102,0.7724550898,False,False,40,4,36,0,0,0.9,0.0,0.0,2,2,False,False,False,0,0,0.0,True,True,False,7.93653337494149e-14,/home/nez/Desktop/tesis-snn/platemo-cpp/results/ds4_moeackf/fronts/MOEACKF_ds4_nh40_run25_front.csv
4,Sonar,MOEACKF,25,6,9,0.003968253968,0.2395209581,0.7604790419,False,False,40,4,35,0,1,0.875,0.0,0.025,2,3,False,False,False,0,0,0.0,True,True,False,2.539678536916945e-13,/home/nez/Desktop/tesis-snn/platemo-cpp/results/ds4_moeackf/fronts/MOEACKF_ds4_nh40_run25_front.csv
4,Sonar,MOEACKF,25,7,9,0.01507936508,0.1736526946,0.8263473054,False,True,40,6,17,17,0,0.425,0.425,0.0,3,3,False,False,False,0,0,0.0,True,True,False,6.349209352718432e-13,/home/nez/Desktop/tesis-snn/platemo-cpp/results/ds4_moeackf/fronts/MOEACKF_ds4_nh40_run25_front.csv
4,Sonar,MOEACKF,25,8,9,0.002777777778,0.2694610778,0.7305389222,False,False,40,3,36,0,1,0.9,0.0,0.025,2,2,False,False,False,0,0,0.0,True,True,False,2.2222198040044994e-13,/home/nez/Desktop/tesis-snn/platemo-cpp/results/ds4_moeackf/fronts/MOEACKF_ds4_nh40_run25_front.csv
4,Sonar,MOEACKF,26,0,8,0.0003968253968,0.3592814371,0.6407185629000001,False,False,40,0,39,1,0,0.975,0.025,0.0,0,0,True,True,True,2,0,0.0,False,False,True,2.5396839579278074e-14,/home/nez/Desktop/tesis-snn/platemo-cpp/results/ds4_moeackf/fronts/MOEACKF_ds4_nh40_run26_front.csv
4,Sonar,MOEACKF,26,1,8,0.0,0.3652694611,0.6347305389,True,False,40,0,40,0,0,1.0,0.0,0.0,0,0,True,True,True,2,0,0.0,False,False,True,0.0,/home/nez/Desktop/tesis-snn/platemo-cpp/results/ds4_moeackf/fronts/MOEACKF_ds4_nh40_run26_front.csv
4,Sonar,MOEACKF,26,2,8,0.0007936507937,0.3532934132,0.6467065867999999,False,False,40,0,38,2,0,0.95,0.05,0.0,0,0,True,True,True,2,1,0.025,False,False,True,4.920629875782012e-14,/home/nez/Desktop/tesis-snn/platemo-cpp/results/ds4_moeackf/fronts/MOEACKF_ds4_nh40_run26_front.csv
4,Sonar,MOEACKF,26,3,8,0.009126984127,0.2155688623,0.7844311377,False,True,40,2,24,14,0,0.6,0.35,0.0,1,1,False,False,False,0,0,0.0,True,True,False,1.5872719805187785e-14,/home/nez/Desktop/tesis-snn/platemo-cpp/results/ds4_moeackf/fronts/MOEACKF_ds4_nh40_run26_front.csv
4,Sonar,MOEACKF,26,4,8,0.002380952381,0.2874251497,0.7125748503,False,False,40,2,38,0,0,0.95,0.0,0.0,1,1,False,False,False,0,0,0.0,True,True,False,4.761902677730134e-14,/home/nez/Desktop/tesis-snn/platemo-cpp/results/ds4_moeackf/fronts/MOEACKF_ds4_nh40_run26_front.csv
4,Sonar,MOEACKF,26,5,8,0.001984126984,0.3233532934,0.6766467065999999,False,False,40,2,38,0,0,0.95,0.0,0.0,1,1,False,False,False,0,0,0.0,True,True,False,1.2698392684584725e-13,/home/nez/Desktop/tesis-snn/platemo-cpp/results/ds4_moeackf/fronts/MOEACKF_ds4_nh40_run26_front.csv
4,Sonar,MOEACKF,26,6,8,0.005158730159,0.2215568862,0.7784431138,False,False,40,2,33,5,0,0.825,0.125,0.0,1,1,False,False,False,0,0,0.0,True,True,False,2.6984144085862027e-13,/home/nez/Desktop/tesis-snn/platemo-cpp/results/ds4_moeackf/fronts/MOEACKF_ds4_nh40_run26_front.csv
4,Sonar,MOEACKF,26,7,8,0.002777777778,0.2335329341,0.7664670659,False,False,40,2,38,0,0,0.95,0.0,0.0,1,1,False,False,False,0,0,0.0,True,True,False,2.2222198040044994e-13,/home/nez/Desktop/tesis-snn/platemo-cpp/results/ds4_moeackf/fronts/MOEACKF_ds4_nh40_run26_front.csv
4,Sonar,MOEACKF,27,0,10,0.0003968253968,0.3532934132,0.6467065867999999,False,False,40,0,39,1,0,0.975,0.025,0.0,0,0,True,True,True,2,0,0.0,False,False,True,2.5396839579278074e-14,/home/nez/Desktop/tesis-snn/platemo-cpp/results/ds4_moeackf/fronts/MOEACKF_ds4_nh40_run27_front.csv
4,Sonar,MOEACKF,27,1,10,0.0,0.377245509,0.622754491,True,False,40,0,40,0,0,1.0,0.0,0.0,0,0,True,True,True,2,0,0.0,False,False,True,0.0,/home/nez/Desktop/tesis-snn/platemo-cpp/results/ds4_moeackf/fronts/MOEACKF_ds4_nh40_run27_front.csv
4,Sonar,MOEACKF,27,2,10,0.004761904762,0.2275449102,0.7724550898,False,False,40,3,33,4,0,0.825,0.1,0.0,2,1,False,False,False,0,0,0.0,True,True,False,9.523805355460269e-14,/home/nez/Desktop/tesis-snn/platemo-cpp/results/ds4_moeackf/fronts/MOEACKF_ds4_nh40_run27_front.csv
4,Sonar,MOEACKF,27,3,10,0.002777777778,0.2874251497,0.7125748503,False,False,40,3,37,0,0,0.925,0.0,0.0,2,1,False,False,False,0,0,0.0,True,True,False,2.2222198040044994e-13,/home/nez/Desktop/tesis-snn/platemo-cpp/results/ds4_moeackf/fronts/MOEACKF_ds4_nh40_run27_front.csv
4,Sonar,MOEACKF,27,4,10,0.07023809524,0.1497005988,0.8502994012,False,True,40,10,0,30,0,0.0,0.75,0.0,5,6,False,False,False,0,0,0.0,True,True,False,1.9047680099859576e-12,/home/nez/Desktop/tesis-snn/platemo-cpp/results/ds4_moeackf/fronts/MOEACKF_ds4_nh40_run27_front.csv
4,Sonar,MOEACKF,27,5,10,0.007142857143,0.1856287425,0.8143712575,False,False,40,4,30,4,2,0.75,0.1,0.05,4,2,False,False,False,0,0,0.0,True,True,False,1.4285708033190403e-13,/home/nez/Desktop/tesis-snn/platemo-cpp/results/ds4_moeackf/fronts/MOEACKF_ds4_nh40_run27_front.csv
4,Sonar,MOEACKF,27,6,10,0.006746031746,0.2095808383,0.7904191617,False,False,40,4,31,4,1,0.775,0.1,0.025,3,2,False,False,False,0,0,0.0,True,True,False,3.174630697211356e-14,/home/nez/Desktop/tesis-snn/platemo-cpp/results/ds4_moeackf/fronts/MOEACKF_ds4_nh40_run27_front.csv
4,Sonar,MOEACKF,27,7,10,0.01984126984,0.1736526946,0.8263473054,False,False,40,5,13,20,2,0.325,0.5,0.05,4,3,False,False,False,0,0,0.0,True,True,False,1.2698418705436865e-12,/home/nez/Desktop/tesis-snn/platemo-cpp/results/ds4_moeackf/fronts/MOEACKF_ds4_nh40_run27_front.csv
4,Sonar,MOEACKF,27,8,10,0.003174603175,0.2335329341,0.7664670659,False,False,40,3,37,0,0,0.925,0.0,0.0,2,1,False,False,False,0,0,0.0,True,True,False,3.968253677044675e-13,/home/nez/Desktop/tesis-snn/platemo-cpp/results/ds4_moeackf/fronts/MOEACKF_ds4_nh40_run27_front.csv
4,Sonar,MOEACKF,27,9,10,0.005952380952,0.2215568862,0.7784431138,False,False,40,4,33,2,1,0.825,0.05,0.025,3,2,False,False,False,0,0,0.0,True,True,False,3.8095221421841075e-13,/home/nez/Desktop/tesis-snn/platemo-cpp/results/ds4_moeackf/fronts/MOEACKF_ds4_nh40_run27_front.csv
4,Sonar,MOEACKF,28,0,12,0.04087301587,0.1676646707,0.8323353293,False,True,40,8,2,30,0,0.05,0.75,0.0,4,4,False,False,False,0,0,0.0,True,True,False,3.0158722741369104e-12,/home/nez/Desktop/tesis-snn/platemo-cpp/results/ds4_moeackf/fronts/MOEACKF_ds4_nh40_run28_front.csv
4,Sonar,MOEACKF,28,1,12,0.0,0.3353293413,0.6646706587,True,False,40,0,40,0,0,1.0,0.0,0.0,0,0,True,True,True,2,0,0.0,False,False,True,0.0,/home/nez/Desktop/tesis-snn/platemo-cpp/results/ds4_moeackf/fronts/MOEACKF_ds4_nh40_run28_front.csv
4,Sonar,MOEACKF,28,2,12,0.03492063492,0.1796407186,0.8203592814,False,False,40,8,3,29,0,0.075,0.725,0.0,4,4,False,False,False,0,0,0.0,True,True,False,6.349226699953192e-13,/home/nez/Desktop/tesis-snn/platemo-cpp/results/ds4_moeackf/fronts/MOEACKF_ds4_nh40_run28_front.csv
4,Sonar,MOEACKF,28,3,12,0.0369047619,0.1736526946,0.8263473054,False,False,40,8,3,29,0,0.075,0.725,0.0,4,4,False,False,False,0,0,0.0,True,True,False,4.761906147177086e-12,/home/nez/Desktop/tesis-snn/platemo-cpp/results/ds4_moeackf/fronts/MOEACKF_ds4_nh40_run28_front.csv
4,Sonar,MOEACKF,28,4,12,0.02619047619,0.1916167665,0.8083832335,False,False,40,7,11,21,1,0.275,0.525,0.025,4,4,False,False,False,0,0,0.0,True,True,False,4.761920024964894e-13,/home/nez/Desktop/tesis-snn/platemo-cpp/results/ds4_moeackf/fronts/MOEACKF_ds4_nh40_run28_front.csv
4,Sonar,MOEACKF,28,5,12,0.007936507937,0.2215568862,0.7784431138,False,False,40,4,29,6,1,0.725,0.15,0.025,2,3,False,False,False,0,0,0.0,True,True,False,4.920647223016772e-13,/home/nez/Desktop/tesis-snn/platemo-cpp/results/ds4_moeackf/fronts/MOEACKF_ds4_nh40_run28_front.csv
4,Sonar,MOEACKF,28,6,12,0.0246031746,0.2035928144,0.7964071856,False,False,40,7,11,21,1,0.275,0.525,0.025,4,4,False,False,False,0,0,0.0,True,True,False,3.17460294163574e-12,/home/nez/Desktop/tesis-snn/platemo-cpp/results/ds4_moeackf/fronts/MOEACKF_ds4_nh40_run28_front.csv
4,Sonar,MOEACKF,28,7,12,0.00753968254,0.2275449102,0.7724550898,False,False,40,4,29,6,1,0.725,0.15,0.025,2,3,False,False,False,0,0,0.0,True,True,False,3.174604676359216e-13,/home/nez/Desktop/tesis-snn/platemo-cpp/results/ds4_moeackf/fronts/MOEACKF_ds4_nh40_run28_front.csv
4,Sonar,MOEACKF,28,8,12,0.02420634921,0.2095808383,0.7904191617,False,False,40,7,12,20,1,0.3,0.5,0.025,4,4,False,False,False,0,0,0.0,True,True,False,3.650791474685278e-12,/home/nez/Desktop/tesis-snn/platemo-cpp/results/ds4_moeackf/fronts/MOEACKF_ds4_nh40_run28_front.csv
4,Sonar,MOEACKF,28,9,12,0.006746031746,0.2395209581,0.7604790419,False,False,40,4,30,5,1,0.75,0.125,0.025,2,3,False,False,False,0,0,0.0,True,True,False,3.174630697211356e-14,/home/nez/Desktop/tesis-snn/platemo-cpp/results/ds4_moeackf/fronts/MOEACKF_ds4_nh40_run28_front.csv
4,Sonar,MOEACKF,28,10,12,0.004761904762,0.2634730539,0.7365269461,False,False,40,4,34,1,1,0.85,0.025,0.025,2,3,False,False,False,0,0,0.0,True,True,False,9.523805355460269e-14,/home/nez/Desktop/tesis-snn/platemo-cpp/results/ds4_moeackf/fronts/MOEACKF_ds4_nh40_run28_front.csv
4,Sonar,MOEACKF,28,11,12,0.005158730159,0.245508982,0.754491018,False,False,40,4,35,0,1,0.875,0.0,0.025,2,3,False,False,False,0,0,0.0,True,True,False,2.6984144085862027e-13,/home/nez/Desktop/tesis-snn/platemo-cpp/results/ds4_moeackf/fronts/MOEACKF_ds4_nh40_run28_front.csv
4,Sonar,MOEACKF,29,0,12,0.0003968253968,0.3473053892,0.6526946108,False,False,40,0,39,1,0,0.975,0.025,0.0,0,0,True,True,True,2,0,0.0,False,False,True,2.5396839579278074e-14,/home/nez/Desktop/tesis-snn/platemo-cpp/results/ds4_moeackf/fronts/MOEACKF_ds4_nh40_run29_front.csv
4,Sonar,MOEACKF,29,1,12,0.0,0.371257485,0.628742515,True,False,40,0,40,0,0,1.0,0.0,0.0,0,0,True,True,True,2,0,0.0,False,False,True,0.0,/home/nez/Desktop/tesis-snn/platemo-cpp/results/ds4_moeackf/fronts/MOEACKF_ds4_nh40_run29_front.csv
4,Sonar,MOEACKF,29,2,12,0.226984127,0.2155688623,0.7844311377,False,False,40,21,0,19,0,0.0,0.475,0.0,12,11,False,False,False,0,0,0.0,True,True,False,1.5873025116519557e-11,/home/nez/Desktop/tesis-snn/platemo-cpp/results/ds4_moeackf/fronts/MOEACKF_ds4_nh40_run29_front.csv
4,Sonar,MOEACKF,29,3,12,0.219047619,0.2215568862,0.7784431138,False,False,40,20,0,20,0,0.0,0.5,0.0,12,11,False,False,False,0,0,0.0,True,True,False,4.7619047593983055e-11,/home/nez/Desktop/tesis-snn/platemo-cpp/results/ds4_moeackf/fronts/MOEACKF_ds4_nh40_run29_front.csv
4,Sonar,MOEACKF,29,4,12,0.1996031746,0.2335329341,0.7664670659,False,False,40,23,0,17,0,0.0,0.425,0.0,13,12,False,False,False,0,0,0.0,True,True,False,3.174627227764404e-12,/home/nez/Desktop/tesis-snn/platemo-cpp/results/ds4_moeackf/fronts/MOEACKF_ds4_nh40_run29_front.csv
4,Sonar,MOEACKF,29,5,12,0.1964285714,0.2395209581,0.7604790419,False,False,40,21,0,19,0,0.0,0.475,0.0,11,12,False,False,False,0,0,0.0,True,True,False,2.857142300527471e-11,/home/nez/Desktop/tesis-snn/platemo-cpp/results/ds4_moeackf/fronts/MOEACKF_ds4_nh40_run29_front.csv
4,Sonar,MOEACKF,29,6,12,0.1888888889,0.2934131737,0.7065868263,False,False,40,22,0,18,0,0.0,0.45,0.0,12,12,False,False,False,0,0,0.0,True,True,False,1.1111112030448567e-11,/home/nez/Desktop/tesis-snn/platemo-cpp/results/ds4_moeackf/fronts/MOEACKF_ds4_nh40_run29_front.csv
4,Sonar,MOEACKF,29,7,12,0.25,0.2095808383,0.7904191617,False,True,40,21,0,19,0,0.0,0.475,0.0,12,12,False,False,False,0,0,0.0,True,True,False,0.0,/home/nez/Desktop/tesis-snn/platemo-cpp/results/ds4_moeackf/fronts/MOEACKF_ds4_nh40_run29_front.csv
4,Sonar,MOEACKF,29,8,12,0.1869047619,0.3113772455,0.6886227545,False,False,40,20,0,20,0,0.0,0.5,0.0,11,11,False,False,False,0,0,0.0,True,True,False,4.76191308607099e-12,/home/nez/Desktop/tesis-snn/platemo-cpp/results/ds4_moeackf/fronts/MOEACKF_ds4_nh40_run29_front.csv
4,Sonar,MOEACKF,29,9,12,0.1880952381,0.2994011976,0.7005988024,False,False,40,21,0,19,0,0.0,0.475,0.0,11,12,False,False,False,0,0,0.0,True,True,False,4.76191308607099e-12,/home/nez/Desktop/tesis-snn/platemo-cpp/results/ds4_moeackf/fronts/MOEACKF_ds4_nh40_run29_front.csv
4,Sonar,MOEACKF,29,10,12,0.1892857143,0.2694610778,0.7305389222,False,False,40,20,0,20,0,0.0,0.5,0.0,11,11,False,False,False,0,0,0.0,True,True,False,1.4285711502637355e-11,/home/nez/Desktop/tesis-snn/platemo-cpp/results/ds4_moeackf/fronts/MOEACKF_ds4_nh40_run29_front.csv
4,Sonar,MOEACKF,29,11,12,0.1936507937,0.251497006,0.748502994,False,False,40,21,0,19,0,0.0,0.475,0.0,12,11,False,False,False,0,0,0.0,True,True,False,4.920633345228964e-11,/home/nez/Desktop/tesis-snn/platemo-cpp/results/ds4_moeackf/fronts/MOEACKF_ds4_nh40_run29_front.csv
4,Sonar,MOEACKF,30,0,9,0.02182539683,0.2634730539,0.7365269461,False,True,40,4,14,22,0,0.35,0.55,0.0,3,1,False,False,False,0,0,0.0,True,True,False,4.6031754796782565e-12,/home/nez/Desktop/tesis-snn/platemo-cpp/results/ds4_moeackf/fronts/MOEACKF_ds4_nh40_run30_front.csv
4,Sonar,MOEACKF,30,1,9,0.0003968253968,0.3473053892,0.6526946108,False,False,40,0,39,1,0,0.975,0.025,0.0,0,0,True,True,True,2,0,0.0,False,False,True,2.5396839579278074e-14,/home/nez/Desktop/tesis-snn/platemo-cpp/results/ds4_moeackf/fronts/MOEACKF_ds4_nh40_run30_front.csv
4,Sonar,MOEACKF,30,2,9,0.004365079365,0.3173652695,0.6826347305,False,False,40,3,35,2,0,0.875,0.05,0.0,2,1,False,False,False,0,0,0.0,True,True,False,7.93653337494149e-14,/home/nez/Desktop/tesis-snn/platemo-cpp/results/ds4_moeackf/fronts/MOEACKF_ds4_nh40_run30_front.csv
4,Sonar,MOEACKF,30,3,9,0.005158730159,0.2874251497,0.7125748503,False,False,40,4,35,1,0,0.875,0.025,0.0,3,1,False,False,False,0,0,0.0,True,True,False,2.6984144085862027e-13,/home/nez/Desktop/tesis-snn/platemo-cpp/results/ds4_moeackf/fronts/MOEACKF_ds4_nh40_run30_front.csv
4,Sonar,MOEACKF,30,4,9,0.003968253968,0.3353293413,0.6646706587,False,False,40,3,37,0,0,0.925,0.0,0.0,2,1,False,False,False,0,0,0.0,True,True,False,2.539678536916945e-13,/home/nez/Desktop/tesis-snn/platemo-cpp/results/ds4_moeackf/fronts/MOEACKF_ds4_nh40_run30_front.csv
4,Sonar,MOEACKF,30,5,9,0.0,0.3532934132,0.6467065867999999,True,False,40,0,40,0,0,1.0,0.0,0.0,0,0,True,True,True,2,0,0.0,False,False,True,0.0,/home/nez/Desktop/tesis-snn/platemo-cpp/results/ds4_moeackf/fronts/MOEACKF_ds4_nh40_run30_front.csv
4,Sonar,MOEACKF,30,6,9,0.004761904762,0.3053892216,0.6946107784,False,False,40,4,36,0,0,0.9,0.0,0.0,3,1,False,False,False,0,0,0.0,True,True,False,9.523805355460269e-14,/home/nez/Desktop/tesis-snn/platemo-cpp/results/ds4_moeackf/fronts/MOEACKF_ds4_nh40_run30_front.csv
4,Sonar,MOEACKF,30,7,9,0.003571428571,0.3413173653,0.6586826347,False,False,40,3,36,1,0,0.9,0.025,0.0,2,1,False,False,False,0,0,0.0,True,True,False,4.285712409957121e-13,/home/nez/Desktop/tesis-snn/platemo-cpp/results/ds4_moeackf/fronts/MOEACKF_ds4_nh40_run30_front.csv
4,Sonar,MOEACKF,30,8,9,0.005555555556,0.2694610778,0.7305389222,False,False,40,4,34,2,0,0.85,0.05,0.0,3,1,False,False,False,0,0,0.0,True,True,False,4.4444396080089987e-13,/home/nez/Desktop/tesis-snn/platemo-cpp/results/ds4_moeackf/fronts/MOEACKF_ds4_nh40_run30_front.csv
4,Sonar,SNSGAII,0,0,13,0.001587301587,0.3652694611,0.6347305389,False,False,40,0,38,2,0,0.95,0.05,0.0,0,0,True,True,True,2,0,0.0,False,False,True,3.0158731414986484e-13,/home/nez/Desktop/tesis-snn/platemo-cpp/results/ds4_snsgaii/fronts/SNSGAII_ds4_nh40_run0_front.csv
4,Sonar,SNSGAII,0,1,13,0.0003968253968,0.3832335329,0.6167664670999999,False,False,40,0,39,1,0,0.975,0.025,0.0,0,0,True,True,True,2,0,0.0,False,False,True,2.5396839579278074e-14,/home/nez/Desktop/tesis-snn/platemo-cpp/results/ds4_snsgaii/fronts/SNSGAII_ds4_nh40_run0_front.csv
4,Sonar,SNSGAII,0,2,13,0.00119047619,0.377245509,0.622754491,False,False,40,0,37,3,0,0.925,0.075,0.0,0,0,True,True,True,2,0,0.0,False,False,True,4.761904846134479e-13,/home/nez/Desktop/tesis-snn/platemo-cpp/results/ds4_snsgaii/fronts/SNSGAII_ds4_nh40_run0_front.csv
4,Sonar,SNSGAII,0,3,13,0.00753968254,0.2035928144,0.7964071856,False,True,40,2,32,6,0,0.8,0.15,0.0,1,1,False,False,False,0,0,0.0,True,True,False,3.174604676359216e-13,/home/nez/Desktop/tesis-snn/platemo-cpp/results/ds4_snsgaii/fronts/SNSGAII_ds4_nh40_run0_front.csv
4,Sonar,SNSGAII,0,4,13,0.002777777778,0.2994011976,0.7005988024,False,False,40,2,38,0,0,0.95,0.0,0.0,1,1,False,False,False,0,0,0.0,True,True,False,2.2222198040044994e-13,/home/nez/Desktop/tesis-snn/platemo-cpp/results/ds4_snsgaii/fronts/SNSGAII_ds4_nh40_run0_front.csv
4,Sonar,SNSGAII,0,5,13,0.002380952381,0.3293413174,0.6706586826000001,False,False,40,2,38,0,0,0.95,0.0,0.0,1,1,False,False,False,0,0,0.0,True,True,False,4.761902677730134e-14,/home/nez/Desktop/tesis-snn/platemo-cpp/results/ds4_snsgaii/fronts/SNSGAII_ds4_nh40_run0_front.csv
4,Sonar,SNSGAII,0,6,13,0.003174603175,0.251497006,0.748502994,False,False,40,2,38,0,0,0.95,0.0,0.0,1,1,False,False,False,0,0,0.0,True,True,False,3.968253677044675e-13,/home/nez/Desktop/tesis-snn/platemo-cpp/results/ds4_snsgaii/fronts/SNSGAII_ds4_nh40_run0_front.csv
4,Sonar,SNSGAII,0,7,13,0.003968253968,0.245508982,0.754491018,False,False,40,2,38,0,0,0.95,0.0,0.0,1,1,False,False,False,0,0,0.0,True,True,False,2.539678536916945e-13,/home/nez/Desktop/tesis-snn/platemo-cpp/results/ds4_snsgaii/fronts/SNSGAII_ds4_nh40_run0_front.csv
4,Sonar,SNSGAII,0,8,13,0.0,0.4011976048,0.5988023952,True,False,40,0,40,0,0,1.0,0.0,0.0,0,0,True,True,True,2,0,0.0,False,False,True,0.0,/home/nez/Desktop/tesis-snn/platemo-cpp/results/ds4_snsgaii/fronts/SNSGAII_ds4_nh40_run0_front.csv
4,Sonar,SNSGAII,0,9,13,0.005555555556,0.2155688623,0.7844311377,False,False,40,2,37,1,0,0.925,0.025,0.0,1,1,False,False,False,0,0,0.0,True,True,False,4.4444396080089987e-13,/home/nez/Desktop/tesis-snn/platemo-cpp/results/ds4_snsgaii/fronts/SNSGAII_ds4_nh40_run0_front.csv
4,Sonar,SNSGAII,0,10,13,0.005158730159,0.2215568862,0.7784431138,False,False,40,2,37,1,0,0.925,0.025,0.0,1,1,False,False,False,0,0,0.0,True,True,False,2.6984144085862027e-13,/home/nez/Desktop/tesis-snn/platemo-cpp/results/ds4_snsgaii/fronts/SNSGAII_ds4_nh40_run0_front.csv
4,Sonar,SNSGAII,0,11,13,0.005952380952,0.2095808383,0.7904191617,False,False,40,2,36,2,0,0.9,0.05,0.0,1,1,False,False,False,0,0,0.0,True,True,False,3.8095221421841075e-13,/home/nez/Desktop/tesis-snn/platemo-cpp/results/ds4_snsgaii/fronts/SNSGAII_ds4_nh40_run0_front.csv
4,Sonar,SNSGAII,0,12,13,0.004761904762,0.2335329341,0.7664670659,False,False,40,2,38,0,0,0.95,0.0,0.0,1,1,False,False,False,0,0,0.0,True,True,False,9.523805355460269e-14,/home/nez/Desktop/tesis-snn/platemo-cpp/results/ds4_snsgaii/fronts/SNSGAII_ds4_nh40_run0_front.csv
4,Sonar,SNSGAII,1,0,2,0.0003968253968,0.3652694611,0.6347305389,True,False,40,0,39,1,0,0.975,0.025,0.0,0,0,True,True,True,2,0,0.0,False,False,True,2.5396839579278074e-14,/home/nez/Desktop/tesis-snn/platemo-cpp/results/ds4_snsgaii/fronts/SNSGAII_ds4_nh40_run1_front.csv
4,Sonar,SNSGAII,1,1,2,0.00119047619,0.3473053892,0.6526946108,False,True,40,0,37,3,0,0.925,0.075,0.0,0,0,True,True,True,2,0,0.0,False,False,True,4.761904846134479e-13,/home/nez/Desktop/tesis-snn/platemo-cpp/results/ds4_snsgaii/fronts/SNSGAII_ds4_nh40_run1_front.csv
4,Sonar,SNSGAII,2,0,6,0.004365079365,0.3053892216,0.6946107784,False,False,40,3,33,4,0,0.825,0.1,0.0,1,2,False,False,False,0,0,0.0,True,True,False,7.93653337494149e-14,/home/nez/Desktop/tesis-snn/platemo-cpp/results/ds4_snsgaii/fronts/SNSGAII_ds4_nh40_run2_front.csv
4,Sonar,SNSGAII,2,1,6,0.009126984127,0.2934131737,0.7065868263,False,False,40,3,27,10,0,0.675,0.25,0.0,1,2,False,False,False,0,0,0.0,True,True,False,1.5872719805187785e-14,/home/nez/Desktop/tesis-snn/platemo-cpp/results/ds4_snsgaii/fronts/SNSGAII_ds4_nh40_run2_front.csv
4,Sonar,SNSGAII,2,2,6,0.002777777778,0.3113772455,0.6886227545,False,False,40,3,37,0,0,0.925,0.0,0.0,1,2,False,False,False,0,0,0.0,True,True,False,2.2222198040044994e-13,/home/nez/Desktop/tesis-snn/platemo-cpp/results/ds4_snsgaii/fronts/SNSGAII_ds4_nh40_run2_front.csv
4,Sonar,SNSGAII,2,3,6,0.0,0.3832335329,0.6167664670999999,True,False,40,0,40,0,0,1.0,0.0,0.0,0,0,True,True,True,2,0,0.0,False,False,True,0.0,/home/nez/Desktop/tesis-snn/platemo-cpp/results/ds4_snsgaii/fronts/SNSGAII_ds4_nh40_run2_front.csv
4,Sonar,SNSGAII,2,4,6,0.0007936507937,0.3592814371,0.6407185629000001,False,False,40,0,38,2,0,0.95,0.05,0.0,0,0,True,True,True,2,0,0.0,False,False,True,4.920629875782012e-14,/home/nez/Desktop/tesis-snn/platemo-cpp/results/ds4_snsgaii/fronts/SNSGAII_ds4_nh40_run2_front.csv
4,Sonar,SNSGAII,2,5,6,0.02658730159,0.2754491018,0.7245508982,False,True,40,3,15,22,0,0.375,0.55,0.0,1,2,False,False,False,0,0,0.0,True,True,False,2.6984144085862027e-12,/home/nez/Desktop/tesis-snn/platemo-cpp/results/ds4_snsgaii/fronts/SNSGAII_ds4_nh40_run2_front.csv
4,Sonar,SNSGAII,3,0,5,0.0,0.371257485,0.628742515,True,False,40,0,40,0,0,1.0,0.0,0.0,0,0,True,True,True,2,0,0.0,False,False,True,0.0,/home/nez/Desktop/tesis-snn/platemo-cpp/results/ds4_snsgaii/fronts/SNSGAII_ds4_nh40_run3_front.csv
4,Sonar,SNSGAII,3,1,5,0.003571428571,0.251497006,0.748502994,False,True,40,2,38,0,0,0.95,0.0,0.0,1,1,False,False,False,0,0,0.0,True,True,False,4.285712409957121e-13,/home/nez/Desktop/tesis-snn/platemo-cpp/results/ds4_snsgaii/fronts/SNSGAII_ds4_nh40_run3_front.csv
4,Sonar,SNSGAII,3,2,5,0.002380952381,0.2934131737,0.7065868263,False,False,40,2,38,0,0,0.95,0.0,0.0,1,1,False,False,False,0,0,0.0,True,True,False,4.761902677730134e-14,/home/nez/Desktop/tesis-snn/platemo-cpp/results/ds4_snsgaii/fronts/SNSGAII_ds4_nh40_run3_front.csv
4,Sonar,SNSGAII,3,3,5,0.002777777778,0.2874251497,0.7125748503,False,False,40,2,38,0,0,0.95,0.0,0.0,1,1,False,False,False,0,0,0.0,True,True,False,2.2222198040044994e-13,/home/nez/Desktop/tesis-snn/platemo-cpp/results/ds4_snsgaii/fronts/SNSGAII_ds4_nh40_run3_front.csv
4,Sonar,SNSGAII,3,4,5,0.003174603175,0.2694610778,0.7305389222,False,False,40,2,38,0,0,0.95,0.0,0.0,1,1,False,False,False,0,0,0.0,True,True,False,3.968253677044675e-13,/home/nez/Desktop/tesis-snn/platemo-cpp/results/ds4_snsgaii/fronts/SNSGAII_ds4_nh40_run3_front.csv
4,Sonar,SNSGAII,4,0,4,0.004365079365,0.245508982,0.754491018,False,True,40,2,38,0,0,0.95,0.0,0.0,1,1,False,False,False,0,0,0.0,True,True,False,7.93653337494149e-14,/home/nez/Desktop/tesis-snn/platemo-cpp/results/ds4_snsgaii/fronts/SNSGAII_ds4_nh40_run4_front.csv
4,Sonar,SNSGAII,4,1,4,0.002380952381,0.3113772455,0.6886227545,False,False,40,2,38,0,0,0.95,0.0,0.0,1,1,False,False,False,0,0,0.0,True,True,False,4.761902677730134e-14,/home/nez/Desktop/tesis-snn/platemo-cpp/results/ds4_snsgaii/fronts/SNSGAII_ds4_nh40_run4_front.csv
4,Sonar,SNSGAII,4,2,4,0.003571428571,0.2814371257,0.7185628743,False,False,40,2,38,0,0,0.95,0.0,0.0,1,1,False,False,False,0,0,0.0,True,True,False,4.285712409957121e-13,/home/nez/Desktop/tesis-snn/platemo-cpp/results/ds4_snsgaii/fronts/SNSGAII_ds4_nh40_run4_front.csv
4,Sonar,SNSGAII,4,3,4,0.0,0.3532934132,0.6467065867999999,True,False,40,0,40,0,0,1.0,0.0,0.0,0,0,True,True,True,2,0,0.0,False,False,True,0.0,/home/nez/Desktop/tesis-snn/platemo-cpp/results/ds4_snsgaii/fronts/SNSGAII_ds4_nh40_run4_front.csv
4,Sonar,SNSGAII,5,0,7,0.009920634921,0.2574850299,0.7425149701,False,True,40,2,27,11,0,0.675,0.275,0.0,1,1,False,False,False,0,1,0.025,True,True,False,3.6507949441322296e-13,/home/nez/Desktop/tesis-snn/platemo-cpp/results/ds4_snsgaii/fronts/SNSGAII_ds4_nh40_run5_front.csv
4,Sonar,SNSGAII,5,1,7,0.00119047619,0.3592814371,0.6407185629000001,False,False,40,0,37,3,0,0.925,0.075,0.0,0,0,True,True,True,2,0,0.0,False,False,True,4.761904846134479e-13,/home/nez/Desktop/tesis-snn/platemo-cpp/results/ds4_snsgaii/fronts/SNSGAII_ds4_nh40_run5_front.csv
4,Sonar,SNSGAII,5,2,7,0.003571428571,0.2634730539,0.7365269461,False,False,40,2,36,2,0,0.9,0.05,0.0,1,1,False,False,False,0,1,0.025,True,True,False,4.285712409957121e-13,/home/nez/Desktop/tesis-snn/platemo-cpp/results/ds4_snsgaii/fronts/SNSGAII_ds4_nh40_run5_front.csv
4,Sonar,SNSGAII,5,3,7,0.002380952381,0.2754491018,0.7245508982,False,False,40,2,37,1,0,0.925,0.025,0.0,1,1,False,False,False,0,0,0.0,True,True,False,4.761902677730134e-14,/home/nez/Desktop/tesis-snn/platemo-cpp/results/ds4_snsgaii/fronts/SNSGAII_ds4_nh40_run5_front.csv
4,Sonar,SNSGAII,5,4,7,0.0,0.3892215569,0.6107784431000001,True,False,40,0,40,0,0,1.0,0.0,0.0,0,0,True,True,True,2,0,0.0,False,False,True,0.0,/home/nez/Desktop/tesis-snn/platemo-cpp/results/ds4_snsgaii/fronts/SNSGAII_ds4_nh40_run5_front.csv
4,Sonar,SNSGAII,5,5,7,0.0003968253968,0.371257485,0.628742515,False,False,40,0,39,1,0,0.975,0.025,0.0,0,0,True,True,True,2,0,0.0,False,False,True,2.5396839579278074e-14,/home/nez/Desktop/tesis-snn/platemo-cpp/results/ds4_snsgaii/fronts/SNSGAII_ds4_nh40_run5_front.csv
4,Sonar,SNSGAII,5,6,7,0.001984126984,0.2814371257,0.7185628743,False,False,40,2,38,0,0,0.95,0.0,0.0,1,1,False,False,False,0,0,0.0,True,True,False,1.2698392684584725e-13,/home/nez/Desktop/tesis-snn/platemo-cpp/results/ds4_snsgaii/fronts/SNSGAII_ds4_nh40_run5_front.csv
4,Sonar,SNSGAII,6,0,10,0.00119047619,0.371257485,0.628742515,False,False,40,0,37,3,0,0.925,0.075,0.0,0,0,True,True,True,2,0,0.0,False,False,True,4.761904846134479e-13,/home/nez/Desktop/tesis-snn/platemo-cpp/results/ds4_snsgaii/fronts/SNSGAII_ds4_nh40_run6_front.csv
4,Sonar,SNSGAII,6,1,10,0.01587301587,0.2275449102,0.7724550898,False,True,40,4,27,9,0,0.675,0.225,0.0,1,3,False,False,False,0,1,0.025,True,True,False,3.0158722741369104e-12,/home/nez/Desktop/tesis-snn/platemo-cpp/results/ds4_snsgaii/fronts/SNSGAII_ds4_nh40_run6_front.csv
4,Sonar,SNSGAII,6,2,10,0.01428571429,0.2395209581,0.7604790419,False,False,40,4,31,5,0,0.775,0.125,0.0,1,3,False,False,False,0,1,0.025,True,True,False,4.285714144680597e-12,/home/nez/Desktop/tesis-snn/platemo-cpp/results/ds4_snsgaii/fronts/SNSGAII_ds4_nh40_run6_front.csv
4,Sonar,SNSGAII,6,3,10,0.009523809524,0.2634730539,0.7365269461,False,False,40,4,31,5,0,0.775,0.125,0.0,1,3,False,False,False,0,0,0.0,True,True,False,1.9047610710920537e-13,/home/nez/Desktop/tesis-snn/platemo-cpp/results/ds4_snsgaii/fronts/SNSGAII_ds4_nh40_run6_front.csv
4,Sonar,SNSGAII,6,4,10,0.0007936507937,0.3832335329,0.6167664670999999,True,False,40,0,38,2,0,0.95,0.05,0.0,0,0,True,True,True,2,0,0.0,False,False,True,4.920629875782012e-14,/home/nez/Desktop/tesis-snn/platemo-cpp/results/ds4_snsgaii/fronts/SNSGAII_ds4_nh40_run6_front.csv
4,Sonar,SNSGAII,6,5,10,0.007936507937,0.2874251497,0.7125748503,False,False,40,2,29,9,0,0.725,0.225,0.0,1,1,False,False,False,0,0,0.0,True,True,False,4.920647223016772e-13,/home/nez/Desktop/tesis-snn/platemo-cpp/results/ds4_snsgaii/fronts/SNSGAII_ds4_nh40_run6_front.csv
4,Sonar,SNSGAII,6,6,10,0.0130952381,0.245508982,0.754491018,False,False,40,4,33,3,0,0.825,0.075,0.0,1,3,False,False,False,0,0,0.0,True,True,False,4.76190441245361e-12,/home/nez/Desktop/tesis-snn/platemo-cpp/results/ds4_snsgaii/fronts/SNSGAII_ds4_nh40_run6_front.csv
4,Sonar,SNSGAII,6,7,10,0.009920634921,0.251497006,0.748502994,False,False,40,4,30,6,0,0.75,0.15,0.0,1,3,False,False,False,0,0,0.0,True,True,False,3.6507949441322296e-13,/home/nez/Desktop/tesis-snn/platemo-cpp/results/ds4_snsgaii/fronts/SNSGAII_ds4_nh40_run6_front.csv
4,Sonar,SNSGAII,6,8,10,0.009126984127,0.2754491018,0.7245508982,False,False,40,4,32,4,0,0.8,0.1,0.0,1,3,False,False,False,0,0,0.0,True,True,False,1.5872719805187785e-14,/home/nez/Desktop/tesis-snn/platemo-cpp/results/ds4_snsgaii/fronts/SNSGAII_ds4_nh40_run6_front.csv
4,Sonar,SNSGAII,6,9,10,0.003571428571,0.2934131737,0.7065868263,False,False,40,2,36,2,0,0.9,0.05,0.0,1,1,False,False,False,0,0,0.0,True,True,False,4.285712409957121e-13,/home/nez/Desktop/tesis-snn/platemo-cpp/results/ds4_snsgaii/fronts/SNSGAII_ds4_nh40_run6_front.csv
4,Sonar,SNSGAII,7,0,17,0.001587301587,0.3652694611,0.6347305389,False,False,40,0,37,3,0,0.925,0.075,0.0,0,0,True,True,True,2,0,0.0,False,False,True,3.0158731414986484e-13,/home/nez/Desktop/tesis-snn/platemo-cpp/results/ds4_snsgaii/fronts/SNSGAII_ds4_nh40_run7_front.csv
4,Sonar,SNSGAII,7,1,17,0.003571428571,0.3113772455,0.6886227545,False,False,40,2,35,3,0,0.875,0.075,0.0,1,1,False,False,False,0,0,0.0,True,True,False,4.285712409957121e-13,/home/nez/Desktop/tesis-snn/platemo-cpp/results/ds4_snsgaii/fronts/SNSGAII_ds4_nh40_run7_front.csv
4,Sonar,SNSGAII,7,2,17,0.01507936508,0.2035928144,0.7964071856,False,False,40,3,29,8,0,0.725,0.2,0.0,1,2,False,False,False,0,0,0.0,True,True,False,6.349209352718432e-13,/home/nez/Desktop/tesis-snn/platemo-cpp/results/ds4_snsgaii/fronts/SNSGAII_ds4_nh40_run7_front.csv
4,Sonar,SNSGAII,7,3,17,0.00873015873,0.2155688623,0.7844311377,False,False,40,3,33,4,0,0.825,0.1,0.0,1,2,False,False,False,0,0,0.0,True,True,False,1.587306674988298e-13,/home/nez/Desktop/tesis-snn/platemo-cpp/results/ds4_snsgaii/fronts/SNSGAII_ds4_nh40_run7_front.csv
4,Sonar,SNSGAII,7,4,17,0.03650793651,0.1856287425,0.8143712575,False,True,40,4,21,15,0,0.525,0.375,0.0,1,3,False,False,False,0,0,0.0,True,True,False,2.0634882691439316e-12,/home/nez/Desktop/tesis-snn/platemo-cpp/results/ds4_snsgaii/fronts/SNSGAII_ds4_nh40_run7_front.csv
4,Sonar,SNSGAII,7,5,17,0.03452380952,0.1916167665,0.8083832335,False,False,40,4,21,15,0,0.525,0.375,0.0,1,3,False,False,False,0,0,0.0,True,True,False,3.809529081078011e-12,/home/nez/Desktop/tesis-snn/platemo-cpp/results/ds4_snsgaii/fronts/SNSGAII_ds4_nh40_run7_front.csv
4,Sonar,SNSGAII,7,6,17,0.005158730159,0.2395209581,0.7604790419,False,False,40,3,35,2,0,0.875,0.05,0.0,1,2,False,False,False,0,0,0.0,True,True,False,2.6984144085862027e-13,/home/nez/Desktop/tesis-snn/platemo-cpp/results/ds4_snsgaii/fronts/SNSGAII_ds4_nh40_run7_front.csv
4,Sonar,SNSGAII,7,7,17,0.002777777778,0.3353293413,0.6646706587,False,False,40,2,37,1,0,0.925,0.025,0.0,1,1,False,False,False,0,0,0.0,True,True,False,2.2222198040044994e-13,/home/nez/Desktop/tesis-snn/platemo-cpp/results/ds4_snsgaii/fronts/SNSGAII_ds4_nh40_run7_front.csv
4,Sonar,SNSGAII,7,8,17,0.007936507937,0.2215568862,0.7784431138,False,False,40,3,33,4,0,0.825,0.1,0.0,1,2,False,False,False,0,0,0.0,True,True,False,4.920647223016772e-13,/home/nez/Desktop/tesis-snn/platemo-cpp/results/ds4_snsgaii/fronts/SNSGAII_ds4_nh40_run7_front.csv
4,Sonar,SNSGAII,7,9,17,0.00119047619,0.3892215569,0.6107784431000001,False,False,40,0,38,2,0,0.95,0.05,0.0,0,0,True,True,True,2,0,0.0,False,False,True,4.761904846134479e-13,/home/nez/Desktop/tesis-snn/platemo-cpp/results/ds4_snsgaii/fronts/SNSGAII_ds4_nh40_run7_front.csv
4,Sonar,SNSGAII,7,10,17,0.002380952381,0.3473053892,0.6526946108,False,False,40,2,37,1,0,0.925,0.025,0.0,1,1,False,False,False,0,0,0.0,True,True,False,4.761902677730134e-14,/home/nez/Desktop/tesis-snn/platemo-cpp/results/ds4_snsgaii/fronts/SNSGAII_ds4_nh40_run7_front.csv
4,Sonar,SNSGAII,7,11,17,0.003174603175,0.3173652695,0.6826347305,False,False,40,2,37,1,0,0.925,0.025,0.0,1,1,False,False,False,0,0,0.0,True,True,False,3.968253677044675e-13,/home/nez/Desktop/tesis-snn/platemo-cpp/results/ds4_snsgaii/fronts/SNSGAII_ds4_nh40_run7_front.csv
4,Sonar,SNSGAII,7,12,17,0.004365079365,0.2994011976,0.7005988024,False,False,40,3,36,1,0,0.9,0.025,0.0,1,2,False,False,False,0,0,0.0,True,True,False,7.93653337494149e-14,/home/nez/Desktop/tesis-snn/platemo-cpp/results/ds4_snsgaii/fronts/SNSGAII_ds4_nh40_run7_front.csv
4,Sonar,SNSGAII,7,13,17,0.02857142857,0.1976047904,0.8023952096,False,False,40,4,21,15,0,0.525,0.375,0.0,1,3,False,False,False,0,0,0.0,True,True,False,1.4285690685955643e-12,/home/nez/Desktop/tesis-snn/platemo-cpp/results/ds4_snsgaii/fronts/SNSGAII_ds4_nh40_run7_front.csv
4,Sonar,SNSGAII,7,14,17,0.004761904762,0.245508982,0.754491018,False,False,40,3,36,1,0,0.9,0.025,0.0,1,2,False,False,False,0,0,0.0,True,True,False,9.523805355460269e-14,/home/nez/Desktop/tesis-snn/platemo-cpp/results/ds4_snsgaii/fronts/SNSGAII_ds4_nh40_run7_front.csv
4,Sonar,SNSGAII,7,15,17,0.0007936507937,0.3952095808,0.6047904192,False,False,40,0,38,2,0,0.95,0.05,0.0,0,0,True,True,True,2,0,0.0,False,False,True,4.920629875782012e-14,/home/nez/Desktop/tesis-snn/platemo-cpp/results/ds4_snsgaii/fronts/SNSGAII_ds4_nh40_run7_front.csv
4,Sonar,SNSGAII,7,16,17,0.0,0.4191616766,0.5808383234000001,True,False,40,0,40,0,0,1.0,0.0,0.0,0,0,True,True,True,2,0,0.0,False,False,True,0.0,/home/nez/Desktop/tesis-snn/platemo-cpp/results/ds4_snsgaii/fronts/SNSGAII_ds4_nh40_run7_front.csv
4,Sonar,SNSGAII,8,0,9,0.007936507937,0.2395209581,0.7604790419,False,True,40,4,31,5,0,0.775,0.125,0.0,2,2,False,False,False,0,0,0.0,True,True,False,4.920647223016772e-13,/home/nez/Desktop/tesis-snn/platemo-cpp/results/ds4_snsgaii/fronts/SNSGAII_ds4_nh40_run8_front.csv
4,Sonar,SNSGAII,8,1,9,0.005158730159,0.251497006,0.748502994,False,False,40,4,34,2,0,0.85,0.05,0.0,2,2,False,False,False,0,0,0.0,True,True,False,2.6984144085862027e-13,/home/nez/Desktop/tesis-snn/platemo-cpp/results/ds4_snsgaii/fronts/SNSGAII_ds4_nh40_run8_front.csv
4,Sonar,SNSGAII,8,2,9,0.0003968253968,0.4131736527,0.5868263472999999,True,False,40,0,39,1,0,0.975,0.025,0.0,0,0,True,True,True,2,0,0.0,False,False,True,2.5396839579278074e-14,/home/nez/Desktop/tesis-snn/platemo-cpp/results/ds4_snsgaii/fronts/SNSGAII_ds4_nh40_run8_front.csv
4,Sonar,SNSGAII,8,3,9,0.004365079365,0.2574850299,0.7425149701,False,False,40,4,35,1,0,0.875,0.025,0.0,2,2,False,False,False,0,0,0.0,True,True,False,7.93653337494149e-14,/home/nez/Desktop/tesis-snn/platemo-cpp/results/ds4_snsgaii/fronts/SNSGAII_ds4_nh40_run8_front.csv
4,Sonar,SNSGAII,8,4,9,0.003174603175,0.3413173653,0.6586826347,False,False,40,2,36,2,0,0.9,0.05,0.0,1,1,False,False,False,0,0,0.0,True,True,False,3.968253677044675e-13,/home/nez/Desktop/tesis-snn/platemo-cpp/results/ds4_snsgaii/fronts/SNSGAII_ds4_nh40_run8_front.csv
4,Sonar,SNSGAII,8,5,9,0.003571428571,0.2994011976,0.7005988024,False,False,40,3,36,1,0,0.9,0.025,0.0,2,1,False,False,False,0,0,0.0,True,True,False,4.285712409957121e-13,/home/nez/Desktop/tesis-snn/platemo-cpp/results/ds4_snsgaii/fronts/SNSGAII_ds4_nh40_run8_front.csv
4,Sonar,SNSGAII,8,6,9,0.002380952381,0.3652694611,0.6347305389,False,False,40,2,37,1,0,0.925,0.025,0.0,1,1,False,False,False,0,0,0.0,True,True,False,4.761902677730134e-14,/home/nez/Desktop/tesis-snn/platemo-cpp/results/ds4_snsgaii/fronts/SNSGAII_ds4_nh40_run8_front.csv
4,Sonar,SNSGAII,8,7,9,0.002777777778,0.3532934132,0.6467065867999999,False,False,40,2,37,1,0,0.925,0.025,0.0,1,1,False,False,False,0,0,0.0,True,True,False,2.2222198040044994e-13,/home/nez/Desktop/tesis-snn/platemo-cpp/results/ds4_snsgaii/fronts/SNSGAII_ds4_nh40_run8_front.csv
4,Sonar,SNSGAII,8,8,9,0.0007936507937,0.371257485,0.628742515,False,False,40,0,38,2,0,0.95,0.05,0.0,0,0,True,True,True,2,0,0.0,False,False,True,4.920629875782012e-14,/home/nez/Desktop/tesis-snn/platemo-cpp/results/ds4_snsgaii/fronts/SNSGAII_ds4_nh40_run8_front.csv
4,Sonar,SNSGAII,9,0,7,0.01626984127,0.2754491018,0.7245508982,False,True,40,2,28,10,0,0.7,0.25,0.0,1,1,False,False,False,0,0,0.0,True,True,False,1.587306674988298e-13,/home/nez/Desktop/tesis-snn/platemo-cpp/results/ds4_snsgaii/fronts/SNSGAII_ds4_nh40_run9_front.csv
4,Sonar,SNSGAII,9,1,7,0.0003968253968,0.3952095808,0.6047904192,True,False,40,0,39,1,0,0.975,0.025,0.0,0,0,True,True,True,2,0,0.0,False,False,True,2.5396839579278074e-14,/home/nez/Desktop/tesis-snn/platemo-cpp/results/ds4_snsgaii/fronts/SNSGAII_ds4_nh40_run9_front.csv
4,Sonar,SNSGAII,9,2,7,0.004761904762,0.2874251497,0.7125748503,False,False,40,2,32,6,0,0.8,0.15,0.0,1,1,False,False,False,0,0,0.0,True,True,False,9.523805355460269e-14,/home/nez/Desktop/tesis-snn/platemo-cpp/results/ds4_snsgaii/fronts/SNSGAII_ds4_nh40_run9_front.csv
4,Sonar,SNSGAII,9,3,7,0.002777777778,0.3353293413,0.6646706587,False,False,40,2,37,1,0,0.925,0.025,0.0,1,1,False,False,False,0,0,0.0,True,True,False,2.2222198040044994e-13,/home/nez/Desktop/tesis-snn/platemo-cpp/results/ds4_snsgaii/fronts/SNSGAII_ds4_nh40_run9_front.csv
4,Sonar,SNSGAII,9,4,7,0.0007936507937,0.3592814371,0.6407185629000001,False,False,40,0,38,2,0,0.95,0.05,0.0,0,0,True,True,True,2,0,0.0,False,False,True,4.920629875782012e-14,/home/nez/Desktop/tesis-snn/platemo-cpp/results/ds4_snsgaii/fronts/SNSGAII_ds4_nh40_run9_front.csv
4,Sonar,SNSGAII,9,5,7,0.003968253968,0.3113772455,0.6886227545,False,False,40,2,34,4,0,0.85,0.1,0.0,1,1,False,False,False,0,0,0.0,True,True,False,2.539678536916945e-13,/home/nez/Desktop/tesis-snn/platemo-cpp/results/ds4_snsgaii/fronts/SNSGAII_ds4_nh40_run9_front.csv
4,Sonar,SNSGAII,9,6,7,0.003571428571,0.3293413174,0.6706586826000001,False,False,40,2,34,4,0,0.85,0.1,0.0,1,1,False,False,False,0,0,0.0,True,True,False,4.285712409957121e-13,/home/nez/Desktop/tesis-snn/platemo-cpp/results/ds4_snsgaii/fronts/SNSGAII_ds4_nh40_run9_front.csv
4,Sonar,SNSGAII,10,0,8,0.02063492063,0.1856287425,0.8143712575,False,True,40,4,18,18,0,0.45,0.45,0.0,3,1,False,False,False,0,1,0.025,True,True,False,4.920633345228964e-12,/home/nez/Desktop/tesis-snn/platemo-cpp/results/ds4_snsgaii/fronts/SNSGAII_ds4_nh40_run10_front.csv
4,Sonar,SNSGAII,10,1,8,0.003174603175,0.2874251497,0.7125748503,False,False,40,3,36,1,0,0.9,0.025,0.0,2,1,False,False,False,0,0,0.0,True,True,False,3.968253677044675e-13,/home/nez/Desktop/tesis-snn/platemo-cpp/results/ds4_snsgaii/fronts/SNSGAII_ds4_nh40_run10_front.csv
4,Sonar,SNSGAII,10,2,8,0.002777777778,0.2994011976,0.7005988024,False,False,40,3,37,0,0,0.925,0.0,0.0,2,1,False,False,False,0,0,0.0,True,True,False,2.2222198040044994e-13,/home/nez/Desktop/tesis-snn/platemo-cpp/results/ds4_snsgaii/fronts/SNSGAII_ds4_nh40_run10_front.csv
4,Sonar,SNSGAII,10,3,8,0.0003968253968,0.3952095808,0.6047904192,True,False,40,0,39,0,1,0.975,0.0,0.025,1,0,False,True,True,1,0,0.0,False,False,True,2.5396839579278074e-14,/home/nez/Desktop/tesis-snn/platemo-cpp/results/ds4_snsgaii/fronts/SNSGAII_ds4_nh40_run10_front.csv
4,Sonar,SNSGAII,10,4,8,0.0007936507937,0.3832335329,0.6167664670999999,False,False,40,0,38,0,2,0.95,0.0,0.05,1,1,False,False,False,0,0,0.0,False,False,True,4.920629875782012e-14,/home/nez/Desktop/tesis-snn/platemo-cpp/results/ds4_snsgaii/fronts/SNSGAII_ds4_nh40_run10_front.csv
4,Sonar,SNSGAII,10,5,8,0.002380952381,0.3652694611,0.6347305389,False,False,40,3,37,0,0,0.925,0.0,0.0,2,1,False,False,False,0,0,0.0,True,True,False,4.761902677730134e-14,/home/nez/Desktop/tesis-snn/platemo-cpp/results/ds4_snsgaii/fronts/SNSGAII_ds4_nh40_run10_front.csv
4,Sonar,SNSGAII,10,6,8,0.003571428571,0.2335329341,0.7664670659,False,False,40,3,37,0,0,0.925,0.0,0.0,2,1,False,False,False,0,0,0.0,True,True,False,4.285712409957121e-13,/home/nez/Desktop/tesis-snn/platemo-cpp/results/ds4_snsgaii/fronts/SNSGAII_ds4_nh40_run10_front.csv
4,Sonar,SNSGAII,10,7,8,0.004761904762,0.1976047904,0.8023952096,False,False,40,3,37,0,0,0.925,0.0,0.0,2,1,False,False,False,0,0,0.0,True,True,False,9.523805355460269e-14,/home/nez/Desktop/tesis-snn/platemo-cpp/results/ds4_snsgaii/fronts/SNSGAII_ds4_nh40_run10_front.csv
4,Sonar,SNSGAII,11,0,5,0.0003968253968,0.3532934132,0.6467065867999999,False,False,40,0,39,1,0,0.975,0.025,0.0,0,0,True,True,True,2,0,0.0,False,False,True,2.5396839579278074e-14,/home/nez/Desktop/tesis-snn/platemo-cpp/results/ds4_snsgaii/fronts/SNSGAII_ds4_nh40_run11_front.csv
4,Sonar,SNSGAII,11,1,5,0.002777777778,0.3173652695,0.6826347305,False,False,40,2,38,0,0,0.95,0.0,0.0,1,1,False,False,False,0,0,0.0,True,True,False,2.2222198040044994e-13,/home/nez/Desktop/tesis-snn/platemo-cpp/results/ds4_snsgaii/fronts/SNSGAII_ds4_nh40_run11_front.csv
4,Sonar,SNSGAII,11,2,5,0.003571428571,0.2994011976,0.7005988024,False,False,40,2,38,0,0,0.95,0.0,0.0,1,1,False,False,False,0,0,0.0,True,True,False,4.285712409957121e-13,/home/nez/Desktop/tesis-snn/platemo-cpp/results/ds4_snsgaii/fronts/SNSGAII_ds4_nh40_run11_front.csv
4,Sonar,SNSGAII,11,3,5,0.0,0.3832335329,0.6167664670999999,True,False,40,0,40,0,0,1.0,0.0,0.0,0,0,True,True,True,2,0,0.0,False,False,True,0.0,/home/nez/Desktop/tesis-snn/platemo-cpp/results/ds4_snsgaii/fronts/SNSGAII_ds4_nh40_run11_front.csv
4,Sonar,SNSGAII,11,4,5,0.004761904762,0.2874251497,0.7125748503,False,True,40,2,36,2,0,0.9,0.05,0.0,1,1,False,False,False,0,0,0.0,True,True,False,9.523805355460269e-14,/home/nez/Desktop/tesis-snn/platemo-cpp/results/ds4_snsgaii/fronts/SNSGAII_ds4_nh40_run11_front.csv
4,Sonar,SNSGAII,12,0,10,0.01984126984,0.2634730539,0.7365269461,False,True,40,2,18,19,1,0.45,0.475,0.025,1,2,False,False,False,0,0,0.0,True,True,False,1.2698418705436865e-12,/home/nez/Desktop/tesis-snn/platemo-cpp/results/ds4_snsgaii/fronts/SNSGAII_ds4_nh40_run12_front.csv
4,Sonar,SNSGAII,12,1,10,0.00119047619,0.371257485,0.628742515,False,False,40,0,37,3,0,0.925,0.075,0.0,0,0,True,True,True,2,0,0.0,False,False,True,4.761904846134479e-13,/home/nez/Desktop/tesis-snn/platemo-cpp/results/ds4_snsgaii/fronts/SNSGAII_ds4_nh40_run12_front.csv
4,Sonar,SNSGAII,12,2,10,0.002380952381,0.3293413174,0.6706586826000001,False,False,40,2,38,0,0,0.95,0.0,0.0,1,1,False,False,False,0,0,0.0,True,True,False,4.761902677730134e-14,/home/nez/Desktop/tesis-snn/platemo-cpp/results/ds4_snsgaii/fronts/SNSGAII_ds4_nh40_run12_front.csv
4,Sonar,SNSGAII,12,3,10,0.005158730159,0.2694610778,0.7305389222,False,False,40,2,36,2,0,0.9,0.05,0.0,1,1,False,False,False,0,0,0.0,True,True,False,2.6984144085862027e-13,/home/nez/Desktop/tesis-snn/platemo-cpp/results/ds4_snsgaii/fronts/SNSGAII_ds4_nh40_run12_front.csv
4,Sonar,SNSGAII,12,4,10,0.002777777778,0.2934131737,0.7065868263,False,False,40,2,38,0,0,0.95,0.0,0.0,1,1,False,False,False,0,0,0.0,True,True,False,2.2222198040044994e-13,/home/nez/Desktop/tesis-snn/platemo-cpp/results/ds4_snsgaii/fronts/SNSGAII_ds4_nh40_run12_front.csv
4,Sonar,SNSGAII,12,5,10,0.001984126984,0.3652694611,0.6347305389,False,False,40,2,38,0,0,0.95,0.0,0.0,1,1,False,False,False,0,0,0.0,True,True,False,1.2698392684584725e-13,/home/nez/Desktop/tesis-snn/platemo-cpp/results/ds4_snsgaii/fronts/SNSGAII_ds4_nh40_run12_front.csv
4,Sonar,SNSGAII,12,6,10,0.004365079365,0.2754491018,0.7245508982,False,False,40,2,38,0,0,0.95,0.0,0.0,1,1,False,False,False,0,0,0.0,True,True,False,7.93653337494149e-14,/home/nez/Desktop/tesis-snn/platemo-cpp/results/ds4_snsgaii/fronts/SNSGAII_ds4_nh40_run12_front.csv
4,Sonar,SNSGAII,12,7,10,0.0,0.4131736527,0.5868263472999999,True,False,40,0,40,0,0,1.0,0.0,0.0,0,0,True,True,True,2,0,0.0,False,False,True,0.0,/home/nez/Desktop/tesis-snn/platemo-cpp/results/ds4_snsgaii/fronts/SNSGAII_ds4_nh40_run12_front.csv
4,Sonar,SNSGAII,12,8,10,0.003968253968,0.2874251497,0.7125748503,False,False,40,2,38,0,0,0.95,0.0,0.0,1,1,False,False,False,0,0,0.0,True,True,False,2.539678536916945e-13,/home/nez/Desktop/tesis-snn/platemo-cpp/results/ds4_snsgaii/fronts/SNSGAII_ds4_nh40_run12_front.csv
4,Sonar,SNSGAII,12,9,10,0.0003968253968,0.3832335329,0.6167664670999999,False,False,40,0,39,1,0,0.975,0.025,0.0,0,0,True,True,True,2,0,0.0,False,False,True,2.5396839579278074e-14,/home/nez/Desktop/tesis-snn/platemo-cpp/results/ds4_snsgaii/fronts/SNSGAII_ds4_nh40_run12_front.csv
4,Sonar,SNSGAII,13,0,7,0.002777777778,0.2934131737,0.7065868263,False,False,40,2,37,1,0,0.925,0.025,0.0,1,1,False,False,False,0,0,0.0,True,True,False,2.2222198040044994e-13,/home/nez/Desktop/tesis-snn/platemo-cpp/results/ds4_snsgaii/fronts/SNSGAII_ds4_nh40_run13_front.csv
4,Sonar,SNSGAII,13,1,7,0.002380952381,0.2994011976,0.7005988024,False,False,40,2,37,1,0,0.925,0.025,0.0,1,1,False,False,False,0,0,0.0,True,True,False,4.761902677730134e-14,/home/nez/Desktop/tesis-snn/platemo-cpp/results/ds4_snsgaii/fronts/SNSGAII_ds4_nh40_run13_front.csv
4,Sonar,SNSGAII,13,2,7,0.004761904762,0.2874251497,0.7125748503,False,False,40,2,32,6,0,0.8,0.15,0.0,1,1,False,False,False,0,0,0.0,True,True,False,9.523805355460269e-14,/home/nez/Desktop/tesis-snn/platemo-cpp/results/ds4_snsgaii/fronts/SNSGAII_ds4_nh40_run13_front.csv
4,Sonar,SNSGAII,13,3,7,0.001984126984,0.3233532934,0.6766467065999999,False,False,40,2,38,0,0,0.95,0.0,0.0,1,1,False,False,False,0,0,0.0,True,True,False,1.2698392684584725e-13,/home/nez/Desktop/tesis-snn/platemo-cpp/results/ds4_snsgaii/fronts/SNSGAII_ds4_nh40_run13_front.csv
4,Sonar,SNSGAII,13,4,7,0.00753968254,0.2694610778,0.7305389222,False,False,40,3,31,6,0,0.775,0.15,0.0,2,1,False,False,False,0,0,0.0,True,True,False,3.174604676359216e-13,/home/nez/Desktop/tesis-snn/platemo-cpp/results/ds4_snsgaii/fronts/SNSGAII_ds4_nh40_run13_front.csv
4,Sonar,SNSGAII,13,5,7,0.01547619048,0.2634730539,0.7365269461,False,True,40,3,24,12,1,0.6,0.3,0.025,2,2,False,False,False,0,0,0.0,True,True,False,3.8095238769075834e-12,/home/nez/Desktop/tesis-snn/platemo-cpp/results/ds4_snsgaii/fronts/SNSGAII_ds4_nh40_run13_front.csv
4,Sonar,SNSGAII,13,6,7,0.0,0.3652694611,0.6347305389,True,False,40,0,40,0,0,1.0,0.0,0.0,0,0,True,True,True,2,0,0.0,False,False,True,0.0,/home/nez/Desktop/tesis-snn/platemo-cpp/results/ds4_snsgaii/fronts/SNSGAII_ds4_nh40_run13_front.csv
4,Sonar,SNSGAII,14,0,10,0.05992063492,0.2395209581,0.7604790419,False,True,40,3,6,31,0,0.15,0.775,0.0,2,1,False,False,False,0,1,0.025,True,True,False,6.349226699953192e-13,/home/nez/Desktop/tesis-snn/platemo-cpp/results/ds4_snsgaii/fronts/SNSGAII_ds4_nh40_run14_front.csv
4,Sonar,SNSGAII,14,1,10,0.007936507937,0.251497006,0.748502994,False,False,40,2,31,7,0,0.775,0.175,0.0,1,1,False,False,False,0,0,0.0,True,True,False,4.920647223016772e-13,/home/nez/Desktop/tesis-snn/platemo-cpp/results/ds4_snsgaii/fronts/SNSGAII_ds4_nh40_run14_front.csv
4,Sonar,SNSGAII,14,2,10,0.003571428571,0.2634730539,0.7365269461,False,False,40,2,35,3,0,0.875,0.075,0.0,1,1,False,False,False,0,0,0.0,True,True,False,4.285712409957121e-13,/home/nez/Desktop/tesis-snn/platemo-cpp/results/ds4_snsgaii/fronts/SNSGAII_ds4_nh40_run14_front.csv
4,Sonar,SNSGAII,14,3,10,0.001587301587,0.377245509,0.622754491,False,False,40,0,36,4,0,0.9,0.1,0.0,0,0,True,True,True,2,0,0.0,False,False,True,3.0158731414986484e-13,/home/nez/Desktop/tesis-snn/platemo-cpp/results/ds4_snsgaii/fronts/SNSGAII_ds4_nh40_run14_front.csv
4,Sonar,SNSGAII,14,4,10,0.005952380952,0.2574850299,0.7425149701,False,False,40,2,35,3,0,0.875,0.075,0.0,1,1,False,False,False,0,0,0.0,True,True,False,3.8095221421841075e-13,/home/nez/Desktop/tesis-snn/platemo-cpp/results/ds4_snsgaii/fronts/SNSGAII_ds4_nh40_run14_front.csv
4,Sonar,SNSGAII,14,5,10,0.003174603175,0.3652694611,0.6347305389,False,False,40,2,35,3,0,0.875,0.075,0.0,1,1,False,False,False,0,0,0.0,True,True,False,3.968253677044675e-13,/home/nez/Desktop/tesis-snn/platemo-cpp/results/ds4_snsgaii/fronts/SNSGAII_ds4_nh40_run14_front.csv
4,Sonar,SNSGAII,14,6,10,0.02103174603,0.245508982,0.754491018,False,False,40,3,19,18,0,0.475,0.45,0.0,2,1,False,False,False,0,0,0.0,True,True,False,1.7460338730401759e-12,/home/nez/Desktop/tesis-snn/platemo-cpp/results/ds4_snsgaii/fronts/SNSGAII_ds4_nh40_run14_front.csv
4,Sonar,SNSGAII,14,7,10,0.0003968253968,0.4191616766,0.5808383234000001,True,False,40,0,39,1,0,0.975,0.025,0.0,0,0,True,True,True,2,0,0.0,False,False,True,2.5396839579278074e-14,/home/nez/Desktop/tesis-snn/platemo-cpp/results/ds4_snsgaii/fronts/SNSGAII_ds4_nh40_run14_front.csv
4,Sonar,SNSGAII,14,8,10,0.00119047619,0.3832335329,0.6167664670999999,False,False,40,0,37,3,0,0.925,0.075,0.0,0,0,True,True,True,2,0,0.0,False,False,True,4.761904846134479e-13,/home/nez/Desktop/tesis-snn/platemo-cpp/results/ds4_snsgaii/fronts/SNSGAII_ds4_nh40_run14_front.csv
4,Sonar,SNSGAII,14,9,10,0.0007936507937,0.3892215569,0.6107784431000001,False,False,40,0,38,2,0,0.95,0.05,0.0,0,0,True,True,True,2,0,0.0,False,False,True,4.920629875782012e-14,/home/nez/Desktop/tesis-snn/platemo-cpp/results/ds4_snsgaii/fronts/SNSGAII_ds4_nh40_run14_front.csv
4,Sonar,SNSGAII,15,0,4,0.0007936507937,0.3473053892,0.6526946108,False,False,40,0,38,2,0,0.95,0.05,0.0,0,0,True,True,True,2,0,0.0,False,False,True,4.920629875782012e-14,/home/nez/Desktop/tesis-snn/platemo-cpp/results/ds4_snsgaii/fronts/SNSGAII_ds4_nh40_run15_front.csv
4,Sonar,SNSGAII,15,1,4,0.003571428571,0.3413173653,0.6586826347,False,True,40,0,32,8,0,0.8,0.2,0.0,0,0,True,True,True,2,0,0.0,False,False,True,4.285712409957121e-13,/home/nez/Desktop/tesis-snn/platemo-cpp/results/ds4_snsgaii/fronts/SNSGAII_ds4_nh40_run15_front.csv
4,Sonar,SNSGAII,15,2,4,0.0,0.3832335329,0.6167664670999999,True,False,40,0,40,0,0,1.0,0.0,0.0,0,0,True,True,True,2,0,0.0,False,False,True,0.0,/home/nez/Desktop/tesis-snn/platemo-cpp/results/ds4_snsgaii/fronts/SNSGAII_ds4_nh40_run15_front.csv
4,Sonar,SNSGAII,15,3,4,0.0003968253968,0.371257485,0.628742515,False,False,40,0,39,1,0,0.975,0.025,0.0,0,0,True,True,True,2,0,0.0,False,False,True,2.5396839579278074e-14,/home/nez/Desktop/tesis-snn/platemo-cpp/results/ds4_snsgaii/fronts/SNSGAII_ds4_nh40_run15_front.csv
4,Sonar,SNSGAII,16,0,4,0.03412698413,0.245508982,0.754491018,False,True,40,4,13,22,1,0.325,0.55,0.025,3,2,False,False,False,0,0,0.0,True,True,False,3.0158792130308143e-12,/home/nez/Desktop/tesis-snn/platemo-cpp/results/ds4_snsgaii/fronts/SNSGAII_ds4_nh40_run16_front.csv
4,Sonar,SNSGAII,16,1,4,0.002777777778,0.251497006,0.748502994,False,False,40,2,38,0,0,0.95,0.0,0.0,1,1,False,False,False,0,0,0.0,True,True,False,2.2222198040044994e-13,/home/nez/Desktop/tesis-snn/platemo-cpp/results/ds4_snsgaii/fronts/SNSGAII_ds4_nh40_run16_front.csv
4,Sonar,SNSGAII,16,2,4,0.0,0.377245509,0.622754491,True,False,40,0,40,0,0,1.0,0.0,0.0,0,0,True,True,True,2,0,0.0,False,False,True,0.0,/home/nez/Desktop/tesis-snn/platemo-cpp/results/ds4_snsgaii/fronts/SNSGAII_ds4_nh40_run16_front.csv
4,Sonar,SNSGAII,16,3,4,0.002380952381,0.2934131737,0.7065868263,False,False,40,2,38,0,0,0.95,0.0,0.0,1,1,False,False,False,0,0,0.0,True,True,False,4.761902677730134e-14,/home/nez/Desktop/tesis-snn/platemo-cpp/results/ds4_snsgaii/fronts/SNSGAII_ds4_nh40_run16_front.csv
4,Sonar,SNSGAII,17,0,7,0.0,0.3952095808,0.6047904192,True,False,40,0,40,0,0,1.0,0.0,0.0,0,0,True,True,True,2,0,0.0,False,False,True,0.0,/home/nez/Desktop/tesis-snn/platemo-cpp/results/ds4_snsgaii/fronts/SNSGAII_ds4_nh40_run17_front.csv
4,Sonar,SNSGAII,17,1,7,0.003968253968,0.2934131737,0.7065868263,False,False,40,3,37,0,0,0.925,0.0,0.0,1,2,False,False,False,0,0,0.0,True,True,False,2.539678536916945e-13,/home/nez/Desktop/tesis-snn/platemo-cpp/results/ds4_snsgaii/fronts/SNSGAII_ds4_nh40_run17_front.csv
4,Sonar,SNSGAII,17,2,7,0.02738095238,0.2634730539,0.7365269461,False,True,40,4,16,20,0,0.4,0.5,0.0,2,2,False,False,False,0,0,0.0,True,True,False,9.523805355460269e-13,/home/nez/Desktop/tesis-snn/platemo-cpp/results/ds4_snsgaii/fronts/SNSGAII_ds4_nh40_run17_front.csv
4,Sonar,SNSGAII,17,3,7,0.001984126984,0.371257485,0.628742515,False,False,40,2,38,0,0,0.95,0.0,0.0,1,1,False,False,False,0,0,0.0,True,True,False,1.2698392684584725e-13,/home/nez/Desktop/tesis-snn/platemo-cpp/results/ds4_snsgaii/fronts/SNSGAII_ds4_nh40_run17_front.csv
4,Sonar,SNSGAII,17,4,7,0.0003968253968,0.3892215569,0.6107784431000001,False,False,40,0,39,1,0,0.975,0.025,0.0,0,0,True,True,True,2,0,0.0,False,False,True,2.5396839579278074e-14,/home/nez/Desktop/tesis-snn/platemo-cpp/results/ds4_snsgaii/fronts/SNSGAII_ds4_nh40_run17_front.csv
4,Sonar,SNSGAII,17,5,7,0.002380952381,0.3473053892,0.6526946108,False,False,40,2,38,0,0,0.95,0.0,0.0,1,1,False,False,False,0,0,0.0,True,True,False,4.761902677730134e-14,/home/nez/Desktop/tesis-snn/platemo-cpp/results/ds4_snsgaii/fronts/SNSGAII_ds4_nh40_run17_front.csv
4,Sonar,SNSGAII,17,6,7,0.004761904762,0.2694610778,0.7305389222,False,False,40,3,37,0,0,0.925,0.0,0.0,1,2,False,False,False,0,0,0.0,True,True,False,9.523805355460269e-14,/home/nez/Desktop/tesis-snn/platemo-cpp/results/ds4_snsgaii/fronts/SNSGAII_ds4_nh40_run17_front.csv
4,Sonar,SNSGAII,18,0,14,0.04206349206,0.1916167665,0.8083832335,False,True,40,7,11,21,1,0.275,0.525,0.025,4,4,False,False,False,0,0,0.0,True,True,False,3.4920677460803518e-12,/home/nez/Desktop/tesis-snn/platemo-cpp/results/ds4_snsgaii/fronts/SNSGAII_ds4_nh40_run18_front.csv
4,Sonar,SNSGAII,18,1,14,0.0380952381,0.2035928144,0.7964071856,False,False,40,7,11,21,1,0.275,0.525,0.025,4,4,False,False,False,0,0,0.0,True,True,False,4.761899208283182e-12,/home/nez/Desktop/tesis-snn/platemo-cpp/results/ds4_snsgaii/fronts/SNSGAII_ds4_nh40_run18_front.csv
4,Sonar,SNSGAII,18,2,14,0.003174603175,0.3832335329,0.6167664670999999,False,False,40,0,34,6,0,0.85,0.15,0.0,0,0,True,True,True,2,0,0.0,False,False,True,3.968253677044675e-13,/home/nez/Desktop/tesis-snn/platemo-cpp/results/ds4_snsgaii/fronts/SNSGAII_ds4_nh40_run18_front.csv
4,Sonar,SNSGAII,18,3,14,0.006746031746,0.2874251497,0.7125748503,False,False,40,2,32,6,0,0.8,0.15,0.0,1,2,False,False,False,0,0,0.0,True,True,False,3.174630697211356e-14,/home/nez/Desktop/tesis-snn/platemo-cpp/results/ds4_snsgaii/fronts/SNSGAII_ds4_nh40_run18_front.csv
4,Sonar,SNSGAII,18,4,14,0.01150793651,0.2155688623,0.7844311377,False,False,40,5,31,4,0,0.775,0.1,0.0,2,3,False,False,False,0,0,0.0,True,True,False,2.0634917385908835e-12,/home/nez/Desktop/tesis-snn/platemo-cpp/results/ds4_snsgaii/fronts/SNSGAII_ds4_nh40_run18_front.csv
4,Sonar,SNSGAII,18,5,14,0.005952380952,0.2934131737,0.7065868263,False,False,40,2,33,5,0,0.825,0.125,0.0,1,2,False,False,False,0,0,0.0,True,True,False,3.8095221421841075e-13,/home/nez/Desktop/tesis-snn/platemo-cpp/results/ds4_snsgaii/fronts/SNSGAII_ds4_nh40_run18_front.csv
4,Sonar,SNSGAII,18,6,14,0.01111111111,0.2215568862,0.7784431138,False,False,40,5,31,4,0,0.775,0.1,0.0,2,3,False,False,False,0,0,0.0,True,True,False,1.1111112030448567e-12,/home/nez/Desktop/tesis-snn/platemo-cpp/results/ds4_snsgaii/fronts/SNSGAII_ds4_nh40_run18_front.csv
4,Sonar,SNSGAII,18,7,14,0.005158730159,0.3173652695,0.6826347305,False,False,40,2,33,5,0,0.825,0.125,0.0,1,2,False,False,False,0,0,0.0,True,True,False,2.6984144085862027e-13,/home/nez/Desktop/tesis-snn/platemo-cpp/results/ds4_snsgaii/fronts/SNSGAII_ds4_nh40_run18_front.csv
4,Sonar,SNSGAII,18,8,14,0.01071428571,0.2275449102,0.7724550898,False,False,40,5,32,3,0,0.8,0.075,0.0,2,3,False,False,False,0,0,0.0,True,True,False,4.285714144680597e-12,/home/nez/Desktop/tesis-snn/platemo-cpp/results/ds4_snsgaii/fronts/SNSGAII_ds4_nh40_run18_front.csv
4,Sonar,SNSGAII,18,9,14,0.003571428571,0.3592814371,0.6407185629000001,False,False,40,2,37,1,0,0.925,0.025,0.0,1,2,False,False,False,0,0,0.0,True,True,False,4.285712409957121e-13,/home/nez/Desktop/tesis-snn/platemo-cpp/results/ds4_snsgaii/fronts/SNSGAII_ds4_nh40_run18_front.csv
4,Sonar,SNSGAII,18,10,14,0.009126984127,0.251497006,0.748502994,False,False,40,4,32,4,0,0.8,0.1,0.0,1,3,False,False,False,0,0,0.0,True,True,False,1.5872719805187785e-14,/home/nez/Desktop/tesis-snn/platemo-cpp/results/ds4_snsgaii/fronts/SNSGAII_ds4_nh40_run18_front.csv
4,Sonar,SNSGAII,18,11,14,0.01031746032,0.2335329341,0.7664670659,False,False,40,5,32,3,0,0.8,0.075,0.0,2,3,False,False,False,0,0,0.0,True,True,False,2.539682006363897e-12,/home/nez/Desktop/tesis-snn/platemo-cpp/results/ds4_snsgaii/fronts/SNSGAII_ds4_nh40_run18_front.csv
4,Sonar,SNSGAII,18,12,14,0.004365079365,0.3353293413,0.6646706587,False,False,40,2,36,2,0,0.9,0.05,0.0,1,2,False,False,False,0,0,0.0,True,True,False,7.93653337494149e-14,/home/nez/Desktop/tesis-snn/platemo-cpp/results/ds4_snsgaii/fronts/SNSGAII_ds4_nh40_run18_front.csv
4,Sonar,SNSGAII,18,13,14,0.0003968253968,0.4011976048,0.5988023952,True,False,40,0,39,1,0,0.975,0.025,0.0,0,0,True,True,True,2,0,0.0,False,False,True,2.5396839579278074e-14,/home/nez/Desktop/tesis-snn/platemo-cpp/results/ds4_snsgaii/fronts/SNSGAII_ds4_nh40_run18_front.csv
4,Sonar,SNSGAII,19,0,8,0.003174603175,0.3353293413,0.6646706587,False,False,40,3,36,1,0,0.9,0.025,0.0,2,1,False,False,False,0,0,0.0,True,True,False,3.968253677044675e-13,/home/nez/Desktop/tesis-snn/platemo-cpp/results/ds4_snsgaii/fronts/SNSGAII_ds4_nh40_run19_front.csv
4,Sonar,SNSGAII,19,1,8,0.002380952381,0.3413173653,0.6586826347,False,False,40,0,34,4,2,0.85,0.1,0.05,1,1,False,False,False,0,0,0.0,False,False,True,4.761902677730134e-14,/home/nez/Desktop/tesis-snn/platemo-cpp/results/ds4_snsgaii/fronts/SNSGAII_ds4_nh40_run19_front.csv
4,Sonar,SNSGAII,19,2,8,0.02380952381,0.2155688623,0.7844311377,False,True,40,7,14,19,0,0.35,0.475,0.0,3,4,False,False,False,0,0,0.0,True,True,False,4.761920024964894e-13,/home/nez/Desktop/tesis-snn/platemo-cpp/results/ds4_snsgaii/fronts/SNSGAII_ds4_nh40_run19_front.csv
4,Sonar,SNSGAII,19,3,8,0.003968253968,0.2634730539,0.7365269461,False,False,40,4,35,1,0,0.875,0.025,0.0,2,2,False,False,False,0,0,0.0,True,True,False,2.539678536916945e-13,/home/nez/Desktop/tesis-snn/platemo-cpp/results/ds4_snsgaii/fronts/SNSGAII_ds4_nh40_run19_front.csv
4,Sonar,SNSGAII,19,4,8,0.008333333333,0.2215568862,0.7784431138,False,False,40,6,30,3,1,0.75,0.075,0.025,3,4,False,False,False,0,1,0.025,True,True,False,3.333340548028474e-13,/home/nez/Desktop/tesis-snn/platemo-cpp/results/ds4_snsgaii/fronts/SNSGAII_ds4_nh40_run19_front.csv
4,Sonar,SNSGAII,19,5,8,0.00753968254,0.2275449102,0.7724550898,False,False,40,6,32,1,1,0.8,0.025,0.025,3,4,False,False,False,0,1,0.025,True,True,False,3.174604676359216e-13,/home/nez/Desktop/tesis-snn/platemo-cpp/results/ds4_snsgaii/fronts/SNSGAII_ds4_nh40_run19_front.csv
4,Sonar,SNSGAII,19,6,8,0.007142857143,0.245508982,0.754491018,False,False,40,6,32,1,1,0.8,0.025,0.025,3,4,False,False,False,0,1,0.025,True,True,False,1.4285708033190403e-13,/home/nez/Desktop/tesis-snn/platemo-cpp/results/ds4_snsgaii/fronts/SNSGAII_ds4_nh40_run19_front.csv
4,Sonar,SNSGAII,19,7,8,0.0003968253968,0.3652694611,0.6347305389,True,False,40,0,39,1,0,0.975,0.025,0.0,0,0,True,True,True,2,0,0.0,False,False,True,2.5396839579278074e-14,/home/nez/Desktop/tesis-snn/platemo-cpp/results/ds4_snsgaii/fronts/SNSGAII_ds4_nh40_run19_front.csv
4,Sonar,SNSGAII,20,0,14,0.001587301587,0.3892215569,0.6107784431000001,False,False,40,0,37,3,0,0.925,0.075,0.0,0,0,True,True,True,2,0,0.0,False,False,True,3.0158731414986484e-13,/home/nez/Desktop/tesis-snn/platemo-cpp/results/ds4_snsgaii/fronts/SNSGAII_ds4_nh40_run20_front.csv
4,Sonar,SNSGAII,20,1,14,0.02658730159,0.2275449102,0.7724550898,False,False,40,4,16,20,0,0.4,0.5,0.0,1,3,False,False,False,0,2,0.05,True,True,False,2.6984144085862027e-12,/home/nez/Desktop/tesis-snn/platemo-cpp/results/ds4_snsgaii/fronts/SNSGAII_ds4_nh40_run20_front.csv
4,Sonar,SNSGAII,20,2,14,0.004761904762,0.2634730539,0.7365269461,False,False,40,3,35,2,0,0.875,0.05,0.0,1,2,False,False,False,0,0,0.0,True,True,False,9.523805355460269e-14,/home/nez/Desktop/tesis-snn/platemo-cpp/results/ds4_snsgaii/fronts/SNSGAII_ds4_nh40_run20_front.csv
4,Sonar,SNSGAII,20,3,14,0.003571428571,0.2994011976,0.7005988024,False,False,40,3,35,2,0,0.875,0.05,0.0,1,2,False,False,False,0,0,0.0,True,True,False,4.285712409957121e-13,/home/nez/Desktop/tesis-snn/platemo-cpp/results/ds4_snsgaii/fronts/SNSGAII_ds4_nh40_run20_front.csv
4,Sonar,SNSGAII,20,4,14,0.002777777778,0.3413173653,0.6586826347,False,False,40,2,36,2,0,0.9,0.05,0.0,1,1,False,False,False,0,0,0.0,True,True,False,2.2222198040044994e-13,/home/nez/Desktop/tesis-snn/platemo-cpp/results/ds4_snsgaii/fronts/SNSGAII_ds4_nh40_run20_front.csv
4,Sonar,SNSGAII,20,5,14,0.04642857143,0.2215568862,0.7784431138,False,True,40,4,6,30,0,0.15,0.75,0.0,1,3,False,False,False,0,1,0.025,True,True,False,1.4285725380425163e-12,/home/nez/Desktop/tesis-snn/platemo-cpp/results/ds4_snsgaii/fronts/SNSGAII_ds4_nh40_run20_front.csv
4,Sonar,SNSGAII,20,6,14,0.0130952381,0.2335329341,0.7664670659,False,False,40,4,24,12,0,0.6,0.3,0.0,1,3,False,False,False,0,0,0.0,True,True,False,4.76190441245361e-12,/home/nez/Desktop/tesis-snn/platemo-cpp/results/ds4_snsgaii/fronts/SNSGAII_ds4_nh40_run20_front.csv
4,Sonar,SNSGAII,20,7,14,0.004365079365,0.2694610778,0.7305389222,False,False,40,3,35,2,0,0.875,0.05,0.0,1,2,False,False,False,0,0,0.0,True,True,False,7.93653337494149e-14,/home/nez/Desktop/tesis-snn/platemo-cpp/results/ds4_snsgaii/fronts/SNSGAII_ds4_nh40_run20_front.csv
4,Sonar,SNSGAII,20,8,14,0.0003968253968,0.3952095808,0.6047904192,False,False,40,0,39,1,0,0.975,0.025,0.0,0,0,True,True,True,2,0,0.0,False,False,True,2.5396839579278074e-14,/home/nez/Desktop/tesis-snn/platemo-cpp/results/ds4_snsgaii/fronts/SNSGAII_ds4_nh40_run20_front.csv
4,Sonar,SNSGAII,20,9,14,0.008333333333,0.2395209581,0.7604790419,False,False,40,4,29,7,0,0.725,0.175,0.0,1,3,False,False,False,0,0,0.0,True,True,False,3.333340548028474e-13,/home/nez/Desktop/tesis-snn/platemo-cpp/results/ds4_snsgaii/fronts/SNSGAII_ds4_nh40_run20_front.csv
4,Sonar,SNSGAII,20,10,14,0.0,0.4071856287,0.5928143713,True,False,40,0,40,0,0,1.0,0.0,0.0,0,0,True,True,True,2,0,0.0,False,False,True,0.0,/home/nez/Desktop/tesis-snn/platemo-cpp/results/ds4_snsgaii/fronts/SNSGAII_ds4_nh40_run20_front.csv
4,Sonar,SNSGAII,20,11,14,0.003174603175,0.3233532934,0.6766467065999999,False,False,40,3,36,1,0,0.9,0.025,0.0,1,2,False,False,False,0,0,0.0,True,True,False,3.968253677044675e-13,/home/nez/Desktop/tesis-snn/platemo-cpp/results/ds4_snsgaii/fronts/SNSGAII_ds4_nh40_run20_front.csv
4,Sonar,SNSGAII,20,12,14,0.007936507937,0.245508982,0.754491018,False,False,40,4,30,6,0,0.75,0.15,0.0,1,3,False,False,False,0,0,0.0,True,True,False,4.920647223016772e-13,/home/nez/Desktop/tesis-snn/platemo-cpp/results/ds4_snsgaii/fronts/SNSGAII_ds4_nh40_run20_front.csv
4,Sonar,SNSGAII,20,13,14,0.002380952381,0.3652694611,0.6347305389,False,False,40,2,37,1,0,0.925,0.025,0.0,1,1,False,False,False,0,0,0.0,True,True,False,4.761902677730134e-14,/home/nez/Desktop/tesis-snn/platemo-cpp/results/ds4_snsgaii/fronts/SNSGAII_ds4_nh40_run20_front.csv
4,Sonar,SNSGAII,21,0,8,0.004365079365,0.2754491018,0.7245508982,False,False,40,3,35,2,0,0.875,0.05,0.0,1,2,False,False,False,0,0,0.0,True,True,False,7.93653337494149e-14,/home/nez/Desktop/tesis-snn/platemo-cpp/results/ds4_snsgaii/fronts/SNSGAII_ds4_nh40_run21_front.csv
4,Sonar,SNSGAII,21,1,8,0.0007936507937,0.377245509,0.622754491,False,False,40,0,38,1,1,0.95,0.025,0.025,1,0,False,True,True,1,0,0.0,False,False,True,4.920629875782012e-14,/home/nez/Desktop/tesis-snn/platemo-cpp/results/ds4_snsgaii/fronts/SNSGAII_ds4_nh40_run21_front.csv
4,Sonar,SNSGAII,21,2,8,0.0,0.4071856287,0.5928143713,True,False,40,0,40,0,0,1.0,0.0,0.0,0,0,True,True,True,2,0,0.0,False,False,True,0.0,/home/nez/Desktop/tesis-snn/platemo-cpp/results/ds4_snsgaii/fronts/SNSGAII_ds4_nh40_run21_front.csv
4,Sonar,SNSGAII,21,3,8,0.003968253968,0.2874251497,0.7125748503,False,False,40,3,37,0,0,0.925,0.0,0.0,1,2,False,False,False,0,0,0.0,True,True,False,2.539678536916945e-13,/home/nez/Desktop/tesis-snn/platemo-cpp/results/ds4_snsgaii/fronts/SNSGAII_ds4_nh40_run21_front.csv
4,Sonar,SNSGAII,21,4,8,0.0003968253968,0.3832335329,0.6167664670999999,False,False,40,0,39,1,0,0.975,0.025,0.0,0,0,True,True,True,2,0,0.0,False,False,True,2.5396839579278074e-14,/home/nez/Desktop/tesis-snn/platemo-cpp/results/ds4_snsgaii/fronts/SNSGAII_ds4_nh40_run21_front.csv
4,Sonar,SNSGAII,21,5,8,0.002380952381,0.3053892216,0.6946107784,False,False,40,2,38,0,0,0.95,0.0,0.0,1,1,False,False,False,0,0,0.0,True,True,False,4.761902677730134e-14,/home/nez/Desktop/tesis-snn/platemo-cpp/results/ds4_snsgaii/fronts/SNSGAII_ds4_nh40_run21_front.csv
4,Sonar,SNSGAII,21,6,8,0.005555555556,0.245508982,0.754491018,False,True,40,3,36,1,0,0.9,0.025,0.0,1,2,False,False,False,0,0,0.0,True,True,False,4.4444396080089987e-13,/home/nez/Desktop/tesis-snn/platemo-cpp/results/ds4_snsgaii/fronts/SNSGAII_ds4_nh40_run21_front.csv
4,Sonar,SNSGAII,21,7,8,0.004761904762,0.2574850299,0.7425149701,False,False,40,3,37,0,0,0.925,0.0,0.0,1,2,False,False,False,0,0,0.0,True,True,False,9.523805355460269e-14,/home/nez/Desktop/tesis-snn/platemo-cpp/results/ds4_snsgaii/fronts/SNSGAII_ds4_nh40_run21_front.csv
4,Sonar,SNSGAII,22,0,13,0.02023809524,0.1676646707,0.8323353293,False,True,40,5,24,11,0,0.6,0.275,0.0,2,3,False,False,False,0,0,0.0,True,True,False,1.9047610710920537e-12,/home/nez/Desktop/tesis-snn/platemo-cpp/results/ds4_snsgaii/fronts/SNSGAII_ds4_nh40_run22_front.csv
4,Sonar,SNSGAII,22,1,13,0.009126984127,0.2155688623,0.7844311377,False,False,40,5,28,7,0,0.7,0.175,0.0,2,3,False,False,False,0,0,0.0,True,True,False,1.5872719805187785e-14,/home/nez/Desktop/tesis-snn/platemo-cpp/results/ds4_snsgaii/fronts/SNSGAII_ds4_nh40_run22_front.csv
4,Sonar,SNSGAII,22,2,13,0.007142857143,0.2574850299,0.7425149701,False,False,40,4,29,7,0,0.725,0.175,0.0,2,2,False,False,False,0,0,0.0,True,True,False,1.4285708033190403e-13,/home/nez/Desktop/tesis-snn/platemo-cpp/results/ds4_snsgaii/fronts/SNSGAII_ds4_nh40_run22_front.csv
4,Sonar,SNSGAII,22,3,13,0.01547619048,0.1736526946,0.8263473054,False,False,40,5,27,8,0,0.675,0.2,0.0,2,3,False,False,False,0,0,0.0,True,True,False,3.8095238769075834e-12,/home/nez/Desktop/tesis-snn/platemo-cpp/results/ds4_snsgaii/fronts/SNSGAII_ds4_nh40_run22_front.csv
4,Sonar,SNSGAII,22,4,13,0.006349206349,0.2754491018,0.7245508982,False,False,40,3,30,7,0,0.75,0.175,0.0,2,1,False,False,False,0,0,0.0,True,True,False,2.0634882691439316e-13,/home/nez/Desktop/tesis-snn/platemo-cpp/results/ds4_snsgaii/fronts/SNSGAII_ds4_nh40_run22_front.csv
4,Sonar,SNSGAII,22,5,13,0.008333333333,0.245508982,0.754491018,False,False,40,5,28,7,0,0.7,0.175,0.0,2,3,False,False,False,0,0,0.0,True,True,False,3.333340548028474e-13,/home/nez/Desktop/tesis-snn/platemo-cpp/results/ds4_snsgaii/fronts/SNSGAII_ds4_nh40_run22_front.csv
4,Sonar,SNSGAII,22,6,13,0.00753968254,0.251497006,0.748502994,False,False,40,4,28,8,0,0.7,0.2,0.0,2,2,False,False,False,0,0,0.0,True,True,False,3.174604676359216e-13,/home/nez/Desktop/tesis-snn/platemo-cpp/results/ds4_snsgaii/fronts/SNSGAII_ds4_nh40_run22_front.csv
4,Sonar,SNSGAII,22,7,13,0.004365079365,0.3892215569,0.6107784431000001,True,False,40,0,30,10,0,0.75,0.25,0.0,0,0,True,True,True,2,0,0.0,False,False,True,7.93653337494149e-14,/home/nez/Desktop/tesis-snn/platemo-cpp/results/ds4_snsgaii/fronts/SNSGAII_ds4_nh40_run22_front.csv
4,Sonar,SNSGAII,22,8,13,0.01111111111,0.2095808383,0.7904191617,False,False,40,5,28,7,0,0.7,0.175,0.0,2,3,False,False,False,0,0,0.0,True,True,False,1.1111112030448567e-12,/home/nez/Desktop/tesis-snn/platemo-cpp/results/ds4_snsgaii/fronts/SNSGAII_ds4_nh40_run22_front.csv
4,Sonar,SNSGAII,22,9,13,0.005952380952,0.3233532934,0.6766467065999999,False,False,40,2,30,8,0,0.75,0.2,0.0,1,1,False,False,False,0,0,0.0,True,True,False,3.8095221421841075e-13,/home/nez/Desktop/tesis-snn/platemo-cpp/results/ds4_snsgaii/fronts/SNSGAII_ds4_nh40_run22_front.csv
4,Sonar,SNSGAII,22,10,13,0.01468253968,0.1796407186,0.8203592814,False,False,40,5,28,7,0,0.7,0.175,0.0,2,3,False,False,False,0,0,0.0,True,True,False,2.539682006363897e-12,/home/nez/Desktop/tesis-snn/platemo-cpp/results/ds4_snsgaii/fronts/SNSGAII_ds4_nh40_run22_front.csv
4,Sonar,SNSGAII,22,11,13,0.005555555556,0.3353293413,0.6646706587,False,False,40,2,30,8,0,0.75,0.2,0.0,1,1,False,False,False,0,0,0.0,True,True,False,4.4444396080089987e-13,/home/nez/Desktop/tesis-snn/platemo-cpp/results/ds4_snsgaii/fronts/SNSGAII_ds4_nh40_run22_front.csv
4,Sonar,SNSGAII,22,12,13,0.0126984127,0.1856287425,0.8143712575,False,False,40,5,28,7,0,0.7,0.175,0.0,2,3,False,False,False,0,0,0.0,True,True,False,1.58730147081787e-12,/home/nez/Desktop/tesis-snn/platemo-cpp/results/ds4_snsgaii/fronts/SNSGAII_ds4_nh40_run22_front.csv
4,Sonar,SNSGAII,23,0,7,0.01626984127,0.2215568862,0.7784431138,False,True,40,2,24,14,0,0.6,0.35,0.0,1,1,False,False,False,0,0,0.0,True,True,False,1.587306674988298e-13,/home/nez/Desktop/tesis-snn/platemo-cpp/results/ds4_snsgaii/fronts/SNSGAII_ds4_nh40_run23_front.csv
4,Sonar,SNSGAII,23,1,7,0.0003968253968,0.3413173653,0.6586826347,False,False,40,0,39,1,0,0.975,0.025,0.0,0,0,True,True,True,2,0,0.0,False,False,True,2.5396839579278074e-14,/home/nez/Desktop/tesis-snn/platemo-cpp/results/ds4_snsgaii/fronts/SNSGAII_ds4_nh40_run23_front.csv
4,Sonar,SNSGAII,23,2,7,0.0,0.3892215569,0.6107784431000001,True,False,40,0,40,0,0,1.0,0.0,0.0,0,0,True,True,True,2,0,0.0,False,False,True,0.0,/home/nez/Desktop/tesis-snn/platemo-cpp/results/ds4_snsgaii/fronts/SNSGAII_ds4_nh40_run23_front.csv
4,Sonar,SNSGAII,23,3,7,0.005952380952,0.245508982,0.754491018,False,False,40,2,36,2,0,0.9,0.05,0.0,1,1,False,False,False,0,0,0.0,True,True,False,3.8095221421841075e-13,/home/nez/Desktop/tesis-snn/platemo-cpp/results/ds4_snsgaii/fronts/SNSGAII_ds4_nh40_run23_front.csv
4,Sonar,SNSGAII,23,4,7,0.003571428571,0.2634730539,0.7365269461,False,False,40,2,38,0,0,0.95,0.0,0.0,1,1,False,False,False,0,0,0.0,True,True,False,4.285712409957121e-13,/home/nez/Desktop/tesis-snn/platemo-cpp/results/ds4_snsgaii/fronts/SNSGAII_ds4_nh40_run23_front.csv
4,Sonar,SNSGAII,23,5,7,0.001984126984,0.2874251497,0.7125748503,False,False,40,2,38,0,0,0.95,0.0,0.0,1,1,False,False,False,0,0,0.0,True,True,False,1.2698392684584725e-13,/home/nez/Desktop/tesis-snn/platemo-cpp/results/ds4_snsgaii/fronts/SNSGAII_ds4_nh40_run23_front.csv
4,Sonar,SNSGAII,23,6,7,0.01547619048,0.2395209581,0.7604790419,False,False,40,2,25,13,0,0.625,0.325,0.0,1,1,False,False,False,0,1,0.025,True,True,False,3.8095238769075834e-12,/home/nez/Desktop/tesis-snn/platemo-cpp/results/ds4_snsgaii/fronts/SNSGAII_ds4_nh40_run23_front.csv
4,Sonar,SNSGAII,24,0,10,0.004761904762,0.2035928144,0.7964071856,False,False,40,4,35,1,0,0.875,0.025,0.0,2,2,False,False,False,0,0,0.0,True,True,False,9.523805355460269e-14,/home/nez/Desktop/tesis-snn/platemo-cpp/results/ds4_snsgaii/fronts/SNSGAII_ds4_nh40_run24_front.csv
4,Sonar,SNSGAII,24,1,10,0.001984126984,0.3293413174,0.6706586826000001,False,False,40,2,38,0,0,0.95,0.0,0.0,1,1,False,False,False,0,0,0.0,True,True,False,1.2698392684584725e-13,/home/nez/Desktop/tesis-snn/platemo-cpp/results/ds4_snsgaii/fronts/SNSGAII_ds4_nh40_run24_front.csv
4,Sonar,SNSGAII,24,2,10,0.006746031746,0.1916167665,0.8083832335,False,True,40,5,32,3,0,0.8,0.075,0.0,3,2,False,False,False,0,0,0.0,True,True,False,3.174630697211356e-14,/home/nez/Desktop/tesis-snn/platemo-cpp/results/ds4_snsgaii/fronts/SNSGAII_ds4_nh40_run24_front.csv
4,Sonar,SNSGAII,24,3,10,0.002380952381,0.3233532934,0.6766467065999999,False,False,40,2,37,0,1,0.925,0.0,0.025,2,1,False,False,False,0,0,0.0,True,True,False,4.761902677730134e-14,/home/nez/Desktop/tesis-snn/platemo-cpp/results/ds4_snsgaii/fronts/SNSGAII_ds4_nh40_run24_front.csv
4,Sonar,SNSGAII,24,4,10,0.004365079365,0.2095808383,0.7904191617,False,False,40,4,36,0,0,0.9,0.0,0.0,2,2,False,False,False,0,0,0.0,True,True,False,7.93653337494149e-14,/home/nez/Desktop/tesis-snn/platemo-cpp/results/ds4_snsgaii/fronts/SNSGAII_ds4_nh40_run24_front.csv
4,Sonar,SNSGAII,24,5,10,0.003968253968,0.2814371257,0.7185628743,False,False,40,4,36,0,0,0.9,0.0,0.0,2,2,False,False,False,0,0,0.0,True,True,False,2.539678536916945e-13,/home/nez/Desktop/tesis-snn/platemo-cpp/results/ds4_snsgaii/fronts/SNSGAII_ds4_nh40_run24_front.csv
4,Sonar,SNSGAII,24,6,10,0.0,0.377245509,0.622754491,True,False,40,0,40,0,0,1.0,0.0,0.0,0,0,True,True,True,2,0,0.0,False,False,True,0.0,/home/nez/Desktop/tesis-snn/platemo-cpp/results/ds4_snsgaii/fronts/SNSGAII_ds4_nh40_run24_front.csv
4,Sonar,SNSGAII,24,7,10,0.00119047619,0.371257485,0.628742515,False,False,40,0,37,2,1,0.925,0.05,0.025,1,0,False,True,True,1,0,0.0,False,False,True,4.761904846134479e-13,/home/nez/Desktop/tesis-snn/platemo-cpp/results/ds4_snsgaii/fronts/SNSGAII_ds4_nh40_run24_front.csv
4,Sonar,SNSGAII,24,8,10,0.002777777778,0.3053892216,0.6946107784,False,False,40,2,36,1,1,0.9,0.025,0.025,2,1,False,False,False,0,0,0.0,True,True,False,2.2222198040044994e-13,/home/nez/Desktop/tesis-snn/platemo-cpp/results/ds4_snsgaii/fronts/SNSGAII_ds4_nh40_run24_front.csv
4,Sonar,SNSGAII,24,9,10,0.005555555556,0.1976047904,0.8023952096,False,False,40,4,33,2,1,0.825,0.05,0.025,3,2,False,False,False,0,0,0.0,True,True,False,4.4444396080089987e-13,/home/nez/Desktop/tesis-snn/platemo-cpp/results/ds4_snsgaii/fronts/SNSGAII_ds4_nh40_run24_front.csv
4,Sonar,SNSGAII,25,0,8,0.03055555556,0.2694610778,0.7305389222,False,True,40,4,10,25,1,0.25,0.625,0.025,3,2,False,False,False,0,0,0.0,True,True,False,4.444444812179427e-12,/home/nez/Desktop/tesis-snn/platemo-cpp/results/ds4_snsgaii/fronts/SNSGAII_ds4_nh40_run25_front.csv
4,Sonar,SNSGAII,25,1,8,0.009523809524,0.2814371257,0.7185628743,False,False,40,3,28,8,1,0.7,0.2,0.025,2,2,False,False,False,0,0,0.0,True,True,False,1.9047610710920537e-13,/home/nez/Desktop/tesis-snn/platemo-cpp/results/ds4_snsgaii/fronts/SNSGAII_ds4_nh40_run25_front.csv
4,Sonar,SNSGAII,25,2,8,0.0,0.3652694611,0.6347305389,True,False,40,0,40,0,0,1.0,0.0,0.0,0,0,True,True,True,2,0,0.0,False,False,True,0.0,/home/nez/Desktop/tesis-snn/platemo-cpp/results/ds4_snsgaii/fronts/SNSGAII_ds4_nh40_run25_front.csv
4,Sonar,SNSGAII,25,3,8,0.02142857143,0.2754491018,0.7245508982,False,False,40,4,14,21,1,0.35,0.525,0.025,3,2,False,False,False,0,0,0.0,True,True,False,1.4285725380425163e-12,/home/nez/Desktop/tesis-snn/platemo-cpp/results/ds4_snsgaii/fronts/SNSGAII_ds4_nh40_run25_front.csv
4,Sonar,SNSGAII,25,4,8,0.003174603175,0.3233532934,0.6766467065999999,False,False,40,3,37,0,0,0.925,0.0,0.0,2,1,False,False,False,0,0,0.0,True,True,False,3.968253677044675e-13,/home/nez/Desktop/tesis-snn/platemo-cpp/results/ds4_snsgaii/fronts/SNSGAII_ds4_nh40_run25_front.csv
4,Sonar,SNSGAII,25,5,8,0.002777777778,0.3473053892,0.6526946108,False,False,40,2,38,0,0,0.95,0.0,0.0,1,1,False,False,False,0,0,0.0,True,True,False,2.2222198040044994e-13,/home/nez/Desktop/tesis-snn/platemo-cpp/results/ds4_snsgaii/fronts/SNSGAII_ds4_nh40_run25_front.csv
4,Sonar,SNSGAII,25,6,8,0.004761904762,0.2874251497,0.7125748503,False,False,40,3,35,1,1,0.875,0.025,0.025,2,2,False,False,False,0,0,0.0,True,True,False,9.523805355460269e-14,/home/nez/Desktop/tesis-snn/platemo-cpp/results/ds4_snsgaii/fronts/SNSGAII_ds4_nh40_run25_front.csv
4,Sonar,SNSGAII,25,7,8,0.003571428571,0.2934131737,0.7065868263,False,False,40,3,37,0,0,0.925,0.0,0.0,2,1,False,False,False,0,0,0.0,True,True,False,4.285712409957121e-13,/home/nez/Desktop/tesis-snn/platemo-cpp/results/ds4_snsgaii/fronts/SNSGAII_ds4_nh40_run25_front.csv
4,Sonar,SNSGAII,26,0,11,0.001587301587,0.3832335329,0.6167664670999999,False,False,40,0,37,3,0,0.925,0.075,0.0,0,0,True,True,True,2,0,0.0,False,False,True,3.0158731414986484e-13,/home/nez/Desktop/tesis-snn/platemo-cpp/results/ds4_snsgaii/fronts/SNSGAII_ds4_nh40_run26_front.csv
4,Sonar,SNSGAII,26,1,11,0.003571428571,0.3233532934,0.6766467065999999,False,False,40,2,36,2,0,0.9,0.05,0.0,1,1,False,False,False,0,0,0.0,True,True,False,4.285712409957121e-13,/home/nez/Desktop/tesis-snn/platemo-cpp/results/ds4_snsgaii/fronts/SNSGAII_ds4_nh40_run26_front.csv
4,Sonar,SNSGAII,26,2,11,0.003174603175,0.3413173653,0.6586826347,False,False,40,2,37,1,0,0.925,0.025,0.0,1,1,False,False,False,0,0,0.0,True,True,False,3.968253677044675e-13,/home/nez/Desktop/tesis-snn/platemo-cpp/results/ds4_snsgaii/fronts/SNSGAII_ds4_nh40_run26_front.csv
4,Sonar,SNSGAII,26,3,11,0.01071428571,0.2095808383,0.7904191617,False,True,40,5,30,5,0,0.75,0.125,0.0,2,3,False,False,False,0,1,0.025,True,True,False,4.285714144680597e-12,/home/nez/Desktop/tesis-snn/platemo-cpp/results/ds4_snsgaii/fronts/SNSGAII_ds4_nh40_run26_front.csv
4,Sonar,SNSGAII,26,4,11,0.007936507937,0.251497006,0.748502994,False,False,40,5,34,1,0,0.85,0.025,0.0,2,3,False,False,False,0,0,0.0,True,True,False,4.920647223016772e-13,/home/nez/Desktop/tesis-snn/platemo-cpp/results/ds4_snsgaii/fronts/SNSGAII_ds4_nh40_run26_front.csv
4,Sonar,SNSGAII,26,5,11,0.004365079365,0.2814371257,0.7185628743,False,False,40,2,37,1,0,0.925,0.025,0.0,1,1,False,False,False,0,0,0.0,True,True,False,7.93653337494149e-14,/home/nez/Desktop/tesis-snn/platemo-cpp/results/ds4_snsgaii/fronts/SNSGAII_ds4_nh40_run26_front.csv
4,Sonar,SNSGAII,26,6,11,0.00873015873,0.2215568862,0.7784431138,False,False,40,5,33,2,0,0.825,0.05,0.0,2,3,False,False,False,0,0,0.0,True,True,False,1.587306674988298e-13,/home/nez/Desktop/tesis-snn/platemo-cpp/results/ds4_snsgaii/fronts/SNSGAII_ds4_nh40_run26_front.csv
4,Sonar,SNSGAII,26,7,11,0.0003968253968,0.3892215569,0.6107784431000001,False,False,40,0,39,1,0,0.975,0.025,0.0,0,0,True,True,True,2,0,0.0,False,False,True,2.5396839579278074e-14,/home/nez/Desktop/tesis-snn/platemo-cpp/results/ds4_snsgaii/fronts/SNSGAII_ds4_nh40_run26_front.csv
4,Sonar,SNSGAII,26,8,11,0.0,0.4071856287,0.5928143713,True,False,40,0,40,0,0,1.0,0.0,0.0,0,0,True,True,True,2,0,0.0,False,False,True,0.0,/home/nez/Desktop/tesis-snn/platemo-cpp/results/ds4_snsgaii/fronts/SNSGAII_ds4_nh40_run26_front.csv
4,Sonar,SNSGAII,26,9,11,0.00753968254,0.2754491018,0.7245508982,False,False,40,5,34,1,0,0.85,0.025,0.0,2,3,False,False,False,0,0,0.0,True,True,False,3.174604676359216e-13,/home/nez/Desktop/tesis-snn/platemo-cpp/results/ds4_snsgaii/fronts/SNSGAII_ds4_nh40_run26_front.csv
4,Sonar,SNSGAII,26,10,11,0.008333333333,0.2275449102,0.7724550898,False,False,40,5,34,1,0,0.85,0.025,0.0,2,3,False,False,False,0,0,0.0,True,True,False,3.333340548028474e-13,/home/nez/Desktop/tesis-snn/platemo-cpp/results/ds4_snsgaii/fronts/SNSGAII_ds4_nh40_run26_front.csv
4,Sonar,SNSGAII,27,0,12,0.001984126984,0.3652694611,0.6347305389,False,False,40,0,37,3,0,0.925,0.075,0.0,0,0,True,True,True,2,0,0.0,False,False,True,1.2698392684584725e-13,/home/nez/Desktop/tesis-snn/platemo-cpp/results/ds4_snsgaii/fronts/SNSGAII_ds4_nh40_run27_front.csv
4,Sonar,SNSGAII,27,1,12,0.008333333333,0.3053892216,0.6946107784,False,False,40,4,31,5,0,0.775,0.125,0.0,2,2,False,False,False,0,0,0.0,True,True,False,3.333340548028474e-13,/home/nez/Desktop/tesis-snn/platemo-cpp/results/ds4_snsgaii/fronts/SNSGAII_ds4_nh40_run27_front.csv
4,Sonar,SNSGAII,27,2,12,0.001587301587,0.371257485,0.628742515,False,False,40,0,37,3,0,0.925,0.075,0.0,0,0,True,True,True,2,0,0.0,False,False,True,3.0158731414986484e-13,/home/nez/Desktop/tesis-snn/platemo-cpp/results/ds4_snsgaii/fronts/SNSGAII_ds4_nh40_run27_front.csv
4,Sonar,SNSGAII,27,3,12,0.0007936507937,0.4011976048,0.5988023952,True,False,40,0,38,2,0,0.95,0.05,0.0,0,0,True,True,True,2,0,0.0,False,False,True,4.920629875782012e-14,/home/nez/Desktop/tesis-snn/platemo-cpp/results/ds4_snsgaii/fronts/SNSGAII_ds4_nh40_run27_front.csv
4,Sonar,SNSGAII,27,4,12,0.00119047619,0.3952095808,0.6047904192,False,False,40,0,37,3,0,0.925,0.075,0.0,0,0,True,True,True,2,0,0.0,False,False,True,4.761904846134479e-13,/home/nez/Desktop/tesis-snn/platemo-cpp/results/ds4_snsgaii/fronts/SNSGAII_ds4_nh40_run27_front.csv
4,Sonar,SNSGAII,27,5,12,0.005158730159,0.3113772455,0.6886227545,False,False,40,3,34,3,0,0.85,0.075,0.0,1,2,False,False,False,0,0,0.0,True,True,False,2.6984144085862027e-13,/home/nez/Desktop/tesis-snn/platemo-cpp/results/ds4_snsgaii/fronts/SNSGAII_ds4_nh40_run27_front.csv
4,Sonar,SNSGAII,27,6,12,0.01349206349,0.2275449102,0.7724550898,False,True,40,7,28,4,1,0.7,0.1,0.025,6,3,False,False,False,0,1,0.025,True,True,False,2.0634934733143595e-12,/home/nez/Desktop/tesis-snn/platemo-cpp/results/ds4_snsgaii/fronts/SNSGAII_ds4_nh40_run27_front.csv
4,Sonar,SNSGAII,27,7,12,0.004365079365,0.3353293413,0.6646706587,False,False,40,3,35,2,0,0.875,0.05,0.0,1,2,False,False,False,0,0,0.0,True,True,False,7.93653337494149e-14,/home/nez/Desktop/tesis-snn/platemo-cpp/results/ds4_snsgaii/fronts/SNSGAII_ds4_nh40_run27_front.csv
4,Sonar,SNSGAII,27,8,12,0.0126984127,0.2395209581,0.7604790419,False,False,40,7,29,3,1,0.725,0.075,0.025,6,3,False,False,False,0,1,0.025,True,True,False,1.58730147081787e-12,/home/nez/Desktop/tesis-snn/platemo-cpp/results/ds4_snsgaii/fronts/SNSGAII_ds4_nh40_run27_front.csv
4,Sonar,SNSGAII,27,9,12,0.004761904762,0.3173652695,0.6826347305,False,False,40,3,35,2,0,0.875,0.05,0.0,1,2,False,False,False,0,0,0.0,True,True,False,9.523805355460269e-14,/home/nez/Desktop/tesis-snn/platemo-cpp/results/ds4_snsgaii/fronts/SNSGAII_ds4_nh40_run27_front.csv
4,Sonar,SNSGAII,27,10,12,0.009523809524,0.2634730539,0.7365269461,False,False,40,6,32,2,0,0.8,0.05,0.0,4,2,False,False,False,0,0,0.0,True,True,False,1.9047610710920537e-13,/home/nez/Desktop/tesis-snn/platemo-cpp/results/ds4_snsgaii/fronts/SNSGAII_ds4_nh40_run27_front.csv
4,Sonar,SNSGAII,27,11,12,0.009126984127,0.2934131737,0.7065868263,False,False,40,6,32,2,0,0.8,0.05,0.0,4,2,False,False,False,0,0,0.0,True,True,False,1.5872719805187785e-14,/home/nez/Desktop/tesis-snn/platemo-cpp/results/ds4_snsgaii/fronts/SNSGAII_ds4_nh40_run27_front.csv
4,Sonar,SNSGAII,28,0,11,0.005555555556,0.2754491018,0.7245508982,False,False,40,5,31,4,0,0.775,0.1,0.0,2,3,False,False,False,0,0,0.0,True,True,False,4.4444396080089987e-13,/home/nez/Desktop/tesis-snn/platemo-cpp/results/ds4_snsgaii/fronts/SNSGAII_ds4_nh40_run28_front.csv
4,Sonar,SNSGAII,28,1,11,0.004761904762,0.3053892216,0.6946107784,False,False,40,5,33,2,0,0.825,0.05,0.0,2,3,False,False,False,0,0,0.0,True,True,False,9.523805355460269e-14,/home/nez/Desktop/tesis-snn/platemo-cpp/results/ds4_snsgaii/fronts/SNSGAII_ds4_nh40_run28_front.csv
4,Sonar,SNSGAII,28,2,11,0.0126984127,0.2155688623,0.7844311377,False,True,40,7,26,7,0,0.65,0.175,0.0,3,4,False,False,False,0,0,0.0,True,True,False,1.58730147081787e-12,/home/nez/Desktop/tesis-snn/platemo-cpp/results/ds4_snsgaii/fronts/SNSGAII_ds4_nh40_run28_front.csv
4,Sonar,SNSGAII,28,3,11,0.009523809524,0.2335329341,0.7664670659,False,False,40,7,29,4,0,0.725,0.1,0.0,3,4,False,False,False,0,0,0.0,True,True,False,1.9047610710920537e-13,/home/nez/Desktop/tesis-snn/platemo-cpp/results/ds4_snsgaii/fronts/SNSGAII_ds4_nh40_run28_front.csv
4,Sonar,SNSGAII,28,4,11,0.00873015873,0.2395209581,0.7604790419,False,False,40,7,31,2,0,0.775,0.05,0.0,3,4,False,False,False,0,0,0.0,True,True,False,1.587306674988298e-13,/home/nez/Desktop/tesis-snn/platemo-cpp/results/ds4_snsgaii/fronts/SNSGAII_ds4_nh40_run28_front.csv
4,Sonar,SNSGAII,28,5,11,0.0003968253968,0.371257485,0.628742515,True,False,40,0,39,1,0,0.975,0.025,0.0,0,0,True,True,True,2,0,0.0,False,False,True,2.5396839579278074e-14,/home/nez/Desktop/tesis-snn/platemo-cpp/results/ds4_snsgaii/fronts/SNSGAII_ds4_nh40_run28_front.csv
4,Sonar,SNSGAII,28,6,11,0.003571428571,0.3592814371,0.6407185629000001,False,False,40,2,34,3,1,0.85,0.075,0.025,1,2,False,False,False,0,0,0.0,True,True,False,4.285712409957121e-13,/home/nez/Desktop/tesis-snn/platemo-cpp/results/ds4_snsgaii/fronts/SNSGAII_ds4_nh40_run28_front.csv
4,Sonar,SNSGAII,28,7,11,0.007142857143,0.251497006,0.748502994,False,False,40,7,32,1,0,0.8,0.025,0.0,3,4,False,False,False,0,0,0.0,True,True,False,1.4285708033190403e-13,/home/nez/Desktop/tesis-snn/platemo-cpp/results/ds4_snsgaii/fronts/SNSGAII_ds4_nh40_run28_front.csv
4,Sonar,SNSGAII,28,8,11,0.004365079365,0.3233532934,0.6766467065999999,False,False,40,5,34,1,0,0.85,0.025,0.0,2,3,False,False,False,0,0,0.0,True,True,False,7.93653337494149e-14,/home/nez/Desktop/tesis-snn/platemo-cpp/results/ds4_snsgaii/fronts/SNSGAII_ds4_nh40_run28_front.csv
4,Sonar,SNSGAII,28,9,11,0.007936507937,0.245508982,0.754491018,False,False,40,7,32,1,0,0.8,0.025,0.0,3,4,False,False,False,0,0,0.0,True,True,False,4.920647223016772e-13,/home/nez/Desktop/tesis-snn/platemo-cpp/results/ds4_snsgaii/fronts/SNSGAII_ds4_nh40_run28_front.csv
4,Sonar,SNSGAII,28,10,11,0.005952380952,0.2634730539,0.7365269461,False,False,40,7,32,1,0,0.8,0.025,0.0,3,4,False,False,False,0,0,0.0,True,True,False,3.8095221421841075e-13,/home/nez/Desktop/tesis-snn/platemo-cpp/results/ds4_snsgaii/fronts/SNSGAII_ds4_nh40_run28_front.csv
4,Sonar,SNSGAII,29,0,9,0.02777777778,0.2694610778,0.7305389222,False,True,40,4,14,20,2,0.35,0.5,0.05,4,2,False,False,False,0,0,0.0,True,True,False,2.2222224060897133e-12,/home/nez/Desktop/tesis-snn/platemo-cpp/results/ds4_snsgaii/fronts/SNSGAII_ds4_nh40_run29_front.csv
4,Sonar,SNSGAII,29,1,9,0.02063492063,0.2754491018,0.7245508982,False,False,40,4,21,14,1,0.525,0.35,0.025,3,2,False,False,False,0,0,0.0,True,True,False,4.920633345228964e-12,/home/nez/Desktop/tesis-snn/platemo-cpp/results/ds4_snsgaii/fronts/SNSGAII_ds4_nh40_run29_front.csv
4,Sonar,SNSGAII,29,2,9,0.00119047619,0.371257485,0.628742515,False,False,40,0,37,1,2,0.925,0.025,0.05,1,1,False,False,False,0,0,0.0,False,False,True,4.761904846134479e-13,/home/nez/Desktop/tesis-snn/platemo-cpp/results/ds4_snsgaii/fronts/SNSGAII_ds4_nh40_run29_front.csv
4,Sonar,SNSGAII,29,3,9,0.004761904762,0.2934131737,0.7065868263,False,False,40,4,36,0,0,0.9,0.0,0.0,2,2,False,False,False,0,0,0.0,True,True,False,9.523805355460269e-14,/home/nez/Desktop/tesis-snn/platemo-cpp/results/ds4_snsgaii/fronts/SNSGAII_ds4_nh40_run29_front.csv
4,Sonar,SNSGAII,29,4,9,0.002777777778,0.3652694611,0.6347305389,False,False,40,3,37,0,0,0.925,0.0,0.0,2,1,False,False,False,0,0,0.0,True,True,False,2.2222198040044994e-13,/home/nez/Desktop/tesis-snn/platemo-cpp/results/ds4_snsgaii/fronts/SNSGAII_ds4_nh40_run29_front.csv
4,Sonar,SNSGAII,29,5,9,0.003174603175,0.3113772455,0.6886227545,False,False,40,3,37,0,0,0.925,0.0,0.0,2,1,False,False,False,0,0,0.0,True,True,False,3.968253677044675e-13,/home/nez/Desktop/tesis-snn/platemo-cpp/results/ds4_snsgaii/fronts/SNSGAII_ds4_nh40_run29_front.csv
4,Sonar,SNSGAII,29,6,9,0.005555555556,0.2874251497,0.7125748503,False,False,40,4,35,1,0,0.875,0.025,0.0,2,2,False,False,False,0,0,0.0,True,True,False,4.4444396080089987e-13,/home/nez/Desktop/tesis-snn/platemo-cpp/results/ds4_snsgaii/fronts/SNSGAII_ds4_nh40_run29_front.csv
4,Sonar,SNSGAII,29,7,9,0.005952380952,0.2814371257,0.7185628743,False,False,40,4,34,2,0,0.85,0.05,0.0,2,2,False,False,False,0,0,0.0,True,True,False,3.8095221421841075e-13,/home/nez/Desktop/tesis-snn/platemo-cpp/results/ds4_snsgaii/fronts/SNSGAII_ds4_nh40_run29_front.csv
4,Sonar,SNSGAII,29,8,9,0.0003968253968,0.4071856287,0.5928143713,True,False,40,0,39,1,0,0.975,0.025,0.0,0,0,True,True,True,2,0,0.0,False,False,True,2.5396839579278074e-14,/home/nez/Desktop/tesis-snn/platemo-cpp/results/ds4_snsgaii/fronts/SNSGAII_ds4_nh40_run29_front.csv
4,Sonar,SNSGAII,30,0,10,0.00119047619,0.3592814371,0.6407185629000001,False,False,40,0,37,2,1,0.925,0.05,0.025,0,1,True,False,True,1,0,0.0,False,False,True,4.761904846134479e-13,/home/nez/Desktop/tesis-snn/platemo-cpp/results/ds4_snsgaii/fronts/SNSGAII_ds4_nh40_run30_front.csv
4,Sonar,SNSGAII,30,1,10,0.006746031746,0.2155688623,0.7844311377,False,False,40,5,34,1,0,0.85,0.025,0.0,2,3,False,False,False,0,0,0.0,True,True,False,3.174630697211356e-14,/home/nez/Desktop/tesis-snn/platemo-cpp/results/ds4_snsgaii/fronts/SNSGAII_ds4_nh40_run30_front.csv
4,Sonar,SNSGAII,30,2,10,0.003571428571,0.251497006,0.748502994,False,False,40,4,36,0,0,0.9,0.0,0.0,1,3,False,False,False,0,0,0.0,True,True,False,4.285712409957121e-13,/home/nez/Desktop/tesis-snn/platemo-cpp/results/ds4_snsgaii/fronts/SNSGAII_ds4_nh40_run30_front.csv
4,Sonar,SNSGAII,30,3,10,0.0,0.3892215569,0.6107784431000001,True,False,40,0,40,0,0,1.0,0.0,0.0,0,0,True,True,True,2,0,0.0,False,False,True,0.0,/home/nez/Desktop/tesis-snn/platemo-cpp/results/ds4_snsgaii/fronts/SNSGAII_ds4_nh40_run30_front.csv
4,Sonar,SNSGAII,30,4,10,0.002777777778,0.3413173653,0.6586826347,False,False,40,3,37,0,0,0.925,0.0,0.0,1,2,False,False,False,0,0,0.0,True,True,False,2.2222198040044994e-13,/home/nez/Desktop/tesis-snn/platemo-cpp/results/ds4_snsgaii/fronts/SNSGAII_ds4_nh40_run30_front.csv
4,Sonar,SNSGAII,30,5,10,0.009523809524,0.2095808383,0.7904191617,False,False,40,5,32,3,0,0.8,0.075,0.0,2,3,False,False,False,0,0,0.0,True,True,False,1.9047610710920537e-13,/home/nez/Desktop/tesis-snn/platemo-cpp/results/ds4_snsgaii/fronts/SNSGAII_ds4_nh40_run30_front.csv
4,Sonar,SNSGAII,30,6,10,0.0007936507937,0.377245509,0.622754491,False,False,40,0,38,2,0,0.95,0.05,0.0,0,0,True,True,True,2,0,0.0,False,False,True,4.920629875782012e-14,/home/nez/Desktop/tesis-snn/platemo-cpp/results/ds4_snsgaii/fronts/SNSGAII_ds4_nh40_run30_front.csv
4,Sonar,SNSGAII,30,7,10,0.003968253968,0.2275449102,0.7724550898,False,False,40,4,36,0,0,0.9,0.0,0.0,1,3,False,False,False,0,0,0.0,True,True,False,2.539678536916945e-13,/home/nez/Desktop/tesis-snn/platemo-cpp/results/ds4_snsgaii/fronts/SNSGAII_ds4_nh40_run30_front.csv
4,Sonar,SNSGAII,30,8,10,0.009920634921,0.2035928144,0.7964071856,False,True,40,5,30,5,0,0.75,0.125,0.0,2,3,False,False,False,0,0,0.0,True,True,False,3.6507949441322296e-13,/home/nez/Desktop/tesis-snn/platemo-cpp/results/ds4_snsgaii/fronts/SNSGAII_ds4_nh40_run30_front.csv
4,Sonar,SNSGAII,30,9,10,0.003174603175,0.2994011976,0.7005988024,False,False,40,3,37,0,0,0.925,0.0,0.0,1,2,False,False,False,0,0,0.0,True,True,False,3.968253677044675e-13,/home/nez/Desktop/tesis-snn/platemo-cpp/results/ds4_snsgaii/fronts/SNSGAII_ds4_nh40_run30_front.csv
