0.3103520000,0.5513530000,0.3302330000,0.6999990000,0.4512010000,0.0012147900,0.5153020000,0.2472040000,0.0862827000,0.2945010000,0.9817310000,0.8555540000,0.2218550000,0.5734230000,0.2177690000,0.5024100000,0.3367160000,0.5502970000,1.0000000000
0.7548230000,0.3428570000,0.9887810000,0.5300470000,0.5039400000,0.6683530000,0.1430710000,0.2835410000,0.4835850000,0.3055060000,0.7206370000,0.7048980000,0.8204910000,0.1098700000,0.1143700000,0.9656980000,0.6581890000,0.7635380000,1.0000000000
0.8705790000,0.4546740000,0.8942700000,0.0118552000,0.2826400000,0.9430050000,0.5554070000,0.4110430000,0.8756750000,0.4838470000,0.2073310000,0.0156654000,0.5473600000,0.1197950000,0.4364380000,0.4087880000,0.8537620000,0.0207637000,1.0000000000
0.7390090000,0.8811790000,0.3919040000,0.0559150000,0.1166620000,0.0188907000,0.2481310000,0.6725780000,0.1694970000,0.5067240000,0.5080830000,0.5058900000,0.8054690000,0.5516270000,0.1480830000,0.3420340000,0.1198060000,0.9171620000,0.0000000000
0.7678140000,0.8626660000,0.0958281000,0.0954277000,0.5108330000,0.2037560000,0.7897350000,0.7940240000,0.1198170000,0.9441590000,0.2595820000,0.2753180000,0.7716150000,0.7468670000,0.4081340000,0.9378590000,0.1790990000,0.7752960000,0.0000000000
0.5322540000,0.2651670000,0.1568480000,0.6381890000,0.8958530000,0.4641510000,0.2193350000,0.7890610000,0.7972450000,0.5102430000,0.5217270000,0.8780880000,0.2773590000,0.4257380000,0.2614680000,0.8803270000,0.3769630000,0.0395402000,1.0000000000
0.0516204000,0.3109130000,0.9092930000,0.7191170000,0.4331670000,0.9971420000,0.2313820000,0.7715890000,0.5930690000,0.1091390000,0.2151170000,0.0518193000,0.2935260000,0.7518450000,0.9224810000,0.6065730000,0.3182090000,0.7188540000,1.0000000000
0.0309362000,0.9895370000,0.6048570000,0.0759462000,0.4451460000,0.7623070000,0.1520260000,0.3466320000,0.5912740000,0.7065630000,0.1378140000,0.0509169000,0.6894760000,0.1103580000,0.3855280000,0.4765560000,0.4243750000,0.8145220000,1.0000000000
0.5385580000,0.4124790000,0.7652680000,0.7759080000,0.4566380000,0.5153340000,0.1151240000,0.6474290000,0.6165290000,0.9922910000,0.1648270000,0.9117130000,0.0231361000,0.0164557000,0.9112780000,0.9401070000,0.2397110000,0.4113330000,1.0000000000
0.4538130000,0.5825110000,0.1993680000,0.3127360000,0.7177420000,0.1943830000,0.1278800000,0.9746180000,0.0145204000,0.3612890000,0.4455170000,0.8012770000,0.7961970000,0.2736950000,0.9880260000,0.4452510000,0.4544930000,0.1050270000,1.0000000000
0.5457340000,0.2078170000,0.3539300000,0.4771630000,0.9271250000,0.3932860000,0.8132370000,0.7596580000,0.3860560000,0.0699478000,0.7211300000,0.5876410000,0.6981300000,0.0102106000,0.1321050000,0.0106689000,0.1341060000,0.4057860000,1.0000000000
0.1015550000,0.4990050000,0.8514650000,0.1592010000,0.2762160000,0.0628956000,0.1870860000,0.8362620000,0.9777190000,0.2733510000,0.6107310000,0.8864590000,0.1972160000,0.3495750000,0.6594080000,0.0008906580,0.9694180000,0.3453410000,1.0000000000
0.1454860000,0.3178740000,0.3796030000,0.1547230000,0.5720460000,0.2127960000,0.4571510000,0.0850219000,0.8870670000,0.4008040000,0.4279830000,0.1541200000,0.0526576000,0.0275543000,0.1672710000,0.9206430000,0.5865500000,0.6604920000,1.0000000000
0.2620460000,0.0650321000,0.4471140000,0.4962470000,0.1757220000,0.7210240000,0.3918700000,0.9696900000,0.1050870000,0.1133050000,0.9412730000,0.2227610000,0.3790130000,0.2252860000,0.8394000000,0.0579760000,0.4650030000,0.2788770000,1.0000000000
0.0086408000,0.4325230000,0.9982630000,0.1101700000,0.6710090000,0.1708080000,0.2076690000,0.7030760000,0.6111800000,0.6326720000,0.9483080000,0.6690690000,0.9201490000,0.2708590000,0.0482594000,0.8261940000,0.7378050000,0.7334190000,1.0000000000
0.5617780000,0.9593240000,0.0353777000,0.2261620000,0.2807740000,0.5805130000,0.9856930000,0.6137490000,0.2266610000,0.5031580000,0.5655750000,0.7895640000,0.7176200000,0.4129610000,0.3607620000,0.5022120000,0.0419727000,0.8439210000,0.0000000000
0.1736740000,0.5502040000,0.3687290000,0.0838282000,0.7223880000,0.0617377000,0.6727750000,0.4936640000,0.2296070000,0.9715790000,0.3150480000,0.2269120000,0.2023760000,0.1889900000,0.5320810000,0.7832360000,0.2895650000,0.6075740000,1.0000000000
0.7710280000,0.6821090000,0.9415470000,0.3460630000,0.5751970000,0.4143060000,0.9922760000,0.4137680000,0.7750610000,0.5133460000,0.2047460000,0.9857620000,0.8523680000,0.8851260000,0.0911555000,0.6266710000,0.5097490000,0.4484220000,1.0000000000
0.4303240000,0.2556010000,0.7630580000,0.2084710000,0.9593910000,0.4661390000,0.2763200000,0.1731400000,0.5781530000,0.0257772000,0.4322280000,0.2505520000,0.6496230000,0.8054390000,0.4195010000,0.2418520000,0.6165250000,0.8306430000,1.0000000000
0.4062500000,0.5131990000,0.0618116000,0.6358370000,0.8447980000,0.4415020000,0.1919260000,0.4875460000,0.3585340000,0.5515430000,0.7438770000,0.3123490000,0.6502230000,0.5222610000,0.0435448000,0.3766600000,0.2800980000,0.1322830000,1.0000000000
0.4276460000,0.8329280000,0.5765350000,0.8428360000,0.1153350000,0.5198930000,0.6075640000,0.5704100000,0.0507628000,0.9206080000,0.4256150000,0.7234670000,0.6658650000,0.8492590000,0.0428459000,0.8740120000,0.2293940000,0.0164125000,1.0000000000
0.0869209000,0.5701110000,0.8133670000,0.1139960000,0.5711160000,0.7219160000,0.8547200000,0.4655940000,0.0726644000,0.2167510000,0.5810200000,0.0731806000,0.9697620000,0.3370960000,0.9087160000,0.8370530000,0.7924220000,0.7220530000,1.0000000000
0.4073520000,0.2625370000,0.5471130000,0.5635030000,0.9681810000,0.4941370000,0.9779890000,0.5793480000,0.9194230000,0.5797860000,0.9257510000,0.9748520000,0.6476560000,0.0119239000,0.4526170000,0.4280810000,0.9227350000,0.3874520000,1.0000000000
0.2905910000,0.4660870000,0.2143780000,0.4506250000,0.5243720000,0.3962430000,0.3309210000,0.8615280000,0.8244710000,0.3133690000,0.9028750000,0.4933530000,0.7993740000,0.2212270000,0.9576150000,0.8444400000,0.4189550000,0.5852930000,1.0000000000
0.0108278000,0.2320870000,0.4737960000,0.0019721500,0.9877130000,0.6647310000,0.5882540000,0.2905500000,0.2053940000,0.2409550000,0.3169820000,0.1415770000,0.9294500000,0.5994140000,0.5952170000,0.9069110000,0.5806930000,0.1610660000,1.0000000000
0.1437180000,0.5733670000,0.6540920000,0.6293290000,0.7565880000,0.8405700000,0.3518170000,0.6104230000,0.8356970000,0.1706280000,0.9571970000,0.4587250000,0.1207970000,0.8171730000,0.7851270000,0.9151920000,0.2148780000,0.5273590000,1.0000000000
0.8898560000,0.3370140000,0.2676670000,0.1462930000,0.6110270000,0.6079790000,0.9328840000,0.1008470000,0.6479920000,0.6394000000,0.4938410000,0.2788810000,0.8386530000,0.0485407000,0.5764650000,0.1333340000,0.7270120000,0.0247790000,1.0000000000
0.2342020000,0.1087070000,0.2324470000,0.5242450000,0.8318350000,0.4858810000,0.6353560000,0.7440110000,0.3363760000,0.0943590000,0.3437020000,0.4496220000,0.5887700000,0.0094786700,0.2634420000,0.1919140000,0.4970530000,0.8917020000,1.0000000000
0.2244720000,0.9988150000,0.6609500000,0.7957940000,0.2016600000,0.6458610000,0.5586370000,0.4736200000,0.0170651000,0.0600020000,0.1676840000,0.5535790000,0.2658570000,0.1835130000,0.2775970000,0.6543090000,0.5296660000,0.2943420000,1.0000000000
0.6679510000,0.9604580000,0.3757740000,0.8873350000,0.4056820000,0.1659000000,0.6958770000,0.2678050000,0.3527910000,0.4820860000,0.6316420000,0.1812340000,0.3577640000,0.9337850000,0.9794600000,0.5477730000,0.6994150000,0.5378800000,1.0000000000
0.8412250000,0.3249340000,0.6552500000,0.0439744000,0.0627976000,0.3702350000,0.7160140000,0.1911660000,0.0936580000,0.3502100000,0.8581380000,0.3567040000,0.3174140000,0.6185330000,0.4631990000,0.0809868000,0.1319670000,0.3904040000,1.0000000000
0.4040260000,0.4401760000,0.8107920000,0.1157260000,0.8297820000,0.5726150000,0.6887440000,0.8962750000,0.3665440000,0.3267100000,0.4081800000,0.7950700000,0.3532710000,0.7810100000,0.4840990000,0.9025630000,0.7714490000,0.2222280000,1.0000000000
0.0296740000,0.7650690000,0.5038720000,0.6457910000,0.0472420000,0.6389450000,0.5408290000,0.0800229000,0.4755860000,0.5707060000,0.3380530000,0.7435300000,0.7523620000,0.1023300000,0.6540780000,0.0607622000,0.6856050000,0.7594110000,1.0000000000
0.2802350000,0.6160400000,0.9031730000,0.0951710000,0.3903510000,0.4888330000,0.0994624000,0.5346610000,0.7474390000,0.1967740000,0.9905530000,0.2669290000,0.7432490000,0.9910310000,0.0770647000,0.6918340000,0.9714640000,0.2345730000,1.0000000000
0.6493660000,0.1676270000,0.1293630000,0.4081770000,0.0661662000,0.6599120000,0.7421370000,0.4068150000,0.5517020000,0.7841110000,0.7882200000,0.3416520000,0.0411231000,0.5337200000,0.4598920000,0.9619590000,0.8690150000,0.6736600000,1.0000000000
0.2555370000,0.5220000000,0.3222530000,0.4676000000,0.2480880000,0.3008190000,0.6535960000,0.5918710000,0.9137460000,0.0254958000,0.0618481000,0.9370630000,0.6669930000,0.6149530000,0.7665380000,0.9127410000,0.1756760000,0.4620960000,1.0000000000
0.0672020000,0.7885680000,0.6117210000,0.2696990000,0.7417840000,0.4416980000,0.0593325000,0.8359510000,0.1198600000,0.7172430000,0.3410040000,0.3227440000,0.1342450000,0.7221110000,0.0693934000,0.3160770000,0.7442630000,0.4416870000,1.0000000000
0.6291650000,0.9360720000,0.9521690000,0.2972760000,0.5441340000,0.7949670000,0.8485830000,0.2975030000,0.5676490000,0.4089730000,0.0694863000,0.5439880000,0.3702880000,0.8367690000,0.6789090000,0.8522410000,0.8608600000,0.7920580000,1.0000000000
0.6102720000,0.2074400000,0.8199770000,0.5522360000,0.9802070000,0.6905080000,0.5059270000,0.3340970000,0.0288306000,0.9928420000,0.5125120000,0.9029260000,0.1343490000,0.2210840000,0.1585960000,0.7939510000,0.4781230000,0.4920840000,1.0000000000
0.7496360000,0.1781360000,0.4280310000,0.6314600000,0.0179626000,0.8596040000,0.0283972000,0.1261870000,0.9223810000,0.6495270000,0.2816400000,0.8707040000,0.6404600000,0.8274440000,0.2238570000,0.6504700000,0.7999450000,0.2295890000,1.0000000000
0.8187280000,0.8040590000,0.9322930000,0.1061620000,0.4553060000,0.8467320000,0.4009920000,0.1958470000,0.1515880000,0.9100660000,0.9722280000,0.2599640000,0.5871380000,0.8405640000,0.7800180000,0.6663700000,0.2178030000,0.8665160000,1.0000000000
0.9233580000,0.0258782000,0.4190650000,0.4307660000,0.5282500000,0.2634550000,0.0076666700,0.3034640000,0.9011340000,0.1176510000,0.2974880000,0.7330150000,0.3442000000,0.9061700000,0.1325400000,0.8825220000,0.6003540000,0.5822090000,1.0000000000
0.0816968000,0.7993300000,0.4992630000,0.3119610000,0.3046550000,0.9199260000,0.4812320000,0.4618830000,0.4558390000,0.9913770000,0.7107460000,0.6186340000,0.4511860000,0.2348360000,0.1688320000,0.1356460000,0.3744960000,0.3338820000,1.0000000000
0.9773050000,0.5972180000,0.3090780000,0.9835140000,0.2795000000,0.9003350000,0.7601580000,0.2049500000,0.5643390000,0.7554810000,0.8623970000,0.7031690000,0.5545440000,0.3279320000,0.8292220000,0.0549884000,0.9777090000,0.5047560000,0.0000000000
0.4783910000,0.0348844000,0.4284860000,0.8683660000,0.1317000000,0.2430240000,0.4251760000,0.2756140000,0.1793930000,0.8179780000,0.2396880000,0.5192860000,0.0322733000,0.5666910000,0.5002220000,0.2947960000,0.4478850000,0.6933200000,1.0000000000
0.3970190000,0.0709741000,0.8853620000,0.6922550000,0.3827750000,0.9248350000,0.2932870000,0.5544470000,0.2093800000,0.1713630000,0.2617690000,0.7356080000,0.3453670000,0.1615590000,0.0956921000,0.0650487000,0.2149820000,0.5283750000,1.0000000000
0.3794860000,0.1134630000,0.5856780000,0.2578070000,0.9208130000,0.6698010000,0.6173070000,0.2741600000,0.7296780000,0.6705720000,0.3009760000,0.0636764000,0.8402700000,0.9924240000,0.7464810000,0.1800500000,0.9096020000,0.6243900000,1.0000000000
0.4640120000,0.9051790000,0.1495960000,0.8763150000,0.8344500000,0.1633870000,0.8249340000,0.0986689000,0.5295030000,0.0125165000,0.8617230000,0.4133690000,0.1928680000,0.7914770000,0.8766200000,0.3219760000,0.5462000000,0.7844680000,1.0000000000
0.5169610000,0.9628230000,0.5272650000,0.3433100000,0.8608380000,0.2976910000,0.2998310000,0.8059400000,0.9914720000,0.5726750000,0.4638510000,0.1939140000,0.5376960000,0.4517690000,0.9727110000,0.0913427000,0.0571130000,0.8199240000,1.0000000000
0.0639825000,0.5984220000,0.5300010000,0.4573540000,0.3611160000,0.8282440000,0.5349840000,0.4946350000,0.5189080000,0.7777330000,0.4540330000,0.6598450000,0.4022950000,0.6711770000,0.9599580000,0.0689116000,0.1495980000,0.3323310000,1.0000000000
0.4665590000,0.9256300000,0.6045240000,0.3040600000,0.5859370000,0.5416600000,0.8949440000,0.9730580000,0.2495900000,0.7768060000,0.4874790000,0.3666940000,0.0943321000,0.4416790000,0.3561130000,0.6949710000,0.8897750000,0.1803460000,1.0000000000
0.5401560000,0.4110710000,0.8334450000,0.2443200000,0.3054010000,0.1212270000,0.6481480000,0.4144850000,0.4059290000,0.8237910000,0.5657380000,0.9685730000,0.4860680000,0.0176140000,0.3745220000,0.8557360000,0.3069990000,0.0120724000,1.0000000000
0.6779270000,0.1035840000,0.2613110000,0.8759340000,0.2765590000,0.8243330000,0.0597027000,0.3925850000,0.8484950000,0.8998560000,0.5905190000,0.0244803000,0.1225790000,0.0626291000,0.9164490000,0.9594770000,0.6711320000,0.5589840000,1.0000000000
0.9408340000,0.5726610000,0.4405710000,0.2028210000,0.9989440000,0.7561460000,0.2342540000,0.3221560000,0.6168090000,0.2604230000,0.6949490000,0.8491630000,0.0439304000,0.7848010000,0.6310470000,0.3719700000,0.1752430000,0.1864610000,1.0000000000
0.1337150000,0.9792260000,0.0500651000,0.7932100000,0.9077370000,0.8173250000,0.2977320000,0.5441320000,0.5199170000,0.9438460000,0.1290480000,0.2433850000,0.4422250000,0.2860800000,0.2765930000,0.5147830000,0.7843830000,0.4688840000,1.0000000000
0.4497400000,0.1910870000,0.8592390000,0.8944080000,0.6363060000,0.4131660000,0.9053880000,0.2063920000,0.9374020000,0.7055920000,0.2593770000,0.3179790000,0.0043322100,0.4498150000,0.0498938000,0.4416790000,0.3116150000,0.7801210000,1.0000000000
0.1199350000,0.0031046600,0.2641930000,0.9360090000,0.5115360000,0.4794190000,0.5633920000,0.6145660000,0.9951900000,0.0735660000,0.3325430000,0.7120460000,0.8140730000,0.5578340000,0.3428230000,0.0375581000,0.5880430000,0.6533710000,1.0000000000
0.3530730000,0.9769280000,0.0878189000,0.8116970000,0.0607127000,0.6145880000,0.9678900000,0.3515530000,0.4410510000,0.6014370000,0.3330570000,0.1853030000,0.2504420000,0.5838340000,0.2845730000,0.4911780000,0.1660220000,0.6220160000,1.0000000000
0.7457550000,0.8094920000,0.2918830000,0.9606850000,0.8971290000,0.0510427000,0.5982510000,0.2563310000,0.5326890000,0.6293630000,0.0888136000,0.0331442000,0.4829260000,0.0551092000,0.5607930000,0.4887430000,0.4118510000,0.8566490000,1.0000000000
0.1422440000,0.2994890000,0.0694614000,0.7672050000,0.3507320000,0.3916130000,0.3507580000,0.9958090000,0.9259270000,0.1101820000,0.2931520000,0.1684230000,0.6878180000,0.4848380000,0.8651800000,0.5039130000,0.1893530000,0.1905760000,1.0000000000
0.5070610000,0.1249890000,0.3975060000,0.9408750000,0.8188940000,0.4014580000,0.7264040000,0.5103480000,0.5421730000,0.7649250000,0.4671400000,0.4993800000,0.5702060000,0.0577106000,0.2706430000,0.8477030000,0.5317280000,0.7291170000,1.0000000000
0.3244350000,0.7216830000,0.1954500000,0.9246060000,0.8814560000,0.1114480000,0.3412400000,0.2309020000,0.6442880000,0.7519660000,0.6084510000,0.2619230000,0.6173190000,0.7496280000,0.1247880000,0.7033620000,0.0418452000,0.3155230000,1.0000000000
0.2332280000,0.0894427000,0.9200910000,0.9569450000,0.4879160000,0.4977870000,0.1104690000,0.6023690000,0.5482950000,0.8908430000,0.5355740000,0.3988230000,0.8370270000,0.1970590000,0.6618360000,0.0253520000,0.0940547000,0.1130960000,1.0000000000
0.8450140000,0.6108520000,0.8349040000,0.4467020000,0.9766380000,0.2833410000,0.8670550000,0.1093070000,0.4205720000,0.5715600000,0.9565400000,0.5643240000,0.0013123200,0.2034490000,0.4092950000,0.5329120000,0.2537130000,0.1842220000,0.0000000000
0.2314090000,0.1424600000,0.7113870000,0.2982630000,0.3964790000,0.3960450000,0.3775590000,0.3028790000,0.9452500000,0.8325330000,0.2453170000,0.5118220000,0.1014410000,0.5768440000,0.7895540000,0.4981200000,0.1104600000,0.5167220000,1.0000000000
0.4019460000,0.0487693000,0.9937340000,0.6525200000,0.3367760000,0.2875150000,0.9545490000,0.6575160000,0.5158520000,0.9321770000,0.0473670000,0.6156540000,0.7355380000,0.4144870000,0.9960060000,0.2217060000,0.4239690000,0.8319960000,1.0000000000
0.4644420000,0.3511100000,0.3016370000,0.4663700000,0.2631210000,0.0666768000,0.1477400000,0.7721060000,0.3020810000,0.0374322000,0.1451740000,0.0976526000,0.0613690000,0.3330530000,0.5664800000,0.4340470000,0.1013320000,0.0866336000,1.0000000000
0.0755300000,0.7868330000,0.3496900000,0.2914200000,0.8834410000,0.7767770000,0.1199310000,0.0098446200,0.1875410000,0.4963790000,0.7888870000,0.3397640000,0.4481530000,0.3949420000,0.4285490000,0.2842030000,0.4676040000,0.1611740000,1.0000000000
0.0378918000,0.9905190000,0.5925730000,0.5937630000,0.8555450000,0.3291760000,0.2845240000,0.7230860000,0.1450850000,0.4733310000,0.5230300000,0.6005330000,0.7240520000,0.2419280000,0.0421080000,0.5368240000,0.7090440000,0.4465550000,1.0000000000
0.6023110000,0.8222520000,0.9145490000,0.2644100000,0.0270936000,0.6911210000,0.9718180000,0.6722510000,0.7240630000,0.7386980000,0.5148350000,0.2444340000,0.0386549000,0.2580820000,0.8175470000,0.6671780000,0.0741852000,0.4670840000,1.0000000000
0.1839330000,0.4373400000,0.2855450000,0.0823544000,0.5521450000,0.2585680000,0.1223380000,0.0407239000,0.9757870000,0.3103620000,0.7419890000,0.9603590000,0.4344860000,0.0940968000,0.3902920000,0.7292610000,0.3184280000,0.1427560000,1.0000000000
0.5749710000,0.1524170000,0.0503067000,0.5499820000,0.5192820000,0.8633790000,0.9989300000,0.7118630000,0.7142080000,0.7042390000,0.9654400000,0.6690180000,0.1391690000,0.8910370000,0.4898560000,0.2335130000,0.6544090000,0.7469540000,1.0000000000
0.2819170000,0.1528520000,0.8363130000,0.7694170000,0.9746030000,0.4567310000,0.7788290000,0.4288300000,0.1771750000,0.9882480000,0.0510565000,0.0611354000,0.1153230000,0.6443090000,0.7642970000,0.3233260000,0.8770550000,0.5403010000,1.0000000000
0.3313570000,0.2055380000,0.4660270000,0.2932240000,0.7552390000,0.0140833000,0.5241790000,0.5342840000,0.4325910000,0.7588960000,0.0399952000,0.3497370000,0.6360110000,0.5248840000,0.9084670000,0.3602230000,0.7474220000,0.1376070000,1.0000000000
0.8424680000,0.1261990000,0.5893270000,0.6435900000,0.7119360000,0.5455650000,0.3624420000,0.3750200000,0.6270920000,0.2612190000,0.1459910000,0.2930030000,0.1943870000,0.9563900000,0.0665535000,0.3874240000,0.3584850000,0.2034580000,1.0000000000
0.9150030000,0.8899880000,0.8094330000,0.7608670000,0.6880140000,0.2628600000,0.4517830000,0.2877750000,0.6211620000,0.2710750000,0.7611180000,0.7342150000,0.7899580000,0.1676960000,0.3338850000,0.6733670000,0.2390100000,0.0783735000,0.0000000000
0.0983003000,0.9141770000,0.8395360000,0.2778250000,0.0506445000,0.1228750000,0.0807860000,0.5852290000,0.3877480000,0.4803470000,0.8955120000,0.4663650000,0.4467350000,0.1398880000,0.3203590000,0.3106810000,0.2290010000,0.4542680000,1.0000000000
0.7215180000,0.7644300000,0.8471490000,0.0514058000,0.6497400000,0.2351010000,0.2317720000,0.3144330000,0.8166770000,0.1767890000,0.1096720000,0.4907050000,0.1468940000,0.4694550000,0.4339230000,0.6455160000,0.6506240000,0.9595690000,1.0000000000
0.8745130000,0.6923910000,0.5333480000,0.2643270000,0.3878740000,0.1501090000,0.6652780000,0.6004760000,0.9971720000,0.0276048000,0.3642510000,0.1545470000,0.7908880000,0.9581970000,0.7301990000,0.9740030000,0.9128820000,0.6748370000,1.0000000000
0.9538920000,0.3190260000,0.1471860000,0.1685570000,0.3245690000,0.5585330000,0.7382390000,0.4408630000,0.2781640000,0.7585180000,0.4879490000,0.2446470000,0.2844290000,0.4280260000,0.3253380000,0.7567160000,0.2874610000,0.4033440000,1.0000000000
0.0963636000,0.4051120000,0.3836840000,0.7282000000,0.5574730000,0.2265950000,0.5723850000,0.0148809000,0.1032360000,0.4122940000,0.4727060000,0.6516130000,0.6089060000,0.6748140000,0.8582650000,0.8062900000,0.8457350000,0.1258290000,1.0000000000
0.5473440000,0.9406170000,0.9192480000,0.0532319000,0.9727380000,0.3428760000,0.8909090000,0.6446270000,0.3181940000,0.5406900000,0.3603900000,0.4398190000,0.4717210000,0.7105960000,0.0638514000,0.3250130000,0.4443720000,0.9996550000,1.0000000000
0.6898100000,0.3286870000,0.9771210000,0.1568980000,0.9025440000,0.8124710000,0.0741666000,0.4184590000,0.7241830000,0.6838460000,0.9680010000,0.6641030000,0.8477290000,0.6401000000,0.5820070000,0.4200250000,0.0950279000,0.5143970000,1.0000000000
0.2126290000,0.0836110000,0.1762810000,0.6187050000,0.0947368000,0.1817550000,0.0288182000,0.8047480000,0.3419180000,0.2392050000,0.0464314000,0.3250820000,0.4187800000,0.5293500000,0.7913570000,0.4191120000,0.9944210000,0.4249210000,1.0000000000
0.0575381000,0.3718590000,0.2395970000,0.2372710000,0.8446110000,0.7711420000,0.3057310000,0.6784230000,0.2149550000,0.9144520000,0.7731470000,0.7846880000,0.9162330000,0.0807305000,0.1891660000,0.5949750000,0.5212340000,0.3455700000,1.0000000000
0.5678300000,0.9448290000,0.4131110000,0.4156890000,0.6998380000,0.2069780000,0.3463030000,0.8592490000,0.5236720000,0.2868340000,0.0790563000,0.9329470000,0.6412610000,0.1340670000,0.9651260000,0.1242200000,0.5521040000,0.9907120000,0.0000000000
0.6345760000,0.5816440000,0.0536015000,0.2939270000,0.2993820000,0.5342130000,0.1564280000,0.6383720000,0.5573360000,0.5350180000,0.2702670000,0.7548440000,0.9335180000,0.7099160000,0.5891090000,0.8023580000,0.4239210000,0.2567440000,1.0000000000
0.6122650000,0.5292430000,0.5154840000,0.7676600000,0.5392670000,0.7002740000,0.3265170000,0.1976040000,0.1810030000,0.0312337000,0.2377620000,0.8722890000,0.7283430000,0.6938600000,0.7864350000,0.2890000000,0.8822650000,0.8457230000,1.0000000000
0.1967530000,0.9141780000,0.0089196300,0.8826200000,0.8935710000,0.3975390000,0.0241495000,0.9031430000,0.5936060000,0.3795070000,0.1241510000,0.9876860000,0.3125820000,0.1728150000,0.7131790000,0.4654040000,0.5153060000,0.7043800000,1.0000000000
0.6985620000,0.7496520000,0.1348900000,0.8967770000,0.3684850000,0.6031590000,0.5072880000,0.7757750000,0.6714620000,0.6344270000,0.3054450000,0.7889160000,0.9402040000,0.2426780000,0.9932770000,0.5252320000,0.0639751000,0.7692650000,0.0000000000
0.0433905000,0.0019220900,0.4200960000,0.7438700000,0.7676060000,0.0208046000,0.2741670000,0.5998470000,0.0636706000,0.3070000000,0.3445830000,0.6193060000,0.5745630000,0.0495028000,0.6336470000,0.3385650000,0.4680650000,0.1811580000,1.0000000000
0.5241300000,0.0174524000,0.9229320000,0.7278690000,0.5946230000,0.7044750000,0.9250700000,0.1707890000,0.6489570000,0.0020147900,0.6966460000,0.9172040000,0.1810280000,0.0567804000,0.5729460000,0.7357570000,0.2598470000,0.9667210000,1.0000000000
0.4404920000,0.2866900000,0.7506740000,0.8819000000,0.9247100000,0.7771450000,0.9778490000,0.3044830000,0.2062190000,0.7122830000,0.0077721900,0.2013770000,0.0868490000,0.4890290000,0.9322320000,0.7253130000,0.8552020000,0.0717842000,1.0000000000
0.6060410000,0.4577280000,0.3594480000,0.3069570000,0.8433310000,0.9348510000,0.4445720000,0.8280150000,0.2966180000,0.6168700000,0.9757860000,0.9143440000,0.8452470000,0.8641520000,0.3467130000,0.3565730000,0.4384470000,0.5122560000,1.0000000000
0.7833350000,0.8923630000,0.8021230000,0.9844190000,0.2121930000,0.8088750000,0.2642260000,0.9698160000,0.1441520000,0.7410670000,0.3856110000,0.0717120000,0.9358560000,0.2271560000,0.5673880000,0.0490702000,0.3755610000,0.1044100000,0.0000000000
0.3459040000,0.0120851000,0.3335970000,0.3858340000,0.2224160000,0.5474080000,0.5832430000,0.7005080000,0.7256900000,0.0370737000,0.1901970000,0.3868820000,0.8101910000,0.2480630000,0.7033830000,0.8337060000,0.8733440000,0.9539060000,1.0000000000
0.6494660000,0.1492450000,0.6861130000,0.9771180000,0.2541180000,0.6846110000,0.4375010000,0.4466680000,0.7147130000,0.6002330000,0.0561577000,0.3905600000,0.3348970000,0.2670620000,0.4292550000,0.8391170000,0.3040120000,0.8229400000,1.0000000000
0.6755770000,0.9048710000,0.9654670000,0.7639040000,0.6335590000,0.7593050000,0.2168300000,0.2553410000,0.6652030000,0.3683650000,0.7479020000,0.9349440000,0.9568760000,0.4202950000,0.9869970000,0.9556770000,0.4851080000,0.2064740000,0.0000000000
0.3739440000,0.6546590000,0.3562040000,0.0417512000,0.1106320000,0.1501200000,0.7521280000,0.8732960000,0.2158070000,0.7894030000,0.9808360000,0.1159300000,0.3579280000,0.7551080000,0.8500520000,0.9797750000,0.8450360000,0.3934920000,1.0000000000
0.7307840000,0.1044660000,0.5718500000,0.8444590000,0.8462280000,0.6206910000,0.5623670000,0.0408430000,0.3960140000,0.8820540000,0.1232750000,0.4077430000,0.0356241000,0.3139510000,0.7241870000,0.4852710000,0.1147090000,0.7812520000,1.0000000000
0.7354570000,0.3762170000,0.4246990000,0.7070170000,0.3153550000,0.9557240000,0.2383550000,0.2357620000,0.2214420000,0.2325900000,0.7912940000,0.9461850000,0.4159750000,0.8072910000,0.9566810000,0.1089210000,0.9904530000,0.4308770000,1.0000000000
0.1059810000,0.1699650000,0.6131170000,0.6998320000,0.0410218000,0.4742450000,0.9423670000,0.9829120000,0.3069410000,0.9242940000,0.6589440000,0.5339350000,0.3004250000,0.8595070000,0.4107670000,0.2668830000,0.8842190000,0.2122630000,1.0000000000
0.2071450000,0.5655040000,0.0190136000,0.5710640000,0.6829020000,0.4078820000,0.7662870000,0.4410990000,0.1930660000,0.2510120000,0.6235290000,0.6735630000,0.5585600000,0.4506430000,0.8373230000,0.3976700000,0.8417430000,0.0950602000,1.0000000000
0.9423610000,0.7587180000,0.4758410000,0.8330730000,0.0932498000,0.1610210000,0.8285980000,0.2150010000,0.3925820000,0.6502060000,0.8180600000,0.0167908000,0.3939270000,0.6228430000,0.0682293000,0.5922530000,0.5555320000,0.1028120000,1.0000000000
0.1288270000,0.1159580000,0.5061600000,0.7487540000,0.6525680000,0.8581290000,0.0414399000,0.6922750000,0.5981770000,0.1437130000,0.7127220000,0.5625390000,0.2081510000,0.9112700000,0.6476410000,0.3295110000,0.7211610000,0.6997560000,1.0000000000
0.3699240000,0.9876990000,0.1704300000,0.9815630000,0.0687415000,0.2806200000,0.6139800000,0.3212360000,0.5432370000,0.2836520000,0.2618270000,0.7372220000,0.7752600000,0.1968280000,0.6062490000,0.7502560000,0.0941539000,0.6667420000,1.0000000000
0.4416640000,0.1986450000,0.9672230000,0.8223800000,0.2125410000,0.8550800000,0.7571200000,0.7394490000,0.6041850000,0.4110640000,0.5321100000,0.2602990000,0.0813258000,0.0734259000,0.6640740000,0.3730990000,0.4852730000,0.4532150000,1.0000000000
0.2944780000,0.5911440000,0.1357410000,0.1258100000,0.2934240000,0.1916080000,0.4842640000,0.8756080000,0.0877542000,0.6138470000,0.7313810000,0.9796020000,0.4658410000,0.7357000000,0.6444040000,0.3500410000,0.7968470000,0.5980430000,1.0000000000
0.6012710000,0.8197460000,0.3869380000,0.3504530000,0.9355420000,0.6893240000,0.2250040000,0.1285200000,0.8558530000,0.5808460000,0.7544190000,0.6133550000,0.0315658000,0.4893810000,0.5750380000,0.6919130000,0.9709330000,0.9034150000,1.0000000000
0.5379340000,0.4763140000,0.4706530000,0.1988430000,0.0081542500,0.7236730000,0.6664800000,0.0016807500,0.0443496000,0.3283800000,0.6601040000,0.6279660000,0.7254780000,0.9346890000,0.7179050000,0.4925090000,0.8170870000,0.2862950000,1.0000000000
0.7196550000,0.5896810000,0.7371380000,0.4849710000,0.2585700000,0.5971870000,0.2431370000,0.4451220000,0.5120030000,0.1750290000,0.2064720000,0.8985400000,0.5906600000,0.7883720000,0.4450750000,0.9032160000,0.7889650000,0.8206610000,1.0000000000
0.3478710000,0.2475130000,0.8250870000,0.1043820000,0.6443720000,0.3485810000,0.8171600000,0.5727190000,0.7389680000,0.2319460000,0.1345470000,0.4706830000,0.2730350000,0.6941230000,0.8527580000,0.2923420000,0.7724360000,0.1483100000,1.0000000000
0.0958439000,0.5996530000,0.8747260000,0.7629190000,0.0926356000,0.0377488000,0.7232800000,0.0651039000,0.9950490000,0.8601920000,0.3655000000,0.7105860000,0.8785270000,0.9342650000,0.7105980000,0.2671060000,0.1871270000,0.7992620000,1.0000000000
0.4694710000,0.2553390000,0.2874640000,0.8140840000,0.5590110000,0.7574650000,0.5009690000,0.7369740000,0.8476320000,0.7356030000,0.1990740000,0.2877240000,0.6478830000,0.2370370000,0.0514210000,0.1457790000,0.8868110000,0.5415690000,1.0000000000
0.2698550000,0.3232680000,0.9852310000,0.8825800000,0.0496393000,0.9783350000,0.9975190000,0.0928995000,0.1518400000,0.6942770000,0.2915360000,0.0840960000,0.0594235000,0.7754430000,0.2791160000,0.1532940000,0.8616030000,0.1239850000,1.0000000000
0.9021790000,0.2428070000,0.1505900000,0.6712450000,0.2017400000,0.4942330000,0.6999530000,0.9927050000,0.5024570000,0.8236240000,0.5598830000,0.8547140000,0.6164520000,0.6591110000,0.5428180000,0.4020360000,0.9784400000,0.4933820000,1.0000000000
0.8809590000,0.6782160000,0.3239770000,0.3504680000,0.1968930000,0.4254080000,0.3693720000,0.7464370000,0.3750070000,0.6607790000,0.4477020000,0.4240520000,0.6138840000,0.2596100000,0.8356560000,0.4521250000,0.1845320000,0.7262310000,0.0000000000
0.2123340000,0.6972390000,0.0973833000,0.2804190000,0.2203810000,0.6015150000,0.8022830000,0.4018050000,0.3611210000,0.6275300000,0.2346860000,0.6481120000,0.5992210000,0.4437110000,0.0123489000,0.8259230000,0.5946340000,0.4064160000,1.0000000000
0.8086750000,0.3570420000,0.0128111000,0.5995470000,0.1775810000,0.1268370000,0.7631150000,0.6065870000,0.4654400000,0.6913560000,0.0660988000,0.3772580000,0.1056070000,0.7575120000,0.9496460000,0.1976270000,0.4598180000,0.3059320000,1.0000000000
0.5633140000,0.7119050000,0.5847260000,0.0054931900,0.9495420000,0.7796100000,0.1281520000,0.3486970000,0.2628790000,0.3429780000,0.2179880000,0.0390786000,0.5153420000,0.3726680000,0.1210130000,0.1742250000,0.3621460000,0.7489730000,1.0000000000
0.1371940000,0.4515360000,0.6290580000,0.2398150000,0.9901600000,0.3567580000,0.3132270000,0.5947770000,0.2157200000,0.6863770000,0.6899500000,0.7196570000,0.1731510000,0.3648550000,0.4284550000,0.9169780000,0.7506960000,0.1577000000,1.0000000000
0.3758360000,0.3792740000,0.4145110000,0.9006700000,0.7031770000,0.4122780000,0.4899400000,0.1296040000,0.3189430000,0.9332060000,0.7186980000,0.1714540000,0.8091360000,0.2630830000,0.9126400000,0.5433410000,0.9392950000,0.3120940000,1.0000000000
0.7681190000,0.5167430000,0.2981010000,0.0453735000,0.9590630000,0.6788920000,0.2118300000,0.5043240000,0.1259850000,0.0390684000,0.6854550000,0.6272770000,0.0744642000,0.1963780000,0.7900590000,0.1083340000,0.1411910000,0.9074720000,1.0000000000
0.4746810000,0.4115340000,0.9237060000,0.6101010000,0.7397760000,0.6514080000,0.9270930000,0.3965420000,0.8884770000,0.2513080000,0.3051460000,0.8353190000,0.1552430000,0.8324920000,0.1543450000,0.4804360000,0.2674360000,0.5402820000,1.0000000000
0.3586770000,0.5397640000,0.4082040000,0.3913420000,0.6609840000,0.7302770000,0.4155570000,0.6779700000,0.0922428000,0.4576950000,0.9710500000,0.1166690000,0.8934240000,0.8952800000,0.4121100000,0.0674896000,0.2549490000,0.1467010000,1.0000000000
0.1328960000,0.9615890000,0.5147830000,0.8195310000,0.2886440000,0.5289310000,0.7966840000,0.8439420000,0.0371395000,0.4641970000,0.7762850000,0.7752320000,0.1242020000,0.7402320000,0.8839470000,0.2030200000,0.0322777000,0.6887340000,1.0000000000
0.3359950000,0.8546290000,0.7206350000,0.1302960000,0.3074170000,0.2869730000,0.5241430000,0.5097640000,0.3133940000,0.9187920000,0.0893914000,0.0261841000,0.8557330000,0.7934000000,0.0598358000,0.8144840000,0.1679140000,0.3716060000,1.0000000000
0.9664940000,0.2586280000,0.9679740000,0.7265840000,0.4409610000,0.6337080000,0.2795310000,0.0218219000,0.3409590000,0.6199310000,0.1780490000,0.9364780000,0.5184950000,0.6140060000,0.4392530000,0.1029060000,0.3006630000,0.7671940000,1.0000000000
0.9253430000,0.3385940000,0.7867510000,0.8690510000,0.8756770000,0.8667830000,0.0510652000,0.8212190000,0.4990820000,0.3098580000,0.5618100000,0.9505950000,0.1662750000,0.3678030000,0.5584100000,0.6798880000,0.0200549000,0.4653130000,1.0000000000
0.6979560000,0.5665380000,0.6020450000,0.1534000000,0.3709400000,0.9162050000,0.6078860000,0.1807340000,0.8828230000,0.8324380000,0.0749747000,0.2352060000,0.1847850000,0.1676040000,0.0830752000,0.7985350000,0.5057690000,0.2593760000,1.0000000000
0.9373120000,0.5258010000,0.1853450000,0.7491360000,0.8504860000,0.3930210000,0.1619230000,0.8250450000,0.0712642000,0.0814830000,0.2844310000,0.0024346000,0.1363150000,0.8449580000,0.1924740000,0.3025280000,0.1583790000,0.4903550000,1.0000000000
0.6644420000,0.9080660000,0.5973970000,0.5727750000,0.6922250000,0.1075600000,0.3163090000,0.1239640000,0.0674030000,0.1228120000,0.2538380000,0.9629650000,0.1901020000,0.3526420000,0.3601980000,0.2225840000,0.7478190000,0.6803410000,1.0000000000
0.5596480000,0.2119790000,0.6940740000,0.1507180000,0.1265380000,0.1625450000,0.2542310000,0.8128820000,0.9256250000,0.9014390000,0.6138460000,0.2658090000,0.4073080000,0.7271840000,0.8705130000,0.2308880000,0.6622400000,0.1766940000,1.0000000000
0.9743820000,0.1386930000,0.1200780000,0.1836210000,0.5770930000,0.3633450000,0.5195870000,0.1532570000,0.5335170000,0.0670836000,0.0940384000,0.6776610000,0.2672940000,0.3006860000,0.8421730000,0.9429250000,0.9170080000,0.8995440000,1.0000000000
0.9651880000,0.0434452000,0.7556480000,0.2350550000,0.7089730000,0.0742653000,0.6696740000,0.2920620000,0.3895580000,0.9852630000,0.9414920000,0.8163250000,0.6085440000,0.2098850000,0.1343860000,0.3254390000,0.6052710000,0.9832640000,1.0000000000
0.0472299000,0.6699310000,0.9606150000,0.4502890000,0.1883300000,0.8394000000,0.1690670000,0.6178920000,0.8507300000,0.1161600000,0.8874630000,0.6358180000,0.1995370000,0.6796450000,0.8260400000,0.7481270000,0.3226010000,0.8450370000,1.0000000000
0.2501010000,0.7347720000,0.9376930000,0.8929700000,0.2355620000,0.9824200000,0.5329030000,0.3984520000,0.1956300000,0.8982780000,0.7360310000,0.8890630000,0.9784840000,0.8286470000,0.4426060000,0.4520430000,0.7698830000,0.4358660000,1.0000000000
0.7188290000,0.8292180000,0.6447790000,0.9521550000,0.9203790000,0.7250710000,0.8062120000,0.0033995300,0.5444960000,0.4268200000,0.0055716500,0.1649730000,0.6946190000,0.4173540000,0.3990400000,0.4137370000,0.6183970000,0.8118170000,1.0000000000
0.3616110000,0.9188960000,0.2242470000,0.1358290000,0.2998900000,0.0944031000,0.1262680000,0.2985100000,0.4702100000,0.5308850000,0.4904370000,0.1667260000,0.1813960000,0.1172570000,0.1557440000,0.5691460000,0.2351940000,0.9841030000,1.0000000000
0.5561500000,0.5549260000,0.9270090000,0.7329110000,0.6507680000,0.2517880000,0.9343050000,0.1553180000,0.2887340000,0.6295260000,0.8366050000,0.5754410000,0.7024500000,0.0961800000,0.5203160000,0.8618190000,0.7832950000,0.8554450000,1.0000000000
0.0659220000,0.3090170000,0.0209141000,0.5551020000,0.7483780000,0.6294780000,0.8220760000,0.4307540000,0.7854310000,0.9716100000,0.5246430000,0.0011876000,0.8872830000,0.3204900000,0.8011090000,0.8290000000,0.8084580000,0.5002170000,1.0000000000
0.8648780000,0.7104340000,0.9208000000,0.3040120000,0.9641320000,0.6984960000,0.3073170000,0.0192510000,0.3020580000,0.0434152000,0.0710861000,0.3611000000,0.1330860000,0.5804870000,0.5238230000,0.6085690000,0.1609360000,0.8376370000,1.0000000000
0.4984390000,0.5182900000,0.0158443000,0.0393335000,0.8033730000,0.7417960000,0.9049290000,0.0380762000,0.2709160000,0.6616550000,0.1419620000,0.8044060000,0.4782410000,0.9799430000,0.7276460000,0.3476590000,0.9888530000,0.4479370000,1.0000000000
0.5152290000,0.4971030000,0.9486040000,0.0205904000,0.3832130000,0.3344490000,0.4323130000,0.9517740000,0.2016170000,0.4558830000,0.8547760000,0.9526840000,0.1608130000,0.3623390000,0.5001060000,0.7859820000,0.1690110000,0.3580370000,1.0000000000
0.2870430000,0.0035123000,0.4059250000,0.8485200000,0.9085550000,0.0403956000,0.1745680000,0.7924530000,0.0495467000,0.6056170000,0.8372020000,0.2410610000,0.2486260000,0.0365567000,0.0293838000,0.1391100000,0.9787010000,0.3597420000,1.0000000000
0.9568820000,0.7365010000,0.1522740000,0.4898090000,0.3127850000,0.0910584000,0.2202060000,0.7663220000,0.2244360000,0.5234980000,0.3507670000,0.9412880000,0.6606360000,0.7778660000,0.3326330000,0.9171220000,0.2550270000,0.4808010000,0.0000000000
0.0798258000,0.2033240000,0.7719700000,0.1394140000,0.0211068000,0.1686040000,0.5645770000,0.3264510000,0.4127050000,0.9387220000,0.4439850000,0.2089080000,0.6889980000,0.9459160000,0.0040301300,0.0382720000,0.0660662000,0.7368640000,0.0000000000
0.2428770000,0.7736870000,0.2617150000,0.0831718000,0.9514140000,0.2006400000,0.3330360000,0.6315710000,0.2793190000,0.5387950000,0.2128730000,0.6304390000,0.8167310000,0.0658773000,0.6142480000,0.1130250000,0.1483200000,0.0901061000,1.0000000000
0.5967530000,0.0292222000,0.5763730000,0.6623610000,0.0512342000,0.2006520000,0.0928075000,0.6423290000,0.0587160000,0.2045010000,0.0373602000,0.3978350000,0.5656330000,0.6967780000,0.8106410000,0.1118240000,0.7424330000,0.6652920000,1.0000000000
0.1610500000,0.5488380000,0.1535830000,0.6544150000,0.1403460000,0.7966460000,0.4058400000,0.6626360000,0.0494267000,0.5785190000,0.2648550000,0.9592170000,0.6981070000,0.4673590000,0.6370780000,0.0112513000,0.1473250000,0.2138140000,1.0000000000
0.9158940000,0.8427200000,0.5189470000,0.0906217000,0.3369810000,0.8935760000,0.9787030000,0.6748680000,0.2633980000,0.7981080000,0.3535460000,0.0447959000,0.9909000000,0.3470270000,0.5124990000,0.8105490000,0.5933320000,0.1425650000,0.0000000000
0.6715870000,0.7302050000,0.9498890000,0.2741130000,0.8213640000,0.9904500000,0.0458887000,0.1151010000,0.1683430000,0.0095199000,0.8238030000,0.5328300000,0.6034780000,0.0764251000,0.2408450000,0.4381380000,0.8661150000,0.1090190000,1.0000000000
0.4986550000,0.4169970000,0.1185680000,0.3900330000,0.4624890000,0.1568740000,0.3140960000,0.5514460000,0.8229550000,0.9024380000,0.6528260000,0.8100510000,0.1427860000,0.8022120000,0.0271930000,0.3436060000,0.9132200000,0.7904300000,1.0000000000
0.3082750000,0.8393490000,0.9449400000,0.7591550000,0.7055610000,0.3016300000,0.0119804000,0.3686970000,0.6988730000,0.3943270000,0.7540260000,0.2955160000,0.1662360000,0.3696000000,0.4800350000,0.1833730000,0.3304710000,0.8553710000,1.0000000000
0.2842750000,0.1613830000,0.1815000000,0.2462880000,0.2208930000,0.8616150000,0.5307520000,0.3745820000,0.1571140000,0.5901040000,0.0832022000,0.8926980000,0.9951640000,0.3993420000,0.2966750000,0.4540720000,0.9468030000,0.5695750000,1.0000000000
0.2827790000,0.4006290000,0.6339530000,0.1593100000,0.3480350000,0.8002590000,0.7973770000,0.9488600000,0.4248430000,0.8518410000,0.0317223000,0.4887610000,0.6297540000,0.1789820000,0.0616912000,0.2079200000,0.1213850000,0.4261380000,1.0000000000
0.7142880000,0.7924180000,0.7899540000,0.9067480000,0.8630460000,0.3867050000,0.5933170000,0.8816420000,0.6220440000,0.8366720000,0.2572040000,0.4590370000,0.4010020000,0.0393134000,0.5918840000,0.4324480000,0.4074220000,0.1758430000,1.0000000000
0.7834080000,0.1040550000,0.1975330000,0.4218370000,0.7420560000,0.4908280000,0.0055254400,0.3921230000,0.0100149000,0.4714630000,0.5978790000,0.7616590000,0.3627510000,0.9128190000,0.9779710000,0.8459210000,0.6994310000,0.4759870000,1.0000000000
0.4576410000,0.0821381000,0.5240930000,0.1853850000,0.6345630000,0.7150800000,0.8798070000,0.7189230000,0.7594770000,0.9377030000,0.2278640000,0.4541890000,0.3259950000,0.7283590000,0.7562710000,0.1960500000,0.3802100000,0.7294470000,1.0000000000
0.8151170000,0.5879420000,0.5626190000,0.2717230000,0.7613600000,0.2324170000,0.6380370000,0.2010230000,0.9822150000,0.3708010000,0.8495560000,0.3322430000,0.5890640000,0.4830820000,0.2275730000,0.0027489600,0.6799750000,0.5168670000,1.0000000000
0.4532870000,0.2278140000,0.8689640000,0.8395470000,0.1333490000,0.9513400000,0.1790810000,0.0231524000,0.1448470000,0.6742690000,0.0832726000,0.4372390000,0.2313820000,0.4245530000,0.5786210000,0.1402840000,0.5389090000,0.6203920000,1.0000000000
0.7588670000,0.7525640000,0.0854659000,0.9279650000,0.7297060000,0.6955300000,0.6310810000,0.5341990000,0.4021230000,0.3224830000,0.4507210000,0.1561000000,0.7357160000,0.6883230000,0.1883660000,0.7963190000,0.6605500000,0.9162860000,1.0000000000
0.3047170000,0.6463150000,0.2148290000,0.9137680000,0.5087410000,0.2499350000,0.0547977000,0.0239604000,0.9327130000,0.8440230000,0.6831910000,0.3364070000,0.0548961000,0.4910340000,0.8811470000,0.4580980000,0.2424790000,0.8104630000,1.0000000000
0.6503460000,0.9738350000,0.0904756000,0.1644280000,0.0402730000,0.3444590000,0.1202750000,0.7727440000,0.1941940000,0.1482720000,0.2527290000,0.7162640000,0.2627680000,0.2442730000,0.9255760000,0.6132160000,0.2915510000,0.9671900000,1.0000000000
0.8682610000,0.9093680000,0.7737570000,0.7026020000,0.3402490000,0.1359400000,0.0743638000,0.3342980000,0.0783117000,0.1945360000,0.0419043000,0.7586840000,0.5174060000,0.6776150000,0.7397660000,0.9727060000,0.5791330000,0.4949480000,0.0000000000
0.7277470000,0.4409410000,0.8956060000,0.3694040000,0.6234350000,0.8340890000,0.6168590000,0.2829310000,0.1881940000,0.1909600000,0.1113420000,0.0909756000,0.4760140000,0.6119600000,0.3964620000,0.1449840000,0.4079710000,0.1882190000,1.0000000000
0.4164940000,0.8364190000,0.7351310000,0.0637501000,0.0064964000,0.7619020000,0.1894770000,0.5244320000,0.7765030000,0.9469050000,0.6455260000,0.5996740000,0.5096900000,0.2757610000,0.7442390000,0.8647490000,0.7041220000,0.9224570000,1.0000000000
0.0506512000,0.3671070000,0.4507530000,0.7357900000,0.4743520000,0.5606070000,0.0846641000,0.6026860000,0.8036540000,0.3479070000,0.7128630000,0.5564200000,0.9819350000,0.5313480000,0.9639580000,0.9364060000,0.0470844000,0.8761960000,1.0000000000
0.5326350000,0.8224220000,0.2475630000,0.3130430000,0.6203630000,0.2165410000,0.8775800000,0.1367970000,0.2535540000,0.6832120000,0.2037440000,0.2884970000,0.8329600000,0.6048630000,0.8860020000,0.6946960000,0.9091350000,0.4133000000,1.0000000000
0.1465360000,0.4420650000,0.7612770000,0.4718660000,0.4928710000,0.6867700000,0.0870407000,0.7775570000,0.8174810000,0.8133120000,0.1203480000,0.8308480000,0.9055440000,0.4050130000,0.0669248000,0.4760830000,0.9426850000,0.1340100000,1.0000000000
0.0514910000,0.1453720000,0.6303800000,0.7539840000,0.1085700000,0.9818140000,0.3781630000,0.6144050000,0.4811490000,0.4932380000,0.8264320000,0.5877570000,0.9401220000,0.5664710000,0.7267060000,0.5545940000,0.5727470000,0.8719870000,1.0000000000
0.9991940000,0.7311150000,0.1110640000,0.1777280000,0.8745780000,0.4471230000,0.5377230000,0.2258320000,0.0355610000,0.9832550000,0.7856850000,0.5922300000,0.2150200000,0.7560280000,0.6818910000,0.0150570000,0.2211330000,0.3487430000,1.0000000000
0.4786000000,0.9411850000,0.7692450000,0.9507760000,0.1894060000,0.1127430000,0.7456450000,0.5270960000,0.8709870000,0.1931030000,0.8295630000,0.1015060000,0.5488780000,0.3819660000,0.1988110000,0.8671080000,0.4616320000,0.6528170000,1.0000000000
0.7368970000,0.6594860000,0.4820610000,0.7259620000,0.9818680000,0.4203980000,0.5855870000,0.0672585000,0.4417500000,0.2878240000,0.5607870000,0.5151700000,0.5820270000,0.0183735000,0.2264710000,0.2379690000,0.1176420000,0.1410940000,0.0000000000
0.5585150000,0.3042980000,0.2068900000,0.9377260000,0.1721370000,0.0985989000,0.2767640000,0.8382340000,0.8070550000,0.7671970000,0.9498630000,0.3877420000,0.7044450000,0.8992910000,0.7354230000,0.7536260000,0.0088228500,0.6872840000,1.0000000000
0.9816750000,0.9778940000,0.0943856000,0.1200690000,0.9254380000,0.2339240000,0.5690090000,0.7561280000,0.2390410000,0.2949300000,0.9406120000,0.1015740000,0.4099320000,0.7271610000,0.0357471000,0.2052460000,0.1336720000,0.8245740000,0.0000000000
0.3350750000,0.7574770000,0.1771050000,0.9442540000,0.6732880000,0.3692250000,0.6801400000,0.2572380000,0.5527750000,0.8719270000,0.7379610000,0.7776750000,0.3181570000,0.7254110000,0.9316430000,0.4938000000,0.7897520000,0.5983900000,1.0000000000
0.9840480000,0.4214750000,0.2603170000,0.4416230000,0.1940550000,0.5731110000,0.6391190000,0.1157260000,0.1559980000,0.0513205000,0.2318220000,0.8114630000,0.6248250000,0.8819090000,0.8215350000,0.7775050000,0.9565320000,0.8877270000,1.0000000000
0.8743200000,0.9592620000,0.5110620000,0.1714160000,0.4486440000,0.4709770000,0.1714610000,0.3876750000,0.8190780000,0.1452290000,0.0236518000,0.1494230000,0.8275790000,0.8109770000,0.9747200000,0.3129530000,0.4938110000,0.2418780000,0.0000000000
0.5637160000,0.0934672000,0.1609320000,0.9683840000,0.5984490000,0.9925050000,0.5270070000,0.0379660000,0.9119020000,0.0131051000,0.3896010000,0.3086450000,0.6738700000,0.5734870000,0.2521390000,0.4005300000,0.0464086000,0.7964320000,1.0000000000
0.1158020000,0.8458300000,0.2817230000,0.9315540000,0.0856539000,0.8356250000,0.3043970000,0.2636840000,0.9694920000,0.6992720000,0.5847130000,0.9204160000,0.7206550000,0.3820250000,0.0171843000,0.7207670000,0.3387940000,0.0795112000,1.0000000000
0.4256170000,0.9840280000,0.8684040000,0.9057470000,0.3300850000,0.3563820000,0.3595130000,0.0486867000,0.3365800000,0.2616560000,0.7248940000,0.1581620000,0.2632200000,0.8836400000,0.3100190000,0.9020030000,0.8797920000,0.6120170000,1.0000000000
0.2434570000,0.4850080000,0.4481780000,0.5108420000,0.7354160000,0.3202760000,0.7694050000,0.8864610000,0.9548510000,0.3653700000,0.6136660000,0.2513820000,0.4919840000,0.6448110000,0.3407580000,0.6685090000,0.5441810000,0.8915550000,1.0000000000
0.1979240000,0.1097770000,0.6981260000,0.4542520000,0.9937360000,0.5257730000,0.6468870000,0.2700600000,0.9348430000,0.2136410000,0.8095070000,0.9319630000,0.0948768000,0.5007100000,0.7674430000,0.2370580000,0.5678880000,0.7394400000,1.0000000000
0.5875230000,0.7822560000,0.4026530000,0.6427600000,0.1382120000,0.4945950000,0.5814680000,0.3311850000,0.7689790000,0.5867560000,0.9101530000,0.9511600000,0.1695640000,0.2908700000,0.6661090000,0.1534320000,0.8741170000,0.9498630000,1.0000000000
0.8817130000,0.2718590000,0.4419960000,0.0026523200,0.7310250000,0.5851400000,0.0114192000,0.3595000000,0.5603520000,0.2746510000,0.0336029000,0.1058310000,0.8127320000,0.5560780000,0.5527250000,0.3715860000,0.5410100000,0.1315490000,1.0000000000
0.8921360000,0.8342650000,0.7324010000,0.3750620000,0.7202750000,0.9392970000,0.2244910000,0.8604460000,0.8667640000,0.8306760000,0.9897710000,0.5752320000,0.4419440000,0.3257600000,0.0090968100,0.9474930000,0.8450730000,0.6392940000,1.0000000000
0.9593020000,0.3436980000,0.8890830000,0.2636510000,0.9292600000,0.5976220000,0.3028880000,0.9877590000,0.6267670000,0.2071540000,0.3223710000,0.0295512000,0.9512280000,0.4505560000,0.1929780000,0.1583420000,0.5732560000,0.3228650000,1.0000000000
0.6785960000,0.1157380000,0.5291370000,0.1883750000,0.4182220000,0.3333280000,0.1383300000,0.1202000000,0.5325800000,0.9673500000,0.1587510000,0.4747540000,0.1429480000,0.1642710000,0.8090680000,0.7688100000,0.9360330000,0.4023350000,1.0000000000
0.1178780000,0.5063620000,0.9380710000,0.8620550000,0.5345690000,0.4384190000,0.7398690000,0.1861360000,0.5811280000,0.2499960000,0.7693510000,0.6306000000,0.0169729000,0.8115810000,0.7981770000,0.5417340000,0.1687660000,0.7746920000,1.0000000000
0.9865890000,0.6647330000,0.8661250000,0.7143860000,0.2170520000,0.9733780000,0.8667800000,0.7140380000,0.3323350000,0.8565530000,0.7988970000,0.4548310000,0.2254320000,0.0391146000,0.6513930000,0.8870900000,0.7189860000,0.6035620000,1.0000000000
0.8143560000,0.6967740000,0.7028830000,0.9756360000,0.9834850000,0.0311367000,0.9388890000,0.7448460000,0.7522540000,0.4125240000,0.5866560000,0.9416530000,0.2474660000,0.5502110000,0.2298910000,0.6914780000,0.9993060000,0.6470630000,1.0000000000
0.5551620000,0.3485620000,0.3516880000,0.6181970000,0.8638730000,0.1041250000,0.7873160000,0.8538420000,0.8276910000,0.0775067000,0.7580500000,0.5047780000,0.6030700000,0.2976590000,0.9695480000,0.0208377000,0.5576480000,0.5263610000,1.0000000000
0.6554860000,0.6384210000,0.3710660000,0.4567090000,0.5558770000,0.3817090000,0.6449570000,0.1533380000,0.5008250000,0.2817470000,0.2392470000,0.4147480000,0.7602380000,0.1323350000,0.9473340000,0.9876510000,0.0434699000,0.4063300000,1.0000000000
0.9169520000,0.8598360000,0.4851010000,0.9481750000,0.1624560000,0.9645430000,0.5689480000,0.4830080000,0.8293700000,0.1586180000,0.7771470000,0.2744560000,0.3075470000,0.5916840000,0.4214660000,0.5244900000,0.8021590000,0.7671080000,1.0000000000
0.1027440000,0.7521220000,0.6691280000,0.7034050000,0.2487050000,0.2818890000,0.6034340000,0.7295050000,0.6768900000,0.2762650000,0.6612120000,0.7621960000,0.0715531000,0.1128640000,0.9268070000,0.1557470000,0.7296120000,0.1110890000,1.0000000000
0.1927010000,0.4523870000,0.3026500000,0.0150518000,0.6941870000,0.9961290000,0.6422700000,0.6100110000,0.2735500000,0.6061640000,0.3901830000,0.4986820000,0.3752330000,0.2832550000,0.6210630000,0.0733185000,0.0729470000,0.9761040000,1.0000000000
0.0236062000,0.2342740000,0.1400250000,0.7841140000,0.7508180000,0.2745010000,0.7928010000,0.3111000000,0.9493740000,0.1892630000,0.7387250000,0.2007240000,0.8396910000,0.6262140000,0.5227110000,0.6102870000,0.4961470000,0.0002626230,1.0000000000
0.8356120000,0.5007450000,0.5712340000,0.1813940000,0.0120429000,0.3836390000,0.4058990000,0.9736900000,0.4903890000,0.3869450000,0.7020820000,0.3027420000,0.9621150000,0.9180810000,0.3630250000,0.6326960000,0.3885870000,0.1165970000,1.0000000000
0.2004680000,0.5101350000,0.3445130000,0.7601320000,0.7272480000,0.4110250000,0.8065570000,0.1807740000,0.6528970000,0.0726351000,0.5855220000,0.6339600000,0.2460200000,0.9111780000,0.7133220000,0.2324320000,0.1787030000,0.7263480000,1.0000000000
0.8590360000,0.9278250000,0.2528660000,0.2988380000,0.1705210000,0.7359360000,0.4283250000,0.5679470000,0.4743700000,0.2456750000,0.1042260000,0.8690910000,0.9975180000,0.4486200000,0.3075220000,0.8583100000,0.7969970000,0.8698930000,0.0000000000
0.0629495000,0.2060380000,0.1149780000,0.5740290000,0.4823770000,0.3429070000,0.5531450000,0.7579630000,0.0113606000,0.7408120000,0.6719940000,0.0089504200,0.9722630000,0.2465530000,0.7040750000,0.3521220000,0.6885650000,0.9647280000,1.0000000000
0.8203650000,0.4774320000,0.0142589000,0.9869320000,0.3050330000,0.4811310000,0.0358905000,0.9185590000,0.4854740000,0.2603160000,0.6414720000,0.0183330000,0.4196810000,0.6059070000,0.5615360000,0.1171720000,0.0602450000,0.5080350000,1.0000000000
0.0839720000,0.7016320000,0.4135070000,0.3426010000,0.3198740000,0.7310630000,0.1963900000,0.5590040000,0.3378840000,0.3197110000,0.8242420000,0.5429720000,0.3876910000,0.8373980000,0.1180740000,0.4787050000,0.5238610000,0.3553770000,1.0000000000
0.6170730000,0.3278370000,0.7176460000,0.6739140000,0.6579000000,0.6234410000,0.8504550000,0.4066060000,0.3581800000,0.5637950000,0.3799630000,0.2460010000,0.3163650000,0.4330960000,0.6302890000,0.9770440000,0.1998990000,0.4870870000,1.0000000000
0.6556260000,0.4139310000,0.8052880000,0.1634860000,0.8619020000,0.9475950000,0.5465640000,0.4261410000,0.4170800000,0.9456100000,0.3253880000,0.6665270000,0.3742700000,0.1002910000,0.2132900000,0.2228600000,0.0072862100,0.4200270000,1.0000000000
0.0779064000,0.8510790000,0.1252690000,0.4598080000,0.2717120000,0.0602654000,0.5867490000,0.0100033000,0.0701242000,0.6350200000,0.9266380000,0.4236260000,0.5299150000,0.0578352000,0.0873502000,0.8018230000,0.5173110000,0.2977030000,1.0000000000
0.1610310000,0.3142610000,0.0278173000,0.2739930000,0.3465030000,0.0043119100,0.8817650000,0.2163600000,0.4509450000,0.0954875000,0.2676550000,0.1216570000,0.0805038000,0.5893930000,0.1768740000,0.4717620000,0.7635590000,0.3196520000,1.0000000000
0.0764745000,0.7109560000,0.8837880000,0.1229970000,0.9052780000,0.2361930000,0.3670330000,0.7815910000,0.3445650000,0.8173510000,0.7126810000,0.5490260000,0.8511870000,0.3068650000,0.2053980000,0.6457440000,0.8832860000,0.7522490000,1.0000000000
0.2702090000,0.8127420000,0.5866620000,0.0271609000,0.6811720000,0.5350650000,0.7499290000,0.6837640000,0.0992928000,0.8365610000,0.8190280000,0.0850015000,0.9081950000,0.8547710000,0.6686150000,0.1905610000,0.3818270000,0.2858920000,1.0000000000
0.4216720000,0.7769980000,0.1299010000,0.2483180000,0.9462950000,0.2720890000,0.8369310000,0.2437970000,0.5037070000,0.6714880000,0.3958960000,0.5929780000,0.8548770000,0.0949002000,0.6996270000,0.2297750000,0.2067120000,0.2326330000,1.0000000000
0.7603790000,0.9695290000,0.0464245000,0.3685540000,0.0932697000,0.9195100000,0.8698020000,0.4343750000,0.5653420000,0.3162680000,0.1392460000,0.4816370000,0.6653160000,0.0404255000,0.6897130000,0.4468050000,0.7123140000,0.1279830000,0.0000000000
0.9762130000,0.5609330000,0.4781210000,0.5262660000,0.7576200000,0.9673410000,0.0428218000,0.8402350000,0.6639990000,0.0581764000,0.6721830000,0.3115570000,0.5926600000,0.1391450000,0.8645850000,0.7670720000,0.5806350000,0.4820220000,1.0000000000
0.8149870000,0.3030740000,0.7101530000,0.0958621000,0.1805070000,0.1198320000,0.6936590000,0.9708240000,0.8131240000,0.0863399000,0.4709210000,0.6091810000,0.0613858000,0.0031388300,0.6001150000,0.4142300000,0.8336990000,0.5743780000,1.0000000000
0.3050380000,0.2406700000,0.8307390000,0.0219908000,0.9985500000,0.2944180000,0.7161700000,0.4155500000,0.9214150000,0.1394680000,0.0692558000,0.9814480000,0.2058760000,0.1942180000,0.5011330000,0.1817580000,0.6910840000,0.6157910000,1.0000000000
0.1541220000,0.4661700000,0.5318870000,0.9575930000,0.6822900000,0.9225610000,0.7327480000,0.2778010000,0.1704630000,0.1303990000,0.9283430000,0.2034110000,0.9081380000,0.2985000000,0.3954130000,0.9698710000,0.0543211000,0.6384050000,1.0000000000
0.4336120000,0.0704711000,0.3968860000,0.5352170000,0.0039738600,0.6473000000,0.8620480000,0.2317570000,0.7914710000,0.0908755000,0.9883580000,0.0828908000,0.4916790000,0.2332830000,0.6768800000,0.0791067000,0.3213550000,0.1178590000,1.0000000000
0.1252490000,0.7225790000,0.7314310000,0.1393220000,0.5059550000,0.4604110000,0.4424580000,0.3404730000,0.4485500000,0.9131620000,0.1029030000,0.1964100000,0.8011760000,0.6548650000,0.8407640000,0.5547810000,0.9025960000,0.9662730000,1.0000000000
0.3077050000,0.0107792000,0.1428980000,0.2736550000,0.0990105000,0.8416130000,0.9591560000,0.4179630000,0.4116100000,0.5968150000,0.3952180000,0.5682270000,0.3470680000,0.0826773000,0.9943810000,0.2038970000,0.6889890000,0.0944902000,1.0000000000
0.3355220000,0.2399360000,0.0655726000,0.7404600000,0.3096880000,0.8033560000,0.4673250000,0.0861005000,0.1761070000,0.9949180000,0.3754720000,0.0522028000,0.6300070000,0.9827220000,0.6172130000,0.1201980000,0.2647880000,0.1192640000,1.0000000000
0.1627280000,0.5046450000,0.6560270000,0.4265800000,0.9398080000,0.8251560000,0.3491730000,0.0790227000,0.3413720000,0.2420340000,0.7622860000,0.5351490000,0.4346830000,0.6345630000,0.7827250000,0.0277160000,0.6165860000,0.3367200000,1.0000000000
0.2948640000,0.8178700000,0.5484800000,0.9832500000,0.4751690000,0.6722550000,0.1980550000,0.2702500000,0.4539850000,0.7254510000,0.6533510000,0.0990925000,0.3690560000,0.2520570000,0.4260830000,0.3817080000,0.7758210000,0.5618380000,1.0000000000
0.8819290000,0.4249160000,0.9032220000,0.1733060000,0.7910050000,0.4761840000,0.6811760000,0.9058440000,0.8284150000,0.0837173000,0.5205670000,0.0729153000,0.9480950000,0.9996160000,0.7284590000,0.2858880000,0.2108900000,0.8335900000,1.0000000000
0.7363510000,0.1313840000,0.6209930000,0.8307930000,0.9126230000,0.6281680000,0.0046585000,0.1604710000,0.0032309800,0.6478580000,0.5421820000,0.8010940000,0.2381820000,0.7215470000,0.3045810000,0.3642320000,0.1988450000,0.2831920000,1.0000000000
0.7955720000,0.5813070000,0.3148350000,0.4758050000,0.1018300000,0.5956860000,0.4324610000,0.3113030000,0.6696650000,0.9844230000,0.4803800000,0.7582730000,0.1152990000,0.7421090000,0.0583880000,0.5593890000,0.8134390000,0.4657100000,1.0000000000
0.7739970000,0.0299949000,0.5009450000,0.1814400000,0.5019070000,0.0171648000,0.6838370000,0.2394360000,0.6948460000,0.7626680000,0.1186200000,0.6940980000,0.4893230000,0.3541290000,0.5278060000,0.7777130000,0.3091170000,0.2627280000,1.0000000000
0.9675640000,0.5419320000,0.1331470000,0.8516430000,0.6289990000,0.9217850000,0.7722710000,0.9421690000,0.3793950000,0.1270110000,0.4767910000,0.9973090000,0.1633340000,0.9521490000,0.8199020000,0.9523240000,0.4940930000,0.6074610000,1.0000000000
0.3416890000,0.3886870000,0.8906690000,0.3207200000,0.4357950000,0.5602280000,0.4878010000,0.0914087000,0.2883590000,0.8109320000,0.1517690000,0.7810680000,0.9144500000,0.5448960000,0.7336220000,0.4980410000,0.4400400000,0.9800880000,1.0000000000
0.1108180000,0.3343670000,0.9052930000,0.1028790000,0.0659351000,0.6343380000,0.0549303000,0.3298810000,0.4590060000,0.0977692000,0.6030970000,0.9207240000,0.4330060000,0.2617970000,0.2191900000,0.5982930000,0.8892050000,0.0044571800,1.0000000000
0.5916560000,0.0530595000,0.0670099000,0.2097780000,0.5956230000,0.8873550000,0.2914940000,0.2836370000,0.5482130000,0.6205990000,0.6445060000,0.7597360000,0.7158220000,0.1925960000,0.8495930000,0.3058540000,0.2770560000,0.4039760000,1.0000000000
0.7723920000,0.0354511000,0.1018050000,0.5186960000,0.5133060000,0.4242130000,0.2708450000,0.3229330000,0.3278220000,0.3838120000,0.6909810000,0.7854440000,0.5168700000,0.3899530000,0.1093960000,0.5605050000,0.1009630000,0.1625890000,1.0000000000
0.3177520000,0.6095830000,0.3194900000,0.2119620000,0.6680940000,0.7836700000,0.1529530000,0.8214820000,0.9837290000,0.8583490000,0.0521266000,0.5124020000,0.1001020000,0.7152350000,0.1837370000,0.8300070000,0.9895240000,0.2444270000,1.0000000000
0.3661140000,0.1621450000,0.5592300000,0.8880080000,0.3349360000,0.0899158000,0.4662950000,0.6527530000,0.5412120000,0.4756140000,0.3735460000,0.7096230000,0.6130650000,0.8846600000,0.8756520000,0.5493560000,0.1664650000,0.5377650000,1.0000000000
0.2980760000,0.4274440000,0.6748600000,0.4411250000,0.0102473000,0.6114720000,0.2078120000,0.1414540000,0.5155050000,0.9623520000,0.7279050000,0.7440730000,0.5695580000,0.8628710000,0.9778910000,0.2987330000,0.4282990000,0.3823020000,1.0000000000
0.7640970000,0.1386290000,0.4558290000,0.8467450000,0.8108210000,0.7081670000,0.9142990000,0.3178870000,0.3245610000,0.8391840000,0.9265700000,0.3865750000,0.9629150000,0.7128830000,0.2935810000,0.6655440000,0.9007440000,0.7974350000,1.0000000000
0.5209780000,0.4361080000,0.2355930000,0.1320190000,0.1252370000,0.2914050000,0.7661140000,0.6589320000,0.9400070000,0.0220473000,0.4842130000,0.0160436000,0.7098730000,0.8911540000,0.1036970000,0.0488552000,0.7051710000,0.2515680000,1.0000000000
0.9458910000,0.1940520000,0.3950200000,0.5593840000,0.6405660000,0.8807210000,0.8580980000,0.4573880000,0.9595840000,0.5187410000,0.8145870000,0.4949410000,0.7740040000,0.8768700000,0.1821200000,0.7597970000,0.4786240000,0.5830290000,1.0000000000
0.8513860000,0.9977590000,0.5805610000,0.6791210000,0.5302270000,0.1841330000,0.4003080000,0.3541620000,0.3116990000,0.9585060000,0.6752660000,0.2185020000,0.4488450000,0.3066720000,0.6251890000,0.6576740000,0.2498160000,0.7037580000,0.0000000000
0.1692870000,0.4283200000,0.2790060000,0.5294950000,0.2318780000,0.7208970000,0.2586810000,0.6937000000,0.3245010000,0.9457060000,0.0464338000,0.6957990000,0.0861719000,0.9301500000,0.5587850000,0.9451900000,0.7745210000,0.8587590000,1.0000000000
0.5105490000,0.8718670000,0.9116170000,0.7157180000,0.2911630000,0.6082740000,0.0736357000,0.9815500000,0.7469810000,0.2977400000,0.8199750000,0.2091070000,0.2215630000,0.2220600000,0.8355840000,0.6425780000,0.5509500000,0.8618890000,1.0000000000
0.8575350000,0.3951800000,0.7764840000,0.8566850000,0.2241950000,0.9030200000,0.6695770000,0.3737070000,0.5557720000,0.8471110000,0.1303060000,0.4355930000,0.4512730000,0.5141850000,0.6104690000,0.3120570000,0.1583840000,0.3698480000,1.0000000000
0.5956240000,0.7915310000,0.7941230000,0.4306670000,0.9167780000,0.8977850000,0.7297790000,0.5602040000,0.6589530000,0.8352520000,0.6447590000,0.4442190000,0.8200390000,0.8780550000,0.2384530000,0.4135380000,0.3787260000,0.9730490000,1.0000000000
0.8837680000,0.6559900000,0.6646630000,0.4885000000,0.6867400000,0.0237292000,0.4687270000,0.5007270000,0.1727450000,0.3825990000,0.7090730000,0.6388940000,0.4584660000,0.7973170000,0.2566500000,0.1376990000,0.5147240000,0.8701050000,1.0000000000
0.8935700000,0.3552120000,0.0661326000,0.2546350000,0.2391650000,0.1472240000,0.2554140000,0.8680110000,0.0760271000,0.6128710000,0.5817600000,0.4342760000,0.5514490000,0.1628190000,0.6577560000,0.8521780000,0.9627800000,0.5602920000,1.0000000000
0.2521750000,0.0522204000,0.8816880000,0.3666200000,0.2063380000,0.1796380000,0.8974580000,0.8488290000,0.6565920000,0.6518680000,0.6714250000,0.7272430000,0.2143270000,0.4068080000,0.2633450000,0.8884390000,0.0888176000,0.9878060000,1.0000000000
0.5006830000,0.3604470000,0.9391100000,0.1499950000,0.5790400000,0.2974900000,0.9056080000,0.7652320000,0.0268787000,0.6087480000,0.3162490000,0.8426030000,0.3844320000,0.6010000000,0.9414880000,0.9816750000,0.2250530000,0.6926440000,1.0000000000
0.7092220000,0.7721430000,0.9972500000,0.1940900000,0.4964950000,0.0472363000,0.4640680000,0.6967800000,0.7864360000,0.4546260000,0.9330710000,0.0806299000,0.2230520000,0.4237350000,0.7558440000,0.3983370000,0.7338340000,0.6606560000,1.0000000000
0.6772130000,0.6355690000,0.1097930000,0.6153710000,0.2320590000,0.1419340000,0.0703424000,0.8043580000,0.1969040000,0.5309510000,0.1928090000,0.4294510000,0.8091200000,0.2310210000,0.5173880000,0.6208420000,0.9961290000,0.3022590000,1.0000000000
0.0146982000,0.9445660000,0.2457550000,0.6806010000,0.9670000000,0.4497890000,0.5930780000,0.2724890000,0.6764840000,0.7564580000,0.6198690000,0.9092500000,0.7021060000,0.7636030000,0.3769420000,0.4771580000,0.3525730000,0.3281020000,1.0000000000
0.8598110000,0.1251040000,0.5357670000,0.1910430000,0.4535120000,0.1032530000,0.5205290000,0.0756243000,0.6437250000,0.6779970000,0.2737900000,0.4186930000,0.4673250000,0.3876090000,0.8574780000,0.9574640000,0.0382657000,0.3151190000,1.0000000000
0.6556470000,0.7120070000,0.6433060000,0.6022480000,0.5483320000,0.4785960000,0.6918020000,0.7416600000,0.6268790000,0.7154170000,0.0988679000,0.4504710000,0.0133308000,0.2879650000,0.8114860000,0.6115150000,0.2737160000,0.3666200000,1.0000000000
0.3965140000,0.2012410000,0.9681080000,0.8364400000,0.6099770000,0.2446820000,0.7882710000,0.3560170000,0.1250540000,0.5101030000,0.4039660000,0.8656120000,0.4995160000,0.5896480000,0.0149979000,0.8933550000,0.5621220000,0.0284487000,1.0000000000
0.4152990000,0.8987310000,0.9318220000,0.9166480000,0.3991060000,0.0094451100,0.8462570000,0.6837730000,0.3973060000,0.8867680000,0.5224280000,0.6947740000,0.8865220000,0.4116730000,0.4811080000,0.9265460000,0.0264309000,0.0927396000,1.0000000000
0.8045950000,0.3623670000,0.1158990000,0.5803260000,0.3236710000,0.9739890000,0.8604290000,0.5880710000,0.9581800000,0.2183490000,0.9159160000,0.3794480000,0.7362040000,0.8306420000,0.4559380000,0.4702800000,0.7290210000,0.2408210000,1.0000000000
0.7818740000,0.3632610000,0.1188120000,0.6698440000,0.1639720000,0.4233820000,0.6518110000,0.5422610000,0.1161650000,0.1242330000,0.3188530000,0.7667890000,0.4856390000,0.6904760000,0.2948310000,0.6866340000,0.2748410000,0.5750160000,1.0000000000
0.8539040000,0.4823060000,0.6803260000,0.6599390000,0.6041190000,0.6127940000,0.4219010000,0.0743877000,0.9904090000,0.8818300000,0.2952110000,0.7949970000,0.3140980000,0.1486970000,0.1733730000,0.2579760000,0.2034750000,0.9244430000,0.0000000000
0.0913490000,0.1304780000,0.1663750000,0.4023710000,0.8038510000,0.8374430000,0.6638320000,0.8263200000,0.2551080000,0.7271560000,0.2980360000,0.0233797000,0.3923970000,0.7390870000,0.5081020000,0.8128710000,0.9302970000,0.9360680000,1.0000000000
0.3141760000,0.2251480000,0.6265700000,0.5016090000,0.6864880000,0.8929840000,0.2412670000,0.0575827000,0.4997650000,0.4462370000,0.3393790000,0.4175840000,0.8257650000,0.7729270000,0.7446130000,0.2798630000,0.2028190000,0.6376820000,1.0000000000
0.1862080000,0.5923360000,0.5512640000,0.2043680000,0.9867990000,0.7231460000,0.5076730000,0.2042790000,0.8783890000,0.6978160000,0.1553720000,0.5166900000,0.6226930000,0.4778880000,0.3727960000,0.8237200000,0.6604220000,0.1105600000,1.0000000000
0.3847070000,0.0391094000,0.3395990000,0.5706480000,0.5227210000,0.7314950000,0.9890540000,0.3570920000,0.7072480000,0.2091780000,0.3260660000,0.0087347000,0.8893950000,0.6624110000,0.3804520000,0.5125970000,0.6102400000,0.9580290000,1.0000000000
0.3840580000,0.2776030000,0.2088690000,0.9170330000,0.5908290000,0.6517090000,0.1617840000,0.4547230000,0.1977680000,0.8745040000,0.8914630000,0.2366470000,0.4519750000,0.7477610000,0.0568861000,0.5440060000,0.0784279000,0.7537640000,1.0000000000
0.1288370000,0.9545300000,0.6889800000,0.6163480000,0.4430690000,0.2594310000,0.8320160000,0.3893830000,0.9646210000,0.9995360000,0.9506610000,0.7012940000,0.7429460000,0.4750390000,0.4998120000,0.2784660000,0.5360520000,0.3331340000,1.0000000000
0.6265630000,0.8163330000,0.1618140000,0.4813140000,0.7622600000,0.0832410000,0.0125619000,0.4187440000,0.6847050000,0.9797270000,0.0994495000,0.4886980000,0.6435330000,0.1818500000,0.1068400000,0.3910560000,0.5673270000,0.7266310000,0.0000000000
0.3152970000,0.7765430000,0.4862370000,0.7443850000,0.3137230000,0.5121710000,0.0620677000,0.7243490000,0.5065060000,0.2102570000,0.1334540000,0.2470210000,0.0086265100,0.3024270000,0.5624750000,0.8504390000,0.7824460000,0.6708990000,1.0000000000
0.2664000000,0.0827508000,0.4840180000,0.2317450000,0.8251150000,0.5261840000,0.9478850000,0.7058430000,0.0334115000,0.1010280000,0.4124510000,0.2329350000,0.2319210000,0.6595970000,0.1978340000,0.9854940000,0.4759750000,0.8803890000,1.0000000000
0.0239212000,0.7885000000,0.3927450000,0.8621120000,0.8153760000,0.6310750000,0.4700860000,0.5285640000,0.9795350000,0.6494640000,0.3843470000,0.1756530000,0.3442390000,0.7013590000,0.3019360000,0.9392680000,0.3164150000,0.7017660000,1.0000000000
0.9788270000,0.1413870000,0.9515470000,0.0901055000,0.0168743000,0.2567410000,0.0078205200,0.2966040000,0.7389430000,0.9754250000,0.4722260000,0.1335570000,0.4690970000,0.0913890000,0.4879270000,0.4043880000,0.8337870000,0.8584350000,1.0000000000
0.1543450000,0.4958920000,0.8502940000,0.5572030000,0.3992060000,0.3154210000,0.4762780000,0.6611390000,0.1198290000,0.5665200000,0.1617040000,0.3146470000,0.3818710000,0.8110750000,0.5342280000,0.0770154000,0.5016310000,0.4173230000,1.0000000000
0.3797010000,0.4631530000,0.5404500000,0.3072190000,0.7989560000,0.2185330000,0.3863010000,0.9580220000,0.3131430000,0.6637920000,0.5504910000,0.0595926000,0.4575130000,0.3737310000,0.2064150000,0.0973098000,0.4221130000,0.4596910000,1.0000000000
0.6373780000,0.6283660000,0.1266060000,0.6797120000,0.0827180000,0.2541590000,0.2720350000,0.0617716000,0.1131790000,0.8772320000,0.9787800000,0.9081450000,0.8135220000,0.5368350000,0.5413700000,0.6243870000,0.8912050000,0.6255960000,0.0000000000
0.0694385000,0.1174200000,0.1928790000,0.1932870000,0.1200900000,0.5730270000,0.3233650000,0.7058690000,0.8075840000,0.7000050000,0.8458740000,0.5343970000,0.4621620000,0.6292710000,0.5084040000,0.6248570000,0.2895780000,0.6646560000,1.0000000000
0.2479170000,0.2496340000,0.6422730000,0.5120690000,0.5319210000,0.5844100000,0.3053190000,0.3083970000,0.9064820000,0.3042170000,0.4999180000,0.0830276000,0.6580090000,0.8360510000,0.1527010000,0.3367840000,0.8109020000,0.0412557000,1.0000000000
0.9646530000,0.8673150000,0.4369530000,0.0700292000,0.1448750000,0.1992790000,0.7011770000,0.3664110000,0.9646500000,0.1279390000,0.6870260000,0.9714890000,0.0259567000,0.3441360000,0.0997463000,0.2072400000,0.0004651060,0.9491220000,0.0000000000
0.8963770000,0.1955400000,0.4614620000,0.7090340000,0.8802160000,0.3231560000,0.2998180000,0.9476490000,0.9857670000,0.1658240000,0.6773660000,0.1999110000,0.0774494000,0.1242030000,0.7561400000,0.2205930000,0.3278880000,0.5563210000,1.0000000000
0.2883450000,0.9435320000,0.7975740000,0.8038570000,0.6327010000,0.2205550000,0.4260660000,0.5635850000,0.7973550000,0.1036950000,0.8537520000,0.9841030000,0.0667133000,0.3964100000,0.6927160000,0.1883510000,0.9056100000,0.3500740000,1.0000000000
0.7047640000,0.8282530000,0.4546220000,0.2358310000,0.7527590000,0.1001370000,0.2035210000,0.5114960000,0.4106460000,0.5705830000,0.9651010000,0.2782230000,0.5345520000,0.6721980000,0.8621300000,0.0101625000,0.7139280000,0.2458960000,1.0000000000
0.6153740000,0.4690750000,0.3659870000,0.3283240000,0.1178930000,0.3829820000,0.3906130000,0.3656730000,0.6281030000,0.3445450000,0.1164920000,0.8666130000,0.9778930000,0.5040140000,0.0906861000,0.8905460000,0.0240717000,0.7092110000,1.0000000000
0.7902740000,0.6854430000,0.2889520000,0.5118000000,0.6612570000,0.6028330000,0.8912750000,0.5290620000,0.5744790000,0.1553110000,0.1137250000,0.9780020000,0.8670260000,0.5644950000,0.3005280000,0.6054730000,0.1510420000,0.8168710000,1.0000000000
0.3505470000,0.3417300000,0.1246780000,0.1033810000,0.6955230000,0.8861140000,0.2796530000,0.4547900000,0.7193540000,0.7101890000,0.4796940000,0.1035230000,0.1053270000,0.1574670000,0.5530350000,0.2957300000,0.9230930000,0.0644976000,1.0000000000
0.8093360000,0.2522510000,0.5540510000,0.0564988000,0.5692490000,0.0538638000,0.4760660000,0.0441429000,0.1545940000,0.2186280000,0.3569900000,0.3829030000,0.2157170000,0.7177050000,0.3246400000,0.7132450000,0.4610350000,0.5221240000,1.0000000000
0.1441980000,0.9133330000,0.0301113000,0.2397010000,0.1690160000,0.2186770000,0.5777730000,0.9078040000,0.9093290000,0.1402260000,0.5401420000,0.8177740000,0.2005340000,0.4005320000,0.5861380000,0.7961120000,0.4742000000,0.0501160000,1.0000000000
0.9040220000,0.8708450000,0.6741370000,0.2069640000,0.4704780000,0.9570690000,0.2542330000,0.5927580000,0.8713700000,0.0885174000,0.7099240000,0.0382127000,0.3513780000,0.2530130000,0.7650910000,0.2641390000,0.9512460000,0.9779180000,0.0000000000
0.5732370000,0.3965480000,0.4463420000,0.9340380000,0.9566750000,0.4024330000,0.9477880000,0.7683680000,0.7781960000,0.4142960000,0.1774940000,0.3989810000,0.0184645000,0.8999730000,0.3399890000,0.5349720000,0.1924040000,0.1999810000,1.0000000000
0.5222860000,0.2880510000,0.9815060000,0.3348040000,0.7924270000,0.2933320000,0.7784450000,0.6315230000,0.2854180000,0.4020930000,0.1699610000,0.8541670000,0.1288890000,0.1850760000,0.6275850000,0.8192100000,0.0736434000,0.2663790000,1.0000000000
0.2714180000,0.6531090000,0.9928000000,0.7798370000,0.4627410000,0.2256620000,0.5708290000,0.5234500000,0.2231290000,0.1519260000,0.4598890000,0.1895880000,0.6733390000,0.1095510000,0.5347340000,0.7101320000,0.8314600000,0.8981940000,1.0000000000
0.6080750000,0.0315555000,0.5982640000,0.7947710000,0.1456800000,0.3781830000,0.4619480000,0.4252910000,0.0573964000,0.4809380000,0.3078160000,0.2316380000,0.4641520000,0.5835580000,0.9693650000,0.4643310000,0.7603440000,0.7624390000,1.0000000000
0.6306830000,0.2217620000,0.7838080000,0.8330510000,0.7930310000,0.1742650000,0.7205350000,0.6851320000,0.9537730000,0.8953610000,0.2856960000,0.4749530000,0.1538410000,0.6486850000,0.9991550000,0.0375692000,0.9850530000,0.1593750000,1.0000000000
0.1185410000,0.2572320000,0.7792040000,0.5091500000,0.8090310000,0.7349840000,0.7937370000,0.6267200000,0.0271844000,0.2526180000,0.9656700000,0.8247500000,0.1162300000,0.4357270000,0.4920570000,0.7121720000,0.8263760000,0.6472600000,1.0000000000
0.1373780000,0.6580100000,0.0343489000,0.0928176000,0.2512710000,0.8739110000,0.4936780000,0.1087780000,0.6940770000,0.1647730000,0.4965830000,0.7684890000,0.4309680000,0.2009270000,0.4591930000,0.1623500000,0.1127440000,0.0532355000,1.0000000000
0.6868600000,0.1218350000,0.7167850000,0.5861730000,0.4806640000,0.6209820000,0.1652170000,0.4516300000,0.9648180000,0.2808460000,0.0154806000,0.1066610000,0.5509660000,0.4572260000,0.7181710000,0.0536016000,0.9283250000,0.3723390000,1.0000000000
0.7132660000,0.3617080000,0.3601310000,0.9005790000,0.7703710000,0.5717730000,0.9374070000,0.4274820000,0.2368380000,0.8853290000,0.8404370000,0.6868950000,0.6345210000,0.5576650000,0.7548620000,0.0859755000,0.9340180000,0.6695360000,1.0000000000
0.3472020000,0.0230736000,0.6656260000,0.9670620000,0.3781280000,0.3363710000,0.8215570000,0.9116180000,0.7889440000,0.8272070000,0.4924240000,0.5669990000,0.6344610000,0.0694075000,0.5140580000,0.3193000000,0.4300150000,0.3048430000,1.0000000000
0.5508430000,0.0861290000,0.0781320000,0.5774910000,0.0743180000,0.0638330000,0.8880780000,0.0506720000,0.1655360000,0.4420860000,0.7962600000,0.6458970000,0.6212610000,0.1118430000,0.3059310000,0.4171760000,0.3246710000,0.2652620000,1.0000000000
0.5262390000,0.9102730000,0.9909280000,0.7227650000,0.1398310000,0.6400290000,0.0249061000,0.9569530000,0.1873130000,0.7695760000,0.7034640000,0.9891320000,0.8959990000,0.5555080000,0.9387420000,0.3788660000,0.3602310000,0.6440240000,0.0000000000
0.7496660000,0.2274090000,0.0011810900,0.0722953000,0.4999000000,0.1410090000,0.6700440000,0.9985060000,0.0302960000,0.9605730000,0.4721910000,0.8731040000,0.2334970000,0.2743660000,0.2678560000,0.5073570000,0.4673920000,0.9346940000,1.0000000000
0.9023170000,0.3961960000,0.2243730000,0.1437710000,0.7064880000,0.2541530000,0.9923510000,0.2584230000,0.9500310000,0.0544525000,0.2227470000,0.5076830000,0.8779140000,0.3925600000,0.8494370000,0.4242980000,0.3906640000,0.2700860000,1.0000000000
0.4385950000,0.8560360000,0.0823907000,0.5494440000,0.2471620000,0.2148600000,0.9770100000,0.6424680000,0.9031760000,0.3861010000,0.9187220000,0.7420950000,0.2589000000,0.0373982000,0.7117330000,0.3680620000,0.3984670000,0.6064370000,1.0000000000
0.9110710000,0.5362800000,0.5657430000,0.3770130000,0.2088880000,0.5411060000,0.9411000000,0.2461470000,0.6563310000,0.3990440000,0.4161880000,0.9107010000,0.2593560000,0.3296010000,0.4693420000,0.8964450000,0.3838090000,0.2907360000,1.0000000000
0.9478010000,0.7950980000,0.4774450000,0.1221810000,0.1770120000,0.9897520000,0.4529460000,0.3862760000,0.9052210000,0.5538110000,0.5675430000,0.0918726000,0.0496418000,0.6289050000,0.3710480000,0.5652210000,0.2831290000,0.0464756000,1.0000000000
0.3909100000,0.4814510000,0.7294420000,0.7941230000,0.0973208000,0.0795869000,0.0642918000,0.0931710000,0.6801820000,0.9654430000,0.7625950000,0.5248850000,0.4275810000,0.3071970000,0.7049170000,0.7078610000,0.4883670000,0.5850330000,1.0000000000
0.4369680000,0.3064910000,0.9081590000,0.7361760000,0.7042250000,0.5415280000,0.3228020000,0.7216850000,0.4298700000,0.5134130000,0.1091010000,0.6944590000,0.9956120000,0.8272720000,0.4034320000,0.5748380000,0.5845620000,0.4523570000,1.0000000000
0.0860313000,0.0777606000,0.0588959000,0.4363460000,0.3315100000,0.7717290000,0.6722500000,0.2933450000,0.0512080000,0.6432130000,0.1748580000,0.8369670000,0.3955640000,0.5614370000,0.2798250000,0.6319740000,0.1956630000,0.9988200000,1.0000000000
0.8635850000,0.0167156000,0.5509470000,0.1324190000,0.0264005000,0.7932650000,0.7585460000,0.4806360000,0.7521050000,0.0048826600,0.5325860000,0.9479060000,0.5734410000,0.1578540000,0.3142070000,0.3343420000,0.6496880000,0.0914469000,1.0000000000
0.4870590000,0.5435490000,0.7099140000,0.7146430000,0.2674940000,0.5656130000,0.8607710000,0.5975830000,0.7603930000,0.7972790000,0.9363490000,0.3685610000,0.0980853000,0.2147060000,0.2761660000,0.5713640000,0.3623730000,0.2755040000,1.0000000000
0.7022030000,0.1723300000,0.3311110000,0.0176270000,0.2885090000,0.4473810000,0.3639590000,0.0973567000,0.3246220000,0.5217930000,0.7794780000,0.4455300000,0.2908660000,0.6106450000,0.6383020000,0.1319450000,0.3904830000,0.5698230000,1.0000000000
0.6247870000,0.9457100000,0.5575520000,0.6528530000,0.4814050000,0.9314150000,0.6018840000,0.6636650000,0.2478800000,0.1665000000,0.5035060000,0.4040410000,0.6800030000,0.3696000000,0.3780280000,0.5177060000,0.6278220000,0.6017930000,0.0000000000
0.3925320000,0.1559500000,0.0402331000,0.5356310000,0.0885897000,0.0477816000,0.9637500000,0.0295329000,0.2936960000,0.5917420000,0.8279480000,0.0282646000,0.4586210000,0.5966370000,0.9380150000,0.6202090000,0.0552564000,0.1689100000,1.0000000000
0.5222110000,0.5609680000,0.0483225000,0.8091890000,0.9309700000,0.7867570000,0.0689396000,0.7300300000,0.7820700000,0.2024490000,0.2791060000,0.3724090000,0.4126490000,0.6472680000,0.6791320000,0.8999890000,0.8039170000,0.0251708000,1.0000000000
0.6421850000,0.6519660000,0.7394560000,0.8963250000,0.4225120000,0.4221120000,0.9579360000,0.1774830000,0.3806940000,0.5988810000,0.9951510000,0.0451761000,0.9774000000,0.8614570000,0.3834240000,0.5240250000,0.8348550000,0.8359810000,1.0000000000
0.8176850000,0.6805690000,0.3202770000,0.4677480000,0.3466480000,0.2327970000,0.2915500000,0.1902480000,0.5710480000,0.6224640000,0.2525830000,0.3626260000,0.1554480000,0.8923210000,0.4701850000,0.5824680000,0.3498100000,0.6990330000,1.0000000000
0.8690890000,0.2965470000,0.1867830000,0.0086858300,0.5187850000,0.5656770000,0.2144670000,0.1937640000,0.6675980000,0.7480350000,0.4436550000,0.9668750000,0.5017350000,0.7164510000,0.6701640000,0.1913520000,0.1644850000,0.0617243000,1.0000000000
0.5748380000,0.7226660000,0.9792900000,0.8762430000,0.0008583830,0.3172250000,0.7769880000,0.2375880000,0.8787270000,0.4050120000,0.8598160000,0.0866074000,0.5682760000,0.9493900000,0.2453010000,0.0182500000,0.4730290000,0.3422460000,1.0000000000
0.7907570000,0.0964385000,0.3761660000,0.3234350000,0.2716450000,0.9157580000,0.0965772000,0.6722090000,0.9112000000,0.3217880000,0.2367710000,0.4030100000,0.6197760000,0.5020650000,0.9984830000,0.1608390000,0.2648500000,0.4786640000,1.0000000000
0.3234390000,0.4879980000,0.6806030000,0.2221540000,0.1524130000,0.5345570000,0.1477480000,0.9953740000,0.2573120000,0.8152210000,0.2092510000,0.0769267000,0.5841520000,0.8112940000,0.4475800000,0.0443975000,0.0080396400,0.1941880000,1.0000000000
0.3962990000,0.1869620000,0.9107960000,0.9923340000,0.1017330000,0.8951320000,0.9642710000,0.5458640000,0.3511840000,0.7792680000,0.4190170000,0.6699620000,0.0745719000,0.7082650000,0.2345230000,0.4417200000,0.6381000000,0.6126710000,1.0000000000
0.0012544300,0.9358950000,0.7696110000,0.7926170000,0.3531930000,0.6674480000,0.8161400000,0.9641800000,0.7112450000,0.5840920000,0.1652950000,0.8093500000,0.2876080000,0.9918670000,0.8899270000,0.5300990000,0.8982300000,0.8802780000,1.0000000000
0.9177810000,0.3128220000,0.6202490000,0.3870470000,0.4433840000,0.8937020000,0.5003720000,0.5547630000,0.1660150000,0.9119350000,0.4093310000,0.5630120000,0.3215300000,0.4764390000,0.0849844000,0.4861950000,0.0672621000,0.8636100000,1.0000000000
0.4670260000,0.4476490000,0.5655710000,0.3615940000,0.6520160000,0.8016300000,0.7506470000,0.9551250000,0.5342330000,0.8755530000,0.4442250000,0.1288680000,0.9076140000,0.3587590000,0.8954760000,0.7555250000,0.7642450000,0.7786320000,1.0000000000
0.6042740000,0.0136897000,0.0205506000,0.4993040000,0.8153540000,0.5924490000,0.8636790000,0.1290540000,0.1930480000,0.6352450000,0.8521880000,0.7484060000,0.9598750000,0.5240440000,0.9871170000,0.9143040000,0.2779740000,0.3407870000,1.0000000000
0.8051800000,0.0699654000,0.3140340000,0.1372500000,0.0299129000,0.3777600000,0.8871320000,0.1647770000,0.4324800000,0.0690084000,0.8914430000,0.4315700000,0.0786513000,0.7333490000,0.4930080000,0.5666960000,0.0470512000,0.3201880000,1.0000000000
0.9976000000,0.3732380000,0.5173990000,0.5049930000,0.6189030000,0.6055710000,0.7462250000,0.1959280000,0.8156670000,0.6793550000,0.8034130000,0.6439950000,0.7184410000,0.9247750000,0.3153710000,0.2506420000,0.2856360000,0.3658580000,1.0000000000
0.3199910000,0.5001860000,0.5425420000,0.5789320000,0.9391270000,0.1875640000,0.6439750000,0.1017680000,0.6103260000,0.3809100000,0.8781050000,0.6816700000,0.9292390000,0.9882420000,0.1363410000,0.1280860000,0.6480930000,0.3845320000,1.0000000000
0.7613620000,0.7023320000,0.7833170000,0.7972540000,0.4375410000,0.9956050000,0.1820790000,0.7805310000,0.0085596700,0.7351730000,0.1887750000,0.0434786000,0.0922235000,0.1257520000,0.2463770000,0.9301860000,0.3675110000,0.7528520000,1.0000000000
0.6673640000,0.0238662000,0.3429760000,0.3828930000,0.7626270000,0.2628390000,0.5967110000,0.7155020000,0.0045042700,0.3582670000,0.9675030000,0.1569450000,0.5129270000,0.6972050000,0.8831710000,0.9096260000,0.2155040000,0.5894540000,1.0000000000
0.8964340000,0.6750690000,0.7486630000,0.4847220000,0.9290330000,0.0126583000,0.4484810000,0.1216070000,0.7344660000,0.7176310000,0.2804080000,0.8885370000,0.7133050000,0.4974500000,0.3720290000,0.9524880000,0.5461240000,0.4848820000,1.0000000000
0.9495290000,0.5305440000,0.4653430000,0.6685660000,0.3763520000,0.3544780000,0.8863310000,0.4682340000,0.6367210000,0.2712630000,0.1970130000,0.8088070000,0.9849260000,0.5795050000,0.3543650000,0.7165970000,0.8196860000,0.5079210000,1.0000000000
0.0911617000,0.0748673000,0.1650900000,0.3483580000,0.7570310000,0.8803640000,0.0347814000,0.5590670000,0.8621270000,0.9752030000,0.8633110000,0.8205390000,0.3628660000,0.8202670000,0.6745260000,0.6036500000,0.9884950000,0.9132950000,1.0000000000
0.2619610000,0.8038600000,0.2148970000,0.8107970000,0.5452490000,0.1335060000,0.1062410000,0.4935090000,0.9313400000,0.6568630000,0.6835980000,0.5814290000,0.8729580000,0.2500070000,0.7294820000,0.1247250000,0.0979599000,0.0223374000,1.0000000000
0.4533630000,0.0967261000,0.2238340000,0.2507720000,0.9619140000,0.7783010000,0.4543270000,0.9885980000,0.7653600000,0.3738880000,0.9208850000,0.8607850000,0.8563800000,0.9042390000,0.5074260000,0.0255497000,0.5906640000,0.6550380000,1.0000000000
0.8526230000,0.6016590000,0.0270159000,0.0088309900,0.1470690000,0.9620640000,0.0490877000,0.0684479000,0.2170130000,0.1606700000,0.4195160000,0.3804770000,0.1577560000,0.7895840000,0.9514930000,0.6835170000,0.0544712000,0.2537430000,1.0000000000
0.0604714000,0.0334731000,0.2745720000,0.3360150000,0.0593980000,0.8759120000,0.6998080000,0.4044130000,0.8602470000,0.1565620000,0.8887660000,0.2104680000,0.5752200000,0.6523410000,0.2101760000,0.5765520000,0.6528190000,0.1913100000,1.0000000000
0.0493997000,0.0492700000,0.7592160000,0.6645200000,0.7740610000,0.8639790000,0.5967920000,0.8794200000,0.5878730000,0.2128540000,0.3097010000,0.5881910000,0.6718510000,0.4379210000,0.0830065000,0.8781780000,0.1066930000,0.0855590000,1.0000000000
0.8428200000,0.8778390000,0.2668090000,0.5843630000,0.1610490000,0.6764960000,0.7827760000,0.3065800000,0.6727880000,0.8855930000,0.2203320000,0.3046890000,0.6552970000,0.1538240000,0.9449770000,0.7364240000,0.5967040000,0.7139090000,0.0000000000
0.0363011000,0.8157130000,0.8647500000,0.1984840000,0.4679570000,0.3739310000,0.9273270000,0.7968150000,0.5844060000,0.2349100000,0.8121850000,0.3188240000,0.2083680000,0.6849420000,0.9515870000,0.5099480000,0.9428860000,0.3852120000,1.0000000000
0.3922710000,0.5487150000,0.8436290000,0.5427460000,0.6056690000,0.9043710000,0.0964239000,0.1044980000,0.4431740000,0.2666140000,0.5460320000,0.9622290000,0.2864630000,0.0549244000,0.6390040000,0.6689030000,0.6680920000,0.0328853000,1.0000000000
0.8299850000,0.1787560000,0.7122290000,0.5923650000,0.4135840000,0.7623640000,0.6266880000,0.7523480000,0.6808830000,0.7939110000,0.1998710000,0.9224350000,0.8289860000,0.2303770000,0.4988150000,0.5217760000,0.9519010000,0.0561213000,1.0000000000
0.4574510000,0.0609426000,0.4376990000,0.5217410000,0.8019610000,0.4423230000,0.4357280000,0.3876480000,0.9089050000,0.0332448000,0.8958840000,0.2138200000,0.3891190000,0.9331910000,0.2157070000,0.6601530000,0.0338464000,0.3552760000,1.0000000000
0.5842140000,0.2251390000,0.9570370000,0.1814740000,0.5514170000,0.7537160000,0.1416110000,0.4670300000,0.9922550000,0.8066040000,0.8714760000,0.1833100000,0.9237650000,0.0317365000,0.2684890000,0.8896190000,0.6239250000,0.8096020000,1.0000000000
0.4730990000,0.9791960000,0.2563440000,0.0119559000,0.5531950000,0.5547620000,0.5831260000,0.9225510000,0.4682780000,0.7685340000,0.9134890000,0.1837610000,0.8393400000,0.2858040000,0.9070200000,0.4617650000,0.6351960000,0.0210743000,0.0000000000
0.2246190000,0.0732257000,0.9516110000,0.4287160000,0.8119550000,0.5032050000,0.4132790000,0.0604262000,0.1120600000,0.0831973000,0.1871950000,0.0983557000,0.6560670000,0.2224360000,0.1489180000,0.7644590000,0.8132590000,0.9078340000,1.0000000000
0.5858760000,0.5329380000,0.7446650000,0.9458120000,0.4107670000,0.6550210000,0.5193460000,0.0525961000,0.2034530000,0.1342720000,0.8686580000,0.5201600000,0.9713570000,0.4621820000,0.3553270000,0.4109300000,0.0804039000,0.3980840000,1.0000000000
0.0163674000,0.7280320000,0.4580640000,0.6298570000,0.1437970000,0.3725030000,0.6827310000,0.2386510000,0.7208780000,0.3991150000,0.5012210000,0.7128700000,0.3312060000,0.8480080000,0.8030200000,0.6747490000,0.6123750000,0.9694690000,1.0000000000
0.0191499000,0.6041120000,0.0565794000,0.1499230000,0.3710140000,0.7073220000,0.9055050000,0.3623580000,0.8060070000,0.1004630000,0.7267410000,0.8972710000,0.8904120000,0.5215540000,0.2124600000,0.3541140000,0.5324230000,0.2470430000,1.0000000000
0.5803800000,0.5351170000,0.1910200000,0.2874960000,0.6025650000,0.3258920000,0.1283320000,0.1423690000,0.6659250000,0.7938410000,0.0224133000,0.6404500000,0.7611460000,0.2823740000,0.6869950000,0.2595230000,0.0166322000,0.4438900000,1.0000000000
0.3246620000,0.8087970000,0.4389100000,0.0465246000,0.5735560000,0.2756380000,0.0251661000,0.7877890000,0.8051430000,0.3637290000,0.7940990000,0.1542540000,0.5034390000,0.7561790000,0.5859280000,0.6579260000,0.2355320000,0.9601020000,1.0000000000
0.2593590000,0.6361460000,0.0390596000,0.4102460000,0.6704310000,0.2269180000,0.5415790000,0.4754530000,0.8439270000,0.4704390000,0.3676000000,0.2718880000,0.0428744000,0.3531050000,0.4655280000,0.3021910000,0.8951540000,0.5838240000,1.0000000000
0.2074530000,0.0555608000,0.7958270000,0.6995860000,0.4004750000,0.1102730000,0.6758650000,0.8213930000,0.3198970000,0.4291690000,0.5939780000,0.0394815000,0.4872420000,0.9651490000,0.4821390000,0.0053808300,0.0129639000,0.9227390000,1.0000000000
0.4567810000,0.3230670000,0.6742550000,0.3419220000,0.6619190000,0.5003090000,0.6033690000,0.6240990000,0.4781010000,0.8032430000,0.9952590000,0.3319250000,0.1289130000,0.7976660000,0.8124750000,0.4603370000,0.6075130000,0.6294830000,1.0000000000
0.2219920000,0.8618220000,0.8983840000,0.0350010000,0.6485520000,0.1307460000,0.6553290000,0.9648940000,0.8565710000,0.9441250000,0.0403888000,0.6206890000,0.3727200000,0.8007170000,0.7749520000,0.8150420000,0.7688400000,0.0564406000,1.0000000000
0.4321070000,0.3790620000,0.0583181000,0.0714828000,0.1811310000,0.8696620000,0.9208520000,0.5112350000,0.6530470000,0.8551930000,0.6386510000,0.8441160000,0.3878140000,0.3882390000,0.5480310000,0.3561240000,0.4387710000,0.7420750000,1.0000000000
0.9224930000,0.5718480000,0.8202480000,0.7885970000,0.5379630000,0.3638180000,0.7380260000,0.6809950000,0.2951010000,0.4474220000,0.7438000000,0.2904720000,0.9183430000,0.7847730000,0.8890170000,0.5943330000,0.2945710000,0.9966220000,1.0000000000
0.1445320000,0.6202450000,0.9740900000,0.2447640000,0.9387320000,0.0686895000,0.1274770000,0.0165207000,0.2435530000,0.9105580000,0.9107590000,0.2193320000,0.0295629000,0.5672950000,0.9684560000,0.2942100000,0.1548620000,0.9293360000,1.0000000000
0.7635500000,0.5665360000,0.8052730000,0.5025550000,0.0787130000,0.5896900000,0.7125780000,0.3792680000,0.0329232000,0.4184190000,0.0004979230,0.2263760000,0.7657830000,0.7012670000,0.7208030000,0.6639450000,0.0615653000,0.3189090000,1.0000000000
0.0004140130,0.6485760000,0.4571650000,0.6388940000,0.9679810000,0.7936070000,0.6337090000,0.6383550000,0.0080000100,0.4527020000,0.8606760000,0.1394530000,0.2285170000,0.1683290000,0.2515640000,0.7314340000,0.4799180000,0.0777563000,1.0000000000
0.7812300000,0.8269220000,0.4063540000,0.8338450000,0.3655780000,0.2683200000,0.9686140000,0.5631840000,0.2936830000,0.3720780000,0.0738793000,0.1307350000,0.9140750000,0.1305850000,0.4231310000,0.6953440000,0.4602850000,0.0556497000,0.0000000000
0.7942020000,0.0871013000,0.1780270000,0.5266040000,0.4866320000,0.0356917000,0.4822870000,0.8222620000,0.1110250000,0.7228310000,0.5590790000,0.5772770000,0.6686520000,0.5398470000,0.5519170000,0.7681500000,0.6633750000,0.6319040000,1.0000000000
0.8308730000,0.8740480000,0.2200710000,0.8093100000,0.9350330000,0.7437570000,0.7735000000,0.9942300000,0.3971480000,0.1525820000,0.7990130000,0.9970440000,0.0879395000,0.9238080000,0.2168780000,0.6827540000,0.5360750000,0.0077180300,1.0000000000
0.1611530000,0.9261490000,0.3097200000,0.8213550000,0.5879630000,0.0276801000,0.2579150000,0.5622560000,0.4687350000,0.4439250000,0.8785350000,0.4102270000,0.4736810000,0.4775240000,0.3471700000,0.6500510000,0.5626900000,0.4272250000,1.0000000000
0.2750360000,0.4065230000,0.7761240000,0.9655670000,0.6115840000,0.4535960000,0.7667470000,0.4010930000,0.0889034000,0.3772490000,0.5365990000,0.3315580000,0.5616740000,0.0871585000,0.4528820000,0.9863040000,0.3061880000,0.1525650000,1.0000000000
0.5080780000,0.5689520000,0.0109883000,0.3516620000,0.8957450000,0.6824880000,0.9984590000,0.4383830000,0.3004050000,0.3380910000,0.1798090000,0.2290320000,0.1887100000,0.8441930000,0.3907630000,0.2831390000,0.5000860000,0.3070070000,1.0000000000
0.6571360000,0.4893750000,0.1337130000,0.4119500000,0.0877797000,0.3562890000,0.4802040000,0.0296780000,0.4001020000,0.2805460000,0.3841170000,0.8859480000,0.7684820000,0.4594790000,0.3344820000,0.5730020000,0.6101830000,0.7377060000,1.0000000000
0.3319210000,0.1852580000,0.8271620000,0.4398780000,0.0803412000,0.9861520000,0.2677200000,0.9596270000,0.6374920000,0.7976850000,0.8732940000,0.5959140000,0.3547710000,0.6624330000,0.4639820000,0.6333870000,0.4015340000,0.3890780000,1.0000000000
0.2341980000,0.8956660000,0.2998280000,0.1255210000,0.5850780000,0.8296700000,0.9320960000,0.9154880000,0.4930180000,0.1981610000,0.4614190000,0.4714240000,0.2349140000,0.1338840000,0.3122820000,0.3979080000,0.3948890000,0.3669820000,1.0000000000
0.5794020000,0.5101610000,0.2218750000,0.5554860000,0.6890320000,0.0764602000,0.2490880000,0.2651310000,0.8934720000,0.5445390000,0.5107090000,0.1275230000,0.6665180000,0.9438910000,0.6068180000,0.9891290000,0.1881990000,0.9072120000,1.0000000000
0.2236100000,0.4269060000,0.6921370000,0.2176680000,0.6598150000,0.4683290000,0.6887460000,0.4888000000,0.1338380000,0.1788970000,0.5367950000,0.6941310000,0.0462642000,0.4707510000,0.7103140000,0.9933120000,0.4529850000,0.6490630000,1.0000000000
0.7030690000,0.4562930000,0.0491598000,0.2133790000,0.2373070000,0.1982560000,0.2846130000,0.8939730000,0.4070540000,0.4876570000,0.1168540000,0.4405310000,0.1871460000,0.9997950000,0.0278665000,0.9283940000,0.4351570000,0.8930600000,1.0000000000
0.7426890000,0.4206450000,0.4319750000,0.6862910000,0.0430776000,0.0418245000,0.9868280000,0.8684100000,0.4141010000,0.5306540000,0.4226700000,0.1823830000,0.8974200000,0.7297270000,0.1582030000,0.8751700000,0.6189530000,0.2183680000,1.0000000000
0.2765540000,0.1443030000,0.8650700000,0.5813770000,0.4211050000,0.7372910000,0.5301980000,0.4580400000,0.0239282000,0.9029650000,0.4049130000,0.1121300000,0.2822520000,0.5330920000,0.2289430000,0.4985570000,0.9488070000,0.6000910000,1.0000000000
0.8033710000,0.7238280000,0.3367140000,0.3568060000,0.7753770000,0.1777140000,0.4964150000,0.9544280000,0.6090870000,0.6763260000,0.2224990000,0.7085610000,0.4211920000,0.9878470000,0.8984100000,0.9474930000,0.7587220000,0.9386190000,1.0000000000
0.5712110000,0.7111340000,0.8307300000,0.8047680000,0.5249330000,0.4371850000,0.1366920000,0.4982620000,0.8532080000,0.5204510000,0.5967330000,0.3547510000,0.4723490000,0.2568890000,0.7555010000,0.2481160000,0.4153370000,0.2067840000,1.0000000000
0.6848610000,0.4680960000,0.7095340000,0.9643690000,0.6737980000,0.1310020000,0.7088040000,0.6190740000,0.5242850000,0.2258110000,0.0168697000,0.2374310000,0.6836110000,0.3157220000,0.2500150000,0.0466228000,0.7447350000,0.7631530000,1.0000000000
0.4893840000,0.8060550000,0.6062930000,0.0619931000,0.7355190000,0.2754460000,0.9100890000,0.8600130000,0.3696110000,0.7859090000,0.2223850000,0.9250760000,0.9400560000,0.4641180000,0.0167350000,0.8209250000,0.9772650000,0.6890350000,1.0000000000
0.0077925600,0.7792870000,0.8674680000,0.7048200000,0.9832820000,0.4203030000,0.7106120000,0.1747460000,0.2676850000,0.7611340000,0.4367140000,0.6901320000,0.8251330000,0.9816560000,0.1131930000,0.3647990000,0.2014690000,0.5365350000,1.0000000000
0.6878130000,0.3447740000,0.8248140000,0.4181180000,0.8588320000,0.7460620000,0.8739560000,0.7084340000,0.6795450000,0.7533640000,0.2399130000,0.4303840000,0.3711590000,0.4852400000,0.3315980000,0.4387870000,0.2694620000,0.3404670000,1.0000000000
0.9610100000,0.9769070000,0.8579290000,0.6149710000,0.6155160000,0.3527690000,0.8339600000,0.0950917000,0.2308930000,0.9548330000,0.5771820000,0.7835110000,0.5304250000,0.1751700000,0.5444580000,0.0813924000,0.7330150000,0.5313690000,0.0000000000
0.9279270000,0.6210890000,0.4985110000,0.3032240000,0.1624280000,0.4323690000,0.1019640000,0.9102350000,0.8053870000,0.4611480000,0.6404790000,0.0198309000,0.3357950000,0.4664790000,0.2436800000,0.9676900000,0.0938325000,0.4373970000,1.0000000000
0.5827960000,0.7700860000,0.3330530000,0.0348034000,0.3077720000,0.6803840000,0.1740430000,0.2638350000,0.3744130000,0.3301810000,0.9105940000,0.5526730000,0.4795880000,0.4063250000,0.7432480000,0.2430030000,0.0834289000,0.3992010000,0.0000000000
0.6415770000,0.7211590000,0.9328960000,0.4381720000,0.3758680000,0.3075980000,0.7843020000,0.1385380000,0.8947200000,0.1115120000,0.3201500000,0.4637340000,0.9659260000,0.0198657000,0.2498520000,0.2535310000,0.6214150000,0.8973810000,0.0000000000
0.0018702100,0.1082560000,0.7245500000,0.3986110000,0.2004380000,0.1347740000,0.2271360000,0.0774682000,0.7827600000,0.5928420000,0.1509180000,0.8964640000,0.5031660000,0.9650370000,0.8444570000,0.5813490000,0.6376550000,0.0629039000,1.0000000000
0.9545170000,0.5840580000,0.4334980000,0.3347930000,0.5632320000,0.0520032000,0.4203140000,0.1166660000,0.4617810000,0.6870340000,0.8464200000,0.6841880000,0.5431490000,0.4495170000,0.2837110000,0.1397100000,0.7068080000,0.3754440000,0.0000000000
0.1667580000,0.3529720000,0.9881210000,0.2870700000,0.5636260000,0.4027080000,0.3809320000,0.4791910000,0.0601653000,0.2365240000,0.2904840000,0.3918330000,0.2549440000,0.4884000000,0.0536836000,0.8622260000,0.4150550000,0.4871260000,1.0000000000
0.5117100000,0.6619240000,0.4694320000,0.8053030000,0.8063200000,0.9711670000,0.8115720000,0.0542320000,0.3875030000,0.3598640000,0.4604890000,0.3453970000,0.1466980000,0.6848880000,0.3220490000,0.6349960000,0.3950290000,0.5546790000,1.0000000000
0.4925970000,0.3751890000,0.0727825000,0.9790130000,0.8325490000,0.7467570000,0.5567960000,0.2804240000,0.4605660000,0.4695410000,0.6913560000,0.1957230000,0.7487900000,0.2087340000,0.1204880000,0.2464830000,0.8666090000,0.8024880000,1.0000000000
0.9907470000,0.6118560000,0.2024250000,0.2314010000,0.0490951000,0.1735470000,0.3347430000,0.9186310000,0.4358090000,0.0121437000,0.6422190000,0.5394110000,0.6247220000,0.2787050000,0.6871710000,0.0299484000,0.9565260000,0.5927600000,0.0000000000
0.9968410000,0.4575200000,0.7901100000,0.9211240000,0.6248770000,0.8876960000,0.1370230000,0.6537710000,0.0665094000,0.5565220000,0.7476280000,0.9259420000,0.9505200000,0.9410080000,0.7678700000,0.7245480000,0.8397930000,0.1799260000,1.0000000000
0.1088490000,0.8054220000,0.3880950000,0.2519390000,0.3928070000,0.0885585000,0.3398810000,0.0176192000,0.6004530000,0.5399780000,0.0762218000,0.3507060000,0.9017580000,0.1358160000,0.2568380000,0.4302750000,0.8861830000,0.9433080000,1.0000000000
0.9298460000,0.4703680000,0.3901410000,0.8207590000,0.4353160000,0.8734050000,0.2421270000,0.0150948000,0.0992071000,0.4256550000,0.5115440000,0.2789050000,0.8638530000,0.8215400000,0.9181470000,0.2840810000,0.8320220000,0.1491930000,1.0000000000
0.2928830000,0.2906870000,0.5597850000,0.3915620000,0.3421840000,0.1848640000,0.8243670000,0.7843490000,0.2998800000,0.3206590000,0.8153900000,0.0895177000,0.3980790000,0.5474690000,0.5121790000,0.9818140000,0.1093290000,0.0979103000,1.0000000000
0.1725300000,0.0135564000,0.6234470000,0.5191360000,0.2544560000,0.3669470000,0.0556956000,0.5185010000,0.3712570000,0.8537840000,0.3470400000,0.9473470000,0.5972810000,0.4288060000,0.4013700000,0.8204460000,0.5995840000,0.1356810000,1.0000000000
0.3693320000,0.2810430000,0.5153310000,0.5333380000,0.7144360000,0.5052320000,0.7202150000,0.2533670000,0.4347910000,0.2262390000,0.5448050000,0.9936600000,0.8842330000,0.3142210000,0.9006430000,0.1760430000,0.4910070000,0.3341540000,1.0000000000
0.8226180000,0.2981790000,0.6887340000,0.9939400000,0.2104640000,0.0243780000,0.1122190000,0.0099439700,0.3095940000,0.7454630000,0.5392020000,0.6058850000,0.5249370000,0.3851540000,0.6423960000,0.5600180000,0.9140440000,0.5474390000,1.0000000000
0.8847220000,0.6243010000,0.1136890000,0.9761760000,0.8733550000,0.5090520000,0.3291870000,0.6355500000,0.5539990000,0.8827360000,0.7907480000,0.7193460000,0.1186620000,0.6283210000,0.4750860000,0.5625720000,0.9767200000,0.3244610000,1.0000000000
0.6730240000,0.7356430000,0.8553380000,0.1718130000,0.5782220000,0.8073480000,0.3605020000,0.4341580000,0.1454460000,0.5595030000,0.7454440000,0.5103300000,0.9332490000,0.9710440000,0.4013990000,0.8575100000,0.2623510000,0.2152000000,1.0000000000
0.2482970000,0.7397710000,0.6585410000,0.9939710000,0.1520270000,0.1967830000,0.1068310000,0.7959670000,0.3330860000,0.0892067000,0.8058630000,0.6079080000,0.0570023000,0.7511650000,0.6011990000,0.9337430000,0.6934680000,0.1691150000,1.0000000000
0.7247170000,0.1627760000,0.2048790000,0.0285646000,0.4294530000,0.5494410000,0.3966370000,0.8317240000,0.8351670000,0.8092800000,0.2749290000,0.8918900000,0.0067164400,0.9996890000,0.0095300500,0.0080291500,0.7829020000,0.4704920000,1.0000000000
0.8756650000,0.3129230000,0.8138080000,0.0296662000,0.8252110000,0.3405290000,0.8465910000,0.1474620000,0.9800270000,0.3525130000,0.9999420000,0.0075295800,0.5222900000,0.9493430000,0.6461180000,0.9955790000,0.0204061000,0.4742830000,1.0000000000
0.0776299000,0.2885550000,0.4696570000,0.3645080000,0.6948410000,0.1790160000,0.8959700000,0.9343830000,0.6993660000,0.6393310000,0.5074500000,0.6651330000,0.3824910000,0.6233650000,0.8966440000,0.3491970000,0.7237140000,0.2800120000,1.0000000000
0.6210900000,0.6480570000,0.7228530000,0.2126470000,0.1554590000,0.6351970000,0.8392420000,0.9821610000,0.7634060000,0.6926770000,0.3832700000,0.4234900000,0.4382820000,0.5878140000,0.7470200000,0.4704580000,0.6762410000,0.1631190000,1.0000000000
0.6275250000,0.2531320000,0.0390831000,0.7653350000,0.2560150000,0.9455110000,0.4149640000,0.3427470000,0.7963490000,0.3423760000,0.5765110000,0.1243030000,0.1766510000,0.1304920000,0.5941200000,0.7646340000,0.8278040000,0.9529230000,1.0000000000
0.4828910000,0.9179510000,0.5700380000,0.4661170000,0.1127350000,0.9264290000,0.2573350000,0.1252650000,0.4268030000,0.9954090000,0.0280724000,0.3006120000,0.0113462000,0.6066090000,0.6966400000,0.4448920000,0.5212620000,0.7321270000,1.0000000000
0.0137216000,0.1668750000,0.7227450000,0.8899640000,0.2655740000,0.1285930000,0.4226690000,0.5723360000,0.8646040000,0.0650324000,0.1398080000,0.8302570000,0.0081838500,0.6748010000,0.3514580000,0.0555125000,0.3415690000,0.5145250000,1.0000000000
0.9348130000,0.1967430000,0.6823000000,0.3223420000,0.0018891800,0.7544810000,0.5050170000,0.7351630000,0.1642400000,0.0599529000,0.6513900000,0.4903040000,0.4434460000,0.0281340000,0.1065890000,0.8693950000,0.4641210000,0.1757820000,1.0000000000
0.6199200000,0.1858500000,0.2529270000,0.1991470000,0.9410720000,0.5187830000,0.3194710000,0.7021230000,0.2894060000,0.1449650000,0.9014740000,0.4876880000,0.6550430000,0.1446130000,0.4275850000,0.5876800000,0.5696690000,0.9039720000,1.0000000000
0.0191846000,0.8606250000,0.8738020000,0.7822250000,0.4648660000,0.9101340000,0.1961070000,0.8440970000,0.2689160000,0.0190870000,0.4359620000,0.8826070000,0.2985360000,0.5182070000,0.9442520000,0.9227320000,0.0298528000,0.1531590000,1.0000000000
0.5900080000,0.2936920000,0.4234980000,0.3298030000,0.4578380000,0.8297820000,0.4977670000,0.1594400000,0.9711220000,0.4923430000,0.0842690000,0.9743340000,0.9264240000,0.2954260000,0.8042120000,0.8708400000,0.5462950000,0.8848710000,1.0000000000
0.5119470000,0.6714760000,0.5381540000,0.2688590000,0.2625000000,0.3093560000,0.7243820000,0.3542060000,0.4841320000,0.4261750000,0.4467620000,0.9977180000,0.3557920000,0.9526380000,0.5978460000,0.2140070000,0.9481570000,0.4566630000,1.0000000000
0.2441180000,0.1772090000,0.2918100000,0.3975740000,0.4936670000,0.3138440000,0.8535880000,0.5049780000,0.7690690000,0.8697960000,0.9553750000,0.8143880000,0.3345160000,0.5056040000,0.3808750000,0.7009910000,0.3427930000,0.7090220000,1.0000000000
0.9179280000,0.2693680000,0.7522480000,0.6867990000,0.3560550000,0.0101767000,0.0182126000,0.8148160000,0.3670240000,0.7291170000,0.1009640000,0.0615164000,0.5117740000,0.2383100000,0.8701440000,0.3066560000,0.4330820000,0.0712151000,1.0000000000
0.1039360000,0.5735240000,0.0950147000,0.7198700000,0.4194160000,0.9077530000,0.9168510000,0.8012250000,0.7650170000,0.9525470000,0.4966720000,0.7213500000,0.7237420000,0.6432340000,0.9402830000,0.1726380000,0.5007340000,0.9178480000,1.0000000000
0.2299960000,0.8986760000,0.6946730000,0.3194850000,0.7870940000,0.6465770000,0.1864400000,0.4332460000,0.7016730000,0.7804710000,0.0588631000,0.5583690000,0.7786010000,0.7636730000,0.0511008000,0.3019310000,0.8973480000,0.9299530000,1.0000000000
0.4887380000,0.9262740000,0.7551880000,0.8703320000,0.9155860000,0.4758670000,0.3873470000,0.9044650000,0.1354990000,0.0084420000,0.0198753000,0.0579607000,0.1700530000,0.8807130000,0.2308180000,0.3934480000,0.6657580000,0.0102266000,1.0000000000
0.3507270000,0.8753980000,0.5043040000,0.1093130000,0.4228570000,0.2304400000,0.5460250000,0.4870960000,0.9725840000,0.0040655800,0.6350610000,0.4472710000,0.2432120000,0.6195020000,0.6513370000,0.7727930000,0.9532540000,0.6194640000,1.0000000000
0.8223760000,0.9297420000,0.6363800000,0.7740290000,0.0697864000,0.9522020000,0.4583930000,0.8626060000,0.0208490000,0.0445296000,0.8286990000,0.4651600000,0.5285600000,0.9501450000,0.2053710000,0.0309955000,0.6409970000,0.0461425000,1.0000000000
0.0571525000,0.1531020000,0.6709060000,0.6473310000,0.3421400000,0.6611220000,0.0635673000,0.0359830000,0.0456800000,0.4750470000,0.5730150000,0.2144440000,0.0693618000,0.5399120000,0.2039530000,0.1633750000,0.6446070000,0.9409350000,1.0000000000
0.0698304000,0.1563110000,0.0806425000,0.4254600000,0.2391570000,0.5826430000,0.0784723000,0.9477520000,0.0830930000,0.3387750000,0.5691420000,0.2901770000,0.9252660000,0.3236980000,0.4718460000,0.7347460000,0.3415650000,0.9730400000,1.0000000000
0.6916440000,0.4830730000,0.6309960000,0.3988580000,0.8214480000,0.0991035000,0.0206334000,0.6718350000,0.9873290000,0.4913780000,0.3150620000,0.1929110000,0.3283660000,0.9264870000,0.8707710000,0.6754320000,0.3144720000,0.0852165000,1.0000000000
0.1157950000,0.7612140000,0.3441030000,0.7770360000,0.1584580000,0.6646990000,0.5761390000,0.0446865000,0.7741810000,0.4976160000,0.3945750000,0.0678445000,0.0577840000,0.1530440000,0.6138500000,0.2716580000,0.0599704000,0.5952620000,1.0000000000
0.4426980000,0.1812150000,0.7850570000,0.6772760000,0.8388440000,0.1592110000,0.0301164000,0.2218800000,0.5755610000,0.4351470000,0.4299590000,0.1470920000,0.8712130000,0.1395510000,0.5868080000,0.0417739000,0.6270380000,0.3822050000,1.0000000000
0.8966840000,0.8499930000,0.6231340000,0.9014390000,0.7119380000,0.9157740000,0.3354500000,0.1668430000,0.7711590000,0.8412440000,0.1604710000,0.8414420000,0.0913582000,0.5448600000,0.3463100000,0.0664181000,0.3331100000,0.5799610000,1.0000000000
0.0413795000,0.6290260000,0.3033800000,0.8134080000,0.2228170000,0.9712060000,0.6097780000,0.6478040000,0.7379140000,0.4409430000,0.0359824000,0.6158680000,0.0174872000,0.9323200000,0.3293180000,0.9541230000,0.1353790000,0.2948050000,1.0000000000
0.5313510000,0.1487870000,0.3450900000,0.0851567000,0.7370070000,0.3453120000,0.1722340000,0.6906700000,0.0974010000,0.1834040000,0.3715740000,0.4807010000,0.5069940000,0.8239680000,0.1467080000,0.5955300000,0.3715910000,0.1998460000,1.0000000000
0.8461930000,0.3897840000,0.9160410000,0.9644590000,0.7809760000,0.9756420000,0.8412430000,0.9132310000,0.3898700000,0.7486070000,0.8769160000,0.5716270000,0.3266690000,0.0749392000,0.9940880000,0.8410220000,0.0781827000,0.0755433000,1.0000000000
0.4493280000,0.8861960000,0.9813630000,0.4943620000,0.4080700000,0.0474858000,0.8026700000,0.2425020000,0.4956480000,0.9751090000,0.3602920000,0.5282450000,0.9598940000,0.9075710000,0.7747330000,0.6859840000,0.7657990000,0.0182575000,1.0000000000
0.6977300000,0.2803880000,0.2548780000,0.5640690000,0.9946510000,0.8139540000,0.6574300000,0.7258470000,0.7525690000,0.5851670000,0.5540810000,0.9014420000,0.8307890000,0.3039790000,0.6889330000,0.1321300000,0.4014610000,0.6784730000,1.0000000000
0.9086030000,0.5466230000,0.8284650000,0.2583350000,0.6296210000,0.0735994000,0.3349350000,0.0292049000,0.2646510000,0.1301130000,0.8711510000,0.2167900000,0.5783950000,0.2712210000,0.4169230000,0.2540570000,0.4012880000,0.0397514000,0.0000000000
0.4755930000,0.9673910000,0.8797680000,0.7445210000,0.3599340000,0.5109140000,0.0690083000,0.6503830000,0.7014440000,0.0542628000,0.1708570000,0.3662440000,0.5581120000,0.6807740000,0.9766040000,0.3880420000,0.8184460000,0.3080500000,1.0000000000
0.1513110000,0.7047040000,0.2395470000,0.7833640000,0.8841570000,0.0990263000,0.9544290000,0.3163630000,0.7471270000,0.5266210000,0.1087820000,0.6578180000,0.2792140000,0.6356210000,0.0898439000,0.0937202000,0.2719840000,0.3570520000,1.0000000000
0.3141500000,0.6224770000,0.3728250000,0.0575250000,0.3895160000,0.8464660000,0.1018380000,0.0002955900,0.0433262000,0.3398490000,0.0539103000,0.2959780000,0.5357810000,0.9588500000,0.8883000000,0.7442440000,0.3691180000,0.3653710000,1.0000000000
0.5431270000,0.2150300000,0.3079890000,0.4821870000,0.4278610000,0.2071600000,0.5530840000,0.3702330000,0.3089710000,0.2019160000,0.0886255000,0.1724790000,0.8497450000,0.9182580000,0.1663470000,0.7903800000,0.9574290000,0.2751460000,1.0000000000
0.4928370000,0.2368960000,0.6368750000,0.5418000000,0.0688641000,0.8603470000,0.4573400000,0.0591651000,0.3824440000,0.3490060000,0.3334930000,0.2980110000,0.7635930000,0.0645411000,0.0007319600,0.7451850000,0.6711010000,0.0056988000,1.0000000000
0.7819840000,0.0656029000,0.7564450000,0.7186160000,0.9517570000,0.9328110000,0.2288930000,0.8988550000,0.8165000000,0.8707510000,0.0032819900,0.5499400000,0.7758430000,0.9775960000,0.0837310000,0.1692200000,0.0709453000,0.2920330000,1.0000000000
0.6930580000,0.0583442000,0.6964380000,0.4741310000,0.8681950000,0.8099910000,0.8903170000,0.9849340000,0.3510780000,0.4349440000,0.1314960000,0.1402740000,0.7104610000,0.1126050000,0.6333210000,0.4423300000,0.9654430000,0.9506730000,1.0000000000
0.4839210000,0.2728250000,0.2880140000,0.4240750000,0.8258670000,0.6867280000,0.3170010000,0.1071760000,0.7610540000,0.7209730000,0.9848390000,0.3452390000,0.1450470000,0.9616940000,0.0215610000,0.1277150000,0.9781760000,0.8775240000,1.0000000000
0.2359460000,0.8875680000,0.6093390000,0.4171840000,0.6776630000,0.8508790000,0.2089900000,0.9417360000,0.3464300000,0.0070059100,0.0284979000,0.6829780000,0.7960630000,0.0036923100,0.1354260000,0.1780320000,0.8057680000,0.8413550000,1.0000000000
0.9936270000,0.5230050000,0.7989290000,0.8415380000,0.7456690000,0.0310989000,0.8281870000,0.1687330000,0.7329750000,0.2923640000,0.5967950000,0.3525760000,0.8964320000,0.9682700000,0.6118540000,0.3928670000,0.8042170000,0.0316999000,1.0000000000
0.1708440000,0.4752380000,0.4907350000,0.1357590000,0.6625800000,0.0574444000,0.1601440000,0.6243720000,0.6125330000,0.2362130000,0.9873300000,0.4147220000,0.7883410000,0.0224180000,0.4952640000,0.2129540000,0.3490030000,0.7853780000,1.0000000000
0.4993970000,0.2202380000,0.1718990000,0.6258870000,0.4127580000,0.6727830000,0.6154960000,0.3794830000,0.0534735000,0.0811219000,0.4269090000,0.3232930000,0.1804890000,0.6520580000,0.3387040000,0.3740860000,0.9055450000,0.2039320000,1.0000000000
0.5005990000,0.2775260000,0.5213380000,0.3722390000,0.5616410000,0.7021670000,0.3752700000,0.7517700000,0.4475180000,0.5358840000,0.0176538000,0.5819240000,0.9899850000,0.3904260000,0.2816650000,0.9960820000,0.0177409000,0.9614470000,1.0000000000
0.3606080000,0.5571160000,0.9442520000,0.4787990000,0.7319110000,0.5135680000,0.9612040000,0.9173510000,0.0118531000,0.4594380000,0.3785520000,0.4605350000,0.0275543000,0.2483240000,0.7858680000,0.8745460000,0.9627350000,0.2474640000,1.0000000000
0.6346280000,0.6620480000,0.7438000000,0.9144650000,0.4908520000,0.0859072000,0.2628640000,0.7313680000,0.2281450000,0.5743280000,0.3324460000,0.4782320000,0.5055880000,0.1774530000,0.5479720000,0.5851510000,0.3345230000,0.9914070000,1.0000000000
0.6528240000,0.4328910000,0.4258330000,0.5134220000,0.1257240000,0.5543240000,0.5489500000,0.8779300000,0.4223390000,0.4316240000,0.4066820000,0.9153450000,0.4146420000,0.3451020000,0.8929460000,0.1480140000,0.2980680000,0.9420270000,1.0000000000
0.0351427000,0.8766000000,0.1106040000,0.2249910000,0.3736710000,0.5621090000,0.3753310000,0.0790906000,0.4497700000,0.0629005000,0.7694600000,0.8789350000,0.9508260000,0.0464525000,0.7063230000,0.9286680000,0.0969123000,0.3246810000,1.0000000000
0.1782520000,0.1923190000,0.7363210000,0.2805740000,0.1863120000,0.1402740000,0.4078660000,0.6217800000,0.5651400000,0.6252010000,0.6796930000,0.7323880000,0.2541580000,0.4947400000,0.0110023000,0.9229000000,0.7120960000,0.2703850000,1.0000000000
0.7288780000,0.9983720000,0.3813720000,0.4066680000,0.5935330000,0.8207670000,0.1162710000,0.5284490000,0.8405490000,0.9605450000,0.6767390000,0.4754270000,0.8724870000,0.5073610000,0.4113800000,0.7408190000,0.7864220000,0.1958580000,1.0000000000
0.7282890000,0.7832550000,0.9599550000,0.0549775000,0.4223020000,0.1895590000,0.7685130000,0.8980060000,0.9401330000,0.6962450000,0.0142543000,0.8487230000,0.2691970000,0.3173350000,0.3653860000,0.7324670000,0.4458720000,0.0031839500,0.0000000000
0.3840820000,0.8831490000,0.0292803000,0.3594670000,0.3573820000,0.5262680000,0.0362780000,0.5907550000,0.1375060000,0.0481509000,0.6625210000,0.3380020000,0.3058940000,0.0267616000,0.0309024000,0.3390450000,0.5764790000,0.7595670000,1.0000000000
0.4074460000,0.0989318000,0.2580770000,0.4960450000,0.0253345000,0.8692840000,0.3203200000,0.8551040000,0.9684430000,0.8487470000,0.2667790000,0.7663670000,0.4105090000,0.6031670000,0.3247410000,0.2631740000,0.0240656000,0.6956760000,1.0000000000
0.7758010000,0.6888150000,0.0031296700,0.7067810000,0.4484080000,0.6958380000,0.4177050000,0.8936140000,0.6868080000,0.7837510000,0.5198790000,0.1368560000,0.2403990000,0.2615420000,0.4449060000,0.5212800000,0.2376500000,0.5496070000,1.0000000000
0.3424840000,0.0062498300,0.6880580000,0.4385940000,0.5147150000,0.3081770000,0.5907640000,0.5877430000,0.3575310000,0.5040600000,0.8936150000,0.3901130000,0.5226340000,0.1798170000,0.6579830000,0.5895270000,0.7548010000,0.5645750000,1.0000000000
0.2069350000,0.8545030000,0.2756520000,0.8508380000,0.7174640000,0.0885882000,0.9743580000,0.2235610000,0.2572850000,0.5537720000,0.2459790000,0.8269270000,0.6820800000,0.7040990000,0.1680940000,0.7844670000,0.0040930600,0.4986450000,1.0000000000
0.3036750000,0.6130920000,0.5465110000,0.5702210000,0.0137023000,0.7981130000,0.3544900000,0.5110060000,0.6895380000,0.9233410000,0.4579810000,0.6515240000,0.4974690000,0.3747830000,0.7982850000,0.9634630000,0.6422040000,0.5536690000,1.0000000000
0.2738130000,0.6082930000,0.1682830000,0.6763520000,0.0137155000,0.8191800000,0.5414940000,0.4934680000,0.1804080000,0.6121120000,0.4655310000,0.9022600000,0.6315840000,0.0990889000,0.5426840000,0.1636130000,0.8163580000,0.7119090000,1.0000000000
0.1767040000,0.1208450000,0.5928730000,0.6177570000,0.7977620000,0.4714820000,0.3785510000,0.9228850000,0.7428610000,0.8040320000,0.0165141000,0.7805880000,0.9670540000,0.1049630000,0.1810930000,0.2555840000,0.3490210000,0.5481400000,1.0000000000
0.2929540000,0.8617200000,0.5404360000,0.6073240000,0.0344452000,0.2987520000,0.4885010000,0.7864940000,0.2371640000,0.9094900000,0.8422240000,0.3343420000,0.1758980000,0.1842360000,0.1434550000,0.2124440000,0.3941290000,0.4952080000,1.0000000000
0.4202770000,0.3718720000,0.7422120000,0.0630452000,0.1891600000,0.8461390000,0.8742330000,0.1438190000,0.1562960000,0.3538350000,0.3931210000,0.6338430000,0.7883710000,0.8562840000,0.6020190000,0.1686310000,0.5345220000,0.9875130000,1.0000000000
0.1116650000,0.6927020000,0.4020230000,0.8586940000,0.8853490000,0.5532260000,0.3701500000,0.6978810000,0.6454190000,0.8625520000,0.9751030000,0.8576920000,0.6879340000,0.8726100000,0.1874850000,0.4274790000,0.1328320000,0.5233910000,1.0000000000
0.6778130000,0.6435970000,0.8592180000,0.6936350000,0.5019200000,0.0400290000,0.6273870000,0.8867810000,0.6301410000,0.4337540000,0.4798360000,0.3437620000,0.1194980000,0.7687510000,0.9041950000,0.7272120000,0.1432940000,0.7103430000,1.0000000000
0.7243610000,0.6289870000,0.8960970000,0.3287220000,0.1959200000,0.2463740000,0.0045901400,0.4584200000,0.4376270000,0.8891230000,0.9373250000,0.1838880000,0.1104300000,0.2904350000,0.0950084000,0.6303680000,0.3510210000,0.1116420000,1.0000000000
0.6630390000,0.2666490000,0.1050460000,0.9221500000,0.2326580000,0.1201870000,0.0222084000,0.3672090000,0.9369070000,0.5950620000,0.5932290000,0.4183470000,0.3313390000,0.4816100000,0.1946370000,0.7630000000,0.2199250000,0.2334150000,1.0000000000
0.3176330000,0.7439690000,0.6491120000,0.5444910000,0.4165030000,0.7760860000,0.9543020000,0.3981140000,0.6879200000,0.1813120000,0.6218730000,0.1254440000,0.1977680000,0.1602620000,0.3920570000,0.1015580000,0.8529940000,0.4606630000,1.0000000000
0.1877610000,0.0408159000,0.3227890000,0.4486500000,0.0747266000,0.3016290000,0.7363610000,0.9049580000,0.7069210000,0.9654980000,0.7312240000,0.8276310000,0.5393190000,0.2040300000,0.0236395000,0.5127680000,0.1048070000,0.8093010000,1.0000000000
0.7951980000,0.1297870000,0.8818250000,0.5312660000,0.5469970000,0.6265960000,0.6897730000,0.9416510000,0.4664190000,0.0983133000,0.4351430000,0.7303660000,0.8682680000,0.8528200000,0.5259770000,0.7854210000,0.6306030000,0.7409230000,1.0000000000
0.4211750000,0.0201875000,0.3633180000,0.3237150000,0.6010640000,0.7714880000,0.5604890000,0.1600760000,0.6069760000,0.6546450000,0.7813700000,0.9771210000,0.8606630000,0.5083720000,0.0801678000,0.8473450000,0.4171810000,0.6856590000,1.0000000000
0.8621340000,0.3908910000,0.5992600000,0.8540890000,0.7714600000,0.0607178000,0.3056020000,0.7191930000,0.4901890000,0.6047120000,0.5309330000,0.0598184000,0.6064690000,0.2090660000,0.9612800000,0.7918480000,0.1904880000,0.8435830000,1.0000000000
0.3759800000,0.8187560000,0.8102200000,0.5419490000,0.4051640000,0.8980750000,0.7294710000,0.6682810000,0.9397040000,0.1868250000,0.9132750000,0.5316360000,0.2177460000,0.4348890000,0.9216800000,0.3800260000,0.5222580000,0.5016450000,1.0000000000
0.1587420000,0.6989760000,0.2181700000,0.7545550000,0.7884120000,0.4838940000,0.2494970000,0.7481980000,0.7063660000,0.1864550000,0.7559930000,0.9422030000,0.9761340000,0.7640230000,0.1774380000,0.4598000000,0.6768350000,0.7575770000,1.0000000000
0.1984840000,0.4360490000,0.6682610000,0.9959550000,0.1090890000,0.0349164000,0.2644790000,0.9925290000,0.7006690000,0.4106960000,0.0004189970,0.3095550000,0.7316300000,0.6995170000,0.1433230000,0.2497200000,0.1291110000,0.8233900000,1.0000000000
0.3418510000,0.3942780000,0.2002520000,0.8658610000,0.2759190000,0.0698513000,0.8386120000,0.4641180000,0.4538350000,0.5466290000,0.0225112000,0.1204940000,0.7904990000,0.2147930000,0.8229000000,0.4092290000,0.4414060000,0.2576750000,1.0000000000
0.7101910000,0.0802141000,0.4042420000,0.6473600000,0.9157130000,0.1544400000,0.6146670000,0.3297260000,0.2795050000,0.4887820000,0.6802310000,0.8205510000,0.7401440000,0.4021570000,0.9214110000,0.1997000000,0.0157825000,0.0760745000,1.0000000000
0.9500460000,0.2690550000,0.2785550000,0.6262700000,0.8596630000,0.7126930000,0.2387480000,0.8470790000,0.0053256100,0.3595300000,0.2733770000,0.6499900000,0.1083890000,0.9013320000,0.1664540000,0.5852720000,0.6242970000,0.4412980000,1.0000000000
0.6442590000,0.9690220000,0.8156320000,0.5612100000,0.7781060000,0.4543470000,0.9183610000,0.8099180000,0.2547020000,0.4193130000,0.7809020000,0.0153047000,0.4322290000,0.7725090000,0.5220240000,0.0772065000,0.1728650000,0.8473590000,1.0000000000
0.2589060000,0.7181180000,0.2379760000,0.2568370000,0.2904910000,0.2790410000,0.3862120000,0.0651321000,0.8840290000,0.4307300000,0.7234150000,0.5229600000,0.6920420000,0.5785700000,0.7508510000,0.8091930000,0.9300440000,0.0547072000,1.0000000000
0.5046330000,0.3874610000,0.3674620000,0.8859560000,0.3319080000,0.3246340000,0.4740760000,0.2197180000,0.4723250000,0.0491548000,0.4537510000,0.8352080000,0.6011690000,0.5995250000,0.2409760000,0.0170818000,0.1260650000,0.0385492000,1.0000000000
0.1793630000,0.4040920000,0.4167800000,0.5977720000,0.9055770000,0.7512180000,0.8655770000,0.1863330000,0.1103660000,0.3723110000,0.7018230000,0.7448250000,0.2724180000,0.0328353000,0.8272680000,0.2614790000,0.3224080000,0.9200820000,1.0000000000
0.0905760000,0.6883660000,0.1484530000,0.3459990000,0.5208580000,0.9612670000,0.0840596000,0.4707890000,0.7886370000,0.6594050000,0.2489570000,0.9900950000,0.4259950000,0.2930080000,0.6198230000,0.1135440000,0.0359882000,0.0475557000,1.0000000000
0.2055540000,0.3221540000,0.6155680000,0.0085678300,0.4707570000,0.3844210000,0.8825960000,0.2071590000,0.6420310000,0.1820510000,0.1884670000,0.1088390000,0.2986250000,0.0025087600,0.1306770000,0.0983567000,0.7074880000,0.1551180000,1.0000000000
0.7511710000,0.0551830000,0.8760630000,0.0317078000,0.9536960000,0.1153760000,0.3583280000,0.8552120000,0.2336560000,0.9385780000,0.7599270000,0.6055220000,0.2423200000,0.4953080000,0.7825110000,0.7780730000,0.1440950000,0.0132487000,1.0000000000
0.4035730000,0.6241810000,0.3522670000,0.6919710000,0.2147740000,0.8145840000,0.4378880000,0.2202450000,0.5748270000,0.2568500000,0.5455550000,0.3600060000,0.0525210000,0.9207060000,0.6768700000,0.8288090000,0.2993360000,0.1217200000,1.0000000000
0.3819920000,0.9517350000,0.0922091000,0.9240310000,0.1987910000,0.6412330000,0.1173150000,0.8758360000,0.6322730000,0.4474580000,0.7536780000,0.2600180000,0.5630170000,0.6198290000,0.0374262000,0.7201330000,0.7578400000,0.4318460000,1.0000000000
0.5542290000,0.6403170000,0.1791990000,0.9438160000,0.9654350000,0.9079780000,0.2883470000,0.1372210000,0.9311990000,0.4507230000,0.9312480000,0.2686740000,0.7164560000,0.7691750000,0.7762140000,0.9693630000,0.5915930000,0.8523210000,1.0000000000
0.2127510000,0.1558780000,0.6433790000,0.9251870000,0.9001700000,0.1716400000,0.0938458000,0.0463792000,0.8357550000,0.5227190000,0.0961259000,0.5009210000,0.7565600000,0.8538890000,0.4756320000,0.9936390000,0.5653880000,0.0814179000,1.0000000000
0.0390601000,0.7894720000,0.1008690000,0.0767584000,0.9929310000,0.9839410000,0.2043070000,0.4755610000,0.1313430000,0.8932820000,0.2220720000,0.0012815300,0.3103390000,0.7298150000,0.9379510000,0.8025060000,0.8680530000,0.0333635000,1.0000000000
0.7567450000,0.8933190000,0.4919380000,0.6601900000,0.7023810000,0.2406380000,0.7414010000,0.8087210000,0.8918860000,0.2469900000,0.6224590000,0.7701310000,0.7467460000,0.6692620000,0.3176050000,0.1839110000,0.6787910000,0.5303690000,1.0000000000
0.3716940000,0.3051460000,0.6085350000,0.4034260000,0.1828330000,0.9568450000,0.9290410000,0.2225930000,0.8451240000,0.7779380000,0.0570446000,0.0498132000,0.9878310000,0.7830730000,0.2857590000,0.1023000000,0.3024310000,0.2293150000,1.0000000000
0.1661430000,0.2802680000,0.0688180000,0.7343320000,0.5341260000,0.0138682000,0.1456050000,0.5786650000,0.8952570000,0.8654060000,0.5505640000,0.5053800000,0.7519080000,0.3346150000,0.7675930000,0.1080970000,0.6024840000,0.9030970000,1.0000000000
0.9317800000,0.5344870000,0.0723502000,0.5080440000,0.7973510000,0.8549420000,0.5343990000,0.4994210000,0.8658160000,0.5147910000,0.5007260000,0.4104100000,0.5490860000,0.1179090000,0.9013090000,0.2740640000,0.6443230000,0.0387893000,1.0000000000
0.7884940000,0.2309920000,0.0224941000,0.4666020000,0.6224390000,0.5295070000,0.0469439000,0.0266989000,0.9176830000,0.7417590000,0.3746470000,0.3058140000,0.3026090000,0.5667110000,0.4429740000,0.7489230000,0.6884020000,0.7190640000,1.0000000000
0.0294537000,0.6757250000,0.0249301000,0.1138320000,0.8336860000,0.2681910000,0.9364070000,0.5772690000,0.7283630000,0.8464940000,0.4198480000,0.2862280000,0.7820140000,0.4559990000,0.4508570000,0.9092240000,0.8270980000,0.1259610000,1.0000000000
0.6451460000,0.7489600000,0.4516160000,0.2239270000,0.3175650000,0.7082960000,0.6274750000,0.5717720000,0.4215840000,0.8005400000,0.9551960000,0.5507080000,0.0342961000,0.0696970000,0.0273456000,0.5326760000,0.2453350000,0.4298790000,1.0000000000
0.5499420000,0.9886040000,0.3815340000,0.6014240000,0.1311960000,0.2088420000,0.8098480000,0.9288020000,0.6899690000,0.6679660000,0.2048410000,0.6251130000,0.0468506000,0.5430820000,0.1038490000,0.6111930000,0.7031750000,0.3723350000,1.0000000000
0.1931190000,0.7948680000,0.1859320000,0.4041780000,0.2340200000,0.3334960000,0.6323810000,0.5173630000,0.6032690000,0.3296600000,0.2860560000,0.1745490000,0.5582480000,0.3393540000,0.1624670000,0.2089160000,0.2609990000,0.6437830000,1.0000000000
0.8335250000,0.0893573000,0.8849530000,0.3208350000,0.1325480000,0.3187720000,0.1561290000,0.8149040000,0.1418150000,0.7003940000,0.8752990000,0.3766620000,0.6757160000,0.9773320000,0.0118210000,0.0609656000,0.8421100000,0.2846730000,1.0000000000
0.3315350000,0.5112450000,0.2361380000,0.6333670000,0.6150600000,0.6225960000,0.9057280000,0.9320180000,0.2499820000,0.3268470000,0.2147030000,0.7514370000,0.7308800000,0.6359760000,0.4867520000,0.2760670000,0.1510710000,0.8740930000,1.0000000000
0.9166370000,0.3842960000,0.5831980000,0.6575870000,0.8692970000,0.6591900000,0.9852720000,0.9377440000,0.8943370000,0.8655470000,0.3062710000,0.7749860000,0.4964980000,0.3593210000,0.1817980000,0.3455470000,0.2289570000,0.2213490000,1.0000000000
0.8878650000,0.8413390000,0.2965200000,0.9532600000,0.8906640000,0.5783520000,0.1531670000,0.8837030000,0.3745670000,0.5616470000,0.1248580000,0.5586330000,0.2013860000,0.2157160000,0.4762440000,0.0834341000,0.2476470000,0.4129390000,0.0000000000
0.7540350000,0.9286930000,0.1918300000,0.2286630000,0.7776850000,0.4980390000,0.9159090000,0.5159940000,0.0884462000,0.4637490000,0.6662690000,0.8663180000,0.1233840000,0.8574240000,0.8112790000,0.7076840000,0.0002193600,0.1719430000,1.0000000000
0.9067360000,0.8456110000,0.0338896000,0.3829480000,0.6456350000,0.9327910000,0.0400954000,0.5496320000,0.2177790000,0.9230080000,0.3533180000,0.8285810000,0.8652060000,0.0840832000,0.3674330000,0.5371260000,0.0875758000,0.2723030000,0.0000000000
0.5905650000,0.2156720000,0.7026050000,0.8376100000,0.0283371000,0.1495890000,0.6178220000,0.8703720000,0.9567900000,0.5458230000,0.6012990000,0.2758560000,0.8640890000,0.0068026300,0.1054340000,0.4252180000,0.8272570000,0.3982930000,1.0000000000
0.1819230000,0.4943640000,0.7116810000,0.9976730000,0.8437940000,0.4088660000,0.6593510000,0.5421730000,0.8295190000,0.0660898000,0.6200100000,0.1312610000,0.9187630000,0.8759260000,0.2963220000,0.6498850000,0.1247150000,0.2083810000,1.0000000000
0.9855680000,0.2348070000,0.2446980000,0.6004570000,0.6186560000,0.3292410000,0.7032660000,0.8616830000,0.7184160000,0.1072940000,0.3386750000,0.6235860000,0.2945520000,0.4210980000,0.0351773000,0.8882130000,0.0698347000,0.9151450000,1.0000000000
0.2039310000,0.9003010000,0.8497520000,0.8228520000,0.0748835000,0.4533700000,0.9114660000,0.2498960000,0.0429546000,0.1770470000,0.1725830000,0.7949380000,0.7067950000,0.7972370000,0.1398740000,0.0141082000,0.3601890000,0.5776460000,1.0000000000
0.3655350000,0.9197010000,0.9660480000,0.4451460000,0.4750200000,0.4581870000,0.7982020000,0.3470310000,0.4018950000,0.4209650000,0.6222950000,0.3626680000,0.2609890000,0.1555370000,0.2922920000,0.2416110000,0.4082750000,0.2682020000,1.0000000000
0.7070140000,0.7466590000,0.9947550000,0.0875417000,0.0545943000,0.0300330000,0.8428980000,0.2083230000,0.0828870000,0.3926590000,0.4008430000,0.8498960000,0.3422990000,0.9849260000,0.4114070000,0.2197840000,0.7356550000,0.9488560000,1.0000000000
0.0270948000,0.5261420000,0.4977180000,0.8965040000,0.4838440000,0.7420030000,0.0781518000,0.9280380000,0.3451050000,0.2940460000,0.9475770000,0.7446570000,0.7880390000,0.9438710000,0.1549180000,0.6789890000,0.8579670000,0.9330880000,1.0000000000
0.7406770000,0.6211740000,0.9614120000,0.0497501000,0.9472340000,0.9533600000,0.5152630000,0.1222140000,0.5715430000,0.4976780000,0.7708240000,0.6015230000,0.9467070000,0.0710945000,0.3629840000,0.0882174000,0.2871830000,0.8830870000,0.0000000000
0.9698000000,0.6914160000,0.5260290000,0.0823638000,0.1046760000,0.7894020000,0.8054340000,0.6311100000,0.5971290000,0.2919830000,0.4132480000,0.6544710000,0.8730860000,0.0787491000,0.5705250000,0.6394300000,0.6780070000,0.9910410000,0.0000000000
0.6164690000,0.7415960000,0.7816560000,0.0334202000,0.2397470000,0.1497450000,0.4052330000,0.9377970000,0.0630709000,0.0340824000,0.6337580000,0.3193700000,0.9929120000,0.4087460000,0.3858540000,0.5544300000,0.4555470000,0.2504760000,0.0000000000
0.8498740000,0.5844600000,0.1611040000,0.8236530000,0.3652440000,0.5192580000,0.9491890000,0.0839374000,0.5220970000,0.7313410000,0.5778840000,0.8607530000,0.3466600000,0.6558540000,0.6712480000,0.4828170000,0.5109580000,0.6252670000,1.0000000000
0.8276510000,0.6698270000,0.0853151000,0.6855470000,0.2857100000,0.7812740000,0.3992500000,0.4403480000,0.1027000000,0.8183020000,0.1819320000,0.0696794000,0.2685660000,0.1490360000,0.2933980000,0.5809140000,0.9375220000,0.6619280000,1.0000000000
0.5376770000,0.4475570000,0.8440690000,0.1770220000,0.0372798000,0.5291620000,0.7530030000,0.1618670000,0.7938610000,0.9185500000,0.3462420000,0.7901460000,0.7595600000,0.3199820000,0.8290800000,0.3886480000,0.3503520000,0.7156730000,1.0000000000
0.4235520000,0.4088440000,0.8495790000,0.4891680000,0.0339348000,0.2408710000,0.3494800000,0.7952650000,0.1408540000,0.0395519000,0.8082440000,0.9288960000,0.3050140000,0.9097200000,0.7958700000,0.3315070000,0.9195580000,0.5055780000,1.0000000000
0.8279600000,0.0635903000,0.9361400000,0.2880640000,0.3500270000,0.3119470000,0.1701070000,0.7639200000,0.1296320000,0.1353770000,0.1458050000,0.9563080000,0.3965930000,0.3561580000,0.6874920000,0.5491320000,0.7171280000,0.6303710000,1.0000000000
0.5719720000,0.8881150000,0.2103880000,0.2050220000,0.7856440000,0.6214220000,0.1011430000,0.7360780000,0.8389930000,0.5031080000,0.2291000000,0.9664710000,0.1685890000,0.9701170000,0.6267230000,0.0622892000,0.7422710000,0.7894000000,1.0000000000
0.3560960000,0.5159890000,0.0047398000,0.0682945000,0.2602250000,0.0781154000,0.3615190000,0.2155760000,0.7375130000,0.2710330000,0.8949200000,0.0353481000,0.5993390000,0.9022880000,0.5792580000,0.0919022000,0.4460900000,0.8290000000,1.0000000000
0.4115790000,0.2448180000,0.0096233200,0.9309910000,0.8937050000,0.4321740000,0.2054350000,0.5199310000,0.2082620000,0.2273480000,0.6160920000,0.5248890000,0.8341300000,0.3438070000,0.5360580000,0.7570700000,0.3615160000,0.6777360000,1.0000000000
0.2587950000,0.9514510000,0.1740040000,0.9454070000,0.2987330000,0.9378220000,0.5121850000,0.5448000000,0.5062440000,0.1386370000,0.8054660000,0.7826150000,0.8786430000,0.3629880000,0.2354910000,0.5068360000,0.6764900000,0.5930710000,1.0000000000
0.4304310000,0.1772850000,0.2397690000,0.5601540000,0.1353860000,0.0004755010,0.4465320000,0.2505710000,0.0173167000,0.1218910000,0.6584680000,0.6794510000,0.2908550000,0.1263600000,0.5693930000,0.1695240000,0.4978230000,0.2020200000,1.0000000000
0.4451760000,0.9904430000,0.8180600000,0.5874110000,0.5410930000,0.4322640000,0.1394590000,0.3811740000,0.8734010000,0.3895120000,0.6325760000,0.1161970000,0.4031970000,0.8669840000,0.8786780000,0.1552910000,0.1242950000,0.5682750000,1.0000000000
0.7152090000,0.3291580000,0.5760850000,0.0223011000,0.3843420000,0.8226940000,0.7169300000,0.3251970000,0.8546840000,0.3986390000,0.8356730000,0.4679840000,0.0048253100,0.6822740000,0.1142360000,0.5660280000,0.5592040000,0.8027710000,1.0000000000
0.9393560000,0.7510890000,0.7042360000,0.9705510000,0.6428960000,0.5676510000,0.1938480000,0.1616190000,0.4822170000,0.6647830000,0.8887020000,0.6767110000,0.9333860000,0.0380853000,0.5291680000,0.0975876000,0.9261380000,0.2342140000,0.0000000000
0.2451300000,0.3802060000,0.2739280000,0.0259226000,0.8399740000,0.9366260000,0.6322050000,0.9629140000,0.1074150000,0.9325780000,0.6966300000,0.7517860000,0.0129643000,0.3340980000,0.8315530000,0.6199040000,0.6977590000,0.7744400000,1.0000000000
0.7996910000,0.0465555000,0.6515870000,0.5959120000,0.0568422000,0.8795960000,0.9730030000,0.5811560000,0.6383990000,0.3363440000,0.8015070000,0.1370990000,0.7816000000,0.7365960000,0.5976300000,0.7005050000,0.2234170000,0.3004270000,1.0000000000
0.2184930000,0.9385340000,0.3188720000,0.3560520000,0.3868790000,0.6558680000,0.3435280000,0.3334590000,0.5244990000,0.3141270000,0.9915120000,0.5968480000,0.7522420000,0.5154220000,0.7334650000,0.2225630000,0.9169470000,0.2185850000,1.0000000000
0.9672320000,0.6428150000,0.6619390000,0.3815640000,0.4570690000,0.5850600000,0.7084720000,0.4487780000,0.8990230000,0.9813650000,0.9588530000,0.8754730000,0.9465440000,0.0857939000,0.8776400000,0.6426890000,0.2244630000,0.2986130000,0.0000000000
0.1254990000,0.7077300000,0.4796240000,0.1650740000,0.1584090000,0.4660250000,0.7019450000,0.1467340000,0.5885500000,0.2156810000,0.1573640000,0.8700280000,0.5389500000,0.7712050000,0.2567120000,0.8998930000,0.6290120000,0.2231820000,1.0000000000
0.6299260000,0.0089943700,0.5798330000,0.7540400000,0.3249200000,0.3648200000,0.0937815000,0.6964640000,0.0742784000,0.8161840000,0.8440580000,0.5788370000,0.0998531000,0.8122970000,0.8582800000,0.6048160000,0.5273960000,0.3803900000,1.0000000000
0.0491052000,0.1385900000,0.9751460000,0.7832440000,0.4945500000,0.9444830000,0.0076097400,0.8478890000,0.5832390000,0.1692310000,0.9048120000,0.2628540000,0.9001190000,0.6656550000,0.6973630000,0.6366160000,0.0299564000,0.7449910000,1.0000000000
0.9804650000,0.4479950000,0.2303810000,0.6271970000,0.8811810000,0.9414630000,0.2808230000,0.8311340000,0.5094600000,0.5407240000,0.9211780000,0.1478690000,0.5826670000,0.8708300000,0.2080590000,0.7802060000,0.7550970000,0.0683731000,1.0000000000
0.1919040000,0.4845470000,0.3361750000,0.4125200000,0.1840290000,0.1086130000,0.8256700000,0.2324500000,0.2582010000,0.1183210000,0.1943680000,0.6843120000,0.1567990000,0.5157650000,0.6446410000,0.3629880000,0.7879960000,0.2233620000,1.0000000000
0.5958120000,0.9661070000,0.5094070000,0.6625450000,0.1222120000,0.9842120000,0.4910540000,0.0710694000,0.1261040000,0.3023330000,0.0897460000,0.5467710000,0.2787530000,0.4431690000,0.0731114000,0.0329676000,0.5610980000,0.8040140000,1.0000000000
0.8095430000,0.8375110000,0.0734417000,0.5898920000,0.8684310000,0.3511310000,0.3899010000,0.1881230000,0.5365430000,0.7322560000,0.0058644700,0.6610660000,0.2242110000,0.8429520000,0.0484390000,0.3302380000,0.2557280000,0.5654400000,1.0000000000
0.9371260000,0.6733820000,0.6192430000,0.3675320000,0.8528420000,0.0088991500,0.4961730000,0.7536650000,0.2426080000,0.6725410000,0.6319080000,0.1658910000,0.9858020000,0.3255170000,0.8067180000,0.0681217000,0.8714820000,0.8865600000,0.0000000000
0.0183409000,0.4890460000,0.6458490000,0.2213460000,0.5936070000,0.5097850000,0.3978310000,0.3400450000,0.3628650000,0.2306300000,0.0613304000,0.7228170000,0.8034150000,0.9737760000,0.4378150000,0.0442846000,0.1125910000,0.6383570000,1.0000000000
0.5427970000,0.2170610000,0.2703330000,0.6100460000,0.3219210000,0.5717630000,0.2121280000,0.1472030000,0.9495180000,0.0200362000,0.3652110000,0.2134560000,0.3261000000,0.3828510000,0.1253160000,0.9972650000,0.7267880000,0.8146270000,1.0000000000
0.9902130000,0.2941300000,0.3153430000,0.9946820000,0.7779060000,0.1227450000,0.1808230000,0.7810110000,0.5981160000,0.7128020000,0.8798420000,0.2541840000,0.4234460000,0.5387740000,0.1275780000,0.7211810000,0.9967900000,0.4180220000,1.0000000000
0.1228770000,0.6044380000,0.4919990000,0.1171480000,0.4038140000,0.5914580000,0.6573430000,0.1823100000,0.6548780000,0.5589820000,0.6006180000,0.0349300000,0.7459480000,0.0552279000,0.9511030000,0.7423710000,0.3865190000,0.7845260000,1.0000000000
0.8371780000,0.3492090000,0.1391250000,0.9106520000,0.7238730000,0.4361980000,0.4443140000,0.8922700000,0.2758550000,0.5729870000,0.5695740000,0.5932700000,0.6807070000,0.5204220000,0.0730671000,0.1206360000,0.5163080000,0.6600150000,1.0000000000
0.4708530000,0.7609380000,0.2314900000,0.3873520000,0.5812730000,0.7139670000,0.4396340000,0.9222980000,0.2774570000,0.9522110000,0.3702880000,0.4017960000,0.7675000000,0.8669480000,0.9332090000,0.3211880000,0.1799500000,0.4726300000,1.0000000000
0.6665750000,0.3610880000,0.7486820000,0.3111020000,0.0316861000,0.7836550000,0.1857860000,0.6401240000,0.8730270000,0.7761110000,0.6086960000,0.3698220000,0.3657030000,0.0932899000,0.0050675900,0.2769630000,0.2056990000,0.4360300000,1.0000000000
0.2216770000,0.7679230000,0.3659550000,0.8594190000,0.7462080000,0.7471490000,0.9592170000,0.6582930000,0.1300170000,0.0304887000,0.9376470000,0.1659220000,0.0634364000,0.0128097000,0.8513200000,0.8333760000,0.8578480000,0.6783800000,1.0000000000
