0.0099000000,0.0484000000,0.0299000000,0.0297000000,0.0652000000,0.1077000000,0.2363000000,0.2385000000,0.0075000000,0.1882000000,0.1456000000,0.1892000000,0.3176000000,0.1340000000,0.2169000000,0.2458000000,0.2589000000,0.2786000000,0.2298000000,0.0656000000,0.1441000000,0.1179000000,0.1668000000,0.1783000000,0.2476000000,0.2570000000,0.1036000000,0.5356000000,0.7124000000,0.6291000000,0.4756000000,0.6015000000,0.7208000000,0.6234000000,0.5725000000,0.7523000000,0.8712000000,0.9252000000,0.9709000000,0.9297000000,0.8995000000,0.7911000000,0.5600000000,0.2838000000,0.4407000000,0.5507000000,0.4331000000,0.2905000000,0.1981000000,0.0779000000,0.0396000000,0.0173000000,0.0149000000,0.0115000000,0.0202000000,0.0139000000,0.0029000000,0.0160000000,0.0106000000,0.0134000000,1.0000000000
0.0094000000,0.0611000000,0.1136000000,0.1203000000,0.0403000000,0.1227000000,0.2495000000,0.4566000000,0.6587000000,0.5079000000,0.3350000000,0.0834000000,0.3004000000,0.3957000000,0.3769000000,0.3828000000,0.1247000000,0.1363000000,0.2678000000,0.9188000000,0.9779000000,0.3236000000,0.1944000000,0.1874000000,0.0885000000,0.3443000000,0.2953000000,0.5908000000,0.4564000000,0.7334000000,0.1969000000,0.2790000000,0.6212000000,0.8681000000,0.8621000000,0.9380000000,0.8327000000,0.9480000000,0.6721000000,0.4436000000,0.5163000000,0.3809000000,0.1557000000,0.1449000000,0.2662000000,0.1806000000,0.1699000000,0.2559000000,0.1129000000,0.0201000000,0.0480000000,0.0234000000,0.0175000000,0.0352000000,0.0158000000,0.0326000000,0.0201000000,0.0168000000,0.0245000000,0.0154000000,0.0000000000
0.0156000000,0.0210000000,0.0282000000,0.0596000000,0.0462000000,0.0779000000,0.1365000000,0.0780000000,0.1038000000,0.1567000000,0.2476000000,0.2783000000,0.2896000000,0.2956000000,0.3189000000,0.1892000000,0.1730000000,0.2226000000,0.2427000000,0.3149000000,0.4102000000,0.3808000000,0.4896000000,0.6292000000,0.7519000000,0.7985000000,0.8830000000,0.9915000000,0.9223000000,0.6981000000,0.6167000000,0.5069000000,0.3921000000,0.3524000000,0.2183000000,0.1245000000,0.1592000000,0.1626000000,0.2356000000,0.2483000000,0.2437000000,0.2715000000,0.1184000000,0.1157000000,0.1449000000,0.1883000000,0.1954000000,0.1492000000,0.0511000000,0.0155000000,0.0189000000,0.0150000000,0.0060000000,0.0082000000,0.0091000000,0.0038000000,0.0056000000,0.0056000000,0.0048000000,0.0024000000,0.0000000000
0.0323000000,0.0101000000,0.0298000000,0.0564000000,0.0760000000,0.0958000000,0.0990000000,0.1018000000,0.1030000000,0.2154000000,0.3085000000,0.3425000000,0.2990000000,0.1402000000,0.1235000000,0.1534000000,0.1901000000,0.2429000000,0.2120000000,0.2395000000,0.3272000000,0.5949000000,0.8302000000,0.9045000000,0.9888000000,0.9912000000,0.9448000000,1.0000000000,0.9092000000,0.7412000000,0.7691000000,0.7117000000,0.5304000000,0.2131000000,0.0928000000,0.1297000000,0.1159000000,0.1226000000,0.1768000000,0.0345000000,0.1562000000,0.0824000000,0.1149000000,0.1694000000,0.0954000000,0.0080000000,0.0790000000,0.1255000000,0.0647000000,0.0179000000,0.0051000000,0.0061000000,0.0093000000,0.0135000000,0.0063000000,0.0063000000,0.0034000000,0.0032000000,0.0062000000,0.0067000000,0.0000000000
0.0491000000,0.0279000000,0.0592000000,0.1270000000,0.1772000000,0.1908000000,0.2217000000,0.0768000000,0.1246000000,0.2028000000,0.0947000000,0.2497000000,0.2209000000,0.3195000000,0.3340000000,0.3323000000,0.2780000000,0.2975000000,0.2948000000,0.1729000000,0.3264000000,0.3834000000,0.3523000000,0.5410000000,0.5228000000,0.4475000000,0.5340000000,0.5323000000,0.3907000000,0.3456000000,0.4091000000,0.4639000000,0.5580000000,0.5727000000,0.6355000000,0.7563000000,0.6903000000,0.6176000000,0.5379000000,0.5622000000,0.6508000000,0.4797000000,0.3736000000,0.2804000000,0.1982000000,0.2438000000,0.1789000000,0.1706000000,0.0762000000,0.0238000000,0.0268000000,0.0081000000,0.0129000000,0.0161000000,0.0063000000,0.0119000000,0.0194000000,0.0140000000,0.0332000000,0.0439000000,0.0000000000
0.0715000000,0.0849000000,0.0587000000,0.0218000000,0.0862000000,0.1801000000,0.1916000000,0.1896000000,0.2960000000,0.4186000000,0.4867000000,0.5249000000,0.5959000000,0.6855000000,0.8573000000,0.9718000000,0.8693000000,0.8711000000,0.8954000000,0.9922000000,0.8980000000,0.8158000000,0.8373000000,0.7541000000,0.5893000000,0.5488000000,0.5643000000,0.5406000000,0.4783000000,0.4439000000,0.3698000000,0.2574000000,0.1478000000,0.1743000000,0.1229000000,0.1588000000,0.1803000000,0.1436000000,0.1667000000,0.2630000000,0.2234000000,0.1239000000,0.0869000000,0.2092000000,0.1499000000,0.0676000000,0.0899000000,0.0927000000,0.0658000000,0.0086000000,0.0216000000,0.0153000000,0.0121000000,0.0096000000,0.0196000000,0.0042000000,0.0066000000,0.0099000000,0.0083000000,0.0124000000,0.0000000000
0.0151000000,0.0320000000,0.0599000000,0.1050000000,0.1163000000,0.1734000000,0.1679000000,0.1119000000,0.0889000000,0.1205000000,0.0847000000,0.1518000000,0.2305000000,0.2793000000,0.3404000000,0.4527000000,0.6950000000,0.8807000000,0.9154000000,0.7542000000,0.6736000000,0.7146000000,0.8335000000,0.7701000000,0.6993000000,0.6543000000,0.5040000000,0.4926000000,0.4992000000,0.4161000000,0.1631000000,0.0404000000,0.0637000000,0.2962000000,0.3609000000,0.1866000000,0.0476000000,0.1497000000,0.2405000000,0.1980000000,0.3175000000,0.2379000000,0.1716000000,0.1559000000,0.1556000000,0.0422000000,0.0493000000,0.0476000000,0.0219000000,0.0059000000,0.0086000000,0.0061000000,0.0015000000,0.0084000000,0.0128000000,0.0054000000,0.0011000000,0.0019000000,0.0023000000,0.0062000000,1.0000000000
0.0373000000,0.0281000000,0.0232000000,0.0225000000,0.0179000000,0.0733000000,0.0841000000,0.1031000000,0.0993000000,0.0802000000,0.1564000000,0.2565000000,0.2624000000,0.1179000000,0.0597000000,0.1563000000,0.2241000000,0.3586000000,0.1792000000,0.3256000000,0.6079000000,0.6988000000,0.8391000000,0.8553000000,0.7710000000,0.6215000000,0.5736000000,0.4402000000,0.4056000000,0.4411000000,0.5130000000,0.5965000000,0.7272000000,0.6539000000,0.5902000000,0.5393000000,0.4897000000,0.4081000000,0.4145000000,0.6003000000,0.7196000000,0.6633000000,0.6287000000,0.4087000000,0.3212000000,0.2518000000,0.1482000000,0.0988000000,0.0317000000,0.0269000000,0.0066000000,0.0008000000,0.0045000000,0.0024000000,0.0006000000,0.0073000000,0.0096000000,0.0054000000,0.0085000000,0.0060000000,1.0000000000
0.0305000000,0.0363000000,0.0214000000,0.0227000000,0.0456000000,0.0665000000,0.0939000000,0.0972000000,0.2535000000,0.3127000000,0.2192000000,0.2621000000,0.2419000000,0.2179000000,0.1159000000,0.1237000000,0.0886000000,0.1755000000,0.1758000000,0.1540000000,0.0512000000,0.1805000000,0.4039000000,0.5697000000,0.6577000000,0.7474000000,0.8543000000,0.9085000000,0.8668000000,0.8892000000,0.9065000000,0.8522000000,0.7204000000,0.6200000000,0.6253000000,0.6848000000,0.7337000000,0.6281000000,0.5725000000,0.6119000000,0.5597000000,0.4965000000,0.5027000000,0.5772000000,0.5907000000,0.4803000000,0.3877000000,0.2779000000,0.1427000000,0.0424000000,0.0271000000,0.0200000000,0.0070000000,0.0070000000,0.0086000000,0.0089000000,0.0074000000,0.0042000000,0.0055000000,0.0021000000,0.0000000000
0.0131000000,0.0201000000,0.0045000000,0.0217000000,0.0230000000,0.0481000000,0.0742000000,0.0333000000,0.1369000000,0.2079000000,0.2295000000,0.1990000000,0.1184000000,0.1891000000,0.2949000000,0.5343000000,0.6850000000,0.7923000000,0.8220000000,0.7290000000,0.7352000000,0.7918000000,0.8057000000,0.4898000000,0.1934000000,0.2924000000,0.6255000000,0.8546000000,0.8966000000,0.7821000000,0.5168000000,0.4840000000,0.4038000000,0.3411000000,0.2849000000,0.2353000000,0.2699000000,0.4442000000,0.4323000000,0.3314000000,0.1195000000,0.1669000000,0.3702000000,0.3072000000,0.0945000000,0.1545000000,0.1394000000,0.0772000000,0.0615000000,0.0230000000,0.0111000000,0.0168000000,0.0086000000,0.0045000000,0.0062000000,0.0065000000,0.0030000000,0.0066000000,0.0029000000,0.0053000000,0.0000000000
0.0331000000,0.0423000000,0.0474000000,0.0818000000,0.0835000000,0.0756000000,0.0374000000,0.0961000000,0.0548000000,0.0193000000,0.0897000000,0.1734000000,0.1936000000,0.2803000000,0.3313000000,0.5020000000,0.6360000000,0.7096000000,0.8333000000,0.8730000000,0.8073000000,0.7507000000,0.7526000000,0.7298000000,0.6177000000,0.4946000000,0.4531000000,0.4099000000,0.4540000000,0.4124000000,0.3139000000,0.3194000000,0.3692000000,0.3776000000,0.4469000000,0.4777000000,0.4716000000,0.4664000000,0.3893000000,0.4255000000,0.4064000000,0.3712000000,0.3863000000,0.2802000000,0.1283000000,0.1117000000,0.1303000000,0.0787000000,0.0436000000,0.0224000000,0.0133000000,0.0078000000,0.0174000000,0.0176000000,0.0038000000,0.0129000000,0.0066000000,0.0044000000,0.0134000000,0.0092000000,0.0000000000
0.0125000000,0.0152000000,0.0218000000,0.0175000000,0.0362000000,0.0696000000,0.0873000000,0.0616000000,0.1252000000,0.1302000000,0.0888000000,0.0500000000,0.0628000000,0.1274000000,0.0801000000,0.0742000000,0.2048000000,0.2950000000,0.3193000000,0.4567000000,0.5959000000,0.7101000000,0.8225000000,0.8425000000,0.9065000000,0.9802000000,1.0000000000,0.8752000000,0.7583000000,0.6616000000,0.5786000000,0.5128000000,0.4776000000,0.4994000000,0.5197000000,0.5071000000,0.4577000000,0.3505000000,0.1845000000,0.1890000000,0.1967000000,0.1041000000,0.0550000000,0.0492000000,0.0622000000,0.0505000000,0.0247000000,0.0219000000,0.0102000000,0.0047000000,0.0019000000,0.0041000000,0.0074000000,0.0030000000,0.0050000000,0.0048000000,0.0017000000,0.0041000000,0.0086000000,0.0058000000,1.0000000000
0.0235000000,0.0220000000,0.0167000000,0.0516000000,0.0746000000,0.1121000000,0.1258000000,0.1717000000,0.3074000000,0.3199000000,0.2946000000,0.2484000000,0.2510000000,0.1806000000,0.1413000000,0.3019000000,0.3635000000,0.3887000000,0.2980000000,0.2219000000,0.1624000000,0.1343000000,0.2046000000,0.3791000000,0.5771000000,0.7545000000,0.8406000000,0.8547000000,0.9036000000,1.0000000000,0.9646000000,0.7912000000,0.6412000000,0.5986000000,0.6835000000,0.7771000000,0.8084000000,0.7426000000,0.6295000000,0.5708000000,0.4433000000,0.3361000000,0.3795000000,0.4950000000,0.4373000000,0.2404000000,0.1128000000,0.1654000000,0.0933000000,0.0225000000,0.0214000000,0.0221000000,0.0152000000,0.0083000000,0.0058000000,0.0023000000,0.0057000000,0.0052000000,0.0027000000,0.0021000000,0.0000000000
0.0137000000,0.0297000000,0.0116000000,0.0082000000,0.0241000000,0.0253000000,0.0279000000,0.0130000000,0.0489000000,0.0874000000,0.1100000000,0.1084000000,0.1094000000,0.1023000000,0.0601000000,0.0906000000,0.1313000000,0.2758000000,0.3660000000,0.5269000000,0.5810000000,0.6181000000,0.5875000000,0.4639000000,0.5424000000,0.7367000000,0.9089000000,1.0000000000,0.8247000000,0.5441000000,0.3349000000,0.0877000000,0.1600000000,0.4169000000,0.6576000000,0.7390000000,0.7963000000,0.7493000000,0.6795000000,0.4713000000,0.2355000000,0.1704000000,0.2728000000,0.4016000000,0.4125000000,0.3470000000,0.2739000000,0.1790000000,0.0922000000,0.0276000000,0.0169000000,0.0081000000,0.0040000000,0.0025000000,0.0036000000,0.0058000000,0.0067000000,0.0035000000,0.0043000000,0.0033000000,0.0000000000
0.0519000000,0.0548000000,0.0842000000,0.0319000000,0.1158000000,0.0922000000,0.1027000000,0.0613000000,0.1465000000,0.2838000000,0.2802000000,0.3086000000,0.2657000000,0.3801000000,0.5626000000,0.4376000000,0.2617000000,0.1199000000,0.6676000000,0.9402000000,0.7832000000,0.5352000000,0.6809000000,0.9174000000,0.7613000000,0.8220000000,0.8872000000,0.6091000000,0.2967000000,0.1103000000,0.1318000000,0.0624000000,0.0990000000,0.4006000000,0.3666000000,0.1050000000,0.1915000000,0.3930000000,0.4288000000,0.2546000000,0.1151000000,0.2196000000,0.1879000000,0.1437000000,0.2146000000,0.2360000000,0.1125000000,0.0254000000,0.0285000000,0.0178000000,0.0052000000,0.0081000000,0.0120000000,0.0045000000,0.0121000000,0.0097000000,0.0085000000,0.0047000000,0.0048000000,0.0053000000,1.0000000000
0.1088000000,0.1278000000,0.0926000000,0.1234000000,0.1276000000,0.1731000000,0.1948000000,0.4262000000,0.6828000000,0.5761000000,0.4733000000,0.2362000000,0.1023000000,0.2904000000,0.4713000000,0.4659000000,0.1415000000,0.0849000000,0.3257000000,0.9007000000,0.9312000000,0.4856000000,0.1346000000,0.1604000000,0.2737000000,0.5609000000,0.3654000000,0.6139000000,0.5470000000,0.8474000000,0.5638000000,0.5443000000,0.5086000000,0.6253000000,0.8497000000,0.8406000000,0.8420000000,0.9136000000,0.7713000000,0.4882000000,0.3724000000,0.4469000000,0.4586000000,0.4491000000,0.5616000000,0.4305000000,0.0945000000,0.0794000000,0.0274000000,0.0154000000,0.0140000000,0.0455000000,0.0213000000,0.0082000000,0.0124000000,0.0167000000,0.0103000000,0.0205000000,0.0178000000,0.0187000000,0.0000000000
0.0207000000,0.0535000000,0.0334000000,0.0818000000,0.0740000000,0.0324000000,0.0918000000,0.1070000000,0.1553000000,0.1234000000,0.1796000000,0.1787000000,0.1247000000,0.2577000000,0.3370000000,0.3990000000,0.1647000000,0.2266000000,0.3219000000,0.5356000000,0.8159000000,1.0000000000,0.8701000000,0.6889000000,0.6299000000,0.5738000000,0.5707000000,0.5976000000,0.4301000000,0.2058000000,0.1000000000,0.2247000000,0.2308000000,0.3977000000,0.3317000000,0.1726000000,0.1429000000,0.2168000000,0.1967000000,0.2140000000,0.3674000000,0.2023000000,0.0778000000,0.0925000000,0.2388000000,0.3400000000,0.2594000000,0.1102000000,0.0911000000,0.0462000000,0.0171000000,0.0033000000,0.0050000000,0.0190000000,0.0103000000,0.0121000000,0.0042000000,0.0090000000,0.0070000000,0.0099000000,0.0000000000
0.0308000000,0.0339000000,0.0202000000,0.0889000000,0.1570000000,0.1750000000,0.0920000000,0.1353000000,0.1593000000,0.2795000000,0.3336000000,0.2940000000,0.1608000000,0.3335000000,0.4985000000,0.7295000000,0.7350000000,0.8253000000,0.8793000000,0.9657000000,1.0000000000,0.8707000000,0.6471000000,0.5973000000,0.8218000000,0.7755000000,0.6111000000,0.4195000000,0.2990000000,0.1354000000,0.2438000000,0.5624000000,0.5555000000,0.6963000000,0.7298000000,0.7022000000,0.5468000000,0.1421000000,0.4738000000,0.6410000000,0.4375000000,0.3178000000,0.2377000000,0.2808000000,0.1374000000,0.1136000000,0.1034000000,0.0688000000,0.0422000000,0.0117000000,0.0070000000,0.0167000000,0.0127000000,0.0138000000,0.0090000000,0.0051000000,0.0029000000,0.0122000000,0.0056000000,0.0020000000,1.0000000000
0.0211000000,0.0319000000,0.0415000000,0.0286000000,0.0121000000,0.0438000000,0.1299000000,0.1390000000,0.0695000000,0.0568000000,0.0869000000,0.1935000000,0.1478000000,0.1871000000,0.1994000000,0.3283000000,0.6861000000,0.5814000000,0.2500000000,0.1734000000,0.3363000000,0.5588000000,0.6592000000,0.7012000000,0.8099000000,0.8901000000,0.8745000000,0.7887000000,0.8725000000,0.9376000000,0.8920000000,0.7508000000,0.6832000000,0.7610000000,0.9017000000,1.0000000000,0.9123000000,0.7388000000,0.5915000000,0.4057000000,0.3019000000,0.2331000000,0.2931000000,0.2298000000,0.2391000000,0.1910000000,0.1096000000,0.0300000000,0.0171000000,0.0383000000,0.0053000000,0.0090000000,0.0042000000,0.0153000000,0.0106000000,0.0020000000,0.0105000000,0.0049000000,0.0070000000,0.0080000000,1.0000000000
0.0216000000,0.0124000000,0.0174000000,0.0152000000,0.0608000000,0.1026000000,0.1139000000,0.0877000000,0.1160000000,0.0866000000,0.1564000000,0.0780000000,0.0997000000,0.0915000000,0.0662000000,0.1134000000,0.1740000000,0.2573000000,0.3294000000,0.3910000000,0.5438000000,0.6115000000,0.7022000000,0.7610000000,0.7973000000,0.9105000000,0.8807000000,0.7949000000,0.7990000000,0.7180000000,0.6407000000,0.6312000000,0.5929000000,0.6168000000,0.6498000000,0.6764000000,0.6253000000,0.5117000000,0.3890000000,0.3273000000,0.2509000000,0.1530000000,0.1323000000,0.1657000000,0.1215000000,0.0978000000,0.0452000000,0.0273000000,0.0179000000,0.0092000000,0.0018000000,0.0052000000,0.0049000000,0.0096000000,0.0134000000,0.0122000000,0.0047000000,0.0018000000,0.0006000000,0.0023000000,1.0000000000
0.0068000000,0.0232000000,0.0513000000,0.0444000000,0.0249000000,0.0637000000,0.0422000000,0.1130000000,0.1911000000,0.2475000000,0.1606000000,0.0922000000,0.2398000000,0.3220000000,0.4295000000,0.2652000000,0.0666000000,0.1442000000,0.2373000000,0.2595000000,0.2493000000,0.3903000000,0.6384000000,0.8037000000,0.7026000000,0.6874000000,0.6997000000,0.8558000000,1.0000000000,0.9621000000,0.8996000000,0.7575000000,0.6902000000,0.5686000000,0.4396000000,0.4546000000,0.2959000000,0.1587000000,0.1681000000,0.0842000000,0.1173000000,0.1754000000,0.2728000000,0.1705000000,0.0194000000,0.0213000000,0.0354000000,0.0420000000,0.0093000000,0.0204000000,0.0199000000,0.0173000000,0.0163000000,0.0055000000,0.0045000000,0.0068000000,0.0041000000,0.0052000000,0.0194000000,0.0105000000,1.0000000000
0.0654000000,0.0649000000,0.0737000000,0.1132000000,0.2482000000,0.1257000000,0.1797000000,0.0989000000,0.2460000000,0.3422000000,0.2128000000,0.1377000000,0.4032000000,0.5684000000,0.2398000000,0.4331000000,0.5954000000,0.5772000000,0.8176000000,0.8835000000,0.5248000000,0.6373000000,0.8375000000,0.6699000000,0.7756000000,0.8750000000,0.8300000000,0.6896000000,0.3372000000,0.6405000000,0.7138000000,0.8202000000,0.6657000000,0.5254000000,0.2960000000,0.0704000000,0.0970000000,0.3941000000,0.6028000000,0.3521000000,0.3924000000,0.4808000000,0.4602000000,0.4164000000,0.5438000000,0.5649000000,0.3195000000,0.2484000000,0.1299000000,0.0825000000,0.0243000000,0.0210000000,0.0361000000,0.0239000000,0.0447000000,0.0394000000,0.0355000000,0.0440000000,0.0243000000,0.0098000000,0.0000000000
0.0707000000,0.1252000000,0.1447000000,0.1644000000,0.1693000000,0.0844000000,0.0715000000,0.0947000000,0.1583000000,0.1247000000,0.2340000000,0.1764000000,0.2284000000,0.3115000000,0.4725000000,0.5543000000,0.5386000000,0.3746000000,0.4583000000,0.5961000000,0.7464000000,0.7644000000,0.5711000000,0.6257000000,0.6695000000,0.7131000000,0.7567000000,0.8077000000,0.8477000000,0.9289000000,0.9513000000,0.7995000000,0.4362000000,0.4048000000,0.4952000000,0.1712000000,0.3652000000,0.3763000000,0.2841000000,0.0427000000,0.5331000000,0.6952000000,0.4288000000,0.3063000000,0.5835000000,0.5692000000,0.2630000000,0.1196000000,0.0983000000,0.0374000000,0.0291000000,0.0156000000,0.0197000000,0.0135000000,0.0127000000,0.0138000000,0.0133000000,0.0131000000,0.0154000000,0.0218000000,0.0000000000
0.0109000000,0.0093000000,0.0121000000,0.0378000000,0.0679000000,0.0863000000,0.1004000000,0.0664000000,0.0941000000,0.1036000000,0.0972000000,0.0501000000,0.1546000000,0.3404000000,0.4804000000,0.6570000000,0.7738000000,0.7827000000,0.8152000000,0.8129000000,0.8297000000,0.8535000000,0.8870000000,0.8894000000,0.8980000000,0.9667000000,1.0000000000,0.9134000000,0.6762000000,0.4659000000,0.2895000000,0.2959000000,0.1746000000,0.2112000000,0.2569000000,0.2276000000,0.2149000000,0.1601000000,0.0371000000,0.0117000000,0.0488000000,0.0288000000,0.0597000000,0.0431000000,0.0369000000,0.0025000000,0.0327000000,0.0257000000,0.0182000000,0.0108000000,0.0124000000,0.0077000000,0.0023000000,0.0117000000,0.0053000000,0.0077000000,0.0076000000,0.0056000000,0.0055000000,0.0039000000,1.0000000000
0.0192000000,0.0607000000,0.0378000000,0.0774000000,0.1388000000,0.0809000000,0.0568000000,0.0219000000,0.1037000000,0.1186000000,0.1237000000,0.1601000000,0.3520000000,0.4479000000,0.3769000000,0.5761000000,0.6426000000,0.6790000000,0.7157000000,0.5466000000,0.5399000000,0.6362000000,0.7849000000,0.7756000000,0.5780000000,0.4862000000,0.4181000000,0.2457000000,0.0716000000,0.0613000000,0.1816000000,0.4493000000,0.5976000000,0.3785000000,0.2495000000,0.5771000000,0.8852000000,0.8409000000,0.3570000000,0.3133000000,0.6096000000,0.6378000000,0.2709000000,0.1419000000,0.1260000000,0.1288000000,0.0790000000,0.0829000000,0.0520000000,0.0216000000,0.0360000000,0.0331000000,0.0131000000,0.0120000000,0.0108000000,0.0024000000,0.0045000000,0.0037000000,0.0112000000,0.0075000000,1.0000000000
0.0158000000,0.0239000000,0.0150000000,0.0494000000,0.0988000000,0.1425000000,0.1463000000,0.1219000000,0.1697000000,0.1923000000,0.2361000000,0.2719000000,0.3049000000,0.2986000000,0.2226000000,0.1745000000,0.2459000000,0.3100000000,0.3572000000,0.4283000000,0.4268000000,0.3735000000,0.4585000000,0.6094000000,0.7221000000,0.7595000000,0.8706000000,1.0000000000,0.9815000000,0.7187000000,0.5848000000,0.4192000000,0.3756000000,0.3263000000,0.1944000000,0.1394000000,0.1670000000,0.1275000000,0.1666000000,0.2574000000,0.2258000000,0.2777000000,0.1613000000,0.1335000000,0.1976000000,0.1234000000,0.1554000000,0.1057000000,0.0490000000,0.0097000000,0.0223000000,0.0121000000,0.0108000000,0.0057000000,0.0028000000,0.0079000000,0.0034000000,0.0046000000,0.0022000000,0.0021000000,0.0000000000
0.0265000000,0.0440000000,0.0137000000,0.0084000000,0.0305000000,0.0438000000,0.0341000000,0.0780000000,0.0844000000,0.0779000000,0.0327000000,0.2060000000,0.1908000000,0.1065000000,0.1457000000,0.2232000000,0.2070000000,0.1105000000,0.1078000000,0.1165000000,0.2224000000,0.0689000000,0.2060000000,0.2384000000,0.0904000000,0.2278000000,0.5872000000,0.8457000000,0.8467000000,0.7679000000,0.8055000000,0.6260000000,0.6545000000,0.8747000000,0.9885000000,0.9348000000,0.6960000000,0.5733000000,0.5872000000,0.6663000000,0.5651000000,0.5247000000,0.3684000000,0.1997000000,0.1512000000,0.0508000000,0.0931000000,0.0982000000,0.0524000000,0.0188000000,0.0100000000,0.0038000000,0.0187000000,0.0156000000,0.0068000000,0.0097000000,0.0073000000,0.0081000000,0.0086000000,0.0095000000,1.0000000000
0.0114000000,0.0222000000,0.0269000000,0.0384000000,0.1217000000,0.2062000000,0.1489000000,0.0929000000,0.1350000000,0.1799000000,0.2486000000,0.2973000000,0.3672000000,0.4394000000,0.5258000000,0.6755000000,0.7402000000,0.8284000000,0.9033000000,0.9584000000,1.0000000000,0.9982000000,0.8899000000,0.7493000000,0.6367000000,0.6744000000,0.7207000000,0.6821000000,0.5512000000,0.4789000000,0.3924000000,0.2533000000,0.1089000000,0.1390000000,0.2551000000,0.3301000000,0.2818000000,0.2142000000,0.2266000000,0.2142000000,0.2354000000,0.2871000000,0.2596000000,0.1925000000,0.1256000000,0.1003000000,0.0951000000,0.1210000000,0.0728000000,0.0174000000,0.0213000000,0.0269000000,0.0152000000,0.0257000000,0.0097000000,0.0041000000,0.0050000000,0.0145000000,0.0103000000,0.0025000000,0.0000000000
0.0094000000,0.0333000000,0.0306000000,0.0376000000,0.1296000000,0.1795000000,0.1909000000,0.1692000000,0.1870000000,0.1725000000,0.2228000000,0.3106000000,0.4144000000,0.5157000000,0.5369000000,0.5107000000,0.6441000000,0.7326000000,0.8164000000,0.8856000000,0.9891000000,1.0000000000,0.8750000000,0.8631000000,0.9074000000,0.8674000000,0.7750000000,0.6600000000,0.5615000000,0.4016000000,0.2331000000,0.1164000000,0.1095000000,0.0431000000,0.0619000000,0.1956000000,0.2120000000,0.3242000000,0.4102000000,0.2939000000,0.1911000000,0.1702000000,0.1010000000,0.1512000000,0.1427000000,0.1097000000,0.1173000000,0.0972000000,0.0703000000,0.0281000000,0.0216000000,0.0153000000,0.0112000000,0.0241000000,0.0164000000,0.0055000000,0.0078000000,0.0055000000,0.0091000000,0.0067000000,0.0000000000
0.0096000000,0.0404000000,0.0682000000,0.0688000000,0.0887000000,0.0932000000,0.0955000000,0.2140000000,0.2546000000,0.2952000000,0.4025000000,0.5148000000,0.4901000000,0.4127000000,0.3575000000,0.3447000000,0.3068000000,0.2945000000,0.4351000000,0.7264000000,0.8147000000,0.8103000000,0.6665000000,0.6958000000,0.7748000000,0.8688000000,1.0000000000,0.9941000000,0.8793000000,0.6482000000,0.5876000000,0.6408000000,0.4972000000,0.2755000000,0.0300000000,0.3356000000,0.3167000000,0.4133000000,0.6281000000,0.4977000000,0.2613000000,0.4697000000,0.4806000000,0.4921000000,0.5294000000,0.2216000000,0.1401000000,0.1888000000,0.0947000000,0.0134000000,0.0310000000,0.0237000000,0.0078000000,0.0144000000,0.0170000000,0.0012000000,0.0109000000,0.0036000000,0.0043000000,0.0018000000,0.0000000000
0.0721000000,0.1574000000,0.1112000000,0.1085000000,0.0666000000,0.1800000000,0.1108000000,0.2794000000,0.1408000000,0.0795000000,0.2534000000,0.3920000000,0.3375000000,0.1610000000,0.1889000000,0.3308000000,0.2282000000,0.2177000000,0.1853000000,0.5167000000,0.5342000000,0.6298000000,0.8437000000,0.6756000000,0.5825000000,0.6141000000,0.8809000000,0.8375000000,0.3869000000,0.5051000000,0.5455000000,0.4241000000,0.1534000000,0.4950000000,0.6983000000,0.7109000000,0.5647000000,0.4870000000,0.5515000000,0.4433000000,0.5250000000,0.6075000000,0.5251000000,0.1359000000,0.4268000000,0.4442000000,0.2193000000,0.0900000000,0.1200000000,0.0628000000,0.0234000000,0.0309000000,0.0127000000,0.0082000000,0.0281000000,0.0117000000,0.0092000000,0.0147000000,0.0157000000,0.0129000000,0.0000000000
0.0094000000,0.0166000000,0.0398000000,0.0359000000,0.0681000000,0.0706000000,0.1020000000,0.0893000000,0.0381000000,0.1328000000,0.1303000000,0.0273000000,0.0644000000,0.0712000000,0.1204000000,0.0717000000,0.1224000000,0.2349000000,0.3684000000,0.3918000000,0.4925000000,0.8793000000,0.9606000000,0.8786000000,0.6905000000,0.6937000000,0.5674000000,0.6540000000,0.7802000000,0.7575000000,0.5836000000,0.6316000000,0.8108000000,0.9039000000,0.8647000000,0.6695000000,0.4027000000,0.2370000000,0.2685000000,0.3662000000,0.3267000000,0.2200000000,0.2996000000,0.2205000000,0.1163000000,0.0635000000,0.0465000000,0.0422000000,0.0174000000,0.0172000000,0.0134000000,0.0141000000,0.0191000000,0.0145000000,0.0065000000,0.0129000000,0.0217000000,0.0087000000,0.0077000000,0.0122000000,1.0000000000
0.0131000000,0.0068000000,0.0308000000,0.0311000000,0.0085000000,0.0767000000,0.0771000000,0.0640000000,0.0726000000,0.0901000000,0.0750000000,0.0844000000,0.1226000000,0.1619000000,0.2317000000,0.2934000000,0.3526000000,0.3657000000,0.3221000000,0.3093000000,0.4084000000,0.4285000000,0.4663000000,0.5956000000,0.6948000000,0.8386000000,0.8875000000,0.6404000000,0.3308000000,0.3425000000,0.4920000000,0.4592000000,0.3034000000,0.4366000000,0.5175000000,0.5122000000,0.4746000000,0.4902000000,0.4603000000,0.4460000000,0.4196000000,0.2873000000,0.2296000000,0.0949000000,0.0095000000,0.0527000000,0.0383000000,0.0107000000,0.0108000000,0.0077000000,0.0109000000,0.0062000000,0.0028000000,0.0040000000,0.0075000000,0.0039000000,0.0053000000,0.0013000000,0.0052000000,0.0023000000,1.0000000000
0.0093000000,0.0185000000,0.0056000000,0.0064000000,0.0260000000,0.0458000000,0.0470000000,0.0057000000,0.0425000000,0.0640000000,0.0888000000,0.1599000000,0.1541000000,0.2768000000,0.2176000000,0.2799000000,0.3491000000,0.2824000000,0.2479000000,0.3005000000,0.4300000000,0.4684000000,0.4520000000,0.5026000000,0.6217000000,0.6571000000,0.6632000000,0.7321000000,0.8534000000,1.0000000000,0.8448000000,0.6354000000,0.6308000000,0.6211000000,0.6976000000,0.5868000000,0.4889000000,0.3683000000,0.2043000000,0.1469000000,0.2220000000,0.1449000000,0.1490000000,0.1211000000,0.1144000000,0.0791000000,0.0365000000,0.0152000000,0.0085000000,0.0120000000,0.0022000000,0.0069000000,0.0064000000,0.0129000000,0.0114000000,0.0054000000,0.0089000000,0.0050000000,0.0058000000,0.0025000000,1.0000000000
0.0374000000,0.0586000000,0.0628000000,0.0534000000,0.0255000000,0.1422000000,0.2072000000,0.2734000000,0.3070000000,0.2597000000,0.3483000000,0.3999000000,0.4574000000,0.5950000000,0.7924000000,0.8272000000,0.8087000000,0.8977000000,0.9828000000,0.8982000000,0.8890000000,0.9367000000,0.9122000000,0.7936000000,0.6718000000,0.6318000000,0.4865000000,0.3388000000,0.4832000000,0.3822000000,0.3075000000,0.1267000000,0.0743000000,0.1510000000,0.1906000000,0.1817000000,0.1709000000,0.0946000000,0.2829000000,0.3006000000,0.1602000000,0.1483000000,0.2875000000,0.2047000000,0.1064000000,0.1395000000,0.1065000000,0.0527000000,0.0395000000,0.0183000000,0.0353000000,0.0118000000,0.0063000000,0.0237000000,0.0032000000,0.0087000000,0.0124000000,0.0113000000,0.0098000000,0.0126000000,0.0000000000
0.0257000000,0.0447000000,0.0388000000,0.0239000000,0.1315000000,0.1323000000,0.1608000000,0.2145000000,0.0847000000,0.0561000000,0.0891000000,0.0861000000,0.1531000000,0.1524000000,0.1849000000,0.2871000000,0.2009000000,0.2748000000,0.5017000000,0.2172000000,0.4978000000,0.5265000000,0.3647000000,0.5768000000,0.5161000000,0.5715000000,0.4006000000,0.3650000000,0.6685000000,0.8659000000,0.8052000000,0.4082000000,0.3379000000,0.5092000000,0.6776000000,0.7313000000,0.6062000000,0.7040000000,0.8849000000,0.8979000000,0.7751000000,0.7247000000,0.7733000000,0.7762000000,0.6009000000,0.4514000000,0.3096000000,0.1859000000,0.0956000000,0.0206000000,0.0206000000,0.0096000000,0.0153000000,0.0096000000,0.0131000000,0.0198000000,0.0025000000,0.0199000000,0.0255000000,0.0180000000,1.0000000000
0.0217000000,0.0152000000,0.0346000000,0.0346000000,0.0484000000,0.0526000000,0.0773000000,0.0862000000,0.1451000000,0.2110000000,0.2343000000,0.2087000000,0.1645000000,0.1689000000,0.1650000000,0.1967000000,0.2934000000,0.3709000000,0.4309000000,0.4161000000,0.5116000000,0.6501000000,0.7717000000,0.8491000000,0.9104000000,0.8912000000,0.8189000000,0.6779000000,0.5368000000,0.5207000000,0.5651000000,0.5749000000,0.5250000000,0.4255000000,0.3330000000,0.2331000000,0.1451000000,0.1648000000,0.2694000000,0.3730000000,0.4467000000,0.4133000000,0.3743000000,0.3021000000,0.2069000000,0.1790000000,0.1689000000,0.1341000000,0.0769000000,0.0222000000,0.0205000000,0.0123000000,0.0067000000,0.0011000000,0.0026000000,0.0049000000,0.0029000000,0.0022000000,0.0022000000,0.0032000000,0.0000000000
0.0293000000,0.0378000000,0.0257000000,0.0062000000,0.0130000000,0.0612000000,0.0895000000,0.1107000000,0.0973000000,0.0751000000,0.0528000000,0.1209000000,0.1763000000,0.2039000000,0.2727000000,0.2321000000,0.2676000000,0.2934000000,0.3295000000,0.4910000000,0.5402000000,0.6257000000,0.6826000000,0.7527000000,0.8504000000,0.8938000000,0.9928000000,0.9134000000,0.7080000000,0.6318000000,0.6126000000,0.4638000000,0.2797000000,0.1721000000,0.1665000000,0.2561000000,0.2735000000,0.3209000000,0.2724000000,0.1880000000,0.1552000000,0.2522000000,0.2121000000,0.1801000000,0.1473000000,0.0681000000,0.1091000000,0.0919000000,0.0397000000,0.0093000000,0.0076000000,0.0065000000,0.0072000000,0.0108000000,0.0051000000,0.0102000000,0.0041000000,0.0055000000,0.0050000000,0.0087000000,1.0000000000
0.0352000000,0.0116000000,0.0191000000,0.0469000000,0.0737000000,0.1185000000,0.1683000000,0.1541000000,0.1466000000,0.2912000000,0.2328000000,0.2237000000,0.2470000000,0.1560000000,0.3491000000,0.3308000000,0.2299000000,0.2203000000,0.2493000000,0.4128000000,0.3158000000,0.6191000000,0.5854000000,0.3395000000,0.2561000000,0.5599000000,0.8145000000,0.6941000000,0.6985000000,0.8660000000,0.5930000000,0.3664000000,0.6750000000,0.8697000000,0.7837000000,0.7552000000,0.5789000000,0.4713000000,0.1252000000,0.6087000000,0.7322000000,0.5977000000,0.3431000000,0.1803000000,0.2378000000,0.3424000000,0.2303000000,0.0689000000,0.0216000000,0.0469000000,0.0426000000,0.0346000000,0.0158000000,0.0154000000,0.0109000000,0.0048000000,0.0095000000,0.0015000000,0.0073000000,0.0067000000,1.0000000000
0.0240000000,0.0218000000,0.0324000000,0.0569000000,0.0330000000,0.0513000000,0.0897000000,0.0713000000,0.0569000000,0.0389000000,0.1934000000,0.2434000000,0.2906000000,0.2606000000,0.3811000000,0.4997000000,0.3015000000,0.3655000000,0.6791000000,0.7307000000,0.5053000000,0.4441000000,0.6987000000,0.8133000000,0.7781000000,0.8943000000,0.8929000000,0.8913000000,0.8610000000,0.8063000000,0.5540000000,0.2446000000,0.3459000000,0.1615000000,0.2467000000,0.5564000000,0.4681000000,0.0979000000,0.1582000000,0.0751000000,0.3321000000,0.3745000000,0.2666000000,0.1078000000,0.1418000000,0.1687000000,0.0738000000,0.0634000000,0.0144000000,0.0226000000,0.0061000000,0.0162000000,0.0146000000,0.0093000000,0.0112000000,0.0094000000,0.0054000000,0.0019000000,0.0066000000,0.0023000000,1.0000000000
0.0335000000,0.0134000000,0.0696000000,0.1180000000,0.0348000000,0.1180000000,0.1948000000,0.1607000000,0.3036000000,0.4372000000,0.5533000000,0.5771000000,0.7022000000,0.7067000000,0.7367000000,0.7391000000,0.8622000000,0.9458000000,0.8782000000,0.7913000000,0.5760000000,0.3061000000,0.0563000000,0.0239000000,0.2554000000,0.4862000000,0.5027000000,0.4402000000,0.2847000000,0.1797000000,0.3560000000,0.3522000000,0.3321000000,0.3112000000,0.3638000000,0.0754000000,0.1834000000,0.1820000000,0.1815000000,0.1593000000,0.0576000000,0.0954000000,0.1086000000,0.0812000000,0.0784000000,0.0487000000,0.0439000000,0.0586000000,0.0370000000,0.0185000000,0.0302000000,0.0244000000,0.0232000000,0.0093000000,0.0159000000,0.0193000000,0.0032000000,0.0377000000,0.0126000000,0.0156000000,0.0000000000
0.0164000000,0.0627000000,0.0738000000,0.0608000000,0.0233000000,0.1048000000,0.1338000000,0.0644000000,0.1522000000,0.0780000000,0.1791000000,0.2681000000,0.1788000000,0.1039000000,0.1980000000,0.3234000000,0.3748000000,0.2586000000,0.3680000000,0.3508000000,0.5606000000,0.5231000000,0.5469000000,0.6954000000,0.6352000000,0.6757000000,0.8499000000,0.8025000000,0.6563000000,0.8591000000,0.6655000000,0.5369000000,0.3118000000,0.3763000000,0.2801000000,0.0875000000,0.3319000000,0.4237000000,0.1801000000,0.3743000000,0.4627000000,0.1614000000,0.2494000000,0.3202000000,0.2265000000,0.1146000000,0.0476000000,0.0943000000,0.0824000000,0.0171000000,0.0244000000,0.0258000000,0.0143000000,0.0226000000,0.0187000000,0.0185000000,0.0110000000,0.0094000000,0.0078000000,0.0112000000,0.0000000000
0.0206000000,0.0132000000,0.0533000000,0.0569000000,0.0647000000,0.1432000000,0.1344000000,0.2041000000,0.1571000000,0.1573000000,0.2327000000,0.1785000000,0.1507000000,0.1916000000,0.2061000000,0.2307000000,0.2360000000,0.1299000000,0.3812000000,0.5858000000,0.4497000000,0.4876000000,1.0000000000,0.8675000000,0.4718000000,0.5341000000,0.6197000000,0.7143000000,0.5605000000,0.3728000000,0.2481000000,0.1921000000,0.1386000000,0.3325000000,0.2883000000,0.3228000000,0.2607000000,0.2040000000,0.2396000000,0.1319000000,0.0683000000,0.0334000000,0.0716000000,0.0976000000,0.0787000000,0.0522000000,0.0500000000,0.0231000000,0.0221000000,0.0144000000,0.0307000000,0.0386000000,0.0147000000,0.0018000000,0.0100000000,0.0096000000,0.0077000000,0.0180000000,0.0109000000,0.0070000000,1.0000000000
0.0264000000,0.0071000000,0.0342000000,0.0793000000,0.1043000000,0.0783000000,0.1417000000,0.1176000000,0.0453000000,0.0945000000,0.1132000000,0.0840000000,0.0717000000,0.1968000000,0.2633000000,0.4191000000,0.5050000000,0.6711000000,0.7922000000,0.8381000000,0.8759000000,0.9422000000,1.0000000000,0.9931000000,0.9575000000,0.8647000000,0.7215000000,0.5801000000,0.4964000000,0.4886000000,0.4079000000,0.2443000000,0.1768000000,0.2472000000,0.3518000000,0.3762000000,0.2909000000,0.2311000000,0.3168000000,0.3554000000,0.3741000000,0.4443000000,0.3261000000,0.1963000000,0.0864000000,0.1688000000,0.1991000000,0.1217000000,0.0628000000,0.0323000000,0.0253000000,0.0214000000,0.0262000000,0.0177000000,0.0037000000,0.0068000000,0.0121000000,0.0077000000,0.0078000000,0.0066000000,0.0000000000
0.0516000000,0.0944000000,0.0622000000,0.0415000000,0.0995000000,0.2431000000,0.1777000000,0.2018000000,0.2611000000,0.1294000000,0.2646000000,0.2778000000,0.4432000000,0.3672000000,0.2035000000,0.2764000000,0.3252000000,0.1536000000,0.2784000000,0.3508000000,0.5187000000,0.7052000000,0.7143000000,0.6814000000,0.5100000000,0.5308000000,0.6131000000,0.8388000000,0.9031000000,0.8607000000,0.9656000000,0.9168000000,0.7132000000,0.6898000000,0.7310000000,0.4134000000,0.1580000000,0.1819000000,0.1381000000,0.2960000000,0.6935000000,0.8246000000,0.5351000000,0.4403000000,0.6448000000,0.6214000000,0.3016000000,0.1379000000,0.0364000000,0.0355000000,0.0456000000,0.0432000000,0.0274000000,0.0152000000,0.0120000000,0.0129000000,0.0020000000,0.0109000000,0.0074000000,0.0078000000,0.0000000000
0.0526000000,0.0563000000,0.1219000000,0.1206000000,0.0246000000,0.1022000000,0.0539000000,0.0439000000,0.2291000000,0.1632000000,0.2544000000,0.2807000000,0.3011000000,0.3361000000,0.3024000000,0.2285000000,0.2910000000,0.1316000000,0.1151000000,0.3404000000,0.5562000000,0.6379000000,0.6553000000,0.7384000000,0.6534000000,0.5423000000,0.6877000000,0.7325000000,0.7726000000,0.8229000000,0.8787000000,0.9108000000,0.6705000000,0.6092000000,0.7505000000,0.4775000000,0.1666000000,0.3749000000,0.3776000000,0.2106000000,0.5886000000,0.5628000000,0.2577000000,0.5245000000,0.6149000000,0.5123000000,0.3385000000,0.1499000000,0.0546000000,0.0270000000,0.0380000000,0.0339000000,0.0149000000,0.0335000000,0.0376000000,0.0174000000,0.0132000000,0.0103000000,0.0364000000,0.0208000000,0.0000000000
0.0084000000,0.0153000000,0.0291000000,0.0432000000,0.0951000000,0.0752000000,0.0414000000,0.0259000000,0.0692000000,0.1753000000,0.1970000000,0.1167000000,0.1683000000,0.0814000000,0.2179000000,0.5121000000,0.7231000000,0.7776000000,0.6222000000,0.3501000000,0.3733000000,0.2622000000,0.3776000000,0.7361000000,0.8673000000,0.8223000000,0.7772000000,0.7862000000,0.5652000000,0.3635000000,0.3534000000,0.3865000000,0.3370000000,0.1693000000,0.2627000000,0.3195000000,0.1388000000,0.1048000000,0.1681000000,0.1910000000,0.1174000000,0.0933000000,0.0856000000,0.0951000000,0.0986000000,0.0956000000,0.0426000000,0.0407000000,0.0106000000,0.0179000000,0.0056000000,0.0236000000,0.0114000000,0.0136000000,0.0117000000,0.0060000000,0.0058000000,0.0031000000,0.0072000000,0.0045000000,1.0000000000
0.0197000000,0.0394000000,0.0384000000,0.0076000000,0.0251000000,0.0629000000,0.0747000000,0.0578000000,0.1357000000,0.1695000000,0.1734000000,0.2470000000,0.3141000000,0.3297000000,0.2759000000,0.2056000000,0.1162000000,0.1884000000,0.3390000000,0.3926000000,0.4282000000,0.5418000000,0.6448000000,0.7223000000,0.7853000000,0.7984000000,0.8847000000,0.9582000000,0.8990000000,0.6831000000,0.6108000000,0.5480000000,0.5058000000,0.4476000000,0.2401000000,0.1405000000,0.1772000000,0.1742000000,0.3326000000,0.4021000000,0.3009000000,0.2075000000,0.1206000000,0.0255000000,0.0298000000,0.0691000000,0.0781000000,0.0777000000,0.0369000000,0.0057000000,0.0091000000,0.0134000000,0.0097000000,0.0042000000,0.0058000000,0.0072000000,0.0041000000,0.0045000000,0.0047000000,0.0054000000,0.0000000000
0.0629000000,0.1065000000,0.1526000000,0.1229000000,0.1437000000,0.1190000000,0.0884000000,0.0907000000,0.2107000000,0.3597000000,0.5466000000,0.5205000000,0.5127000000,0.5395000000,0.6558000000,0.8705000000,0.9786000000,0.9335000000,0.7917000000,0.7383000000,0.6908000000,0.3850000000,0.0671000000,0.0502000000,0.2717000000,0.2839000000,0.2234000000,0.1911000000,0.0408000000,0.2531000000,0.1979000000,0.1891000000,0.2433000000,0.1956000000,0.2667000000,0.1340000000,0.1073000000,0.2023000000,0.1794000000,0.0227000000,0.1313000000,0.1775000000,0.1549000000,0.1626000000,0.0708000000,0.0129000000,0.0795000000,0.0762000000,0.0117000000,0.0061000000,0.0257000000,0.0089000000,0.0262000000,0.0108000000,0.0138000000,0.0187000000,0.0230000000,0.0057000000,0.0113000000,0.0131000000,0.0000000000
0.0454000000,0.0472000000,0.0697000000,0.1021000000,0.1397000000,0.1493000000,0.1487000000,0.0771000000,0.1171000000,0.1675000000,0.2799000000,0.3323000000,0.4012000000,0.4296000000,0.5350000000,0.5411000000,0.6870000000,0.8045000000,0.9194000000,0.9169000000,1.0000000000,0.9972000000,0.9093000000,0.7918000000,0.6705000000,0.5324000000,0.3572000000,0.2484000000,0.3161000000,0.3775000000,0.3138000000,0.1713000000,0.2937000000,0.5234000000,0.5926000000,0.5437000000,0.4516000000,0.3379000000,0.3215000000,0.2178000000,0.1674000000,0.2634000000,0.2980000000,0.2037000000,0.1155000000,0.0919000000,0.0882000000,0.0228000000,0.0380000000,0.0142000000,0.0137000000,0.0120000000,0.0042000000,0.0238000000,0.0129000000,0.0084000000,0.0218000000,0.0321000000,0.0154000000,0.0053000000,0.0000000000
0.0134000000,0.0172000000,0.0178000000,0.0363000000,0.0444000000,0.0744000000,0.0800000000,0.0456000000,0.0368000000,0.1250000000,0.2405000000,0.2325000000,0.2523000000,0.1472000000,0.0669000000,0.1100000000,0.2353000000,0.3282000000,0.4416000000,0.5167000000,0.6508000000,0.7793000000,0.7978000000,0.7786000000,0.8587000000,0.9321000000,0.9454000000,0.8645000000,0.7220000000,0.4850000000,0.1357000000,0.2951000000,0.4715000000,0.6036000000,0.8083000000,0.9870000000,0.8800000000,0.6411000000,0.4276000000,0.2702000000,0.2642000000,0.3342000000,0.4335000000,0.4542000000,0.3960000000,0.2525000000,0.1084000000,0.0372000000,0.0286000000,0.0099000000,0.0046000000,0.0094000000,0.0048000000,0.0047000000,0.0016000000,0.0008000000,0.0042000000,0.0024000000,0.0027000000,0.0041000000,0.0000000000
0.0129000000,0.0141000000,0.0309000000,0.0375000000,0.0767000000,0.0787000000,0.0662000000,0.1108000000,0.1777000000,0.2245000000,0.2431000000,0.3134000000,0.3206000000,0.2917000000,0.2249000000,0.2347000000,0.2143000000,0.2939000000,0.4898000000,0.6127000000,0.7531000000,0.7718000000,0.7432000000,0.8673000000,0.9308000000,0.9836000000,1.0000000000,0.9595000000,0.8722000000,0.6862000000,0.4901000000,0.3280000000,0.3115000000,0.1969000000,0.1019000000,0.0317000000,0.0756000000,0.0907000000,0.1066000000,0.1380000000,0.0665000000,0.1475000000,0.2470000000,0.2788000000,0.2709000000,0.2283000000,0.1818000000,0.1185000000,0.0546000000,0.0219000000,0.0204000000,0.0124000000,0.0093000000,0.0072000000,0.0019000000,0.0027000000,0.0054000000,0.0017000000,0.0024000000,0.0029000000,0.0000000000
0.0056000000,0.0267000000,0.0221000000,0.0561000000,0.0936000000,0.1146000000,0.0706000000,0.0996000000,0.1673000000,0.1859000000,0.2481000000,0.2712000000,0.2934000000,0.2637000000,0.1880000000,0.1405000000,0.2028000000,0.2613000000,0.2778000000,0.3346000000,0.3830000000,0.4003000000,0.5114000000,0.6860000000,0.7490000000,0.7843000000,0.9021000000,1.0000000000,0.8888000000,0.6511000000,0.6083000000,0.4463000000,0.2948000000,0.1729000000,0.1488000000,0.0801000000,0.1770000000,0.1382000000,0.2404000000,0.2046000000,0.1970000000,0.2778000000,0.1377000000,0.0685000000,0.0664000000,0.1665000000,0.1807000000,0.1245000000,0.0516000000,0.0044000000,0.0185000000,0.0072000000,0.0055000000,0.0074000000,0.0068000000,0.0084000000,0.0037000000,0.0024000000,0.0034000000,0.0007000000,0.0000000000
0.0258000000,0.0433000000,0.0547000000,0.0681000000,0.0784000000,0.1250000000,0.1296000000,0.1729000000,0.2794000000,0.2954000000,0.2506000000,0.2601000000,0.2249000000,0.2115000000,0.1270000000,0.1193000000,0.1794000000,0.2185000000,0.1646000000,0.0740000000,0.0625000000,0.2381000000,0.4824000000,0.6372000000,0.7531000000,0.8959000000,0.9941000000,0.9957000000,0.9328000000,0.9344000000,0.8854000000,0.7690000000,0.6865000000,0.6390000000,0.6378000000,0.6629000000,0.5983000000,0.4565000000,0.3129000000,0.4158000000,0.4325000000,0.4031000000,0.4201000000,0.4557000000,0.3955000000,0.2966000000,0.2095000000,0.1558000000,0.0884000000,0.0265000000,0.0121000000,0.0091000000,0.0062000000,0.0019000000,0.0045000000,0.0079000000,0.0031000000,0.0063000000,0.0048000000,0.0050000000,0.0000000000
0.0095000000,0.0308000000,0.0539000000,0.0411000000,0.0613000000,0.1039000000,0.1016000000,0.1394000000,0.2592000000,0.3745000000,0.4229000000,0.4499000000,0.5404000000,0.4303000000,0.3333000000,0.3496000000,0.3426000000,0.2851000000,0.4062000000,0.6833000000,0.7650000000,0.6670000000,0.5703000000,0.5995000000,0.6484000000,0.8614000000,0.9819000000,0.9380000000,0.8435000000,0.6074000000,0.5403000000,0.6890000000,0.5977000000,0.3244000000,0.0516000000,0.3157000000,0.3590000000,0.3881000000,0.5716000000,0.4314000000,0.3051000000,0.4393000000,0.4302000000,0.4831000000,0.5084000000,0.1952000000,0.1539000000,0.2037000000,0.1054000000,0.0251000000,0.0357000000,0.0181000000,0.0019000000,0.0102000000,0.0133000000,0.0040000000,0.0042000000,0.0030000000,0.0031000000,0.0033000000,0.0000000000
0.0270000000,0.0092000000,0.0145000000,0.0278000000,0.0412000000,0.0757000000,0.1026000000,0.1138000000,0.0794000000,0.1520000000,0.1675000000,0.1370000000,0.1361000000,0.1345000000,0.2144000000,0.5354000000,0.6830000000,0.5600000000,0.3093000000,0.3226000000,0.4430000000,0.5573000000,0.5782000000,0.6173000000,0.8132000000,0.9819000000,0.9823000000,0.9166000000,0.7423000000,0.7736000000,0.8473000000,0.7352000000,0.6671000000,0.6083000000,0.6239000000,0.5972000000,0.5715000000,0.5242000000,0.2924000000,0.1536000000,0.2003000000,0.2031000000,0.2207000000,0.1778000000,0.1353000000,0.1373000000,0.0749000000,0.0472000000,0.0325000000,0.0179000000,0.0045000000,0.0084000000,0.0010000000,0.0018000000,0.0068000000,0.0039000000,0.0120000000,0.0132000000,0.0070000000,0.0088000000,1.0000000000
0.0353000000,0.0713000000,0.0326000000,0.0272000000,0.0370000000,0.0792000000,0.1083000000,0.0687000000,0.0298000000,0.0880000000,0.1078000000,0.0979000000,0.2250000000,0.2819000000,0.2099000000,0.1240000000,0.1699000000,0.0939000000,0.1091000000,0.1410000000,0.1268000000,0.3151000000,0.1430000000,0.2264000000,0.5756000000,0.7876000000,0.7158000000,0.5998000000,0.5583000000,0.6295000000,0.7659000000,0.8940000000,0.8436000000,0.6807000000,0.8380000000,1.0000000000,0.9497000000,0.7866000000,0.5647000000,0.3480000000,0.2585000000,0.2304000000,0.2948000000,0.3363000000,0.3017000000,0.2193000000,0.1316000000,0.1078000000,0.0559000000,0.0035000000,0.0098000000,0.0163000000,0.0242000000,0.0043000000,0.0202000000,0.0108000000,0.0037000000,0.0096000000,0.0093000000,0.0053000000,1.0000000000
0.0100000000,0.0194000000,0.0155000000,0.0489000000,0.0839000000,0.1009000000,0.1627000000,0.2071000000,0.2696000000,0.2990000000,0.3242000000,0.3565000000,0.3951000000,0.5201000000,0.6953000000,0.8468000000,1.0000000000,0.9278000000,0.8510000000,0.8010000000,0.8142000000,0.8825000000,0.7302000000,0.6107000000,0.7159000000,0.8458000000,0.6319000000,0.4808000000,0.6291000000,0.7152000000,0.6005000000,0.4235000000,0.4106000000,0.3992000000,0.1730000000,0.1975000000,0.2370000000,0.1339000000,0.1583000000,0.3151000000,0.1968000000,0.2054000000,0.1272000000,0.1129000000,0.1946000000,0.2195000000,0.1930000000,0.1498000000,0.0773000000,0.0196000000,0.0122000000,0.0130000000,0.0073000000,0.0077000000,0.0075000000,0.0060000000,0.0080000000,0.0019000000,0.0053000000,0.0019000000,1.0000000000
0.0459000000,0.0437000000,0.0347000000,0.0456000000,0.0067000000,0.0890000000,0.1798000000,0.1741000000,0.1598000000,0.1408000000,0.2693000000,0.3259000000,0.4545000000,0.5785000000,0.4471000000,0.2231000000,0.2164000000,0.3201000000,0.2915000000,0.4235000000,0.4460000000,0.2380000000,0.6415000000,0.8966000000,0.8918000000,0.7529000000,0.6838000000,0.8390000000,1.0000000000,0.8362000000,0.5427000000,0.4577000000,0.8067000000,0.6973000000,0.3915000000,0.1558000000,0.1598000000,0.2161000000,0.5178000000,0.4782000000,0.2344000000,0.3599000000,0.2785000000,0.1807000000,0.0352000000,0.0473000000,0.0322000000,0.0408000000,0.0163000000,0.0088000000,0.0121000000,0.0067000000,0.0032000000,0.0109000000,0.0164000000,0.0151000000,0.0070000000,0.0085000000,0.0117000000,0.0056000000,1.0000000000
0.0365000000,0.1632000000,0.1636000000,0.1421000000,0.1130000000,0.1306000000,0.2112000000,0.2268000000,0.2992000000,0.3735000000,0.3042000000,0.0387000000,0.2679000000,0.5397000000,0.6204000000,0.7257000000,0.8350000000,0.6888000000,0.4450000000,0.3921000000,0.5605000000,0.7545000000,0.8311000000,1.0000000000,0.8762000000,0.7092000000,0.7009000000,0.5014000000,0.3942000000,0.4456000000,0.4072000000,0.0773000000,0.1423000000,0.0401000000,0.3597000000,0.6847000000,0.7076000000,0.3597000000,0.0612000000,0.3027000000,0.3966000000,0.3868000000,0.2380000000,0.2059000000,0.2288000000,0.1704000000,0.1587000000,0.1792000000,0.1022000000,0.0151000000,0.0223000000,0.0110000000,0.0071000000,0.0205000000,0.0164000000,0.0063000000,0.0078000000,0.0094000000,0.0110000000,0.0068000000,1.0000000000
0.0299000000,0.0688000000,0.0992000000,0.1021000000,0.0800000000,0.0629000000,0.0130000000,0.0813000000,0.1761000000,0.0998000000,0.0523000000,0.0904000000,0.2655000000,0.3099000000,0.3520000000,0.3892000000,0.3962000000,0.2449000000,0.2355000000,0.3045000000,0.3112000000,0.4698000000,0.5534000000,0.4532000000,0.4464000000,0.4670000000,0.4621000000,0.6988000000,0.7626000000,0.7025000000,0.7382000000,0.7446000000,0.7927000000,0.5227000000,0.3967000000,0.3042000000,0.1309000000,0.2408000000,0.1780000000,0.1598000000,0.5657000000,0.6443000000,0.4241000000,0.4567000000,0.5760000000,0.5293000000,0.3287000000,0.1283000000,0.0698000000,0.0334000000,0.0342000000,0.0459000000,0.0277000000,0.0172000000,0.0087000000,0.0046000000,0.0203000000,0.0130000000,0.0115000000,0.0015000000,0.0000000000
0.0087000000,0.0046000000,0.0081000000,0.0230000000,0.0586000000,0.0682000000,0.0993000000,0.0717000000,0.0576000000,0.0818000000,0.1315000000,0.1862000000,0.2789000000,0.2579000000,0.2240000000,0.2568000000,0.2933000000,0.2991000000,0.3924000000,0.4691000000,0.5665000000,0.6464000000,0.6774000000,0.7577000000,0.8856000000,0.9419000000,1.0000000000,0.8564000000,0.6790000000,0.5587000000,0.4147000000,0.2946000000,0.2025000000,0.0688000000,0.1171000000,0.2157000000,0.2216000000,0.2776000000,0.2309000000,0.1444000000,0.1513000000,0.1745000000,0.1756000000,0.1424000000,0.0908000000,0.0138000000,0.0469000000,0.0480000000,0.0159000000,0.0045000000,0.0015000000,0.0052000000,0.0038000000,0.0079000000,0.0114000000,0.0050000000,0.0030000000,0.0064000000,0.0058000000,0.0030000000,1.0000000000
0.0233000000,0.0394000000,0.0416000000,0.0547000000,0.0993000000,0.1515000000,0.1674000000,0.1513000000,0.1723000000,0.2078000000,0.1239000000,0.0236000000,0.1771000000,0.3115000000,0.4990000000,0.6707000000,0.7655000000,0.8485000000,0.9805000000,1.0000000000,1.0000000000,0.9992000000,0.9067000000,0.6803000000,0.5103000000,0.4716000000,0.4980000000,0.6196000000,0.7171000000,0.6316000000,0.3554000000,0.2897000000,0.4316000000,0.3791000000,0.2421000000,0.0944000000,0.0351000000,0.0844000000,0.0436000000,0.1130000000,0.2045000000,0.1937000000,0.0834000000,0.1502000000,0.1675000000,0.1058000000,0.1111000000,0.0849000000,0.0596000000,0.0201000000,0.0071000000,0.0104000000,0.0062000000,0.0026000000,0.0025000000,0.0061000000,0.0038000000,0.0101000000,0.0078000000,0.0006000000,0.0000000000
0.0208000000,0.0186000000,0.0131000000,0.0211000000,0.0610000000,0.0613000000,0.0612000000,0.0506000000,0.0989000000,0.1093000000,0.1063000000,0.1179000000,0.1291000000,0.1591000000,0.1680000000,0.1918000000,0.1615000000,0.1647000000,0.1397000000,0.1426000000,0.2429000000,0.2816000000,0.4290000000,0.6443000000,0.9061000000,1.0000000000,0.8087000000,0.6119000000,0.5260000000,0.3677000000,0.2746000000,0.1020000000,0.1339000000,0.1582000000,0.1952000000,0.1787000000,0.0429000000,0.1096000000,0.1762000000,0.2481000000,0.3150000000,0.2920000000,0.1902000000,0.0696000000,0.0758000000,0.0910000000,0.0441000000,0.0244000000,0.0265000000,0.0095000000,0.0140000000,0.0074000000,0.0063000000,0.0081000000,0.0087000000,0.0044000000,0.0028000000,0.0019000000,0.0049000000,0.0023000000,1.0000000000
0.0079000000,0.0086000000,0.0055000000,0.0250000000,0.0344000000,0.0546000000,0.0528000000,0.0958000000,0.1009000000,0.1240000000,0.1097000000,0.1215000000,0.1874000000,0.3383000000,0.3227000000,0.2723000000,0.3943000000,0.6432000000,0.7271000000,0.8673000000,0.9674000000,0.9847000000,0.9480000000,0.8036000000,0.6833000000,0.5136000000,0.3090000000,0.0832000000,0.4019000000,0.2344000000,0.1905000000,0.1235000000,0.1717000000,0.2351000000,0.2489000000,0.3649000000,0.3382000000,0.1589000000,0.0989000000,0.1089000000,0.1043000000,0.0839000000,0.1391000000,0.0819000000,0.0678000000,0.0663000000,0.1202000000,0.0692000000,0.0152000000,0.0266000000,0.0174000000,0.0176000000,0.0127000000,0.0088000000,0.0098000000,0.0019000000,0.0059000000,0.0058000000,0.0059000000,0.0032000000,1.0000000000
0.1021000000,0.0830000000,0.0577000000,0.0627000000,0.0635000000,0.1328000000,0.0988000000,0.1787000000,0.1199000000,0.1369000000,0.2509000000,0.2631000000,0.2796000000,0.2977000000,0.3823000000,0.3129000000,0.3956000000,0.2093000000,0.3218000000,0.3345000000,0.3184000000,0.2887000000,0.3610000000,0.2566000000,0.4106000000,0.4591000000,0.4722000000,0.7278000000,0.7591000000,0.6579000000,0.7514000000,0.6666000000,0.4903000000,0.5962000000,0.6552000000,0.4014000000,0.1188000000,0.3245000000,0.3107000000,0.1354000000,0.5109000000,0.7988000000,0.7517000000,0.5508000000,0.5858000000,0.7292000000,0.5522000000,0.3339000000,0.1608000000,0.0475000000,0.1004000000,0.0709000000,0.0317000000,0.0309000000,0.0252000000,0.0087000000,0.0177000000,0.0214000000,0.0227000000,0.0106000000,0.0000000000
0.0428000000,0.0555000000,0.0708000000,0.0618000000,0.1215000000,0.1524000000,0.1543000000,0.0391000000,0.0610000000,0.0113000000,0.1255000000,0.2473000000,0.3011000000,0.3747000000,0.4520000000,0.5392000000,0.6588000000,0.7113000000,0.7602000000,0.8672000000,0.8416000000,0.7974000000,0.8385000000,0.9317000000,0.8555000000,0.6162000000,0.4139000000,0.3269000000,0.3108000000,0.2554000000,0.3367000000,0.4465000000,0.5000000000,0.5111000000,0.5194000000,0.4619000000,0.4234000000,0.4372000000,0.4277000000,0.4433000000,0.3700000000,0.3324000000,0.2564000000,0.2527000000,0.2137000000,0.1789000000,0.1010000000,0.0528000000,0.0453000000,0.0118000000,0.0009000000,0.0142000000,0.0179000000,0.0079000000,0.0060000000,0.0131000000,0.0089000000,0.0084000000,0.0113000000,0.0049000000,0.0000000000
0.0270000000,0.0163000000,0.0341000000,0.0247000000,0.0822000000,0.1256000000,0.1323000000,0.1584000000,0.2017000000,0.2122000000,0.2210000000,0.2399000000,0.2964000000,0.4061000000,0.5095000000,0.5512000000,0.6613000000,0.6804000000,0.6520000000,0.6788000000,0.7811000000,0.8369000000,0.8969000000,0.9856000000,1.0000000000,0.9395000000,0.8917000000,0.8105000000,0.6828000000,0.5572000000,0.4301000000,0.3339000000,0.2035000000,0.0798000000,0.0809000000,0.1525000000,0.2626000000,0.2456000000,0.1980000000,0.2412000000,0.2409000000,0.1901000000,0.2077000000,0.1767000000,0.1119000000,0.0779000000,0.1344000000,0.0960000000,0.0598000000,0.0330000000,0.0197000000,0.0189000000,0.0204000000,0.0085000000,0.0043000000,0.0092000000,0.0138000000,0.0094000000,0.0105000000,0.0093000000,0.0000000000
0.0039000000,0.0063000000,0.0152000000,0.0336000000,0.0310000000,0.0284000000,0.0396000000,0.0272000000,0.0323000000,0.0452000000,0.0492000000,0.0996000000,0.1424000000,0.1194000000,0.0628000000,0.0907000000,0.1177000000,0.1429000000,0.1223000000,0.1104000000,0.1847000000,0.3715000000,0.4382000000,0.5707000000,0.6654000000,0.7476000000,0.7654000000,0.8555000000,0.9720000000,0.9221000000,0.7502000000,0.7209000000,0.7757000000,0.6055000000,0.5021000000,0.4499000000,0.3947000000,0.4281000000,0.4427000000,0.3749000000,0.1972000000,0.0511000000,0.0793000000,0.1269000000,0.1533000000,0.0690000000,0.0402000000,0.0534000000,0.0228000000,0.0073000000,0.0062000000,0.0062000000,0.0120000000,0.0052000000,0.0056000000,0.0093000000,0.0042000000,0.0003000000,0.0053000000,0.0036000000,1.0000000000
0.1313000000,0.2339000000,0.3059000000,0.4264000000,0.4010000000,0.1791000000,0.1853000000,0.0055000000,0.1929000000,0.2231000000,0.2907000000,0.2259000000,0.3136000000,0.3302000000,0.3660000000,0.3956000000,0.4386000000,0.4670000000,0.5255000000,0.3735000000,0.2243000000,0.1973000000,0.4337000000,0.6532000000,0.5070000000,0.2796000000,0.4163000000,0.5950000000,0.5242000000,0.4178000000,0.3714000000,0.2375000000,0.0863000000,0.1437000000,0.2896000000,0.4577000000,0.3725000000,0.3372000000,0.3803000000,0.4181000000,0.3603000000,0.2711000000,0.1653000000,0.1951000000,0.2811000000,0.2246000000,0.1921000000,0.1500000000,0.0665000000,0.0193000000,0.0156000000,0.0362000000,0.0210000000,0.0154000000,0.0180000000,0.0013000000,0.0106000000,0.0127000000,0.0178000000,0.0231000000,0.0000000000
0.0856000000,0.0454000000,0.0382000000,0.0203000000,0.0385000000,0.0534000000,0.2140000000,0.3110000000,0.2837000000,0.2751000000,0.2707000000,0.0946000000,0.1020000000,0.4519000000,0.6737000000,0.6699000000,0.7066000000,0.5632000000,0.3785000000,0.2721000000,0.5297000000,0.7697000000,0.8643000000,0.9304000000,0.9372000000,0.6247000000,0.6024000000,0.6810000000,0.5047000000,0.5775000000,0.4754000000,0.2400000000,0.2779000000,0.1997000000,0.5305000000,0.7409000000,0.7775000000,0.4424000000,0.1416000000,0.3508000000,0.4482000000,0.4208000000,0.3054000000,0.2235000000,0.2611000000,0.2798000000,0.2392000000,0.2021000000,0.1326000000,0.0358000000,0.0128000000,0.0172000000,0.0138000000,0.0079000000,0.0037000000,0.0051000000,0.0258000000,0.0102000000,0.0037000000,0.0037000000,1.0000000000
0.0968000000,0.0821000000,0.0629000000,0.0608000000,0.0617000000,0.1207000000,0.0944000000,0.4223000000,0.5744000000,0.5025000000,0.3488000000,0.1700000000,0.2076000000,0.3087000000,0.4224000000,0.5312000000,0.2436000000,0.1884000000,0.1908000000,0.8321000000,1.0000000000,0.4076000000,0.0960000000,0.1928000000,0.2419000000,0.3790000000,0.2893000000,0.3451000000,0.3777000000,0.5213000000,0.2316000000,0.3335000000,0.4781000000,0.6116000000,0.6705000000,0.7375000000,0.7356000000,0.7792000000,0.6788000000,0.5259000000,0.2762000000,0.1545000000,0.2019000000,0.2231000000,0.4221000000,0.3067000000,0.1329000000,0.1349000000,0.1057000000,0.0499000000,0.0206000000,0.0073000000,0.0081000000,0.0303000000,0.0190000000,0.0212000000,0.0126000000,0.0201000000,0.0210000000,0.0041000000,0.0000000000
0.0340000000,0.0625000000,0.0381000000,0.0257000000,0.0441000000,0.1027000000,0.1287000000,0.1850000000,0.2647000000,0.4117000000,0.5245000000,0.5341000000,0.5554000000,0.3915000000,0.2950000000,0.3075000000,0.3021000000,0.2719000000,0.5443000000,0.7932000000,0.8751000000,0.8667000000,0.7107000000,0.6911000000,0.7287000000,0.8792000000,1.0000000000,0.9816000000,0.8984000000,0.6048000000,0.4934000000,0.5371000000,0.4586000000,0.2908000000,0.0774000000,0.2249000000,0.1602000000,0.3958000000,0.6117000000,0.5196000000,0.2321000000,0.4370000000,0.3797000000,0.4322000000,0.4892000000,0.1901000000,0.0940000000,0.1364000000,0.0906000000,0.0144000000,0.0329000000,0.0141000000,0.0019000000,0.0067000000,0.0099000000,0.0042000000,0.0057000000,0.0051000000,0.0033000000,0.0058000000,0.0000000000
0.0363000000,0.0478000000,0.0298000000,0.0210000000,0.1409000000,0.1916000000,0.1349000000,0.1613000000,0.1703000000,0.1444000000,0.1989000000,0.2154000000,0.2863000000,0.3570000000,0.3980000000,0.4359000000,0.5334000000,0.6304000000,0.6995000000,0.7435000000,0.8379000000,0.8641000000,0.9014000000,0.9432000000,0.9536000000,1.0000000000,0.9547000000,0.9745000000,0.8962000000,0.7196000000,0.5462000000,0.3156000000,0.2525000000,0.1969000000,0.2189000000,0.1533000000,0.0711000000,0.1498000000,0.1755000000,0.2276000000,0.1322000000,0.1056000000,0.1973000000,0.1692000000,0.1881000000,0.1177000000,0.0779000000,0.0495000000,0.0492000000,0.0194000000,0.0250000000,0.0115000000,0.0190000000,0.0055000000,0.0096000000,0.0050000000,0.0066000000,0.0114000000,0.0073000000,0.0033000000,0.0000000000
0.0177000000,0.0300000000,0.0288000000,0.0394000000,0.0630000000,0.0526000000,0.0688000000,0.0633000000,0.0624000000,0.0613000000,0.1680000000,0.3476000000,0.4561000000,0.5188000000,0.6308000000,0.7201000000,0.5153000000,0.3818000000,0.2644000000,0.3345000000,0.4865000000,0.6628000000,0.7389000000,0.9213000000,1.0000000000,0.7750000000,0.5593000000,0.6172000000,0.8635000000,0.6592000000,0.4770000000,0.4983000000,0.3330000000,0.3076000000,0.2876000000,0.2226000000,0.0794000000,0.0603000000,0.1049000000,0.0606000000,0.1530000000,0.0983000000,0.1643000000,0.1901000000,0.1107000000,0.1917000000,0.1467000000,0.0392000000,0.0356000000,0.0270000000,0.0168000000,0.0102000000,0.0122000000,0.0044000000,0.0075000000,0.0124000000,0.0099000000,0.0057000000,0.0032000000,0.0019000000,1.0000000000
0.0368000000,0.0403000000,0.0317000000,0.0293000000,0.0820000000,0.1342000000,0.1161000000,0.0663000000,0.0155000000,0.0506000000,0.0906000000,0.2545000000,0.1464000000,0.1272000000,0.1223000000,0.1669000000,0.1424000000,0.1285000000,0.1857000000,0.1136000000,0.2069000000,0.0219000000,0.2400000000,0.2547000000,0.0240000000,0.1923000000,0.4753000000,0.7003000000,0.6825000000,0.6443000000,0.7063000000,0.5373000000,0.6601000000,0.8708000000,0.9518000000,0.9605000000,0.7712000000,0.6772000000,0.6431000000,0.6720000000,0.6035000000,0.5155000000,0.3802000000,0.2278000000,0.1522000000,0.0801000000,0.0804000000,0.0752000000,0.0566000000,0.0175000000,0.0058000000,0.0091000000,0.0160000000,0.0160000000,0.0081000000,0.0070000000,0.0135000000,0.0067000000,0.0078000000,0.0068000000,1.0000000000
0.0225000000,0.0019000000,0.0075000000,0.0097000000,0.0445000000,0.0906000000,0.0889000000,0.0655000000,0.1624000000,0.1452000000,0.1442000000,0.0948000000,0.0618000000,0.1641000000,0.0708000000,0.0844000000,0.2590000000,0.2679000000,0.3094000000,0.4678000000,0.5958000000,0.7245000000,0.8773000000,0.9214000000,0.9282000000,0.9942000000,1.0000000000,0.9071000000,0.8545000000,0.7293000000,0.6499000000,0.6071000000,0.5588000000,0.5967000000,0.6275000000,0.5459000000,0.4786000000,0.3965000000,0.2087000000,0.1651000000,0.1836000000,0.0652000000,0.0758000000,0.0486000000,0.0353000000,0.0297000000,0.0241000000,0.0379000000,0.0119000000,0.0073000000,0.0051000000,0.0034000000,0.0129000000,0.0100000000,0.0044000000,0.0057000000,0.0030000000,0.0035000000,0.0021000000,0.0027000000,1.0000000000
0.0231000000,0.0351000000,0.0030000000,0.0304000000,0.0339000000,0.0860000000,0.1738000000,0.1351000000,0.1063000000,0.0347000000,0.0575000000,0.1382000000,0.2274000000,0.4038000000,0.5223000000,0.6847000000,0.7521000000,0.7760000000,0.7708000000,0.8627000000,1.0000000000,0.8873000000,0.8057000000,0.8760000000,0.9066000000,0.9430000000,0.8846000000,0.6500000000,0.2970000000,0.2423000000,0.2992000000,0.2285000000,0.2277000000,0.1529000000,0.1037000000,0.0352000000,0.1073000000,0.1373000000,0.1331000000,0.1454000000,0.1115000000,0.0440000000,0.0762000000,0.1381000000,0.0831000000,0.0654000000,0.0844000000,0.0595000000,0.0497000000,0.0313000000,0.0154000000,0.0106000000,0.0097000000,0.0022000000,0.0052000000,0.0072000000,0.0056000000,0.0038000000,0.0043000000,0.0030000000,1.0000000000
0.0231000000,0.0315000000,0.0170000000,0.0226000000,0.0410000000,0.0116000000,0.0223000000,0.0805000000,0.2365000000,0.2461000000,0.2245000000,0.1520000000,0.1732000000,0.3099000000,0.4380000000,0.5595000000,0.6820000000,0.6164000000,0.6803000000,0.8435000000,0.9921000000,1.0000000000,0.7983000000,0.5426000000,0.3952000000,0.5179000000,0.5650000000,0.3042000000,0.1881000000,0.3960000000,0.2286000000,0.3544000000,0.4187000000,0.2398000000,0.1847000000,0.3760000000,0.4331000000,0.3626000000,0.2519000000,0.1870000000,0.1046000000,0.2339000000,0.1991000000,0.1100000000,0.0684000000,0.0303000000,0.0674000000,0.0785000000,0.0455000000,0.0246000000,0.0151000000,0.0125000000,0.0036000000,0.0123000000,0.0043000000,0.0114000000,0.0052000000,0.0091000000,0.0008000000,0.0092000000,0.0000000000
0.0412000000,0.1135000000,0.0518000000,0.0232000000,0.0646000000,0.1124000000,0.1787000000,0.2407000000,0.2682000000,0.2058000000,0.1546000000,0.2671000000,0.3141000000,0.2904000000,0.3531000000,0.5079000000,0.4639000000,0.1859000000,0.4474000000,0.4079000000,0.5400000000,0.4786000000,0.4332000000,0.6113000000,0.5091000000,0.4606000000,0.7243000000,0.8987000000,0.8826000000,0.9201000000,0.8005000000,0.6033000000,0.2120000000,0.2866000000,0.4033000000,0.2803000000,0.3087000000,0.3550000000,0.2545000000,0.1432000000,0.5869000000,0.6431000000,0.5826000000,0.4286000000,0.4894000000,0.5777000000,0.4315000000,0.2640000000,0.1794000000,0.0772000000,0.0798000000,0.0376000000,0.0143000000,0.0272000000,0.0127000000,0.0166000000,0.0095000000,0.0225000000,0.0098000000,0.0085000000,0.0000000000
0.0200000000,0.0371000000,0.0428000000,0.0207000000,0.0954000000,0.0986000000,0.1539000000,0.1601000000,0.3109000000,0.2111000000,0.1609000000,0.1582000000,0.2238000000,0.0645000000,0.0660000000,0.2273000000,0.3100000000,0.2999000000,0.5078000000,0.4797000000,0.5783000000,0.5071000000,0.4328000000,0.5550000000,0.6711000000,0.6415000000,0.7104000000,0.8080000000,0.6791000000,0.3857000000,0.1307000000,0.2604000000,0.5121000000,0.7547000000,0.8537000000,0.8507000000,0.6692000000,0.6097000000,0.4943000000,0.2744000000,0.0510000000,0.2834000000,0.2825000000,0.4256000000,0.2641000000,0.1386000000,0.1051000000,0.1343000000,0.0383000000,0.0324000000,0.0232000000,0.0027000000,0.0065000000,0.0159000000,0.0072000000,0.0167000000,0.0180000000,0.0084000000,0.0090000000,0.0032000000,1.0000000000
0.0298000000,0.0615000000,0.0650000000,0.0921000000,0.1615000000,0.2294000000,0.2176000000,0.2033000000,0.1459000000,0.0852000000,0.2476000000,0.3645000000,0.2777000000,0.2826000000,0.3237000000,0.4335000000,0.5638000000,0.4555000000,0.4348000000,0.6433000000,0.3932000000,0.1989000000,0.3540000000,0.9165000000,0.9371000000,0.4620000000,0.2771000000,0.6613000000,0.8028000000,0.4200000000,0.5192000000,0.6962000000,0.5792000000,0.8889000000,0.7863000000,0.7133000000,0.7615000000,0.4401000000,0.3009000000,0.3163000000,0.2809000000,0.2898000000,0.0526000000,0.1867000000,0.1553000000,0.1633000000,0.1252000000,0.0748000000,0.0452000000,0.0064000000,0.0154000000,0.0031000000,0.0153000000,0.0071000000,0.0212000000,0.0076000000,0.0152000000,0.0049000000,0.0200000000,0.0073000000,1.0000000000
0.0235000000,0.0291000000,0.0749000000,0.0519000000,0.0227000000,0.0834000000,0.0677000000,0.2002000000,0.2876000000,0.3674000000,0.2974000000,0.0837000000,0.1912000000,0.5040000000,0.6352000000,0.6804000000,0.7505000000,0.6595000000,0.4509000000,0.2964000000,0.4019000000,0.6794000000,0.8297000000,1.0000000000,0.8240000000,0.7115000000,0.7726000000,0.6124000000,0.4936000000,0.5648000000,0.4906000000,0.1820000000,0.1811000000,0.1107000000,0.4603000000,0.6650000000,0.6423000000,0.2166000000,0.1951000000,0.4947000000,0.4925000000,0.4041000000,0.2402000000,0.1392000000,0.1779000000,0.1946000000,0.1723000000,0.1522000000,0.0929000000,0.0179000000,0.0242000000,0.0083000000,0.0037000000,0.0095000000,0.0105000000,0.0030000000,0.0132000000,0.0068000000,0.0108000000,0.0090000000,1.0000000000
0.0135000000,0.0045000000,0.0051000000,0.0289000000,0.0561000000,0.0929000000,0.1031000000,0.0883000000,0.1596000000,0.1908000000,0.1576000000,0.1112000000,0.1197000000,0.1174000000,0.1415000000,0.2215000000,0.2658000000,0.2713000000,0.3862000000,0.5717000000,0.6797000000,0.8747000000,1.0000000000,0.8948000000,0.8420000000,0.9174000000,0.9307000000,0.9050000000,0.8228000000,0.6986000000,0.5831000000,0.4924000000,0.4563000000,0.5159000000,0.5670000000,0.5284000000,0.5144000000,0.3742000000,0.2282000000,0.1193000000,0.1088000000,0.0431000000,0.1070000000,0.0583000000,0.0046000000,0.0473000000,0.0408000000,0.0290000000,0.0192000000,0.0094000000,0.0025000000,0.0037000000,0.0084000000,0.0102000000,0.0096000000,0.0024000000,0.0037000000,0.0028000000,0.0030000000,0.0030000000,1.0000000000
0.0294000000,0.0123000000,0.0117000000,0.0113000000,0.0497000000,0.0998000000,0.1326000000,0.1117000000,0.2984000000,0.3473000000,0.4231000000,0.5044000000,0.5237000000,0.4398000000,0.3236000000,0.2956000000,0.3286000000,0.3231000000,0.4528000000,0.6339000000,0.7044000000,0.8314000000,0.8449000000,0.8512000000,0.9138000000,0.9985000000,1.0000000000,0.7544000000,0.4661000000,0.3924000000,0.3849000000,0.4674000000,0.4245000000,0.3095000000,0.0752000000,0.2885000000,0.4072000000,0.3170000000,0.2863000000,0.2634000000,0.0541000000,0.1874000000,0.3459000000,0.4646000000,0.4366000000,0.2581000000,0.1319000000,0.0505000000,0.0112000000,0.0059000000,0.0041000000,0.0056000000,0.0104000000,0.0079000000,0.0014000000,0.0054000000,0.0015000000,0.0006000000,0.0081000000,0.0043000000,0.0000000000
0.0522000000,0.0437000000,0.0180000000,0.0292000000,0.0351000000,0.1171000000,0.1257000000,0.1178000000,0.1258000000,0.2529000000,0.2716000000,0.2374000000,0.1878000000,0.0983000000,0.0683000000,0.1503000000,0.1723000000,0.2339000000,0.1962000000,0.1395000000,0.3164000000,0.5888000000,0.7631000000,0.8473000000,0.9424000000,0.9986000000,0.9699000000,1.0000000000,0.8630000000,0.6979000000,0.7717000000,0.7305000000,0.5197000000,0.1786000000,0.1098000000,0.1446000000,0.1066000000,0.1440000000,0.1929000000,0.0325000000,0.1490000000,0.0328000000,0.0537000000,0.1309000000,0.0910000000,0.0757000000,0.1059000000,0.1005000000,0.0535000000,0.0235000000,0.0155000000,0.0160000000,0.0029000000,0.0051000000,0.0062000000,0.0089000000,0.0140000000,0.0138000000,0.0077000000,0.0031000000,0.0000000000
0.0388000000,0.0324000000,0.0688000000,0.0898000000,0.1267000000,0.1515000000,0.2134000000,0.2613000000,0.2832000000,0.2718000000,0.3645000000,0.3934000000,0.3843000000,0.4677000000,0.5364000000,0.4823000000,0.4835000000,0.5862000000,0.7579000000,0.6997000000,0.6918000000,0.8633000000,0.9107000000,0.9346000000,0.7884000000,0.8585000000,0.9261000000,0.7080000000,0.5779000000,0.5215000000,0.4505000000,0.3129000000,0.1448000000,0.1046000000,0.1820000000,0.1519000000,0.1017000000,0.1438000000,0.1986000000,0.2039000000,0.2778000000,0.2879000000,0.1331000000,0.1140000000,0.1310000000,0.1433000000,0.0624000000,0.0100000000,0.0098000000,0.0131000000,0.0152000000,0.0255000000,0.0071000000,0.0263000000,0.0079000000,0.0111000000,0.0107000000,0.0068000000,0.0097000000,0.0067000000,0.0000000000
0.0599000000,0.0474000000,0.0498000000,0.0387000000,0.1026000000,0.0773000000,0.0853000000,0.0447000000,0.1094000000,0.0351000000,0.1582000000,0.2023000000,0.2268000000,0.2829000000,0.3819000000,0.4665000000,0.6687000000,0.8647000000,0.9361000000,0.9367000000,0.9144000000,0.9162000000,0.9311000000,0.8604000000,0.7327000000,0.5763000000,0.4162000000,0.4113000000,0.4146000000,0.3149000000,0.2936000000,0.3169000000,0.3149000000,0.4132000000,0.3994000000,0.4195000000,0.4532000000,0.4419000000,0.4737000000,0.3431000000,0.3194000000,0.3370000000,0.2493000000,0.2650000000,0.1748000000,0.0932000000,0.0530000000,0.0081000000,0.0342000000,0.0137000000,0.0028000000,0.0013000000,0.0005000000,0.0227000000,0.0209000000,0.0081000000,0.0117000000,0.0114000000,0.0112000000,0.0100000000,0.0000000000
0.0124000000,0.0433000000,0.0604000000,0.0449000000,0.0597000000,0.0355000000,0.0531000000,0.0343000000,0.1052000000,0.2120000000,0.1640000000,0.1901000000,0.3026000000,0.2019000000,0.0592000000,0.2390000000,0.3657000000,0.3809000000,0.5929000000,0.6299000000,0.5801000000,0.4574000000,0.4449000000,0.3691000000,0.6446000000,0.8940000000,0.8978000000,0.4980000000,0.3333000000,0.2350000000,0.1553000000,0.3666000000,0.4340000000,0.3082000000,0.3024000000,0.4109000000,0.5501000000,0.4129000000,0.5499000000,0.5018000000,0.3132000000,0.2802000000,0.2351000000,0.2298000000,0.1155000000,0.0724000000,0.0621000000,0.0318000000,0.0450000000,0.0167000000,0.0078000000,0.0083000000,0.0057000000,0.0174000000,0.0188000000,0.0054000000,0.0114000000,0.0196000000,0.0147000000,0.0062000000,1.0000000000
0.0635000000,0.0709000000,0.0453000000,0.0333000000,0.0185000000,0.1260000000,0.1015000000,0.1918000000,0.3362000000,0.3900000000,0.4674000000,0.5632000000,0.5506000000,0.4343000000,0.3052000000,0.3492000000,0.3975000000,0.3875000000,0.5280000000,0.7198000000,0.7702000000,0.8562000000,0.8688000000,0.9236000000,1.0000000000,0.9662000000,0.9822000000,0.7360000000,0.4158000000,0.2918000000,0.3280000000,0.3690000000,0.3450000000,0.2863000000,0.0864000000,0.3724000000,0.4649000000,0.3488000000,0.1817000000,0.1142000000,0.1220000000,0.2621000000,0.4461000000,0.4726000000,0.3263000000,0.1423000000,0.0390000000,0.0406000000,0.0311000000,0.0086000000,0.0154000000,0.0048000000,0.0025000000,0.0087000000,0.0072000000,0.0095000000,0.0086000000,0.0085000000,0.0040000000,0.0051000000,0.0000000000
0.0269000000,0.0383000000,0.0505000000,0.0707000000,0.1313000000,0.2103000000,0.2263000000,0.2524000000,0.3595000000,0.5915000000,0.6675000000,0.5679000000,0.5175000000,0.3334000000,0.2002000000,0.2856000000,0.2937000000,0.3424000000,0.5949000000,0.7526000000,0.8959000000,0.8147000000,0.7109000000,0.7378000000,0.7201000000,0.8254000000,0.8917000000,0.9820000000,0.8179000000,0.4848000000,0.3203000000,0.2775000000,0.2382000000,0.2911000000,0.1675000000,0.3156000000,0.1869000000,0.3391000000,0.5993000000,0.4124000000,0.1181000000,0.3651000000,0.4655000000,0.4777000000,0.3517000000,0.0920000000,0.1227000000,0.1785000000,0.1085000000,0.0300000000,0.0346000000,0.0167000000,0.0199000000,0.0145000000,0.0081000000,0.0045000000,0.0043000000,0.0027000000,0.0055000000,0.0057000000,0.0000000000
0.0442000000,0.0477000000,0.0049000000,0.0581000000,0.0278000000,0.0678000000,0.1664000000,0.1490000000,0.0974000000,0.1268000000,0.1109000000,0.2375000000,0.2007000000,0.2140000000,0.1109000000,0.2036000000,0.2468000000,0.6682000000,0.8345000000,0.8252000000,0.8017000000,0.8982000000,0.9664000000,0.8515000000,0.6626000000,0.3241000000,0.2054000000,0.5669000000,0.5726000000,0.4877000000,0.7532000000,0.7600000000,0.5185000000,0.4120000000,0.5560000000,0.5569000000,0.1336000000,0.3831000000,0.4611000000,0.4330000000,0.2556000000,0.1466000000,0.3489000000,0.2659000000,0.0944000000,0.1370000000,0.1344000000,0.0416000000,0.0719000000,0.0637000000,0.0210000000,0.0204000000,0.0216000000,0.0135000000,0.0055000000,0.0073000000,0.0080000000,0.0105000000,0.0059000000,0.0105000000,1.0000000000
0.0071000000,0.0103000000,0.0135000000,0.0494000000,0.0253000000,0.0806000000,0.0701000000,0.0738000000,0.0117000000,0.0898000000,0.0289000000,0.1554000000,0.1437000000,0.1035000000,0.1424000000,0.1227000000,0.0892000000,0.2047000000,0.0827000000,0.1524000000,0.3031000000,0.1608000000,0.0667000000,0.1426000000,0.0395000000,0.1653000000,0.3399000000,0.4855000000,0.5206000000,0.5508000000,0.6102000000,0.5989000000,0.6764000000,0.8897000000,1.0000000000,0.9517000000,0.8459000000,0.7073000000,0.6697000000,0.6326000000,0.5102000000,0.4161000000,0.2816000000,0.1705000000,0.1421000000,0.0971000000,0.0879000000,0.0863000000,0.0355000000,0.0233000000,0.0252000000,0.0043000000,0.0048000000,0.0076000000,0.0124000000,0.0105000000,0.0054000000,0.0032000000,0.0073000000,0.0063000000,1.0000000000
0.0162000000,0.0041000000,0.0239000000,0.0441000000,0.0630000000,0.0921000000,0.1368000000,0.1078000000,0.1552000000,0.1779000000,0.2164000000,0.2568000000,0.3089000000,0.3829000000,0.4393000000,0.5335000000,0.5996000000,0.6728000000,0.7309000000,0.8092000000,0.8941000000,0.9668000000,1.0000000000,0.9893000000,0.9376000000,0.8991000000,0.9184000000,0.9128000000,0.7811000000,0.6018000000,0.3765000000,0.3300000000,0.2280000000,0.0212000000,0.1117000000,0.1788000000,0.2373000000,0.2843000000,0.2241000000,0.2715000000,0.3363000000,0.2546000000,0.1867000000,0.2160000000,0.1278000000,0.0768000000,0.1070000000,0.0946000000,0.0636000000,0.0227000000,0.0128000000,0.0173000000,0.0135000000,0.0114000000,0.0062000000,0.0157000000,0.0088000000,0.0036000000,0.0053000000,0.0030000000,0.0000000000
0.0093000000,0.0269000000,0.0217000000,0.0339000000,0.0305000000,0.1172000000,0.1450000000,0.0638000000,0.0740000000,0.1360000000,0.2132000000,0.3738000000,0.3738000000,0.2673000000,0.2333000000,0.5367000000,0.7312000000,0.7659000000,0.6271000000,0.4395000000,0.4330000000,0.4326000000,0.5544000000,0.7360000000,0.8589000000,0.8989000000,0.9420000000,0.9401000000,0.9379000000,0.8575000000,0.7284000000,0.6700000000,0.7547000000,0.8773000000,0.9919000000,0.9922000000,0.9419000000,0.8388000000,0.6605000000,0.4816000000,0.2917000000,0.1769000000,0.1136000000,0.0701000000,0.1578000000,0.1938000000,0.1106000000,0.0693000000,0.0176000000,0.0205000000,0.0309000000,0.0212000000,0.0091000000,0.0056000000,0.0086000000,0.0092000000,0.0070000000,0.0116000000,0.0060000000,0.0110000000,1.0000000000
0.0126000000,0.0519000000,0.0621000000,0.0518000000,0.1072000000,0.2587000000,0.2304000000,0.2067000000,0.3416000000,0.4284000000,0.3015000000,0.1207000000,0.3299000000,0.5707000000,0.6962000000,0.9751000000,1.0000000000,0.9293000000,0.6210000000,0.4586000000,0.5001000000,0.5032000000,0.7082000000,0.8420000000,0.8109000000,0.7690000000,0.8105000000,0.6203000000,0.2356000000,0.2595000000,0.6299000000,0.6762000000,0.2903000000,0.4393000000,0.8529000000,0.7180000000,0.4801000000,0.5856000000,0.4993000000,0.2866000000,0.0601000000,0.1167000000,0.2737000000,0.2812000000,0.2078000000,0.0660000000,0.0491000000,0.0345000000,0.0172000000,0.0287000000,0.0027000000,0.0208000000,0.0048000000,0.0199000000,0.0126000000,0.0022000000,0.0037000000,0.0034000000,0.0114000000,0.0077000000,1.0000000000
0.0130000000,0.0006000000,0.0088000000,0.0456000000,0.0525000000,0.0778000000,0.0931000000,0.0941000000,0.1711000000,0.1483000000,0.1532000000,0.1100000000,0.0890000000,0.1236000000,0.1197000000,0.1145000000,0.2137000000,0.2838000000,0.3640000000,0.5430000000,0.6673000000,0.7979000000,0.9273000000,0.9027000000,0.9192000000,1.0000000000,0.9821000000,0.9092000000,0.8184000000,0.6962000000,0.5900000000,0.5447000000,0.5142000000,0.5389000000,0.5531000000,0.5318000000,0.4826000000,0.3790000000,0.1831000000,0.1750000000,0.1679000000,0.0674000000,0.0609000000,0.0375000000,0.0533000000,0.0278000000,0.0179000000,0.0114000000,0.0073000000,0.0116000000,0.0092000000,0.0078000000,0.0041000000,0.0013000000,0.0011000000,0.0045000000,0.0039000000,0.0022000000,0.0023000000,0.0016000000,1.0000000000
0.0346000000,0.0509000000,0.0079000000,0.0243000000,0.0432000000,0.0735000000,0.0938000000,0.1134000000,0.1228000000,0.1508000000,0.1809000000,0.2390000000,0.2947000000,0.2866000000,0.4010000000,0.5325000000,0.5486000000,0.5823000000,0.6041000000,0.6749000000,0.7084000000,0.7890000000,0.9284000000,0.9781000000,0.9738000000,1.0000000000,0.9702000000,0.9956000000,0.8235000000,0.6020000000,0.5342000000,0.4867000000,0.3526000000,0.1566000000,0.0946000000,0.1613000000,0.2824000000,0.3390000000,0.3019000000,0.2945000000,0.2978000000,0.2676000000,0.2055000000,0.2069000000,0.1625000000,0.1216000000,0.1013000000,0.0744000000,0.0386000000,0.0050000000,0.0146000000,0.0040000000,0.0122000000,0.0107000000,0.0112000000,0.0102000000,0.0052000000,0.0024000000,0.0079000000,0.0031000000,0.0000000000
0.0310000000,0.0221000000,0.0433000000,0.0191000000,0.0964000000,0.1827000000,0.1106000000,0.1702000000,0.2804000000,0.4432000000,0.5222000000,0.5611000000,0.5379000000,0.4048000000,0.2245000000,0.1784000000,0.2297000000,0.2720000000,0.5209000000,0.6898000000,0.8202000000,0.8780000000,0.7600000000,0.7616000000,0.7152000000,0.7288000000,0.8686000000,0.9509000000,0.8348000000,0.5730000000,0.4363000000,0.4289000000,0.4240000000,0.3156000000,0.1287000000,0.1477000000,0.2062000000,0.2400000000,0.5173000000,0.5168000000,0.1491000000,0.2407000000,0.3415000000,0.4494000000,0.4624000000,0.2001000000,0.0775000000,0.1232000000,0.0783000000,0.0089000000,0.0249000000,0.0204000000,0.0059000000,0.0053000000,0.0079000000,0.0037000000,0.0015000000,0.0056000000,0.0067000000,0.0054000000,0.0000000000
0.0132000000,0.0080000000,0.0188000000,0.0141000000,0.0436000000,0.0668000000,0.0609000000,0.0131000000,0.0899000000,0.0922000000,0.1445000000,0.1475000000,0.2087000000,0.2558000000,0.2603000000,0.1985000000,0.2394000000,0.3134000000,0.4077000000,0.4529000000,0.4893000000,0.5666000000,0.6234000000,0.6741000000,0.8282000000,0.8823000000,0.9196000000,0.8965000000,0.7549000000,0.6736000000,0.6463000000,0.5007000000,0.3663000000,0.2298000000,0.1362000000,0.2123000000,0.2395000000,0.2673000000,0.2865000000,0.2060000000,0.1659000000,0.2633000000,0.2552000000,0.1696000000,0.1467000000,0.1286000000,0.0926000000,0.0716000000,0.0325000000,0.0258000000,0.0136000000,0.0044000000,0.0028000000,0.0021000000,0.0022000000,0.0048000000,0.0138000000,0.0140000000,0.0028000000,0.0064000000,1.0000000000
0.0317000000,0.0956000000,0.1321000000,0.1408000000,0.1674000000,0.1710000000,0.0731000000,0.1401000000,0.2083000000,0.3513000000,0.1786000000,0.0658000000,0.0513000000,0.3752000000,0.5419000000,0.5440000000,0.5150000000,0.4262000000,0.2024000000,0.4233000000,0.7723000000,0.9735000000,0.9390000000,0.5559000000,0.5268000000,0.6826000000,0.5713000000,0.5429000000,0.2177000000,0.2149000000,0.5811000000,0.6323000000,0.2965000000,0.1873000000,0.2969000000,0.5163000000,0.6153000000,0.4283000000,0.5479000000,0.6133000000,0.5017000000,0.2377000000,0.1957000000,0.1749000000,0.1304000000,0.0597000000,0.1124000000,0.1047000000,0.0507000000,0.0159000000,0.0195000000,0.0201000000,0.0248000000,0.0131000000,0.0070000000,0.0138000000,0.0092000000,0.0143000000,0.0036000000,0.0103000000,1.0000000000
0.0260000000,0.0363000000,0.0136000000,0.0272000000,0.0214000000,0.0338000000,0.0655000000,0.1400000000,0.1843000000,0.2354000000,0.2720000000,0.2442000000,0.1665000000,0.0336000000,0.1302000000,0.1708000000,0.2177000000,0.3175000000,0.3714000000,0.4552000000,0.5700000000,0.7397000000,0.8062000000,0.8837000000,0.9432000000,1.0000000000,0.9375000000,0.7603000000,0.7123000000,0.8358000000,0.7622000000,0.4567000000,0.1715000000,0.1549000000,0.1641000000,0.1869000000,0.2655000000,0.1713000000,0.0959000000,0.0768000000,0.0847000000,0.2076000000,0.2505000000,0.1862000000,0.1439000000,0.1470000000,0.0991000000,0.0041000000,0.0154000000,0.0116000000,0.0181000000,0.0146000000,0.0129000000,0.0047000000,0.0039000000,0.0061000000,0.0040000000,0.0036000000,0.0061000000,0.0115000000,0.0000000000
0.0179000000,0.0136000000,0.0408000000,0.0633000000,0.0596000000,0.0808000000,0.2090000000,0.3465000000,0.5276000000,0.5965000000,0.6254000000,0.4507000000,0.3693000000,0.2864000000,0.1635000000,0.0422000000,0.1785000000,0.4394000000,0.6950000000,0.8097000000,0.8550000000,0.8717000000,0.8601000000,0.9201000000,0.8729000000,0.8084000000,0.8694000000,0.8411000000,0.5793000000,0.3754000000,0.3485000000,0.4639000000,0.6495000000,0.6901000000,0.5666000000,0.5188000000,0.5060000000,0.3885000000,0.3762000000,0.3738000000,0.2605000000,0.1591000000,0.1875000000,0.2267000000,0.1577000000,0.1211000000,0.0883000000,0.0850000000,0.0355000000,0.0219000000,0.0086000000,0.0123000000,0.0060000000,0.0187000000,0.0111000000,0.0126000000,0.0081000000,0.0155000000,0.0160000000,0.0085000000,0.0000000000
0.0047000000,0.0059000000,0.0080000000,0.0554000000,0.0883000000,0.1278000000,0.1674000000,0.1373000000,0.2922000000,0.3469000000,0.3265000000,0.3263000000,0.2301000000,0.1253000000,0.2102000000,0.2401000000,0.1928000000,0.1673000000,0.1228000000,0.0902000000,0.1557000000,0.3291000000,0.5268000000,0.6740000000,0.7906000000,0.8938000000,0.9395000000,0.9493000000,0.9040000000,0.9151000000,0.8828000000,0.8086000000,0.7180000000,0.6720000000,0.6447000000,0.6879000000,0.6241000000,0.4936000000,0.4144000000,0.4240000000,0.4546000000,0.4392000000,0.4323000000,0.4921000000,0.4710000000,0.3196000000,0.2241000000,0.1806000000,0.0990000000,0.0251000000,0.0129000000,0.0095000000,0.0126000000,0.0069000000,0.0039000000,0.0068000000,0.0060000000,0.0045000000,0.0002000000,0.0029000000,0.0000000000
0.0335000000,0.0258000000,0.0398000000,0.0570000000,0.0529000000,0.1091000000,0.1709000000,0.1684000000,0.1865000000,0.2660000000,0.3188000000,0.3553000000,0.3116000000,0.1965000000,0.1780000000,0.2794000000,0.2870000000,0.3969000000,0.5599000000,0.6936000000,0.7969000000,0.7452000000,0.8203000000,0.9261000000,0.8810000000,0.8814000000,0.9301000000,0.9955000000,0.8576000000,0.6069000000,0.3934000000,0.2464000000,0.1645000000,0.1140000000,0.0956000000,0.0080000000,0.0702000000,0.0936000000,0.0894000000,0.1127000000,0.0873000000,0.1020000000,0.1964000000,0.2256000000,0.1814000000,0.2012000000,0.1688000000,0.1037000000,0.0501000000,0.0136000000,0.0130000000,0.0120000000,0.0039000000,0.0053000000,0.0062000000,0.0046000000,0.0045000000,0.0022000000,0.0005000000,0.0031000000,0.0000000000
0.0378000000,0.0318000000,0.0423000000,0.0350000000,0.1787000000,0.1635000000,0.0887000000,0.0817000000,0.1779000000,0.2053000000,0.3135000000,0.3118000000,0.3686000000,0.3885000000,0.5850000000,0.7868000000,0.9739000000,1.0000000000,0.9843000000,0.8610000000,0.8443000000,0.9061000000,0.5847000000,0.4033000000,0.5946000000,0.6793000000,0.6389000000,0.5002000000,0.5578000000,0.4831000000,0.4729000000,0.3318000000,0.3969000000,0.3894000000,0.2314000000,0.1036000000,0.1312000000,0.0864000000,0.2569000000,0.3179000000,0.2649000000,0.2714000000,0.1713000000,0.0584000000,0.1230000000,0.2200000000,0.2198000000,0.1074000000,0.0423000000,0.0162000000,0.0093000000,0.0046000000,0.0044000000,0.0078000000,0.0102000000,0.0065000000,0.0061000000,0.0062000000,0.0043000000,0.0053000000,1.0000000000
0.0762000000,0.0666000000,0.0481000000,0.0394000000,0.0590000000,0.0649000000,0.1209000000,0.2467000000,0.3564000000,0.4459000000,0.4152000000,0.3952000000,0.4256000000,0.4135000000,0.4528000000,0.5326000000,0.7306000000,0.6193000000,0.2032000000,0.4636000000,0.4148000000,0.4292000000,0.5730000000,0.5399000000,0.3161000000,0.2285000000,0.6995000000,1.0000000000,0.7262000000,0.4724000000,0.5103000000,0.5459000000,0.2881000000,0.0981000000,0.1951000000,0.4181000000,0.4604000000,0.3217000000,0.2828000000,0.2430000000,0.1979000000,0.2444000000,0.1847000000,0.0841000000,0.0692000000,0.0528000000,0.0357000000,0.0085000000,0.0230000000,0.0046000000,0.0156000000,0.0031000000,0.0054000000,0.0105000000,0.0110000000,0.0015000000,0.0072000000,0.0048000000,0.0107000000,0.0094000000,1.0000000000
0.0409000000,0.0421000000,0.0573000000,0.0130000000,0.0183000000,0.1019000000,0.1054000000,0.1070000000,0.2302000000,0.2259000000,0.2373000000,0.3323000000,0.3827000000,0.4840000000,0.6812000000,0.7555000000,0.9522000000,0.9826000000,0.8871000000,0.8268000000,0.7561000000,0.8217000000,0.6967000000,0.6444000000,0.6948000000,0.8014000000,0.6053000000,0.6084000000,0.8877000000,0.8557000000,0.5563000000,0.2897000000,0.3638000000,0.4786000000,0.2908000000,0.0899000000,0.2043000000,0.1707000000,0.0407000000,0.1286000000,0.1581000000,0.2191000000,0.1701000000,0.0971000000,0.2217000000,0.2732000000,0.1874000000,0.1062000000,0.0665000000,0.0405000000,0.0113000000,0.0028000000,0.0036000000,0.0105000000,0.0120000000,0.0087000000,0.0061000000,0.0061000000,0.0030000000,0.0078000000,1.0000000000
0.0190000000,0.0038000000,0.0642000000,0.0452000000,0.0333000000,0.0690000000,0.0901000000,0.1454000000,0.0740000000,0.0349000000,0.1459000000,0.3473000000,0.3197000000,0.2823000000,0.0166000000,0.0572000000,0.2164000000,0.4563000000,0.3819000000,0.5627000000,0.6484000000,0.7235000000,0.8242000000,0.8766000000,1.0000000000,0.8582000000,0.6563000000,0.5087000000,0.4817000000,0.4530000000,0.4521000000,0.4532000000,0.5385000000,0.5308000000,0.5356000000,0.5271000000,0.4260000000,0.2436000000,0.1205000000,0.3845000000,0.4107000000,0.5067000000,0.4216000000,0.2479000000,0.1586000000,0.1124000000,0.0651000000,0.0789000000,0.0325000000,0.0070000000,0.0026000000,0.0093000000,0.0118000000,0.0112000000,0.0094000000,0.0140000000,0.0072000000,0.0022000000,0.0055000000,0.0122000000,1.0000000000
0.0315000000,0.0252000000,0.0167000000,0.0479000000,0.0902000000,0.1057000000,0.1024000000,0.1209000000,0.1241000000,0.1533000000,0.2128000000,0.2536000000,0.2686000000,0.2803000000,0.1886000000,0.1485000000,0.2160000000,0.2417000000,0.2989000000,0.3341000000,0.3786000000,0.3956000000,0.5232000000,0.6913000000,0.7868000000,0.8337000000,0.9199000000,1.0000000000,0.8990000000,0.6456000000,0.5967000000,0.4355000000,0.2997000000,0.2294000000,0.1866000000,0.0922000000,0.1829000000,0.1743000000,0.2452000000,0.2407000000,0.2518000000,0.3184000000,0.1685000000,0.0675000000,0.1186000000,0.1833000000,0.1878000000,0.1114000000,0.0310000000,0.0143000000,0.0138000000,0.0108000000,0.0062000000,0.0044000000,0.0072000000,0.0007000000,0.0054000000,0.0035000000,0.0001000000,0.0055000000,0.0000000000
0.0201000000,0.0165000000,0.0344000000,0.0330000000,0.0397000000,0.0443000000,0.0684000000,0.0903000000,0.1739000000,0.2571000000,0.2931000000,0.3108000000,0.3603000000,0.3002000000,0.2718000000,0.2007000000,0.1801000000,0.2234000000,0.3568000000,0.5492000000,0.7209000000,0.8318000000,0.8864000000,0.9520000000,0.9637000000,1.0000000000,0.9673000000,0.8664000000,0.7896000000,0.6345000000,0.5351000000,0.4056000000,0.2563000000,0.2894000000,0.3588000000,0.4296000000,0.4773000000,0.4516000000,0.3765000000,0.3051000000,0.1921000000,0.1184000000,0.1984000000,0.1570000000,0.0660000000,0.1294000000,0.0797000000,0.0052000000,0.0233000000,0.0152000000,0.0125000000,0.0054000000,0.0057000000,0.0137000000,0.0109000000,0.0035000000,0.0056000000,0.0105000000,0.0082000000,0.0036000000,0.0000000000
0.0187000000,0.0346000000,0.0168000000,0.0177000000,0.0393000000,0.1630000000,0.2028000000,0.1694000000,0.2328000000,0.2684000000,0.3108000000,0.2933000000,0.2275000000,0.0994000000,0.1801000000,0.2200000000,0.2732000000,0.2862000000,0.2034000000,0.1740000000,0.4130000000,0.6879000000,0.8120000000,0.8453000000,0.8919000000,0.9300000000,0.9987000000,1.0000000000,0.8104000000,0.6199000000,0.6041000000,0.5547000000,0.4160000000,0.1472000000,0.0849000000,0.0608000000,0.0969000000,0.1411000000,0.1676000000,0.1200000000,0.1201000000,0.1036000000,0.1977000000,0.1339000000,0.0902000000,0.1085000000,0.1521000000,0.1363000000,0.0858000000,0.0290000000,0.0203000000,0.0116000000,0.0098000000,0.0199000000,0.0033000000,0.0101000000,0.0065000000,0.0115000000,0.0193000000,0.0157000000,0.0000000000
0.0411000000,0.0277000000,0.0604000000,0.0525000000,0.0489000000,0.0385000000,0.0611000000,0.1117000000,0.1237000000,0.2300000000,0.1370000000,0.1335000000,0.2137000000,0.1526000000,0.0775000000,0.1196000000,0.0903000000,0.0689000000,0.2071000000,0.2975000000,0.2836000000,0.3353000000,0.3622000000,0.3202000000,0.3452000000,0.3562000000,0.3892000000,0.6622000000,0.9254000000,1.0000000000,0.8528000000,0.6297000000,0.5250000000,0.4012000000,0.2901000000,0.2007000000,0.3356000000,0.4799000000,0.6147000000,0.6246000000,0.4973000000,0.3492000000,0.2662000000,0.3137000000,0.4282000000,0.4262000000,0.3511000000,0.2458000000,0.1259000000,0.0327000000,0.0181000000,0.0217000000,0.0038000000,0.0019000000,0.0065000000,0.0132000000,0.0108000000,0.0050000000,0.0085000000,0.0044000000,0.0000000000
0.0100000000,0.0171000000,0.0623000000,0.0205000000,0.0205000000,0.0368000000,0.1098000000,0.1276000000,0.0598000000,0.1264000000,0.0881000000,0.1992000000,0.0184000000,0.2261000000,0.1729000000,0.2131000000,0.0693000000,0.2281000000,0.4060000000,0.3973000000,0.2741000000,0.3690000000,0.5556000000,0.4846000000,0.3140000000,0.5334000000,0.5256000000,0.2520000000,0.2090000000,0.3559000000,0.6260000000,0.7340000000,0.6120000000,0.3497000000,0.3953000000,0.3012000000,0.5408000000,0.8814000000,0.9857000000,0.9167000000,0.6121000000,0.5006000000,0.3210000000,0.3202000000,0.4295000000,0.3654000000,0.2655000000,0.1576000000,0.0681000000,0.0294000000,0.0241000000,0.0121000000,0.0036000000,0.0150000000,0.0085000000,0.0073000000,0.0050000000,0.0044000000,0.0040000000,0.0117000000,1.0000000000
0.0286000000,0.0453000000,0.0277000000,0.0174000000,0.0384000000,0.0990000000,0.1201000000,0.1833000000,0.2105000000,0.3039000000,0.2988000000,0.4250000000,0.6343000000,0.8198000000,1.0000000000,0.9988000000,0.9508000000,0.9025000000,0.7234000000,0.5122000000,0.2074000000,0.3985000000,0.5890000000,0.2872000000,0.2043000000,0.5782000000,0.5389000000,0.3750000000,0.3411000000,0.5067000000,0.5580000000,0.4778000000,0.3299000000,0.2198000000,0.1407000000,0.2856000000,0.3807000000,0.4158000000,0.4054000000,0.3296000000,0.2707000000,0.2650000000,0.0723000000,0.1238000000,0.1192000000,0.1089000000,0.0623000000,0.0494000000,0.0264000000,0.0081000000,0.0104000000,0.0045000000,0.0014000000,0.0038000000,0.0013000000,0.0089000000,0.0057000000,0.0027000000,0.0051000000,0.0062000000,1.0000000000
0.0443000000,0.0446000000,0.0235000000,0.1008000000,0.2252000000,0.2611000000,0.2061000000,0.1668000000,0.1801000000,0.3083000000,0.3794000000,0.5364000000,0.6173000000,0.7842000000,0.8392000000,0.9016000000,1.0000000000,0.8911000000,0.8753000000,0.7886000000,0.7156000000,0.7581000000,0.6372000000,0.3210000000,0.2076000000,0.2279000000,0.3309000000,0.2847000000,0.1949000000,0.1671000000,0.1025000000,0.1362000000,0.2212000000,0.1124000000,0.1677000000,0.1039000000,0.2562000000,0.2624000000,0.2236000000,0.1180000000,0.1103000000,0.2831000000,0.2385000000,0.0255000000,0.1967000000,0.1483000000,0.0434000000,0.0627000000,0.0513000000,0.0473000000,0.0248000000,0.0274000000,0.0205000000,0.0141000000,0.0185000000,0.0055000000,0.0045000000,0.0115000000,0.0152000000,0.0100000000,0.0000000000
0.0228000000,0.0106000000,0.0130000000,0.0842000000,0.1117000000,0.1506000000,0.1776000000,0.0997000000,0.1428000000,0.2227000000,0.2621000000,0.3109000000,0.2859000000,0.3316000000,0.3755000000,0.4499000000,0.4765000000,0.6254000000,0.7304000000,0.8702000000,0.9349000000,0.9614000000,0.9126000000,0.9443000000,1.0000000000,0.9455000000,0.8815000000,0.7520000000,0.7068000000,0.5986000000,0.3857000000,0.2510000000,0.2162000000,0.0968000000,0.1323000000,0.1344000000,0.2250000000,0.3244000000,0.3939000000,0.3806000000,0.3258000000,0.3654000000,0.2983000000,0.1779000000,0.1535000000,0.1199000000,0.0959000000,0.0765000000,0.0649000000,0.0313000000,0.0185000000,0.0098000000,0.0178000000,0.0077000000,0.0074000000,0.0095000000,0.0055000000,0.0045000000,0.0063000000,0.0039000000,0.0000000000
0.0307000000,0.0523000000,0.0653000000,0.0521000000,0.0611000000,0.0577000000,0.0665000000,0.0664000000,0.1460000000,0.2792000000,0.3877000000,0.4992000000,0.4981000000,0.4972000000,0.5607000000,0.7339000000,0.8230000000,0.9173000000,0.9975000000,0.9911000000,0.8240000000,0.6498000000,0.5980000000,0.4862000000,0.3150000000,0.1543000000,0.0989000000,0.0284000000,0.1008000000,0.2636000000,0.2694000000,0.2930000000,0.2925000000,0.3998000000,0.3660000000,0.3172000000,0.4609000000,0.4374000000,0.1820000000,0.3376000000,0.6202000000,0.4448000000,0.1863000000,0.1420000000,0.0589000000,0.0576000000,0.0672000000,0.0269000000,0.0245000000,0.0190000000,0.0063000000,0.0321000000,0.0189000000,0.0137000000,0.0277000000,0.0152000000,0.0052000000,0.0121000000,0.0124000000,0.0055000000,0.0000000000
0.0238000000,0.0318000000,0.0422000000,0.0399000000,0.0788000000,0.0766000000,0.0881000000,0.1143000000,0.1594000000,0.2048000000,0.2652000000,0.3100000000,0.2381000000,0.1918000000,0.1430000000,0.1735000000,0.1781000000,0.2852000000,0.5036000000,0.6166000000,0.7616000000,0.8125000000,0.7793000000,0.8788000000,0.8813000000,0.9470000000,1.0000000000,0.9739000000,0.8446000000,0.6151000000,0.4302000000,0.3165000000,0.2869000000,0.2017000000,0.1206000000,0.0271000000,0.0580000000,0.1262000000,0.1072000000,0.1082000000,0.0360000000,0.1197000000,0.2061000000,0.2054000000,0.1878000000,0.2047000000,0.1716000000,0.1069000000,0.0477000000,0.0170000000,0.0186000000,0.0096000000,0.0071000000,0.0084000000,0.0038000000,0.0026000000,0.0028000000,0.0013000000,0.0035000000,0.0060000000,0.0000000000
0.0453000000,0.0523000000,0.0843000000,0.0689000000,0.1183000000,0.2583000000,0.2156000000,0.3481000000,0.3337000000,0.2872000000,0.4918000000,0.6552000000,0.6919000000,0.7797000000,0.7464000000,0.9444000000,1.0000000000,0.8874000000,0.8024000000,0.7818000000,0.5212000000,0.4052000000,0.3957000000,0.3914000000,0.3250000000,0.3200000000,0.3271000000,0.2767000000,0.4423000000,0.2028000000,0.3788000000,0.2947000000,0.1984000000,0.2341000000,0.1306000000,0.4182000000,0.3835000000,0.1057000000,0.1840000000,0.1970000000,0.1674000000,0.0583000000,0.1401000000,0.1628000000,0.0621000000,0.0203000000,0.0530000000,0.0742000000,0.0409000000,0.0061000000,0.0125000000,0.0084000000,0.0089000000,0.0048000000,0.0094000000,0.0191000000,0.0140000000,0.0049000000,0.0052000000,0.0044000000,1.0000000000
0.0036000000,0.0078000000,0.0092000000,0.0387000000,0.0530000000,0.1197000000,0.1243000000,0.1026000000,0.1239000000,0.0888000000,0.0937000000,0.1245000000,0.1599000000,0.1542000000,0.1846000000,0.1732000000,0.1477000000,0.1748000000,0.1455000000,0.1579000000,0.2257000000,0.1975000000,0.3368000000,0.5828000000,0.8505000000,1.0000000000,0.8457000000,0.6624000000,0.5564000000,0.3925000000,0.3233000000,0.2054000000,0.1920000000,0.2227000000,0.3147000000,0.2268000000,0.0795000000,0.0748000000,0.1166000000,0.1969000000,0.2619000000,0.2507000000,0.1983000000,0.0948000000,0.0931000000,0.0965000000,0.0381000000,0.0435000000,0.0336000000,0.0055000000,0.0079000000,0.0119000000,0.0055000000,0.0035000000,0.0036000000,0.0004000000,0.0018000000,0.0049000000,0.0024000000,0.0016000000,1.0000000000
0.0188000000,0.0370000000,0.0953000000,0.0824000000,0.0249000000,0.0488000000,0.1424000000,0.1972000000,0.1873000000,0.1806000000,0.2139000000,0.1523000000,0.1975000000,0.4844000000,0.7298000000,0.7807000000,0.7906000000,0.6122000000,0.4200000000,0.2807000000,0.5148000000,0.7569000000,0.8596000000,1.0000000000,0.8457000000,0.6797000000,0.6971000000,0.5843000000,0.4772000000,0.5201000000,0.4241000000,0.1592000000,0.1668000000,0.0588000000,0.3967000000,0.7147000000,0.7319000000,0.3509000000,0.0589000000,0.2690000000,0.4200000000,0.3874000000,0.2440000000,0.2000000000,0.2307000000,0.1886000000,0.1960000000,0.1701000000,0.1366000000,0.0398000000,0.0143000000,0.0093000000,0.0033000000,0.0113000000,0.0030000000,0.0057000000,0.0090000000,0.0057000000,0.0068000000,0.0024000000,1.0000000000
0.0790000000,0.0707000000,0.0352000000,0.1660000000,0.1330000000,0.0226000000,0.0771000000,0.2678000000,0.5664000000,0.6609000000,0.5002000000,0.2583000000,0.1650000000,0.4347000000,0.4515000000,0.4579000000,0.3366000000,0.4000000000,0.5325000000,0.9010000000,0.9939000000,0.3689000000,0.1012000000,0.0248000000,0.2318000000,0.3981000000,0.2259000000,0.5247000000,0.6898000000,0.8316000000,0.4326000000,0.3741000000,0.5756000000,0.8043000000,0.7963000000,0.7174000000,0.7056000000,0.8148000000,0.7601000000,0.6034000000,0.4554000000,0.4729000000,0.4478000000,0.3722000000,0.4693000000,0.3839000000,0.0768000000,0.1467000000,0.0777000000,0.0469000000,0.0193000000,0.0298000000,0.0390000000,0.0294000000,0.0175000000,0.0249000000,0.0141000000,0.0073000000,0.0025000000,0.0101000000,0.0000000000
0.0311000000,0.0491000000,0.0692000000,0.0831000000,0.0079000000,0.0200000000,0.0981000000,0.1016000000,0.2025000000,0.0767000000,0.1767000000,0.2555000000,0.2812000000,0.2722000000,0.3227000000,0.3463000000,0.5395000000,0.7911000000,0.9064000000,0.8701000000,0.7672000000,0.2957000000,0.4148000000,0.6043000000,0.3178000000,0.3482000000,0.6158000000,0.8049000000,0.6289000000,0.4999000000,0.5830000000,0.6660000000,0.4124000000,0.1260000000,0.2487000000,0.4676000000,0.5382000000,0.3150000000,0.2139000000,0.1848000000,0.1679000000,0.2328000000,0.1015000000,0.0713000000,0.0615000000,0.0779000000,0.0761000000,0.0845000000,0.0592000000,0.0068000000,0.0089000000,0.0087000000,0.0032000000,0.0130000000,0.0188000000,0.0101000000,0.0229000000,0.0182000000,0.0046000000,0.0038000000,1.0000000000
0.0162000000,0.0253000000,0.0262000000,0.0386000000,0.0645000000,0.0472000000,0.1056000000,0.1388000000,0.0598000000,0.1334000000,0.2969000000,0.4754000000,0.5677000000,0.5690000000,0.6421000000,0.7487000000,0.8999000000,1.0000000000,0.9690000000,0.9032000000,0.7685000000,0.6998000000,0.6644000000,0.5964000000,0.3711000000,0.0921000000,0.0481000000,0.0876000000,0.1040000000,0.1714000000,0.3264000000,0.4612000000,0.3939000000,0.5050000000,0.4833000000,0.3511000000,0.2319000000,0.4029000000,0.3676000000,0.1510000000,0.0745000000,0.1395000000,0.1552000000,0.0377000000,0.0636000000,0.0443000000,0.0264000000,0.0223000000,0.0187000000,0.0077000000,0.0137000000,0.0071000000,0.0082000000,0.0232000000,0.0198000000,0.0074000000,0.0035000000,0.0100000000,0.0048000000,0.0019000000,0.0000000000
0.0152000000,0.0102000000,0.0113000000,0.0263000000,0.0097000000,0.0391000000,0.0857000000,0.0915000000,0.0949000000,0.1504000000,0.1911000000,0.2115000000,0.2249000000,0.2573000000,0.1701000000,0.2023000000,0.2538000000,0.3417000000,0.4026000000,0.4553000000,0.5525000000,0.5991000000,0.5854000000,0.7114000000,0.9500000000,0.9858000000,1.0000000000,0.9578000000,0.8642000000,0.7128000000,0.5893000000,0.4323000000,0.2897000000,0.1744000000,0.0770000000,0.2297000000,0.2459000000,0.3101000000,0.3312000000,0.2220000000,0.0871000000,0.2064000000,0.1808000000,0.1624000000,0.1120000000,0.0815000000,0.1117000000,0.0950000000,0.0412000000,0.0120000000,0.0048000000,0.0049000000,0.0041000000,0.0036000000,0.0013000000,0.0046000000,0.0037000000,0.0011000000,0.0034000000,0.0033000000,1.0000000000
0.0303000000,0.0353000000,0.0490000000,0.0608000000,0.0167000000,0.1354000000,0.1465000000,0.1123000000,0.1945000000,0.2354000000,0.2898000000,0.2812000000,0.1578000000,0.0273000000,0.0673000000,0.1444000000,0.2070000000,0.2645000000,0.2828000000,0.4293000000,0.5685000000,0.6990000000,0.7246000000,0.7622000000,0.9242000000,1.0000000000,0.9979000000,0.8297000000,0.7032000000,0.7141000000,0.6893000000,0.4961000000,0.2584000000,0.0969000000,0.0776000000,0.0364000000,0.1572000000,0.1823000000,0.1349000000,0.0849000000,0.0492000000,0.1367000000,0.1552000000,0.1548000000,0.1319000000,0.0985000000,0.1258000000,0.0954000000,0.0489000000,0.0241000000,0.0042000000,0.0086000000,0.0046000000,0.0126000000,0.0036000000,0.0035000000,0.0034000000,0.0079000000,0.0036000000,0.0048000000,0.0000000000
0.0239000000,0.0189000000,0.0466000000,0.0440000000,0.0657000000,0.0742000000,0.1380000000,0.1099000000,0.1384000000,0.1376000000,0.0938000000,0.0259000000,0.1499000000,0.2851000000,0.5743000000,0.8278000000,0.8669000000,0.8131000000,0.9045000000,0.9046000000,1.0000000000,0.9976000000,0.9872000000,0.9761000000,0.9009000000,0.9724000000,0.9675000000,0.7633000000,0.4434000000,0.3822000000,0.4727000000,0.4007000000,0.3381000000,0.3172000000,0.2222000000,0.0733000000,0.2692000000,0.1888000000,0.0712000000,0.1062000000,0.0694000000,0.0300000000,0.0893000000,0.1459000000,0.1348000000,0.0391000000,0.0546000000,0.0469000000,0.0201000000,0.0095000000,0.0155000000,0.0091000000,0.0151000000,0.0080000000,0.0018000000,0.0078000000,0.0045000000,0.0026000000,0.0036000000,0.0024000000,1.0000000000
0.0423000000,0.0321000000,0.0709000000,0.0108000000,0.1070000000,0.0973000000,0.0961000000,0.1323000000,0.2462000000,0.2696000000,0.3412000000,0.4292000000,0.3682000000,0.3940000000,0.2965000000,0.3172000000,0.2825000000,0.3050000000,0.2408000000,0.5420000000,0.6802000000,0.6320000000,0.5824000000,0.6805000000,0.5984000000,0.8412000000,0.9911000000,0.9187000000,0.8005000000,0.6713000000,0.5632000000,0.7332000000,0.6038000000,0.2575000000,0.0349000000,0.1799000000,0.3039000000,0.4760000000,0.5756000000,0.4254000000,0.5046000000,0.7179000000,0.6163000000,0.5663000000,0.5749000000,0.3593000000,0.2526000000,0.2299000000,0.1271000000,0.0356000000,0.0367000000,0.0176000000,0.0035000000,0.0093000000,0.0121000000,0.0075000000,0.0056000000,0.0021000000,0.0043000000,0.0017000000,0.0000000000
0.0731000000,0.1249000000,0.1665000000,0.1496000000,0.1443000000,0.2770000000,0.2555000000,0.1712000000,0.0466000000,0.1114000000,0.1739000000,0.3160000000,0.3249000000,0.2164000000,0.2031000000,0.2580000000,0.1796000000,0.2422000000,0.3609000000,0.1810000000,0.2604000000,0.6572000000,0.9734000000,0.9757000000,0.8079000000,0.6521000000,0.4915000000,0.5363000000,0.7649000000,0.5250000000,0.5101000000,0.4219000000,0.4160000000,0.1906000000,0.0223000000,0.4219000000,0.5496000000,0.2483000000,0.2034000000,0.2729000000,0.2837000000,0.4463000000,0.3178000000,0.0807000000,0.1192000000,0.2134000000,0.3241000000,0.2945000000,0.1474000000,0.0211000000,0.0361000000,0.0444000000,0.0230000000,0.0290000000,0.0141000000,0.0161000000,0.0177000000,0.0194000000,0.0207000000,0.0057000000,0.0000000000
0.0116000000,0.0179000000,0.0449000000,0.1096000000,0.1913000000,0.0924000000,0.0761000000,0.1092000000,0.0757000000,0.1006000000,0.2500000000,0.3988000000,0.3809000000,0.4753000000,0.6165000000,0.6464000000,0.8024000000,0.9208000000,0.9832000000,0.9634000000,0.8646000000,0.8325000000,0.8276000000,0.8007000000,0.6102000000,0.4853000000,0.4355000000,0.4307000000,0.4399000000,0.3833000000,0.3032000000,0.3035000000,0.3197000000,0.2292000000,0.2131000000,0.2347000000,0.3201000000,0.4455000000,0.3655000000,0.2715000000,0.1747000000,0.1781000000,0.2199000000,0.1056000000,0.0573000000,0.0307000000,0.0237000000,0.0470000000,0.0102000000,0.0057000000,0.0031000000,0.0163000000,0.0099000000,0.0084000000,0.0270000000,0.0277000000,0.0097000000,0.0054000000,0.0148000000,0.0092000000,0.0000000000
0.0201000000,0.0423000000,0.0554000000,0.0783000000,0.0620000000,0.0871000000,0.1201000000,0.2707000000,0.1206000000,0.0279000000,0.2251000000,0.2615000000,0.1770000000,0.3709000000,0.4533000000,0.5553000000,0.4616000000,0.3797000000,0.3450000000,0.2665000000,0.2395000000,0.1127000000,0.2556000000,0.5169000000,0.3779000000,0.4082000000,0.5353000000,0.5116000000,0.4544000000,0.4258000000,0.3869000000,0.3939000000,0.4661000000,0.3974000000,0.2194000000,0.1816000000,0.1023000000,0.2108000000,0.3253000000,0.3697000000,0.2912000000,0.3010000000,0.2563000000,0.1927000000,0.2062000000,0.1751000000,0.0841000000,0.1035000000,0.0641000000,0.0153000000,0.0081000000,0.0191000000,0.0182000000,0.0160000000,0.0290000000,0.0090000000,0.0242000000,0.0224000000,0.0190000000,0.0096000000,0.0000000000
0.1371000000,0.1226000000,0.1385000000,0.1484000000,0.1776000000,0.1428000000,0.1773000000,0.2161000000,0.1630000000,0.2067000000,0.4257000000,0.5484000000,0.7131000000,0.7003000000,0.6777000000,0.7939000000,0.9382000000,0.8925000000,0.9146000000,0.7832000000,0.7960000000,0.7983000000,0.7716000000,0.6615000000,0.4860000000,0.5572000000,0.4697000000,0.5640000000,0.4517000000,0.3369000000,0.2684000000,0.2339000000,0.3052000000,0.3016000000,0.2753000000,0.1041000000,0.1757000000,0.3156000000,0.3603000000,0.2736000000,0.1301000000,0.2458000000,0.3404000000,0.1753000000,0.0679000000,0.1062000000,0.0643000000,0.0532000000,0.0531000000,0.0272000000,0.0171000000,0.0118000000,0.0129000000,0.0344000000,0.0065000000,0.0067000000,0.0022000000,0.0079000000,0.0146000000,0.0051000000,0.0000000000
0.0089000000,0.0274000000,0.0248000000,0.0237000000,0.0224000000,0.0845000000,0.1488000000,0.1224000000,0.1569000000,0.2119000000,0.3003000000,0.3094000000,0.2743000000,0.2547000000,0.1870000000,0.1452000000,0.1457000000,0.2429000000,0.3259000000,0.3679000000,0.3355000000,0.3100000000,0.3914000000,0.5280000000,0.6409000000,0.7707000000,0.8754000000,1.0000000000,0.9806000000,0.6969000000,0.4973000000,0.5020000000,0.5359000000,0.3842000000,0.1848000000,0.1149000000,0.1570000000,0.1311000000,0.1583000000,0.2631000000,0.3103000000,0.4512000000,0.3785000000,0.1269000000,0.1459000000,0.1092000000,0.1485000000,0.1385000000,0.0716000000,0.0176000000,0.0199000000,0.0096000000,0.0103000000,0.0093000000,0.0025000000,0.0044000000,0.0021000000,0.0069000000,0.0060000000,0.0018000000,0.0000000000
0.0195000000,0.0213000000,0.0058000000,0.0190000000,0.0319000000,0.0571000000,0.1004000000,0.0668000000,0.0691000000,0.0242000000,0.0728000000,0.0639000000,0.3002000000,0.3854000000,0.4767000000,0.4602000000,0.3175000000,0.4160000000,0.6428000000,1.0000000000,0.8631000000,0.5212000000,0.3156000000,0.5952000000,0.7732000000,0.6042000000,0.4375000000,0.5487000000,0.4720000000,0.6235000000,0.3851000000,0.1590000000,0.3891000000,0.5294000000,0.3504000000,0.4480000000,0.4041000000,0.5031000000,0.6475000000,0.5493000000,0.3548000000,0.2028000000,0.1882000000,0.0845000000,0.1315000000,0.1590000000,0.0562000000,0.0617000000,0.0343000000,0.0370000000,0.0261000000,0.0157000000,0.0074000000,0.0271000000,0.0203000000,0.0089000000,0.0095000000,0.0095000000,0.0021000000,0.0053000000,1.0000000000
0.1150000000,0.1163000000,0.0866000000,0.0358000000,0.0232000000,0.1267000000,0.2417000000,0.2661000000,0.4346000000,0.5378000000,0.3816000000,0.0991000000,0.0616000000,0.1795000000,0.3907000000,0.3602000000,0.3041000000,0.2428000000,0.4060000000,0.8395000000,0.9777000000,0.4680000000,0.0610000000,0.2143000000,0.1348000000,0.2854000000,0.1617000000,0.2649000000,0.4565000000,0.6502000000,0.2848000000,0.3296000000,0.5370000000,0.6627000000,0.8626000000,0.8547000000,0.7848000000,0.9016000000,0.8827000000,0.6086000000,0.2810000000,0.0906000000,0.1177000000,0.2694000000,0.5214000000,0.4232000000,0.2340000000,0.1928000000,0.1092000000,0.0507000000,0.0228000000,0.0099000000,0.0065000000,0.0085000000,0.0166000000,0.0110000000,0.0190000000,0.0141000000,0.0068000000,0.0086000000,0.0000000000
0.0201000000,0.0178000000,0.0274000000,0.0232000000,0.0724000000,0.0833000000,0.1232000000,0.1298000000,0.2085000000,0.2720000000,0.2188000000,0.3037000000,0.2959000000,0.2059000000,0.0906000000,0.1610000000,0.1800000000,0.2180000000,0.2026000000,0.1506000000,0.0521000000,0.2143000000,0.4333000000,0.5943000000,0.6926000000,0.7576000000,0.8787000000,0.9060000000,0.8528000000,0.9087000000,0.9657000000,0.9306000000,0.7774000000,0.6643000000,0.6604000000,0.6884000000,0.6938000000,0.5932000000,0.5774000000,0.6223000000,0.5841000000,0.4527000000,0.4911000000,0.5762000000,0.5013000000,0.4042000000,0.3123000000,0.2232000000,0.1085000000,0.0414000000,0.0253000000,0.0131000000,0.0049000000,0.0104000000,0.0102000000,0.0092000000,0.0083000000,0.0020000000,0.0048000000,0.0036000000,0.0000000000
0.0664000000,0.0575000000,0.0842000000,0.0372000000,0.0458000000,0.0771000000,0.0771000000,0.1130000000,0.2353000000,0.1838000000,0.2869000000,0.4129000000,0.3647000000,0.1984000000,0.2840000000,0.4039000000,0.5837000000,0.6792000000,0.6086000000,0.4858000000,0.3246000000,0.2013000000,0.2082000000,0.1686000000,0.2484000000,0.2736000000,0.2984000000,0.4655000000,0.6990000000,0.7474000000,0.7956000000,0.7981000000,0.6715000000,0.6942000000,0.7440000000,0.8169000000,0.8912000000,1.0000000000,0.8753000000,0.7061000000,0.6803000000,0.5898000000,0.4618000000,0.3639000000,0.1492000000,0.1216000000,0.1306000000,0.1198000000,0.0578000000,0.0235000000,0.0135000000,0.0141000000,0.0190000000,0.0043000000,0.0036000000,0.0026000000,0.0024000000,0.0162000000,0.0109000000,0.0079000000,1.0000000000
0.0253000000,0.0808000000,0.0507000000,0.0244000000,0.1724000000,0.3823000000,0.3729000000,0.3583000000,0.3429000000,0.2197000000,0.2653000000,0.3223000000,0.5582000000,0.6916000000,0.7943000000,0.7152000000,0.3512000000,0.2008000000,0.2676000000,0.4299000000,0.5280000000,0.3489000000,0.1430000000,0.5453000000,0.6338000000,0.7712000000,0.6838000000,0.8015000000,0.8073000000,0.8310000000,0.7792000000,0.5049000000,0.1413000000,0.2767000000,0.5084000000,0.4787000000,0.1356000000,0.2299000000,0.2789000000,0.3833000000,0.2933000000,0.1155000000,0.1705000000,0.1294000000,0.0909000000,0.0800000000,0.0567000000,0.0198000000,0.0114000000,0.0151000000,0.0085000000,0.0178000000,0.0073000000,0.0079000000,0.0038000000,0.0116000000,0.0033000000,0.0039000000,0.0081000000,0.0053000000,1.0000000000
0.0100000000,0.0275000000,0.0190000000,0.0371000000,0.0416000000,0.0201000000,0.0314000000,0.0651000000,0.1896000000,0.2668000000,0.3376000000,0.3282000000,0.2432000000,0.1268000000,0.1278000000,0.4441000000,0.6795000000,0.7051000000,0.7966000000,0.9401000000,0.9857000000,0.8193000000,0.5789000000,0.6394000000,0.7043000000,0.6875000000,0.4081000000,0.1811000000,0.2064000000,0.3917000000,0.3791000000,0.2042000000,0.2227000000,0.3341000000,0.3984000000,0.5077000000,0.5534000000,0.3352000000,0.2723000000,0.2278000000,0.2044000000,0.1986000000,0.0835000000,0.0908000000,0.1380000000,0.1948000000,0.1211000000,0.0843000000,0.0589000000,0.0247000000,0.0118000000,0.0088000000,0.0104000000,0.0036000000,0.0088000000,0.0047000000,0.0117000000,0.0020000000,0.0091000000,0.0058000000,1.0000000000
0.0587000000,0.1210000000,0.1268000000,0.1498000000,0.1436000000,0.0561000000,0.0832000000,0.0672000000,0.1372000000,0.2352000000,0.3208000000,0.4257000000,0.5201000000,0.4914000000,0.5950000000,0.7221000000,0.9039000000,0.9111000000,0.8723000000,0.7686000000,0.7326000000,0.5222000000,0.3097000000,0.3172000000,0.2270000000,0.1640000000,0.1746000000,0.1835000000,0.2048000000,0.1674000000,0.2767000000,0.3104000000,0.3399000000,0.4441000000,0.5046000000,0.2814000000,0.1681000000,0.2633000000,0.3198000000,0.1933000000,0.0934000000,0.0443000000,0.0780000000,0.0722000000,0.0405000000,0.0553000000,0.1081000000,0.1139000000,0.0767000000,0.0265000000,0.0215000000,0.0331000000,0.0111000000,0.0088000000,0.0158000000,0.0122000000,0.0038000000,0.0101000000,0.0228000000,0.0124000000,0.0000000000
0.0065000000,0.0122000000,0.0068000000,0.0108000000,0.0217000000,0.0284000000,0.0527000000,0.0575000000,0.1054000000,0.1109000000,0.0937000000,0.0827000000,0.0920000000,0.0911000000,0.1487000000,0.1666000000,0.1268000000,0.1374000000,0.1095000000,0.1286000000,0.2146000000,0.2889000000,0.4238000000,0.6168000000,0.8167000000,0.9622000000,0.8280000000,0.5816000000,0.4667000000,0.3539000000,0.2727000000,0.1410000000,0.1863000000,0.2176000000,0.2360000000,0.1725000000,0.0589000000,0.0621000000,0.1847000000,0.2452000000,0.2984000000,0.3041000000,0.2275000000,0.1480000000,0.1102000000,0.1178000000,0.0608000000,0.0333000000,0.0276000000,0.0100000000,0.0023000000,0.0069000000,0.0025000000,0.0027000000,0.0052000000,0.0036000000,0.0026000000,0.0036000000,0.0006000000,0.0035000000,1.0000000000
0.0210000000,0.0121000000,0.0203000000,0.1036000000,0.1675000000,0.0418000000,0.0723000000,0.0828000000,0.0494000000,0.0686000000,0.1125000000,0.1741000000,0.2710000000,0.3087000000,0.3575000000,0.4998000000,0.6011000000,0.6470000000,0.8067000000,0.9008000000,0.8906000000,0.9338000000,1.0000000000,0.9102000000,0.8496000000,0.7867000000,0.7688000000,0.7718000000,0.6268000000,0.4301000000,0.2077000000,0.1198000000,0.1660000000,0.2618000000,0.3862000000,0.3958000000,0.3248000000,0.2302000000,0.3250000000,0.4022000000,0.4344000000,0.4008000000,0.3370000000,0.2518000000,0.2101000000,0.1181000000,0.1150000000,0.0550000000,0.0293000000,0.0183000000,0.0104000000,0.0117000000,0.0101000000,0.0061000000,0.0031000000,0.0099000000,0.0080000000,0.0107000000,0.0161000000,0.0133000000,0.0000000000
0.0329000000,0.0216000000,0.0386000000,0.0627000000,0.1158000000,0.1482000000,0.2054000000,0.1605000000,0.2532000000,0.2672000000,0.3056000000,0.3161000000,0.2314000000,0.2067000000,0.1804000000,0.2808000000,0.4423000000,0.5947000000,0.6601000000,0.5844000000,0.4539000000,0.4789000000,0.5646000000,0.5281000000,0.7115000000,1.0000000000,0.9564000000,0.6090000000,0.5112000000,0.4000000000,0.0482000000,0.1852000000,0.2186000000,0.1436000000,0.1757000000,0.1428000000,0.1644000000,0.3089000000,0.3648000000,0.4441000000,0.3859000000,0.2813000000,0.1238000000,0.0953000000,0.1201000000,0.0825000000,0.0618000000,0.0141000000,0.0108000000,0.0124000000,0.0104000000,0.0095000000,0.0151000000,0.0059000000,0.0015000000,0.0053000000,0.0016000000,0.0042000000,0.0053000000,0.0074000000,0.0000000000
0.0223000000,0.0375000000,0.0484000000,0.0475000000,0.0647000000,0.0591000000,0.0753000000,0.0098000000,0.0684000000,0.1487000000,0.1156000000,0.1654000000,0.3833000000,0.3598000000,0.1713000000,0.1136000000,0.0349000000,0.3796000000,0.7401000000,0.9925000000,0.9802000000,0.8890000000,0.6712000000,0.4286000000,0.3374000000,0.7366000000,0.9611000000,0.7353000000,0.4856000000,0.1594000000,0.3007000000,0.4096000000,0.3170000000,0.3305000000,0.3408000000,0.2186000000,0.2463000000,0.2726000000,0.1680000000,0.2792000000,0.2558000000,0.1740000000,0.2121000000,0.1099000000,0.0985000000,0.1271000000,0.1459000000,0.1164000000,0.0777000000,0.0439000000,0.0061000000,0.0145000000,0.0128000000,0.0145000000,0.0058000000,0.0049000000,0.0065000000,0.0093000000,0.0059000000,0.0022000000,1.0000000000
0.0072000000,0.0027000000,0.0089000000,0.0061000000,0.0420000000,0.0865000000,0.1182000000,0.0999000000,0.1976000000,0.2318000000,0.2472000000,0.2880000000,0.2126000000,0.0708000000,0.1194000000,0.2808000000,0.4221000000,0.5279000000,0.5857000000,0.6153000000,0.6753000000,0.7873000000,0.8974000000,0.9828000000,1.0000000000,0.8460000000,0.6055000000,0.3036000000,0.0144000000,0.2526000000,0.4335000000,0.4918000000,0.5409000000,0.5961000000,0.5248000000,0.3777000000,0.2369000000,0.1720000000,0.1878000000,0.3250000000,0.2575000000,0.2423000000,0.2706000000,0.2323000000,0.1724000000,0.1457000000,0.1175000000,0.0868000000,0.0392000000,0.0131000000,0.0092000000,0.0078000000,0.0071000000,0.0081000000,0.0034000000,0.0064000000,0.0037000000,0.0036000000,0.0012000000,0.0037000000,0.0000000000
0.0163000000,0.0198000000,0.0202000000,0.0386000000,0.0752000000,0.1444000000,0.1487000000,0.1484000000,0.2442000000,0.2822000000,0.3691000000,0.3750000000,0.3927000000,0.3308000000,0.1085000000,0.1139000000,0.3446000000,0.5441000000,0.6470000000,0.7276000000,0.7894000000,0.8264000000,0.8697000000,0.7836000000,0.7140000000,0.5698000000,0.2908000000,0.4636000000,0.6409000000,0.7405000000,0.8069000000,0.8420000000,1.0000000000,0.9536000000,0.6755000000,0.3905000000,0.1249000000,0.3629000000,0.6356000000,0.8116000000,0.7664000000,0.5417000000,0.2614000000,0.1723000000,0.2814000000,0.2764000000,0.1985000000,0.1502000000,0.1219000000,0.0493000000,0.0027000000,0.0077000000,0.0026000000,0.0031000000,0.0083000000,0.0020000000,0.0084000000,0.0108000000,0.0083000000,0.0033000000,0.0000000000
0.0126000000,0.0149000000,0.0641000000,0.1732000000,0.2565000000,0.2559000000,0.2947000000,0.4110000000,0.4983000000,0.5920000000,0.5832000000,0.5419000000,0.5472000000,0.5314000000,0.4981000000,0.6985000000,0.8292000000,0.7839000000,0.8215000000,0.9363000000,1.0000000000,0.9224000000,0.7839000000,0.5470000000,0.4562000000,0.5922000000,0.5448000000,0.3971000000,0.0882000000,0.2385000000,0.2005000000,0.0587000000,0.2544000000,0.2009000000,0.0329000000,0.1547000000,0.1212000000,0.2446000000,0.3171000000,0.3195000000,0.3051000000,0.0836000000,0.1266000000,0.1381000000,0.1136000000,0.0516000000,0.0073000000,0.0278000000,0.0372000000,0.0121000000,0.0153000000,0.0092000000,0.0035000000,0.0098000000,0.0121000000,0.0006000000,0.0181000000,0.0094000000,0.0116000000,0.0063000000,1.0000000000
0.0272000000,0.0378000000,0.0488000000,0.0848000000,0.1127000000,0.1103000000,0.1349000000,0.2337000000,0.3113000000,0.3997000000,0.3941000000,0.3309000000,0.2926000000,0.1760000000,0.1739000000,0.2043000000,0.2088000000,0.2678000000,0.2434000000,0.1839000000,0.2802000000,0.6172000000,0.8015000000,0.8313000000,0.8440000000,0.8494000000,0.9168000000,1.0000000000,0.7896000000,0.5371000000,0.6472000000,0.6505000000,0.4959000000,0.2175000000,0.0990000000,0.0434000000,0.1708000000,0.1979000000,0.1880000000,0.1108000000,0.1702000000,0.0585000000,0.0638000000,0.1391000000,0.0638000000,0.0581000000,0.0641000000,0.1044000000,0.0732000000,0.0275000000,0.0146000000,0.0091000000,0.0045000000,0.0043000000,0.0043000000,0.0098000000,0.0054000000,0.0051000000,0.0065000000,0.0103000000,0.0000000000
0.0189000000,0.0308000000,0.0197000000,0.0622000000,0.0080000000,0.0789000000,0.1440000000,0.1451000000,0.1789000000,0.2522000000,0.2607000000,0.3710000000,0.3906000000,0.2672000000,0.2716000000,0.4183000000,0.6988000000,0.5733000000,0.2226000000,0.2631000000,0.7473000000,0.7263000000,0.3393000000,0.2824000000,0.6053000000,0.5897000000,0.4967000000,0.8616000000,0.8339000000,0.4084000000,0.2268000000,0.1745000000,0.0507000000,0.1588000000,0.3040000000,0.1369000000,0.1605000000,0.2061000000,0.0734000000,0.0202000000,0.1638000000,0.1583000000,0.1830000000,0.1886000000,0.1008000000,0.0663000000,0.0183000000,0.0404000000,0.0108000000,0.0143000000,0.0091000000,0.0038000000,0.0096000000,0.0142000000,0.0190000000,0.0140000000,0.0099000000,0.0092000000,0.0052000000,0.0075000000,1.0000000000
0.0202000000,0.0104000000,0.0325000000,0.0239000000,0.0807000000,0.1529000000,0.1154000000,0.0608000000,0.1317000000,0.1370000000,0.0843000000,0.0269000000,0.1254000000,0.3046000000,0.5584000000,0.7973000000,0.8341000000,0.8057000000,0.8616000000,0.8769000000,0.9413000000,0.9403000000,0.9409000000,1.0000000000,0.9725000000,0.9309000000,0.9351000000,0.7317000000,0.4421000000,0.3244000000,0.4161000000,0.4611000000,0.4031000000,0.3000000000,0.2459000000,0.1348000000,0.2541000000,0.2255000000,0.1598000000,0.1485000000,0.0845000000,0.0569000000,0.0855000000,0.1262000000,0.1153000000,0.0570000000,0.0426000000,0.0425000000,0.0235000000,0.0006000000,0.0188000000,0.0127000000,0.0081000000,0.0067000000,0.0043000000,0.0065000000,0.0049000000,0.0054000000,0.0073000000,0.0054000000,1.0000000000
0.0283000000,0.0599000000,0.0656000000,0.0229000000,0.0839000000,0.1673000000,0.1154000000,0.1098000000,0.1370000000,0.1767000000,0.1995000000,0.2869000000,0.3275000000,0.3769000000,0.4169000000,0.5036000000,0.6180000000,0.8025000000,0.9333000000,0.9399000000,0.9275000000,0.9450000000,0.8328000000,0.7773000000,0.7007000000,0.6154000000,0.5810000000,0.4454000000,0.3707000000,0.2891000000,0.2185000000,0.1711000000,0.3578000000,0.3947000000,0.2867000000,0.2401000000,0.3619000000,0.3314000000,0.3763000000,0.4767000000,0.4059000000,0.3661000000,0.2320000000,0.1450000000,0.1017000000,0.1111000000,0.0655000000,0.0271000000,0.0244000000,0.0179000000,0.0109000000,0.0147000000,0.0170000000,0.0158000000,0.0046000000,0.0073000000,0.0054000000,0.0033000000,0.0045000000,0.0079000000,0.0000000000
0.0117000000,0.0069000000,0.0279000000,0.0583000000,0.0915000000,0.1267000000,0.1577000000,0.1927000000,0.2361000000,0.2169000000,0.1180000000,0.0754000000,0.2782000000,0.3758000000,0.5093000000,0.6592000000,0.7071000000,0.7532000000,0.8357000000,0.8593000000,0.9615000000,0.9838000000,0.8705000000,0.6403000000,0.5067000000,0.5395000000,0.6934000000,0.8487000000,0.8213000000,0.5962000000,0.2950000000,0.2758000000,0.2885000000,0.1893000000,0.1446000000,0.0955000000,0.0888000000,0.0836000000,0.0894000000,0.1547000000,0.2318000000,0.2225000000,0.1035000000,0.1721000000,0.2017000000,0.1787000000,0.1112000000,0.0398000000,0.0305000000,0.0084000000,0.0039000000,0.0053000000,0.0029000000,0.0020000000,0.0013000000,0.0029000000,0.0020000000,0.0062000000,0.0026000000,0.0052000000,0.0000000000
0.0291000000,0.0400000000,0.0771000000,0.0809000000,0.0521000000,0.1051000000,0.0145000000,0.0674000000,0.1294000000,0.1146000000,0.0942000000,0.0794000000,0.0252000000,0.1191000000,0.1045000000,0.2050000000,0.1556000000,0.2690000000,0.3784000000,0.4024000000,0.3470000000,0.1395000000,0.1208000000,0.2827000000,0.1500000000,0.2626000000,0.4468000000,0.7520000000,0.9036000000,0.7812000000,0.4766000000,0.2483000000,0.5372000000,0.6279000000,0.3647000000,0.4572000000,0.6359000000,0.6474000000,0.5520000000,0.3253000000,0.2292000000,0.0653000000,0.0000000000,0.0000000000,0.0000000000,0.0000000000,0.0000000000,0.0000000000,0.0000000000,0.0000000000,0.0000000000,0.0056000000,0.0237000000,0.0204000000,0.0050000000,0.0137000000,0.0164000000,0.0081000000,0.0139000000,0.0111000000,1.0000000000
0.0394000000,0.0420000000,0.0446000000,0.0551000000,0.0597000000,0.1416000000,0.0956000000,0.0802000000,0.1618000000,0.2558000000,0.3078000000,0.3404000000,0.3400000000,0.3951000000,0.3352000000,0.2252000000,0.2086000000,0.2248000000,0.3382000000,0.4578000000,0.6474000000,0.6708000000,0.7007000000,0.7619000000,0.7745000000,0.6767000000,0.7373000000,0.7834000000,0.9619000000,1.0000000000,0.8086000000,0.5558000000,0.5409000000,0.4988000000,0.3108000000,0.2897000000,0.2244000000,0.0960000000,0.2287000000,0.3228000000,0.3454000000,0.3882000000,0.3240000000,0.0926000000,0.1173000000,0.0566000000,0.0766000000,0.0969000000,0.0588000000,0.0050000000,0.0118000000,0.0146000000,0.0040000000,0.0114000000,0.0032000000,0.0062000000,0.0101000000,0.0068000000,0.0053000000,0.0087000000,0.0000000000
0.0108000000,0.0086000000,0.0058000000,0.0460000000,0.0752000000,0.0887000000,0.1015000000,0.0494000000,0.0472000000,0.0393000000,0.1106000000,0.1412000000,0.2202000000,0.2976000000,0.4116000000,0.4754000000,0.5390000000,0.6279000000,0.7060000000,0.7918000000,0.9493000000,1.0000000000,0.9645000000,0.9432000000,0.8658000000,0.7895000000,0.6501000000,0.4492000000,0.4739000000,0.6153000000,0.4929000000,0.3195000000,0.3735000000,0.3336000000,0.1052000000,0.0671000000,0.0379000000,0.0461000000,0.1694000000,0.2169000000,0.1677000000,0.0644000000,0.0159000000,0.0778000000,0.0653000000,0.0210000000,0.0509000000,0.0387000000,0.0262000000,0.0101000000,0.0161000000,0.0029000000,0.0078000000,0.0114000000,0.0083000000,0.0058000000,0.0003000000,0.0023000000,0.0026000000,0.0027000000,1.0000000000
0.0262000000,0.0582000000,0.1099000000,0.1083000000,0.0974000000,0.2280000000,0.2431000000,0.3771000000,0.5598000000,0.6194000000,0.6333000000,0.7060000000,0.5544000000,0.5320000000,0.6479000000,0.6931000000,0.6759000000,0.7551000000,0.8929000000,0.8619000000,0.7974000000,0.6737000000,0.4293000000,0.3648000000,0.5331000000,0.2413000000,0.5070000000,0.8533000000,0.6036000000,0.8514000000,0.8512000000,0.5045000000,0.1862000000,0.2709000000,0.4232000000,0.3043000000,0.6116000000,0.6756000000,0.5375000000,0.4719000000,0.4647000000,0.2587000000,0.2129000000,0.2222000000,0.2111000000,0.0176000000,0.1348000000,0.0744000000,0.0130000000,0.0106000000,0.0033000000,0.0232000000,0.0166000000,0.0095000000,0.0180000000,0.0244000000,0.0316000000,0.0164000000,0.0095000000,0.0078000000,1.0000000000
0.0274000000,0.0242000000,0.0621000000,0.0560000000,0.1129000000,0.0973000000,0.1823000000,0.1745000000,0.1440000000,0.1808000000,0.2366000000,0.0906000000,0.1749000000,0.4012000000,0.5187000000,0.7312000000,0.9062000000,0.9260000000,0.7434000000,0.4463000000,0.5103000000,0.6952000000,0.7755000000,0.8364000000,0.7283000000,0.6399000000,0.5759000000,0.4146000000,0.3495000000,0.4437000000,0.2665000000,0.2024000000,0.1942000000,0.0765000000,0.3725000000,0.5843000000,0.4827000000,0.2347000000,0.0999000000,0.3244000000,0.3990000000,0.2975000000,0.1684000000,0.1761000000,0.1683000000,0.0729000000,0.1190000000,0.1297000000,0.0748000000,0.0067000000,0.0255000000,0.0113000000,0.0108000000,0.0085000000,0.0047000000,0.0074000000,0.0104000000,0.0161000000,0.0220000000,0.0173000000,1.0000000000
0.0123000000,0.0022000000,0.0196000000,0.0206000000,0.0180000000,0.0492000000,0.0033000000,0.0398000000,0.0791000000,0.0475000000,0.1152000000,0.0520000000,0.1192000000,0.1943000000,0.1840000000,0.2077000000,0.1956000000,0.1630000000,0.1218000000,0.1017000000,0.1354000000,0.3157000000,0.4645000000,0.5906000000,0.6776000000,0.8119000000,0.8594000000,0.9228000000,0.8387000000,0.7238000000,0.6292000000,0.5181000000,0.4629000000,0.5255000000,0.5147000000,0.3929000000,0.1279000000,0.0411000000,0.0859000000,0.1131000000,0.1306000000,0.1757000000,0.2648000000,0.1955000000,0.0656000000,0.0580000000,0.0319000000,0.0301000000,0.0272000000,0.0074000000,0.0149000000,0.0125000000,0.0134000000,0.0026000000,0.0038000000,0.0018000000,0.0113000000,0.0058000000,0.0047000000,0.0071000000,1.0000000000
0.0201000000,0.0026000000,0.0138000000,0.0062000000,0.0133000000,0.0151000000,0.0541000000,0.0210000000,0.0505000000,0.1097000000,0.0841000000,0.0942000000,0.1204000000,0.0420000000,0.0031000000,0.0162000000,0.0624000000,0.2127000000,0.3436000000,0.3813000000,0.3825000000,0.4764000000,0.6313000000,0.7523000000,0.8675000000,0.8788000000,0.7901000000,0.8357000000,0.9631000000,0.9619000000,0.9236000000,0.8903000000,0.9708000000,0.9647000000,0.7892000000,0.5307000000,0.2718000000,0.1953000000,0.1374000000,0.3105000000,0.3790000000,0.4105000000,0.3355000000,0.2998000000,0.2748000000,0.2024000000,0.1043000000,0.0453000000,0.0337000000,0.0122000000,0.0072000000,0.0108000000,0.0070000000,0.0063000000,0.0030000000,0.0011000000,0.0007000000,0.0024000000,0.0057000000,0.0044000000,1.0000000000
0.0119000000,0.0582000000,0.0623000000,0.0600000000,0.1397000000,0.1883000000,0.1422000000,0.1447000000,0.0487000000,0.0864000000,0.2143000000,0.3720000000,0.2665000000,0.2113000000,0.1103000000,0.1136000000,0.1934000000,0.4142000000,0.3279000000,0.6222000000,0.7468000000,0.7676000000,0.7867000000,0.8253000000,1.0000000000,0.9481000000,0.7539000000,0.6008000000,0.5437000000,0.5387000000,0.5619000000,0.5141000000,0.6084000000,0.5621000000,0.5956000000,0.6078000000,0.5025000000,0.2829000000,0.0477000000,0.2811000000,0.3422000000,0.5147000000,0.4372000000,0.2470000000,0.1708000000,0.1343000000,0.0838000000,0.0755000000,0.0304000000,0.0074000000,0.0069000000,0.0025000000,0.0103000000,0.0074000000,0.0123000000,0.0069000000,0.0076000000,0.0073000000,0.0030000000,0.0138000000,1.0000000000
0.0368000000,0.0279000000,0.0103000000,0.0566000000,0.0759000000,0.0679000000,0.0970000000,0.1473000000,0.2164000000,0.2544000000,0.2936000000,0.2935000000,0.2657000000,0.3187000000,0.2794000000,0.2534000000,0.1980000000,0.1929000000,0.2826000000,0.3245000000,0.3504000000,0.3324000000,0.4217000000,0.4774000000,0.4808000000,0.6325000000,0.8334000000,0.9458000000,1.0000000000,0.8425000000,0.5524000000,0.4795000000,0.5200000000,0.3968000000,0.1940000000,0.1519000000,0.2010000000,0.1736000000,0.1029000000,0.2244000000,0.3717000000,0.4449000000,0.3939000000,0.2030000000,0.2010000000,0.2187000000,0.1840000000,0.1477000000,0.0971000000,0.0224000000,0.0151000000,0.0105000000,0.0024000000,0.0018000000,0.0057000000,0.0092000000,0.0009000000,0.0086000000,0.0110000000,0.0052000000,0.0000000000
0.0473000000,0.0509000000,0.0819000000,0.1252000000,0.1783000000,0.3070000000,0.3008000000,0.2362000000,0.3830000000,0.3759000000,0.3021000000,0.2909000000,0.2301000000,0.1411000000,0.1582000000,0.2430000000,0.4474000000,0.5964000000,0.6744000000,0.7969000000,0.8319000000,0.7813000000,0.8626000000,0.7369000000,0.4122000000,0.2596000000,0.3392000000,0.3788000000,0.4488000000,0.6281000000,0.7449000000,0.7328000000,0.7704000000,0.7870000000,0.6048000000,0.5860000000,0.6385000000,0.7279000000,0.6286000000,0.5316000000,0.4069000000,0.1791000000,0.1625000000,0.2527000000,0.1903000000,0.1643000000,0.0604000000,0.0209000000,0.0436000000,0.0175000000,0.0107000000,0.0193000000,0.0118000000,0.0064000000,0.0042000000,0.0054000000,0.0049000000,0.0082000000,0.0028000000,0.0027000000,1.0000000000
0.0209000000,0.0191000000,0.0411000000,0.0321000000,0.0698000000,0.1579000000,0.1438000000,0.1402000000,0.3048000000,0.3914000000,0.3504000000,0.3669000000,0.3943000000,0.3311000000,0.3331000000,0.3002000000,0.2324000000,0.1381000000,0.3450000000,0.4428000000,0.4890000000,0.3677000000,0.4379000000,0.4864000000,0.6207000000,0.7256000000,0.6624000000,0.7689000000,0.7981000000,0.8577000000,0.9273000000,0.7009000000,0.4851000000,0.3409000000,0.1406000000,0.1147000000,0.1433000000,0.1820000000,0.3605000000,0.5529000000,0.5988000000,0.5077000000,0.5512000000,0.5027000000,0.7034000000,0.5904000000,0.4069000000,0.2761000000,0.1584000000,0.0510000000,0.0054000000,0.0078000000,0.0201000000,0.0104000000,0.0039000000,0.0031000000,0.0062000000,0.0087000000,0.0070000000,0.0042000000,0.0000000000
0.0211000000,0.0128000000,0.0015000000,0.0450000000,0.0711000000,0.1563000000,0.1518000000,0.1206000000,0.1666000000,0.1345000000,0.0785000000,0.0367000000,0.1227000000,0.2614000000,0.4280000000,0.6122000000,0.7435000000,0.8130000000,0.9006000000,0.9603000000,0.9162000000,0.9140000000,0.7851000000,0.5134000000,0.3439000000,0.3290000000,0.2571000000,0.3685000000,0.5765000000,0.6190000000,0.4613000000,0.3615000000,0.4434000000,0.3864000000,0.3093000000,0.2138000000,0.1112000000,0.1386000000,0.1523000000,0.0996000000,0.1644000000,0.1902000000,0.1313000000,0.1776000000,0.2000000000,0.0765000000,0.0727000000,0.0749000000,0.0449000000,0.0134000000,0.0174000000,0.0117000000,0.0023000000,0.0047000000,0.0049000000,0.0031000000,0.0024000000,0.0039000000,0.0051000000,0.0015000000,0.0000000000
0.0130000000,0.0120000000,0.0436000000,0.0624000000,0.0428000000,0.0349000000,0.0384000000,0.0446000000,0.1318000000,0.1375000000,0.2026000000,0.2389000000,0.2112000000,0.1444000000,0.0742000000,0.1533000000,0.3052000000,0.4116000000,0.5466000000,0.5933000000,0.6663000000,0.7333000000,0.7136000000,0.7014000000,0.7758000000,0.9137000000,0.9964000000,1.0000000000,0.8881000000,0.6585000000,0.2707000000,0.1746000000,0.2709000000,0.4853000000,0.7184000000,0.8209000000,0.7536000000,0.6496000000,0.4708000000,0.3482000000,0.3508000000,0.3181000000,0.3524000000,0.3659000000,0.2846000000,0.1714000000,0.0694000000,0.0303000000,0.0292000000,0.0116000000,0.0024000000,0.0084000000,0.0100000000,0.0018000000,0.0035000000,0.0058000000,0.0011000000,0.0009000000,0.0033000000,0.0026000000,0.0000000000
0.0050000000,0.0017000000,0.0270000000,0.0450000000,0.0958000000,0.0830000000,0.0879000000,0.1220000000,0.1977000000,0.2282000000,0.2521000000,0.3484000000,0.3309000000,0.2614000000,0.1782000000,0.2055000000,0.2298000000,0.3545000000,0.6218000000,0.7265000000,0.8346000000,0.8268000000,0.8366000000,0.9408000000,0.9510000000,0.9801000000,0.9974000000,1.0000000000,0.9036000000,0.6409000000,0.3857000000,0.2908000000,0.2040000000,0.1653000000,0.1769000000,0.1140000000,0.0740000000,0.0941000000,0.0621000000,0.0426000000,0.0572000000,0.1068000000,0.1909000000,0.2229000000,0.2203000000,0.2265000000,0.1766000000,0.1097000000,0.0558000000,0.0142000000,0.0281000000,0.0165000000,0.0056000000,0.0010000000,0.0027000000,0.0062000000,0.0024000000,0.0063000000,0.0017000000,0.0028000000,0.0000000000
0.0261000000,0.0266000000,0.0223000000,0.0749000000,0.1364000000,0.1513000000,0.1316000000,0.1654000000,0.1864000000,0.2013000000,0.2890000000,0.3650000000,0.3510000000,0.3495000000,0.4325000000,0.5398000000,0.6237000000,0.6876000000,0.7329000000,0.8107000000,0.8396000000,0.8632000000,0.8747000000,0.9607000000,0.9716000000,0.9121000000,0.8576000000,0.8798000000,0.7720000000,0.5711000000,0.4264000000,0.2860000000,0.3114000000,0.2066000000,0.1165000000,0.0185000000,0.1302000000,0.2480000000,0.1637000000,0.1103000000,0.2144000000,0.2033000000,0.1887000000,0.1370000000,0.1376000000,0.0307000000,0.0373000000,0.0606000000,0.0399000000,0.0169000000,0.0135000000,0.0222000000,0.0175000000,0.0127000000,0.0022000000,0.0124000000,0.0054000000,0.0021000000,0.0028000000,0.0023000000,0.0000000000
0.1083000000,0.1070000000,0.0257000000,0.0837000000,0.0748000000,0.1125000000,0.3322000000,0.4590000000,0.5526000000,0.5966000000,0.5304000000,0.2251000000,0.2402000000,0.2689000000,0.6646000000,0.6632000000,0.1674000000,0.0837000000,0.4331000000,0.8718000000,0.7992000000,0.3712000000,0.1703000000,0.1611000000,0.2086000000,0.2847000000,0.2211000000,0.6134000000,0.5807000000,0.6925000000,0.3825000000,0.4303000000,0.7791000000,0.8703000000,1.0000000000,0.9212000000,0.9386000000,0.9303000000,0.7314000000,0.4791000000,0.2087000000,0.2016000000,0.1669000000,0.2872000000,0.4374000000,0.3097000000,0.1578000000,0.0553000000,0.0334000000,0.0209000000,0.0172000000,0.0180000000,0.0110000000,0.0234000000,0.0276000000,0.0032000000,0.0084000000,0.0122000000,0.0082000000,0.0143000000,0.0000000000
0.0067000000,0.0096000000,0.0024000000,0.0058000000,0.0197000000,0.0618000000,0.0432000000,0.0951000000,0.0836000000,0.1180000000,0.0978000000,0.0909000000,0.0656000000,0.0593000000,0.0832000000,0.1297000000,0.2038000000,0.3811000000,0.4451000000,0.5224000000,0.5911000000,0.6566000000,0.6308000000,0.5998000000,0.4958000000,0.5647000000,0.6906000000,0.8513000000,1.0000000000,0.9166000000,0.7676000000,0.6177000000,0.5468000000,0.5516000000,0.5463000000,0.5515000000,0.4561000000,0.3466000000,0.3384000000,0.2853000000,0.2502000000,0.1641000000,0.1605000000,0.1491000000,0.1326000000,0.0687000000,0.0602000000,0.0561000000,0.0306000000,0.0154000000,0.0029000000,0.0048000000,0.0023000000,0.0020000000,0.0040000000,0.0019000000,0.0034000000,0.0034000000,0.0051000000,0.0031000000,1.0000000000
0.0333000000,0.0221000000,0.0270000000,0.0481000000,0.0679000000,0.0981000000,0.0843000000,0.1172000000,0.0759000000,0.0920000000,0.1475000000,0.0522000000,0.1119000000,0.0970000000,0.1174000000,0.1678000000,0.1642000000,0.1205000000,0.0494000000,0.1544000000,0.3485000000,0.6146000000,0.9146000000,0.9364000000,0.8677000000,0.8772000000,0.8553000000,0.8833000000,1.0000000000,0.8296000000,0.6601000000,0.5499000000,0.5716000000,0.6859000000,0.6825000000,0.5142000000,0.2750000000,0.1358000000,0.1551000000,0.2646000000,0.1994000000,0.1883000000,0.2746000000,0.1651000000,0.0575000000,0.0695000000,0.0598000000,0.0456000000,0.0021000000,0.0068000000,0.0036000000,0.0022000000,0.0032000000,0.0060000000,0.0054000000,0.0063000000,0.0143000000,0.0132000000,0.0051000000,0.0041000000,1.0000000000
0.0336000000,0.0294000000,0.0476000000,0.0539000000,0.0794000000,0.0804000000,0.1136000000,0.1228000000,0.1235000000,0.0842000000,0.0357000000,0.0689000000,0.1705000000,0.3257000000,0.4602000000,0.6225000000,0.7327000000,0.7843000000,0.7988000000,0.8261000000,1.0000000000,0.9814000000,0.9620000000,0.9601000000,0.9118000000,0.9086000000,0.7931000000,0.5877000000,0.3474000000,0.4235000000,0.4633000000,0.3410000000,0.2849000000,0.2847000000,0.1742000000,0.0549000000,0.1192000000,0.1154000000,0.0855000000,0.1811000000,0.1264000000,0.0799000000,0.0378000000,0.1268000000,0.1125000000,0.0505000000,0.0949000000,0.0677000000,0.0259000000,0.0170000000,0.0033000000,0.0150000000,0.0111000000,0.0032000000,0.0035000000,0.0169000000,0.0137000000,0.0015000000,0.0069000000,0.0051000000,1.0000000000
0.0229000000,0.0369000000,0.0040000000,0.0375000000,0.0455000000,0.1452000000,0.2211000000,0.1188000000,0.0750000000,0.1631000000,0.2709000000,0.3358000000,0.4091000000,0.4400000000,0.5485000000,0.7213000000,0.8137000000,0.9185000000,1.0000000000,0.9418000000,0.9116000000,0.9349000000,0.7484000000,0.5146000000,0.4106000000,0.3443000000,0.6981000000,0.8713000000,0.9013000000,0.8014000000,0.4380000000,0.1319000000,0.1709000000,0.2484000000,0.3044000000,0.2312000000,0.1338000000,0.2056000000,0.2474000000,0.2790000000,0.1610000000,0.0056000000,0.0351000000,0.1148000000,0.1331000000,0.0276000000,0.0763000000,0.0631000000,0.0309000000,0.0240000000,0.0115000000,0.0064000000,0.0022000000,0.0122000000,0.0151000000,0.0056000000,0.0026000000,0.0029000000,0.0104000000,0.0163000000,1.0000000000
0.0414000000,0.0436000000,0.0447000000,0.0844000000,0.0419000000,0.1215000000,0.2002000000,0.1516000000,0.0818000000,0.1975000000,0.2309000000,0.3025000000,0.3938000000,0.5050000000,0.5872000000,0.6610000000,0.7417000000,0.8006000000,0.8456000000,0.7939000000,0.8804000000,0.8384000000,0.7852000000,0.8479000000,0.7434000000,0.6433000000,0.5514000000,0.3519000000,0.3168000000,0.3346000000,0.2056000000,0.1032000000,0.3168000000,0.4040000000,0.4282000000,0.4538000000,0.3704000000,0.3741000000,0.3839000000,0.3494000000,0.4380000000,0.4265000000,0.2854000000,0.2808000000,0.2395000000,0.0369000000,0.0805000000,0.0541000000,0.0177000000,0.0065000000,0.0222000000,0.0045000000,0.0136000000,0.0113000000,0.0053000000,0.0165000000,0.0141000000,0.0077000000,0.0246000000,0.0198000000,0.0000000000
0.0025000000,0.0309000000,0.0171000000,0.0228000000,0.0434000000,0.1224000000,0.1947000000,0.1661000000,0.1368000000,0.1430000000,0.0994000000,0.2250000000,0.2444000000,0.3239000000,0.3039000000,0.2410000000,0.0367000000,0.1672000000,0.3038000000,0.4069000000,0.3613000000,0.1994000000,0.4611000000,0.6849000000,0.7272000000,0.7152000000,0.7102000000,0.8516000000,1.0000000000,0.7690000000,0.4841000000,0.3717000000,0.6096000000,0.5110000000,0.2586000000,0.0916000000,0.0947000000,0.2287000000,0.3480000000,0.2095000000,0.1901000000,0.2941000000,0.2211000000,0.1524000000,0.0746000000,0.0606000000,0.0692000000,0.0446000000,0.0344000000,0.0082000000,0.0108000000,0.0149000000,0.0077000000,0.0036000000,0.0114000000,0.0085000000,0.0101000000,0.0016000000,0.0028000000,0.0014000000,1.0000000000
0.0191000000,0.0173000000,0.0291000000,0.0301000000,0.0463000000,0.0690000000,0.0576000000,0.1103000000,0.2423000000,0.3134000000,0.4786000000,0.5239000000,0.4393000000,0.3440000000,0.2869000000,0.3889000000,0.4420000000,0.3892000000,0.4088000000,0.5006000000,0.7271000000,0.9385000000,1.0000000000,0.9831000000,0.9932000000,0.9161000000,0.8237000000,0.6957000000,0.4536000000,0.3281000000,0.2522000000,0.3964000000,0.4154000000,0.3308000000,0.1445000000,0.1923000000,0.3208000000,0.3367000000,0.5683000000,0.5505000000,0.3231000000,0.0448000000,0.3131000000,0.3387000000,0.4130000000,0.3639000000,0.2069000000,0.0859000000,0.0600000000,0.0267000000,0.0125000000,0.0040000000,0.0136000000,0.0137000000,0.0172000000,0.0132000000,0.0110000000,0.0122000000,0.0114000000,0.0068000000,0.0000000000
0.0115000000,0.0150000000,0.0136000000,0.0076000000,0.0211000000,0.1058000000,0.1023000000,0.0440000000,0.0931000000,0.0734000000,0.0740000000,0.0622000000,0.1055000000,0.1183000000,0.1721000000,0.2584000000,0.3232000000,0.3817000000,0.4243000000,0.4217000000,0.4449000000,0.4075000000,0.3306000000,0.4012000000,0.4466000000,0.5218000000,0.7552000000,0.9503000000,1.0000000000,0.9084000000,0.8283000000,0.7571000000,0.7262000000,0.6152000000,0.5680000000,0.5757000000,0.5324000000,0.3672000000,0.1669000000,0.0866000000,0.0646000000,0.1891000000,0.2683000000,0.2887000000,0.2341000000,0.1668000000,0.1015000000,0.1195000000,0.0704000000,0.0167000000,0.0107000000,0.0091000000,0.0016000000,0.0084000000,0.0064000000,0.0026000000,0.0029000000,0.0037000000,0.0070000000,0.0041000000,1.0000000000
0.0530000000,0.0885000000,0.1997000000,0.2604000000,0.3225000000,0.2247000000,0.0617000000,0.2287000000,0.0950000000,0.0740000000,0.1610000000,0.2226000000,0.2703000000,0.3365000000,0.4266000000,0.4144000000,0.5655000000,0.6921000000,0.8547000000,0.9234000000,0.9171000000,1.0000000000,0.9532000000,0.9101000000,0.8337000000,0.7053000000,0.6534000000,0.4483000000,0.2460000000,0.2020000000,0.1446000000,0.0994000000,0.1510000000,0.2392000000,0.4434000000,0.5023000000,0.4441000000,0.4571000000,0.3927000000,0.2900000000,0.3408000000,0.4990000000,0.3632000000,0.1387000000,0.1800000000,0.1299000000,0.0523000000,0.0817000000,0.0469000000,0.0114000000,0.0299000000,0.0244000000,0.0199000000,0.0257000000,0.0082000000,0.0151000000,0.0171000000,0.0146000000,0.0134000000,0.0056000000,0.0000000000
0.0249000000,0.0119000000,0.0277000000,0.0760000000,0.1218000000,0.1538000000,0.1192000000,0.1229000000,0.2119000000,0.2531000000,0.2855000000,0.2961000000,0.3341000000,0.4287000000,0.5205000000,0.6087000000,0.7236000000,0.7577000000,0.7726000000,0.8098000000,0.8995000000,0.9247000000,0.9365000000,0.9853000000,0.9776000000,1.0000000000,0.9896000000,0.9076000000,0.7306000000,0.5758000000,0.4469000000,0.3719000000,0.2079000000,0.0955000000,0.0488000000,0.1406000000,0.2554000000,0.2054000000,0.1614000000,0.2232000000,0.1773000000,0.2293000000,0.2521000000,0.1464000000,0.0673000000,0.0965000000,0.1492000000,0.1128000000,0.0463000000,0.0193000000,0.0140000000,0.0027000000,0.0068000000,0.0150000000,0.0012000000,0.0133000000,0.0048000000,0.0244000000,0.0077000000,0.0074000000,0.0000000000
0.0221000000,0.0065000000,0.0164000000,0.0487000000,0.0519000000,0.0849000000,0.0812000000,0.1833000000,0.2228000000,0.1810000000,0.2549000000,0.2984000000,0.2624000000,0.1893000000,0.0668000000,0.2666000000,0.4274000000,0.6291000000,0.7782000000,0.7686000000,0.8099000000,0.8493000000,0.9440000000,0.9450000000,0.9655000000,0.8045000000,0.4969000000,0.3960000000,0.3856000000,0.5574000000,0.7309000000,0.8549000000,0.9425000000,0.8726000000,0.6673000000,0.4694000000,0.1546000000,0.1748000000,0.3607000000,0.5208000000,0.5177000000,0.3702000000,0.2240000000,0.0816000000,0.0395000000,0.0785000000,0.1052000000,0.1034000000,0.0764000000,0.0216000000,0.0167000000,0.0089000000,0.0051000000,0.0015000000,0.0075000000,0.0058000000,0.0016000000,0.0070000000,0.0074000000,0.0038000000,0.0000000000
0.0116000000,0.0744000000,0.0367000000,0.0225000000,0.0076000000,0.0545000000,0.1110000000,0.1069000000,0.1708000000,0.2271000000,0.3171000000,0.2882000000,0.2657000000,0.2307000000,0.1889000000,0.1791000000,0.2298000000,0.3715000000,0.6223000000,0.7260000000,0.7934000000,0.8045000000,0.8067000000,0.9173000000,0.9327000000,0.9562000000,1.0000000000,0.9818000000,0.8684000000,0.6381000000,0.3997000000,0.3242000000,0.2835000000,0.2413000000,0.2321000000,0.1260000000,0.0693000000,0.0701000000,0.1439000000,0.1475000000,0.0438000000,0.0469000000,0.1476000000,0.1742000000,0.1555000000,0.1651000000,0.1181000000,0.0720000000,0.0321000000,0.0056000000,0.0202000000,0.0141000000,0.0103000000,0.0100000000,0.0034000000,0.0026000000,0.0037000000,0.0044000000,0.0057000000,0.0035000000,0.0000000000
0.0712000000,0.0901000000,0.1276000000,0.1497000000,0.1284000000,0.1165000000,0.1285000000,0.1684000000,0.1830000000,0.2127000000,0.2891000000,0.3985000000,0.4576000000,0.5821000000,0.5027000000,0.1930000000,0.2579000000,0.3177000000,0.2745000000,0.6186000000,0.8958000000,0.7442000000,0.5188000000,0.2811000000,0.1773000000,0.6607000000,0.7576000000,0.5122000000,0.4701000000,0.5479000000,0.4347000000,0.1276000000,0.0846000000,0.0927000000,0.0313000000,0.0998000000,0.1781000000,0.1586000000,0.3001000000,0.2208000000,0.1455000000,0.2895000000,0.3203000000,0.1414000000,0.0629000000,0.0734000000,0.0805000000,0.0608000000,0.0565000000,0.0286000000,0.0154000000,0.0154000000,0.0156000000,0.0054000000,0.0030000000,0.0048000000,0.0087000000,0.0101000000,0.0095000000,0.0068000000,0.0000000000
0.0090000000,0.0062000000,0.0253000000,0.0489000000,0.1197000000,0.1589000000,0.1392000000,0.0987000000,0.0955000000,0.1895000000,0.1896000000,0.2547000000,0.4073000000,0.2988000000,0.2901000000,0.5326000000,0.4022000000,0.1571000000,0.3024000000,0.3907000000,0.3542000000,0.4438000000,0.6414000000,0.4601000000,0.6009000000,0.8690000000,0.8345000000,0.7669000000,0.5081000000,0.4620000000,0.5380000000,0.5375000000,0.3844000000,0.3601000000,0.7402000000,0.7761000000,0.3858000000,0.0667000000,0.3684000000,0.6114000000,0.3510000000,0.2312000000,0.2195000000,0.3051000000,0.1937000000,0.1570000000,0.0479000000,0.0538000000,0.0146000000,0.0068000000,0.0187000000,0.0059000000,0.0095000000,0.0194000000,0.0080000000,0.0152000000,0.0158000000,0.0053000000,0.0189000000,0.0102000000,1.0000000000
0.0107000000,0.0453000000,0.0289000000,0.0713000000,0.1075000000,0.1019000000,0.1606000000,0.2119000000,0.3061000000,0.2936000000,0.3104000000,0.3431000000,0.2456000000,0.1887000000,0.1184000000,0.2080000000,0.2736000000,0.3274000000,0.2344000000,0.1260000000,0.0576000000,0.1241000000,0.3239000000,0.4357000000,0.5734000000,0.7825000000,0.9252000000,0.9349000000,0.9348000000,1.0000000000,0.9308000000,0.8478000000,0.7605000000,0.7040000000,0.7539000000,0.7990000000,0.7673000000,0.5955000000,0.4731000000,0.4840000000,0.4340000000,0.3954000000,0.4837000000,0.5379000000,0.4485000000,0.2674000000,0.1541000000,0.1359000000,0.0941000000,0.0261000000,0.0079000000,0.0164000000,0.0120000000,0.0113000000,0.0021000000,0.0097000000,0.0072000000,0.0060000000,0.0017000000,0.0036000000,0.0000000000
0.0176000000,0.0172000000,0.0501000000,0.0285000000,0.0262000000,0.0351000000,0.0362000000,0.0535000000,0.0258000000,0.0474000000,0.0526000000,0.1854000000,0.1040000000,0.0948000000,0.0912000000,0.1688000000,0.1568000000,0.0375000000,0.1316000000,0.2086000000,0.1976000000,0.0946000000,0.1965000000,0.1242000000,0.0616000000,0.2141000000,0.4642000000,0.6471000000,0.6340000000,0.6107000000,0.7046000000,0.5376000000,0.5934000000,0.8443000000,0.9481000000,0.9705000000,0.7766000000,0.6313000000,0.5760000000,0.6148000000,0.5450000000,0.4813000000,0.3406000000,0.1916000000,0.1134000000,0.0640000000,0.0911000000,0.0980000000,0.0563000000,0.0187000000,0.0088000000,0.0042000000,0.0175000000,0.0171000000,0.0079000000,0.0050000000,0.0112000000,0.0179000000,0.0294000000,0.0063000000,1.0000000000
0.0408000000,0.0653000000,0.0397000000,0.0604000000,0.0496000000,0.1817000000,0.1178000000,0.1024000000,0.0583000000,0.2176000000,0.2459000000,0.3332000000,0.3087000000,0.2613000000,0.3232000000,0.3731000000,0.4203000000,0.5364000000,0.7062000000,0.8196000000,0.8835000000,0.8299000000,0.7609000000,0.7605000000,0.8367000000,0.8905000000,0.7652000000,0.5897000000,0.3037000000,0.0823000000,0.2787000000,0.7241000000,0.8032000000,0.8050000000,0.7676000000,0.7468000000,0.6253000000,0.1730000000,0.2916000000,0.5003000000,0.5220000000,0.4824000000,0.4004000000,0.3877000000,0.1651000000,0.0442000000,0.0663000000,0.0418000000,0.0475000000,0.0235000000,0.0066000000,0.0062000000,0.0129000000,0.0184000000,0.0069000000,0.0198000000,0.0199000000,0.0102000000,0.0070000000,0.0055000000,1.0000000000
0.0366000000,0.0421000000,0.0504000000,0.0250000000,0.0596000000,0.0252000000,0.0958000000,0.0991000000,0.1419000000,0.1847000000,0.2222000000,0.2648000000,0.2508000000,0.2291000000,0.1555000000,0.1863000000,0.2387000000,0.3345000000,0.5233000000,0.6684000000,0.7766000000,0.7928000000,0.7940000000,0.9129000000,0.9498000000,0.9835000000,1.0000000000,0.9471000000,0.8237000000,0.6252000000,0.4181000000,0.3209000000,0.2658000000,0.2196000000,0.1588000000,0.0561000000,0.0948000000,0.1700000000,0.1215000000,0.1282000000,0.0386000000,0.1329000000,0.2331000000,0.2468000000,0.1960000000,0.1985000000,0.1570000000,0.0921000000,0.0549000000,0.0194000000,0.0166000000,0.0132000000,0.0027000000,0.0022000000,0.0059000000,0.0016000000,0.0025000000,0.0017000000,0.0027000000,0.0027000000,0.0000000000
0.0201000000,0.0116000000,0.0123000000,0.0245000000,0.0547000000,0.0208000000,0.0891000000,0.0836000000,0.1335000000,0.1199000000,0.1742000000,0.1387000000,0.2042000000,0.2580000000,0.2616000000,0.2097000000,0.2532000000,0.3213000000,0.4327000000,0.4760000000,0.5328000000,0.6057000000,0.6696000000,0.7476000000,0.8930000000,0.9405000000,1.0000000000,0.9785000000,0.8473000000,0.7639000000,0.6701000000,0.4989000000,0.3718000000,0.2196000000,0.1416000000,0.2680000000,0.2630000000,0.3104000000,0.3392000000,0.2123000000,0.1170000000,0.2655000000,0.2203000000,0.1541000000,0.1464000000,0.1044000000,0.1225000000,0.0745000000,0.0490000000,0.0224000000,0.0032000000,0.0076000000,0.0045000000,0.0056000000,0.0075000000,0.0037000000,0.0045000000,0.0029000000,0.0008000000,0.0018000000,1.0000000000
0.0216000000,0.0215000000,0.0273000000,0.0139000000,0.0357000000,0.0785000000,0.0906000000,0.0908000000,0.1151000000,0.0973000000,0.1203000000,0.1102000000,0.1192000000,0.1762000000,0.2390000000,0.2138000000,0.1929000000,0.1765000000,0.0746000000,0.1265000000,0.2005000000,0.1571000000,0.2605000000,0.5386000000,0.8440000000,1.0000000000,0.8684000000,0.6742000000,0.5537000000,0.4638000000,0.3609000000,0.2055000000,0.1620000000,0.2092000000,0.3100000000,0.2344000000,0.1058000000,0.0383000000,0.0528000000,0.1291000000,0.2241000000,0.1915000000,0.1587000000,0.0942000000,0.0840000000,0.0670000000,0.0342000000,0.0469000000,0.0357000000,0.0136000000,0.0082000000,0.0140000000,0.0044000000,0.0052000000,0.0073000000,0.0021000000,0.0047000000,0.0024000000,0.0009000000,0.0017000000,1.0000000000
0.0293000000,0.0644000000,0.0390000000,0.0173000000,0.0476000000,0.0816000000,0.0993000000,0.0315000000,0.0736000000,0.0860000000,0.0414000000,0.0472000000,0.0835000000,0.0938000000,0.1466000000,0.0809000000,0.1179000000,0.2179000000,0.3326000000,0.3258000000,0.2111000000,0.2302000000,0.3361000000,0.4259000000,0.4609000000,0.2606000000,0.0874000000,0.2862000000,0.5606000000,0.8344000000,0.8096000000,0.7250000000,0.8048000000,0.9435000000,1.0000000000,0.8960000000,0.5516000000,0.3037000000,0.2338000000,0.2382000000,0.3318000000,0.3821000000,0.1575000000,0.2228000000,0.1582000000,0.1433000000,0.1634000000,0.1133000000,0.0567000000,0.0133000000,0.0170000000,0.0035000000,0.0052000000,0.0083000000,0.0078000000,0.0075000000,0.0105000000,0.0160000000,0.0095000000,0.0011000000,1.0000000000
0.0015000000,0.0186000000,0.0289000000,0.0195000000,0.0515000000,0.0817000000,0.1005000000,0.0124000000,0.1168000000,0.1476000000,0.2118000000,0.2575000000,0.2354000000,0.1334000000,0.0092000000,0.1951000000,0.3685000000,0.4646000000,0.5418000000,0.6260000000,0.7420000000,0.8257000000,0.8609000000,0.8400000000,0.8949000000,0.9945000000,1.0000000000,0.9649000000,0.8747000000,0.6257000000,0.2184000000,0.2945000000,0.3645000000,0.5012000000,0.7843000000,0.9361000000,0.8195000000,0.6207000000,0.4513000000,0.3004000000,0.2674000000,0.2241000000,0.3141000000,0.3693000000,0.2986000000,0.2226000000,0.0849000000,0.0359000000,0.0289000000,0.0122000000,0.0045000000,0.0108000000,0.0075000000,0.0089000000,0.0036000000,0.0029000000,0.0013000000,0.0010000000,0.0032000000,0.0047000000,0.0000000000
0.0195000000,0.0142000000,0.0181000000,0.0406000000,0.0391000000,0.0249000000,0.0892000000,0.0973000000,0.0840000000,0.1191000000,0.1522000000,0.1322000000,0.1434000000,0.1244000000,0.0653000000,0.0890000000,0.1226000000,0.1846000000,0.3880000000,0.3658000000,0.2297000000,0.2610000000,0.4193000000,0.5848000000,0.5643000000,0.5448000000,0.4772000000,0.6897000000,0.9797000000,1.0000000000,0.9546000000,0.8835000000,0.7662000000,0.6547000000,0.5447000000,0.4593000000,0.4679000000,0.1987000000,0.0699000000,0.1493000000,0.1713000000,0.1654000000,0.2600000000,0.3846000000,0.3754000000,0.2414000000,0.1077000000,0.0224000000,0.0155000000,0.0187000000,0.0125000000,0.0028000000,0.0067000000,0.0120000000,0.0012000000,0.0022000000,0.0058000000,0.0042000000,0.0067000000,0.0012000000,1.0000000000
0.0209000000,0.0278000000,0.0115000000,0.0445000000,0.0427000000,0.0766000000,0.1458000000,0.1430000000,0.1894000000,0.1853000000,0.1748000000,0.1556000000,0.1476000000,0.1378000000,0.2584000000,0.3827000000,0.4784000000,0.5360000000,0.6192000000,0.7912000000,0.9264000000,1.0000000000,0.9080000000,0.7435000000,0.5557000000,0.3172000000,0.1295000000,0.0598000000,0.2722000000,0.3616000000,0.3293000000,0.4855000000,0.3936000000,0.1845000000,0.0342000000,0.2489000000,0.3837000000,0.3514000000,0.2654000000,0.1760000000,0.1599000000,0.0866000000,0.0590000000,0.0813000000,0.0492000000,0.0417000000,0.0495000000,0.0367000000,0.0115000000,0.0118000000,0.0133000000,0.0096000000,0.0014000000,0.0049000000,0.0039000000,0.0029000000,0.0078000000,0.0047000000,0.0021000000,0.0011000000,0.0000000000
0.0091000000,0.0213000000,0.0206000000,0.0505000000,0.0657000000,0.0795000000,0.0970000000,0.0872000000,0.0743000000,0.0837000000,0.1579000000,0.0898000000,0.0309000000,0.1856000000,0.2969000000,0.2032000000,0.1264000000,0.1655000000,0.1661000000,0.2091000000,0.2310000000,0.4460000000,0.6634000000,0.6933000000,0.7663000000,0.8206000000,0.7049000000,0.7560000000,0.7466000000,0.6387000000,0.4846000000,0.3328000000,0.5356000000,0.8741000000,0.8573000000,0.6718000000,0.3446000000,0.3150000000,0.2702000000,0.2598000000,0.2742000000,0.3594000000,0.4382000000,0.2460000000,0.0758000000,0.0187000000,0.0797000000,0.0748000000,0.0367000000,0.0155000000,0.0300000000,0.0112000000,0.0112000000,0.0102000000,0.0026000000,0.0097000000,0.0098000000,0.0043000000,0.0071000000,0.0108000000,1.0000000000
0.0139000000,0.0222000000,0.0089000000,0.0108000000,0.0215000000,0.0136000000,0.0659000000,0.0954000000,0.0786000000,0.1015000000,0.1261000000,0.0828000000,0.0493000000,0.0848000000,0.1514000000,0.1396000000,0.1066000000,0.1923000000,0.2991000000,0.3247000000,0.3797000000,0.5658000000,0.7483000000,0.8757000000,0.9048000000,0.7511000000,0.6858000000,0.7043000000,0.5864000000,0.3773000000,0.2206000000,0.2628000000,0.2672000000,0.2907000000,0.1982000000,0.2288000000,0.3186000000,0.2871000000,0.2921000000,0.2806000000,0.2682000000,0.2112000000,0.1513000000,0.1789000000,0.1850000000,0.1717000000,0.0898000000,0.0656000000,0.0445000000,0.0110000000,0.0024000000,0.0062000000,0.0072000000,0.0113000000,0.0012000000,0.0022000000,0.0025000000,0.0059000000,0.0039000000,0.0048000000,1.0000000000
0.0203000000,0.0121000000,0.0380000000,0.0128000000,0.0537000000,0.0874000000,0.1021000000,0.0852000000,0.1136000000,0.1747000000,0.2198000000,0.2721000000,0.2105000000,0.1727000000,0.2040000000,0.1786000000,0.1318000000,0.2260000000,0.2358000000,0.3107000000,0.3906000000,0.3631000000,0.4809000000,0.6531000000,0.7812000000,0.8395000000,0.9180000000,0.9769000000,0.8937000000,0.7022000000,0.6500000000,0.5069000000,0.3903000000,0.3009000000,0.1565000000,0.0985000000,0.2200000000,0.2243000000,0.2736000000,0.2152000000,0.2438000000,0.3154000000,0.2112000000,0.0991000000,0.0594000000,0.1940000000,0.1937000000,0.1082000000,0.0336000000,0.0177000000,0.0209000000,0.0134000000,0.0094000000,0.0047000000,0.0045000000,0.0042000000,0.0028000000,0.0036000000,0.0013000000,0.0016000000,0.0000000000
0.0131000000,0.0387000000,0.0329000000,0.0078000000,0.0721000000,0.1341000000,0.1626000000,0.1902000000,0.2610000000,0.3193000000,0.3468000000,0.3738000000,0.3055000000,0.1926000000,0.1385000000,0.2122000000,0.2758000000,0.4576000000,0.6487000000,0.7154000000,0.8010000000,0.7924000000,0.8793000000,1.0000000000,0.9865000000,0.9474000000,0.9474000000,0.9315000000,0.8326000000,0.6213000000,0.3772000000,0.2822000000,0.2042000000,0.2190000000,0.2223000000,0.1327000000,0.0521000000,0.0618000000,0.1416000000,0.1460000000,0.0846000000,0.1055000000,0.1639000000,0.1916000000,0.2085000000,0.2335000000,0.1964000000,0.1300000000,0.0633000000,0.0183000000,0.0137000000,0.0150000000,0.0076000000,0.0032000000,0.0037000000,0.0071000000,0.0040000000,0.0009000000,0.0015000000,0.0085000000,0.0000000000
0.0181000000,0.0146000000,0.0026000000,0.0141000000,0.0421000000,0.0473000000,0.0361000000,0.0741000000,0.1398000000,0.1045000000,0.0904000000,0.0671000000,0.0997000000,0.1056000000,0.0346000000,0.1231000000,0.1626000000,0.3652000000,0.3262000000,0.2995000000,0.2109000000,0.2104000000,0.2085000000,0.2282000000,0.0747000000,0.1969000000,0.4086000000,0.6385000000,0.7970000000,0.7508000000,0.5517000000,0.2214000000,0.4672000000,0.4479000000,0.2297000000,0.3235000000,0.4480000000,0.5581000000,0.6520000000,0.5354000000,0.2478000000,0.2268000000,0.1788000000,0.0898000000,0.0536000000,0.0374000000,0.0990000000,0.0956000000,0.0317000000,0.0142000000,0.0076000000,0.0223000000,0.0255000000,0.0145000000,0.0233000000,0.0041000000,0.0018000000,0.0048000000,0.0089000000,0.0085000000,1.0000000000
0.0228000000,0.0853000000,0.1000000000,0.0428000000,0.1117000000,0.1651000000,0.1597000000,0.2116000000,0.3295000000,0.3517000000,0.3330000000,0.3643000000,0.4020000000,0.4731000000,0.5196000000,0.6573000000,0.8426000000,0.8476000000,0.8344000000,0.8453000000,0.7999000000,0.8537000000,0.9642000000,1.0000000000,0.9357000000,0.9409000000,0.9070000000,0.7104000000,0.6320000000,0.5667000000,0.3501000000,0.2447000000,0.1698000000,0.3290000000,0.3674000000,0.2331000000,0.2413000000,0.2556000000,0.1892000000,0.1940000000,0.3074000000,0.2785000000,0.0308000000,0.1238000000,0.1854000000,0.1753000000,0.1079000000,0.0728000000,0.0242000000,0.0191000000,0.0159000000,0.0172000000,0.0191000000,0.0260000000,0.0140000000,0.0125000000,0.0116000000,0.0093000000,0.0012000000,0.0036000000,0.0000000000
0.0123000000,0.0309000000,0.0169000000,0.0313000000,0.0358000000,0.0102000000,0.0182000000,0.0579000000,0.1122000000,0.0835000000,0.0548000000,0.0847000000,0.2026000000,0.2557000000,0.1870000000,0.2032000000,0.1463000000,0.2849000000,0.5824000000,0.7728000000,0.7852000000,0.8515000000,0.5312000000,0.3653000000,0.5973000000,0.8275000000,1.0000000000,0.8673000000,0.6301000000,0.4591000000,0.3940000000,0.2576000000,0.2817000000,0.2641000000,0.2757000000,0.2698000000,0.3994000000,0.4576000000,0.3940000000,0.2522000000,0.1782000000,0.1354000000,0.0516000000,0.0337000000,0.0894000000,0.0861000000,0.0872000000,0.0445000000,0.0134000000,0.0217000000,0.0188000000,0.0133000000,0.0265000000,0.0224000000,0.0074000000,0.0118000000,0.0026000000,0.0092000000,0.0009000000,0.0044000000,1.0000000000
0.0260000000,0.0192000000,0.0254000000,0.0061000000,0.0352000000,0.0701000000,0.1263000000,0.1080000000,0.1523000000,0.1630000000,0.1030000000,0.2187000000,0.1542000000,0.2630000000,0.2940000000,0.2978000000,0.0699000000,0.1401000000,0.2990000000,0.3915000000,0.3598000000,0.2403000000,0.4208000000,0.5675000000,0.6094000000,0.6323000000,0.6549000000,0.7673000000,1.0000000000,0.8463000000,0.5509000000,0.4444000000,0.5169000000,0.4268000000,0.1802000000,0.0791000000,0.0535000000,0.1906000000,0.2561000000,0.2153000000,0.2769000000,0.2841000000,0.1733000000,0.0815000000,0.0335000000,0.0933000000,0.1018000000,0.0309000000,0.0208000000,0.0318000000,0.0132000000,0.0118000000,0.0120000000,0.0051000000,0.0070000000,0.0015000000,0.0035000000,0.0008000000,0.0044000000,0.0077000000,1.0000000000
0.0209000000,0.0261000000,0.0120000000,0.0768000000,0.1064000000,0.1680000000,0.3016000000,0.3460000000,0.3314000000,0.4125000000,0.3943000000,0.1334000000,0.4622000000,0.9970000000,0.9137000000,0.8292000000,0.6994000000,0.7825000000,0.8789000000,0.8501000000,0.8920000000,0.9473000000,1.0000000000,0.8975000000,0.7806000000,0.8321000000,0.6502000000,0.4548000000,0.4732000000,0.3391000000,0.2747000000,0.0978000000,0.0477000000,0.1403000000,0.1834000000,0.2148000000,0.1271000000,0.1912000000,0.3391000000,0.3444000000,0.2369000000,0.1195000000,0.2665000000,0.2587000000,0.1393000000,0.1083000000,0.1383000000,0.1321000000,0.1069000000,0.0325000000,0.0316000000,0.0057000000,0.0159000000,0.0085000000,0.0372000000,0.0101000000,0.0127000000,0.0288000000,0.0129000000,0.0023000000,0.0000000000
0.0430000000,0.0902000000,0.0833000000,0.0813000000,0.0165000000,0.0277000000,0.0569000000,0.2057000000,0.3887000000,0.7106000000,0.7342000000,0.5033000000,0.3000000000,0.1951000000,0.2767000000,0.3737000000,0.2507000000,0.2507000000,0.3292000000,0.4871000000,0.6527000000,0.8454000000,0.9739000000,1.0000000000,0.6665000000,0.5323000000,0.4024000000,0.3444000000,0.4239000000,0.4182000000,0.4393000000,0.1162000000,0.4336000000,0.6553000000,0.6172000000,0.4373000000,0.4118000000,0.3641000000,0.4572000000,0.4367000000,0.2964000000,0.4312000000,0.4155000000,0.1824000000,0.1487000000,0.0138000000,0.1164000000,0.2052000000,0.1069000000,0.0199000000,0.0208000000,0.0176000000,0.0197000000,0.0210000000,0.0141000000,0.0049000000,0.0027000000,0.0162000000,0.0059000000,0.0021000000,0.0000000000
0.0217000000,0.0340000000,0.0392000000,0.0236000000,0.1081000000,0.1164000000,0.1398000000,0.1009000000,0.1147000000,0.1777000000,0.4079000000,0.4113000000,0.3973000000,0.5078000000,0.6509000000,0.8073000000,0.9819000000,1.0000000000,0.9407000000,0.8452000000,0.8106000000,0.8460000000,0.6212000000,0.5815000000,0.7745000000,0.8204000000,0.5601000000,0.2989000000,0.5009000000,0.6628000000,0.5753000000,0.4055000000,0.3746000000,0.3481000000,0.1580000000,0.1422000000,0.2130000000,0.1866000000,0.1003000000,0.2396000000,0.2241000000,0.2029000000,0.0710000000,0.1606000000,0.1669000000,0.1700000000,0.1829000000,0.1403000000,0.0506000000,0.0224000000,0.0095000000,0.0031000000,0.0103000000,0.0078000000,0.0077000000,0.0094000000,0.0031000000,0.0030000000,0.0013000000,0.0069000000,1.0000000000
0.0392000000,0.0108000000,0.0267000000,0.0257000000,0.0410000000,0.0491000000,0.1053000000,0.1690000000,0.2105000000,0.2471000000,0.2680000000,0.3049000000,0.2863000000,0.2294000000,0.1165000000,0.2127000000,0.2062000000,0.2222000000,0.3241000000,0.4330000000,0.5071000000,0.5944000000,0.7078000000,0.7641000000,0.8878000000,0.9711000000,0.9880000000,0.9812000000,0.9464000000,0.8542000000,0.6457000000,0.3397000000,0.3828000000,0.3204000000,0.1331000000,0.0440000000,0.1234000000,0.2030000000,0.1652000000,0.1043000000,0.1066000000,0.2110000000,0.2417000000,0.1631000000,0.0769000000,0.0723000000,0.0912000000,0.0812000000,0.0496000000,0.0101000000,0.0089000000,0.0083000000,0.0080000000,0.0026000000,0.0079000000,0.0042000000,0.0071000000,0.0044000000,0.0022000000,0.0014000000,0.0000000000
0.0180000000,0.0444000000,0.0476000000,0.0698000000,0.1615000000,0.0887000000,0.0596000000,0.1071000000,0.3175000000,0.2918000000,0.3273000000,0.3035000000,0.3033000000,0.2587000000,0.1682000000,0.1308000000,0.2803000000,0.4519000000,0.6641000000,0.7683000000,0.6960000000,0.4393000000,0.2432000000,0.2886000000,0.4974000000,0.8172000000,1.0000000000,0.9238000000,0.8519000000,0.7722000000,0.5772000000,0.5190000000,0.6824000000,0.6220000000,0.5054000000,0.3578000000,0.3809000000,0.3813000000,0.3359000000,0.2771000000,0.3648000000,0.3834000000,0.3453000000,0.2096000000,0.1031000000,0.0798000000,0.0701000000,0.0526000000,0.0241000000,0.0117000000,0.0122000000,0.0122000000,0.0114000000,0.0098000000,0.0027000000,0.0025000000,0.0026000000,0.0050000000,0.0073000000,0.0022000000,0.0000000000
0.0164000000,0.0173000000,0.0347000000,0.0070000000,0.0187000000,0.0671000000,0.1056000000,0.0697000000,0.0962000000,0.0251000000,0.0801000000,0.1056000000,0.1266000000,0.0890000000,0.0198000000,0.1133000000,0.2826000000,0.3234000000,0.3238000000,0.4333000000,0.6068000000,0.7652000000,0.9203000000,0.9719000000,0.9207000000,0.7545000000,0.8289000000,0.8907000000,0.7309000000,0.6896000000,0.5829000000,0.4935000000,0.3101000000,0.0306000000,0.0244000000,0.1108000000,0.1594000000,0.1371000000,0.0696000000,0.0452000000,0.0620000000,0.1421000000,0.1597000000,0.1384000000,0.0372000000,0.0688000000,0.0867000000,0.0513000000,0.0092000000,0.0198000000,0.0118000000,0.0090000000,0.0223000000,0.0179000000,0.0084000000,0.0068000000,0.0032000000,0.0035000000,0.0056000000,0.0040000000,1.0000000000
0.0086000000,0.0215000000,0.0242000000,0.0445000000,0.0667000000,0.0771000000,0.0499000000,0.0906000000,0.1229000000,0.1185000000,0.0775000000,0.1101000000,0.1042000000,0.0853000000,0.0456000000,0.1304000000,0.2690000000,0.2947000000,0.3669000000,0.4948000000,0.6275000000,0.8162000000,0.9237000000,0.8710000000,0.8052000000,0.8756000000,1.0000000000,0.9858000000,0.9427000000,0.8114000000,0.6987000000,0.6810000000,0.6591000000,0.6954000000,0.7290000000,0.6680000000,0.5917000000,0.4899000000,0.3439000000,0.2366000000,0.1716000000,0.1013000000,0.0766000000,0.0845000000,0.0260000000,0.0333000000,0.0205000000,0.0309000000,0.0101000000,0.0095000000,0.0047000000,0.0072000000,0.0054000000,0.0022000000,0.0016000000,0.0029000000,0.0058000000,0.0050000000,0.0024000000,0.0030000000,1.0000000000
