1.0000000000,22.0800000000,11.4600000000,2.0000000000,4.0000000000,4.0000000000,1.5850000000,0.0000000000,0.0000000000,0.0000000000,1.0000000000,2.0000000000,100.0000000000,1213.0000000000,0.0000000000
0.0000000000,22.6700000000,7.0000000000,2.0000000000,8.0000000000,4.0000000000,0.1650000000,0.0000000000,0.0000000000,0.0000000000,0.0000000000,2.0000000000,160.0000000000,1.0000000000,0.0000000000
0.0000000000,29.5800000000,1.7500000000,1.0000000000,4.0000000000,4.0000000000,1.2500000000,0.0000000000,0.0000000000,0.0000000000,1.0000000000,2.0000000000,280.0000000000,1.0000000000,0.0000000000
0.0000000000,21.6700000000,11.5000000000,1.0000000000,5.0000000000,3.0000000000,0.0000000000,1.0000000000,1.0000000000,11.0000000000,1.0000000000,2.0000000000,0.0000000000,1.0000000000,1.0000000000
1.0000000000,20.1700000000,8.1700000000,2.0000000000,6.0000000000,4.0000000000,1.9600000000,1.0000000000,1.0000000000,14.0000000000,0.0000000000,2.0000000000,60.0000000000,159.0000000000,1.0000000000
0.0000000000,15.8300000000,0.5850000000,2.0000000000,8.0000000000,8.0000000000,1.5000000000,1.0000000000,1.0000000000,2.0000000000,0.0000000000,2.0000000000,100.0000000000,1.0000000000,1.0000000000
1.0000000000,17.4200000000,6.5000000000,2.0000000000,3.0000000000,4.0000000000,0.1250000000,0.0000000000,0.0000000000,0.0000000000,0.0000000000,2.0000000000,60.0000000000,101.0000000000,0.0000000000
0.0000000000,58.6700000000,4.4600000000,2.0000000000,11.0000000000,8.0000000000,3.0400000000,1.0000000000,1.0000000000,6.0000000000,0.0000000000,2.0000000000,43.0000000000,561.0000000000,1.0000000000
1.0000000000,27.8300000000,1.0000000000,1.0000000000,2.0000000000,8.0000000000,3.0000000000,0.0000000000,0.0000000000,0.0000000000,0.0000000000,2.0000000000,176.0000000000,538.0000000000,0.0000000000
0.0000000000,55.7500000000,7.0800000000,2.0000000000,4.0000000000,8.0000000000,6.7500000000,1.0000000000,1.0000000000,3.0000000000,1.0000000000,2.0000000000,100.0000000000,51.0000000000,0.0000000000
1.0000000000,33.5000000000,1.7500000000,2.0000000000,14.0000000000,8.0000000000,4.5000000000,1.0000000000,1.0000000000,4.0000000000,1.0000000000,2.0000000000,253.0000000000,858.0000000000,1.0000000000
1.0000000000,41.4200000000,5.0000000000,2.0000000000,11.0000000000,8.0000000000,5.0000000000,1.0000000000,1.0000000000,6.0000000000,1.0000000000,2.0000000000,470.0000000000,1.0000000000,1.0000000000
1.0000000000,20.6700000000,1.2500000000,1.0000000000,8.0000000000,8.0000000000,1.3750000000,1.0000000000,1.0000000000,3.0000000000,1.0000000000,2.0000000000,140.0000000000,211.0000000000,0.0000000000
1.0000000000,34.9200000000,5.0000000000,2.0000000000,14.0000000000,8.0000000000,7.5000000000,1.0000000000,1.0000000000,6.0000000000,1.0000000000,2.0000000000,0.0000000000,1001.0000000000,1.0000000000
1.0000000000,58.5800000000,2.7100000000,2.0000000000,8.0000000000,4.0000000000,2.4150000000,0.0000000000,0.0000000000,0.0000000000,1.0000000000,2.0000000000,320.0000000000,1.0000000000,0.0000000000
1.0000000000,48.0800000000,6.0400000000,2.0000000000,4.0000000000,4.0000000000,0.0400000000,0.0000000000,0.0000000000,0.0000000000,0.0000000000,2.0000000000,0.0000000000,2691.0000000000,1.0000000000
1.0000000000,29.5800000000,4.5000000000,2.0000000000,9.0000000000,4.0000000000,7.5000000000,1.0000000000,1.0000000000,2.0000000000,1.0000000000,2.0000000000,330.0000000000,1.0000000000,1.0000000000
0.0000000000,18.9200000000,9.0000000000,2.0000000000,6.0000000000,4.0000000000,0.7500000000,1.0000000000,1.0000000000,2.0000000000,0.0000000000,2.0000000000,88.0000000000,592.0000000000,1.0000000000
1.0000000000,20.0000000000,1.2500000000,1.0000000000,4.0000000000,4.0000000000,0.1250000000,0.0000000000,0.0000000000,0.0000000000,0.0000000000,2.0000000000,140.0000000000,5.0000000000,0.0000000000
0.0000000000,22.4200000000,5.6650000000,2.0000000000,11.0000000000,4.0000000000,2.5850000000,1.0000000000,1.0000000000,7.0000000000,0.0000000000,2.0000000000,129.0000000000,3258.0000000000,1.0000000000
0.0000000000,28.1700000000,0.5850000000,2.0000000000,6.0000000000,4.0000000000,0.0400000000,0.0000000000,0.0000000000,0.0000000000,0.0000000000,2.0000000000,260.0000000000,1005.0000000000,0.0000000000
0.0000000000,19.1700000000,0.5850000000,1.0000000000,6.0000000000,4.0000000000,0.5850000000,1.0000000000,0.0000000000,0.0000000000,1.0000000000,2.0000000000,160.0000000000,1.0000000000,0.0000000000
1.0000000000,41.1700000000,1.3350000000,2.0000000000,2.0000000000,4.0000000000,0.1650000000,0.0000000000,0.0000000000,0.0000000000,0.0000000000,2.0000000000,168.0000000000,1.0000000000,0.0000000000
1.0000000000,41.5800000000,1.7500000000,2.0000000000,4.0000000000,4.0000000000,0.2100000000,1.0000000000,0.0000000000,0.0000000000,0.0000000000,2.0000000000,160.0000000000,1.0000000000,0.0000000000
1.0000000000,19.5000000000,9.5850000000,2.0000000000,6.0000000000,4.0000000000,0.7900000000,0.0000000000,0.0000000000,0.0000000000,0.0000000000,2.0000000000,80.0000000000,351.0000000000,0.0000000000
1.0000000000,32.7500000000,1.5000000000,2.0000000000,13.0000000000,8.0000000000,5.5000000000,1.0000000000,1.0000000000,3.0000000000,1.0000000000,2.0000000000,0.0000000000,1.0000000000,1.0000000000
1.0000000000,22.5000000000,0.1250000000,1.0000000000,4.0000000000,4.0000000000,0.1250000000,0.0000000000,0.0000000000,0.0000000000,0.0000000000,2.0000000000,200.0000000000,71.0000000000,0.0000000000
1.0000000000,33.1700000000,3.0400000000,1.0000000000,8.0000000000,8.0000000000,2.0400000000,1.0000000000,1.0000000000,1.0000000000,1.0000000000,2.0000000000,180.0000000000,18028.0000000000,1.0000000000
0.0000000000,30.6700000000,12.0000000000,2.0000000000,8.0000000000,4.0000000000,2.0000000000,1.0000000000,1.0000000000,1.0000000000,0.0000000000,2.0000000000,220.0000000000,20.0000000000,1.0000000000
1.0000000000,23.0800000000,2.5000000000,2.0000000000,8.0000000000,4.0000000000,1.0850000000,1.0000000000,1.0000000000,11.0000000000,1.0000000000,2.0000000000,60.0000000000,2185.0000000000,1.0000000000
1.0000000000,27.0000000000,0.7500000000,2.0000000000,8.0000000000,8.0000000000,4.2500000000,1.0000000000,1.0000000000,3.0000000000,1.0000000000,2.0000000000,312.0000000000,151.0000000000,1.0000000000
0.0000000000,20.4200000000,10.5000000000,1.0000000000,14.0000000000,8.0000000000,0.0000000000,0.0000000000,0.0000000000,0.0000000000,1.0000000000,2.0000000000,154.0000000000,33.0000000000,0.0000000000
1.0000000000,52.3300000000,1.3750000000,1.0000000000,8.0000000000,8.0000000000,9.4600000000,1.0000000000,0.0000000000,0.0000000000,1.0000000000,2.0000000000,200.0000000000,101.0000000000,0.0000000000
1.0000000000,23.0800000000,11.5000000000,2.0000000000,9.0000000000,8.0000000000,2.1250000000,1.0000000000,1.0000000000,11.0000000000,1.0000000000,2.0000000000,290.0000000000,285.0000000000,1.0000000000
1.0000000000,42.8300000000,1.2500000000,2.0000000000,7.0000000000,4.0000000000,13.8750000000,0.0000000000,1.0000000000,1.0000000000,1.0000000000,2.0000000000,352.0000000000,113.0000000000,0.0000000000
1.0000000000,74.8300000000,19.0000000000,1.0000000000,1.0000000000,1.0000000000,0.0400000000,0.0000000000,1.0000000000,2.0000000000,0.0000000000,2.0000000000,0.0000000000,352.0000000000,0.0000000000
1.0000000000,25.0000000000,12.5000000000,2.0000000000,6.0000000000,4.0000000000,3.0000000000,1.0000000000,0.0000000000,0.0000000000,1.0000000000,1.0000000000,20.0000000000,1.0000000000,1.0000000000
1.0000000000,39.5800000000,13.9150000000,2.0000000000,9.0000000000,4.0000000000,8.6250000000,1.0000000000,1.0000000000,6.0000000000,1.0000000000,2.0000000000,70.0000000000,1.0000000000,1.0000000000
0.0000000000,47.7500000000,8.0000000000,2.0000000000,8.0000000000,4.0000000000,7.8750000000,1.0000000000,1.0000000000,6.0000000000,1.0000000000,2.0000000000,0.0000000000,1261.0000000000,1.0000000000
0.0000000000,47.4200000000,3.0000000000,2.0000000000,14.0000000000,4.0000000000,13.8750000000,1.0000000000,1.0000000000,2.0000000000,1.0000000000,2.0000000000,519.0000000000,1705.0000000000,1.0000000000
1.0000000000,23.1700000000,0.0000000000,2.0000000000,13.0000000000,4.0000000000,0.0850000000,1.0000000000,0.0000000000,0.0000000000,0.0000000000,2.0000000000,0.0000000000,1.0000000000,1.0000000000
1.0000000000,22.5800000000,1.5000000000,1.0000000000,6.0000000000,4.0000000000,0.5400000000,0.0000000000,0.0000000000,0.0000000000,1.0000000000,2.0000000000,120.0000000000,68.0000000000,0.0000000000
1.0000000000,26.7500000000,1.1250000000,2.0000000000,14.0000000000,8.0000000000,1.2500000000,1.0000000000,0.0000000000,0.0000000000,0.0000000000,2.0000000000,0.0000000000,5299.0000000000,1.0000000000
1.0000000000,63.3300000000,0.5400000000,2.0000000000,8.0000000000,4.0000000000,0.5850000000,1.0000000000,1.0000000000,3.0000000000,1.0000000000,2.0000000000,180.0000000000,1.0000000000,0.0000000000
1.0000000000,23.7500000000,0.4150000000,1.0000000000,8.0000000000,4.0000000000,0.0400000000,0.0000000000,1.0000000000,2.0000000000,0.0000000000,2.0000000000,128.0000000000,7.0000000000,0.0000000000
0.0000000000,20.7500000000,10.2500000000,2.0000000000,11.0000000000,4.0000000000,0.7100000000,1.0000000000,1.0000000000,2.0000000000,1.0000000000,2.0000000000,49.0000000000,1.0000000000,1.0000000000
0.0000000000,24.5000000000,1.7500000000,1.0000000000,8.0000000000,4.0000000000,0.1650000000,0.0000000000,0.0000000000,0.0000000000,0.0000000000,2.0000000000,132.0000000000,1.0000000000,0.0000000000
1.0000000000,16.1700000000,0.0400000000,2.0000000000,8.0000000000,4.0000000000,0.0400000000,0.0000000000,0.0000000000,0.0000000000,0.0000000000,2.0000000000,0.0000000000,1.0000000000,1.0000000000
0.0000000000,29.5000000000,2.0000000000,1.0000000000,10.0000000000,8.0000000000,2.0000000000,0.0000000000,0.0000000000,0.0000000000,0.0000000000,2.0000000000,256.0000000000,18.0000000000,0.0000000000
0.0000000000,52.8300000000,15.0000000000,2.0000000000,8.0000000000,4.0000000000,5.5000000000,1.0000000000,1.0000000000,14.0000000000,0.0000000000,2.0000000000,0.0000000000,2201.0000000000,1.0000000000
1.0000000000,32.3300000000,3.5000000000,2.0000000000,4.0000000000,4.0000000000,0.5000000000,0.0000000000,0.0000000000,0.0000000000,1.0000000000,2.0000000000,232.0000000000,1.0000000000,0.0000000000
1.0000000000,21.0800000000,4.1250000000,1.0000000000,3.0000000000,8.0000000000,0.0400000000,0.0000000000,0.0000000000,0.0000000000,0.0000000000,2.0000000000,140.0000000000,101.0000000000,0.0000000000
1.0000000000,28.1700000000,0.1250000000,1.0000000000,4.0000000000,4.0000000000,0.0850000000,0.0000000000,0.0000000000,0.0000000000,0.0000000000,2.0000000000,216.0000000000,2101.0000000000,0.0000000000
1.0000000000,19.0000000000,1.7500000000,1.0000000000,8.0000000000,4.0000000000,2.3350000000,0.0000000000,0.0000000000,0.0000000000,1.0000000000,2.0000000000,112.0000000000,7.0000000000,0.0000000000
1.0000000000,27.5800000000,3.2500000000,1.0000000000,11.0000000000,8.0000000000,5.0850000000,0.0000000000,1.0000000000,2.0000000000,1.0000000000,2.0000000000,369.0000000000,2.0000000000,0.0000000000
1.0000000000,27.8300000000,1.5000000000,2.0000000000,9.0000000000,4.0000000000,2.0000000000,1.0000000000,1.0000000000,11.0000000000,1.0000000000,2.0000000000,434.0000000000,36.0000000000,1.0000000000
1.0000000000,40.0000000000,6.5000000000,2.0000000000,6.0000000000,5.0000000000,3.5000000000,1.0000000000,1.0000000000,1.0000000000,0.0000000000,2.0000000000,0.0000000000,501.0000000000,1.0000000000
0.0000000000,37.3300000000,2.5000000000,2.0000000000,3.0000000000,8.0000000000,0.2100000000,0.0000000000,0.0000000000,0.0000000000,0.0000000000,2.0000000000,260.0000000000,247.0000000000,0.0000000000
1.0000000000,42.5000000000,4.9150000000,1.0000000000,9.0000000000,4.0000000000,3.1650000000,1.0000000000,0.0000000000,0.0000000000,1.0000000000,2.0000000000,52.0000000000,1443.0000000000,1.0000000000
1.0000000000,56.7500000000,12.2500000000,2.0000000000,7.0000000000,4.0000000000,1.2500000000,1.0000000000,1.0000000000,4.0000000000,1.0000000000,2.0000000000,200.0000000000,1.0000000000,1.0000000000
1.0000000000,43.1700000000,5.0000000000,2.0000000000,3.0000000000,5.0000000000,2.2500000000,0.0000000000,0.0000000000,0.0000000000,1.0000000000,2.0000000000,141.0000000000,1.0000000000,0.0000000000
0.0000000000,23.7500000000,0.7100000000,2.0000000000,9.0000000000,4.0000000000,0.2500000000,0.0000000000,1.0000000000,1.0000000000,1.0000000000,2.0000000000,240.0000000000,5.0000000000,0.0000000000
1.0000000000,18.5000000000,2.0000000000,2.0000000000,3.0000000000,4.0000000000,1.5000000000,1.0000000000,1.0000000000,2.0000000000,0.0000000000,2.0000000000,120.0000000000,301.0000000000,1.0000000000
0.0000000000,40.8300000000,3.5000000000,2.0000000000,3.0000000000,5.0000000000,0.5000000000,0.0000000000,0.0000000000,0.0000000000,0.0000000000,1.0000000000,1160.0000000000,1.0000000000,0.0000000000
0.0000000000,24.5000000000,0.5000000000,2.0000000000,11.0000000000,8.0000000000,1.5000000000,1.0000000000,0.0000000000,0.0000000000,0.0000000000,2.0000000000,280.0000000000,825.0000000000,1.0000000000
1.0000000000,42.0000000000,9.7900000000,2.0000000000,14.0000000000,8.0000000000,7.9600000000,1.0000000000,1.0000000000,8.0000000000,0.0000000000,2.0000000000,0.0000000000,1.0000000000,1.0000000000
0.0000000000,19.5000000000,0.1650000000,2.0000000000,11.0000000000,4.0000000000,0.0400000000,0.0000000000,0.0000000000,0.0000000000,1.0000000000,2.0000000000,380.0000000000,1.0000000000,0.0000000000
1.0000000000,21.5000000000,11.5000000000,2.0000000000,3.0000000000,4.0000000000,0.5000000000,1.0000000000,0.0000000000,0.0000000000,1.0000000000,2.0000000000,100.0000000000,69.0000000000,0.0000000000
1.0000000000,31.2500000000,2.8350000000,2.0000000000,1.0000000000,1.0000000000,0.0000000000,0.0000000000,1.0000000000,5.0000000000,0.0000000000,2.0000000000,176.0000000000,147.0000000000,0.0000000000
1.0000000000,27.2500000000,1.5850000000,2.0000000000,13.0000000000,8.0000000000,1.8350000000,1.0000000000,1.0000000000,12.0000000000,1.0000000000,2.0000000000,583.0000000000,714.0000000000,1.0000000000
1.0000000000,48.7500000000,26.3350000000,1.0000000000,1.0000000000,1.0000000000,0.0000000000,1.0000000000,0.0000000000,0.0000000000,1.0000000000,2.0000000000,0.0000000000,1.0000000000,0.0000000000
0.0000000000,30.4200000000,1.3750000000,2.0000000000,9.0000000000,8.0000000000,0.0400000000,0.0000000000,1.0000000000,3.0000000000,0.0000000000,2.0000000000,0.0000000000,34.0000000000,0.0000000000
1.0000000000,29.4200000000,1.2500000000,2.0000000000,9.0000000000,4.0000000000,1.7500000000,0.0000000000,0.0000000000,0.0000000000,0.0000000000,2.0000000000,200.0000000000,1.0000000000,0.0000000000
1.0000000000,28.2500000000,5.0400000000,1.0000000000,8.0000000000,5.0000000000,1.5000000000,1.0000000000,1.0000000000,8.0000000000,1.0000000000,2.0000000000,144.0000000000,8.0000000000,1.0000000000
1.0000000000,40.2500000000,21.5000000000,2.0000000000,10.0000000000,9.0000000000,20.0000000000,1.0000000000,1.0000000000,11.0000000000,0.0000000000,2.0000000000,0.0000000000,1201.0000000000,1.0000000000
1.0000000000,36.5000000000,4.2500000000,2.0000000000,11.0000000000,4.0000000000,3.5000000000,0.0000000000,0.0000000000,0.0000000000,0.0000000000,2.0000000000,454.0000000000,51.0000000000,0.0000000000
1.0000000000,25.5800000000,0.3350000000,2.0000000000,4.0000000000,8.0000000000,3.5000000000,0.0000000000,0.0000000000,0.0000000000,1.0000000000,2.0000000000,340.0000000000,1.0000000000,0.0000000000
1.0000000000,29.8300000000,3.5000000000,2.0000000000,8.0000000000,4.0000000000,0.1650000000,0.0000000000,0.0000000000,0.0000000000,0.0000000000,2.0000000000,216.0000000000,1.0000000000,0.0000000000
1.0000000000,23.0800000000,0.0000000000,2.0000000000,4.0000000000,4.0000000000,1.0000000000,0.0000000000,1.0000000000,11.0000000000,0.0000000000,1.0000000000,0.0000000000,1.0000000000,0.0000000000
0.0000000000,32.1700000000,1.4600000000,2.0000000000,9.0000000000,4.0000000000,1.0850000000,1.0000000000,1.0000000000,16.0000000000,0.0000000000,2.0000000000,120.0000000000,2080.0000000000,1.0000000000
1.0000000000,25.1700000000,3.5000000000,2.0000000000,13.0000000000,4.0000000000,0.6250000000,1.0000000000,1.0000000000,7.0000000000,0.0000000000,2.0000000000,0.0000000000,7060.0000000000,1.0000000000
0.0000000000,35.1700000000,3.7500000000,2.0000000000,1.0000000000,1.0000000000,0.0000000000,0.0000000000,1.0000000000,6.0000000000,0.0000000000,2.0000000000,0.0000000000,201.0000000000,0.0000000000
0.0000000000,18.5800000000,10.0000000000,2.0000000000,2.0000000000,4.0000000000,0.4150000000,0.0000000000,0.0000000000,0.0000000000,0.0000000000,2.0000000000,80.0000000000,43.0000000000,0.0000000000
1.0000000000,39.9200000000,5.0000000000,2.0000000000,3.0000000000,5.0000000000,0.2100000000,0.0000000000,0.0000000000,0.0000000000,0.0000000000,2.0000000000,550.0000000000,1.0000000000,0.0000000000
1.0000000000,23.4200000000,1.0000000000,2.0000000000,8.0000000000,4.0000000000,0.5000000000,0.0000000000,0.0000000000,0.0000000000,1.0000000000,1.0000000000,280.0000000000,1.0000000000,0.0000000000
1.0000000000,37.5800000000,0.0000000000,2.0000000000,8.0000000000,4.0000000000,0.0000000000,0.0000000000,0.0000000000,0.0000000000,0.0000000000,3.0000000000,184.0000000000,1.0000000000,1.0000000000
0.0000000000,24.7500000000,13.6650000000,2.0000000000,11.0000000000,8.0000000000,1.5000000000,0.0000000000,0.0000000000,0.0000000000,0.0000000000,2.0000000000,280.0000000000,2.0000000000,0.0000000000
0.0000000000,47.0000000000,13.0000000000,2.0000000000,3.0000000000,5.0000000000,5.1650000000,1.0000000000,1.0000000000,9.0000000000,1.0000000000,2.0000000000,0.0000000000,1.0000000000,1.0000000000
1.0000000000,34.1700000000,5.2500000000,2.0000000000,9.0000000000,4.0000000000,0.0850000000,0.0000000000,0.0000000000,0.0000000000,1.0000000000,2.0000000000,290.0000000000,7.0000000000,1.0000000000
1.0000000000,22.1700000000,0.5850000000,1.0000000000,1.0000000000,1.0000000000,0.0000000000,0.0000000000,0.0000000000,0.0000000000,0.0000000000,2.0000000000,100.0000000000,1.0000000000,0.0000000000
1.0000000000,27.7500000000,1.2900000000,2.0000000000,4.0000000000,8.0000000000,0.2500000000,0.0000000000,0.0000000000,0.0000000000,1.0000000000,1.0000000000,140.0000000000,1.0000000000,0.0000000000
1.0000000000,42.7500000000,4.0850000000,2.0000000000,6.0000000000,4.0000000000,0.0400000000,0.0000000000,0.0000000000,0.0000000000,0.0000000000,2.0000000000,108.0000000000,101.0000000000,0.0000000000
1.0000000000,28.6700000000,14.5000000000,2.0000000000,2.0000000000,4.0000000000,0.1250000000,0.0000000000,0.0000000000,0.0000000000,0.0000000000,2.0000000000,0.0000000000,287.0000000000,0.0000000000
1.0000000000,36.2500000000,5.0000000000,2.0000000000,8.0000000000,5.0000000000,2.5000000000,1.0000000000,1.0000000000,6.0000000000,0.0000000000,2.0000000000,0.0000000000,368.0000000000,1.0000000000
0.0000000000,18.1700000000,10.0000000000,1.0000000000,11.0000000000,8.0000000000,0.1650000000,0.0000000000,0.0000000000,0.0000000000,0.0000000000,2.0000000000,340.0000000000,1.0000000000,0.0000000000
1.0000000000,21.2500000000,1.5000000000,2.0000000000,9.0000000000,4.0000000000,1.5000000000,0.0000000000,0.0000000000,0.0000000000,0.0000000000,2.0000000000,150.0000000000,9.0000000000,1.0000000000
0.0000000000,38.9200000000,1.6650000000,2.0000000000,6.0000000000,4.0000000000,0.2500000000,0.0000000000,0.0000000000,0.0000000000,0.0000000000,2.0000000000,0.0000000000,391.0000000000,0.0000000000
1.0000000000,31.8300000000,0.0400000000,1.0000000000,7.0000000000,4.0000000000,0.0400000000,0.0000000000,0.0000000000,0.0000000000,0.0000000000,2.0000000000,0.0000000000,1.0000000000,0.0000000000
0.0000000000,17.3300000000,9.5000000000,2.0000000000,6.0000000000,4.0000000000,1.7500000000,0.0000000000,1.0000000000,10.0000000000,1.0000000000,2.0000000000,0.0000000000,11.0000000000,0.0000000000
0.0000000000,20.4200000000,0.8350000000,2.0000000000,11.0000000000,4.0000000000,1.5850000000,1.0000000000,1.0000000000,1.0000000000,0.0000000000,2.0000000000,0.0000000000,1.0000000000,1.0000000000
0.0000000000,39.0800000000,4.0000000000,2.0000000000,8.0000000000,4.0000000000,3.0000000000,0.0000000000,0.0000000000,0.0000000000,0.0000000000,2.0000000000,480.0000000000,1.0000000000,0.0000000000
1.0000000000,38.6700000000,0.2100000000,2.0000000000,4.0000000000,4.0000000000,0.0850000000,1.0000000000,0.0000000000,0.0000000000,1.0000000000,2.0000000000,280.0000000000,1.0000000000,1.0000000000
1.0000000000,27.6700000000,13.7500000000,2.0000000000,9.0000000000,4.0000000000,5.7500000000,1.0000000000,0.0000000000,0.0000000000,1.0000000000,2.0000000000,487.0000000000,501.0000000000,1.0000000000
1.0000000000,27.7500000000,0.5850000000,1.0000000000,13.0000000000,4.0000000000,0.2500000000,1.0000000000,1.0000000000,2.0000000000,0.0000000000,2.0000000000,260.0000000000,501.0000000000,1.0000000000
1.0000000000,19.0000000000,0.0000000000,1.0000000000,1.0000000000,1.0000000000,0.0000000000,0.0000000000,1.0000000000,4.0000000000,0.0000000000,2.0000000000,45.0000000000,2.0000000000,0.0000000000
0.0000000000,25.0000000000,0.8750000000,2.0000000000,14.0000000000,8.0000000000,1.0400000000,1.0000000000,0.0000000000,0.0000000000,1.0000000000,2.0000000000,160.0000000000,5861.0000000000,1.0000000000
1.0000000000,27.6700000000,2.0000000000,2.0000000000,14.0000000000,8.0000000000,1.0000000000,1.0000000000,1.0000000000,4.0000000000,0.0000000000,2.0000000000,140.0000000000,7545.0000000000,1.0000000000
1.0000000000,22.2500000000,9.0000000000,2.0000000000,6.0000000000,4.0000000000,0.0850000000,0.0000000000,0.0000000000,0.0000000000,0.0000000000,2.0000000000,0.0000000000,1.0000000000,0.0000000000
0.0000000000,49.8300000000,13.5850000000,2.0000000000,4.0000000000,8.0000000000,8.5000000000,1.0000000000,0.0000000000,0.0000000000,1.0000000000,2.0000000000,0.0000000000,1.0000000000,1.0000000000
1.0000000000,32.3300000000,2.5000000000,2.0000000000,8.0000000000,4.0000000000,1.2500000000,0.0000000000,0.0000000000,0.0000000000,1.0000000000,2.0000000000,280.0000000000,1.0000000000,0.0000000000
1.0000000000,38.2500000000,10.1250000000,1.0000000000,4.0000000000,4.0000000000,0.1250000000,0.0000000000,0.0000000000,0.0000000000,0.0000000000,2.0000000000,160.0000000000,1.0000000000,0.0000000000
1.0000000000,47.3300000000,6.5000000000,2.0000000000,8.0000000000,4.0000000000,1.0000000000,0.0000000000,0.0000000000,0.0000000000,1.0000000000,2.0000000000,0.0000000000,229.0000000000,0.0000000000
1.0000000000,27.8300000000,4.0000000000,1.0000000000,3.0000000000,8.0000000000,5.7500000000,1.0000000000,1.0000000000,2.0000000000,1.0000000000,2.0000000000,75.0000000000,1.0000000000,0.0000000000
0.0000000000,35.7500000000,0.9150000000,2.0000000000,6.0000000000,4.0000000000,0.7500000000,1.0000000000,1.0000000000,4.0000000000,0.0000000000,2.0000000000,0.0000000000,1584.0000000000,1.0000000000
1.0000000000,33.5800000000,0.2500000000,2.0000000000,3.0000000000,5.0000000000,4.0000000000,0.0000000000,0.0000000000,0.0000000000,1.0000000000,1.0000000000,420.0000000000,1.0000000000,0.0000000000
1.0000000000,34.0800000000,0.0800000000,1.0000000000,7.0000000000,5.0000000000,0.0400000000,1.0000000000,1.0000000000,1.0000000000,1.0000000000,2.0000000000,280.0000000000,2001.0000000000,1.0000000000
0.0000000000,20.7500000000,10.3350000000,2.0000000000,13.0000000000,8.0000000000,0.3350000000,1.0000000000,1.0000000000,1.0000000000,1.0000000000,2.0000000000,80.0000000000,51.0000000000,1.0000000000
1.0000000000,33.1700000000,1.0000000000,2.0000000000,14.0000000000,4.0000000000,0.7500000000,1.0000000000,1.0000000000,7.0000000000,1.0000000000,2.0000000000,340.0000000000,4072.0000000000,1.0000000000
1.0000000000,22.7500000000,11.0000000000,2.0000000000,11.0000000000,4.0000000000,2.5000000000,1.0000000000,1.0000000000,7.0000000000,1.0000000000,2.0000000000,100.0000000000,810.0000000000,1.0000000000
1.0000000000,48.7500000000,8.5000000000,2.0000000000,8.0000000000,8.0000000000,12.5000000000,1.0000000000,1.0000000000,9.0000000000,0.0000000000,2.0000000000,181.0000000000,1656.0000000000,1.0000000000
1.0000000000,40.5800000000,5.0000000000,2.0000000000,8.0000000000,4.0000000000,5.0000000000,1.0000000000,1.0000000000,7.0000000000,0.0000000000,2.0000000000,0.0000000000,3066.0000000000,1.0000000000
1.0000000000,20.6700000000,0.8350000000,1.0000000000,8.0000000000,4.0000000000,2.0000000000,0.0000000000,0.0000000000,0.0000000000,1.0000000000,1.0000000000,240.0000000000,1.0000000000,0.0000000000
0.0000000000,38.7500000000,1.5000000000,2.0000000000,1.0000000000,1.0000000000,0.0000000000,0.0000000000,0.0000000000,0.0000000000,0.0000000000,2.0000000000,76.0000000000,1.0000000000,0.0000000000
0.0000000000,57.0800000000,19.5000000000,2.0000000000,8.0000000000,4.0000000000,5.5000000000,1.0000000000,1.0000000000,7.0000000000,0.0000000000,2.0000000000,0.0000000000,3001.0000000000,1.0000000000
0.0000000000,31.2500000000,3.7500000000,2.0000000000,13.0000000000,8.0000000000,0.6250000000,1.0000000000,1.0000000000,9.0000000000,1.0000000000,2.0000000000,181.0000000000,1.0000000000,1.0000000000
1.0000000000,22.0000000000,0.7900000000,2.0000000000,9.0000000000,4.0000000000,0.2900000000,0.0000000000,1.0000000000,1.0000000000,0.0000000000,2.0000000000,420.0000000000,284.0000000000,0.0000000000
0.0000000000,58.3300000000,10.0000000000,2.0000000000,11.0000000000,4.0000000000,4.0000000000,1.0000000000,1.0000000000,14.0000000000,0.0000000000,2.0000000000,0.0000000000,1603.0000000000,1.0000000000
1.0000000000,28.9200000000,0.3750000000,2.0000000000,8.0000000000,4.0000000000,0.2900000000,0.0000000000,0.0000000000,0.0000000000,0.0000000000,2.0000000000,220.0000000000,141.0000000000,0.0000000000
0.0000000000,46.0000000000,4.0000000000,2.0000000000,5.0000000000,3.0000000000,0.0000000000,1.0000000000,0.0000000000,0.0000000000,0.0000000000,2.0000000000,100.0000000000,961.0000000000,1.0000000000
1.0000000000,21.0000000000,3.0000000000,1.0000000000,2.0000000000,4.0000000000,1.0850000000,1.0000000000,1.0000000000,8.0000000000,1.0000000000,2.0000000000,160.0000000000,2.0000000000,1.0000000000
0.0000000000,24.7500000000,12.5000000000,2.0000000000,6.0000000000,4.0000000000,1.5000000000,1.0000000000,1.0000000000,12.0000000000,1.0000000000,2.0000000000,120.0000000000,568.0000000000,1.0000000000
0.0000000000,20.8300000000,0.5000000000,1.0000000000,10.0000000000,2.0000000000,1.0000000000,0.0000000000,0.0000000000,0.0000000000,0.0000000000,2.0000000000,260.0000000000,1.0000000000,0.0000000000
1.0000000000,24.5800000000,13.5000000000,1.0000000000,1.0000000000,1.0000000000,0.0000000000,0.0000000000,0.0000000000,0.0000000000,0.0000000000,2.0000000000,184.0000000000,1.0000000000,0.0000000000
0.0000000000,26.5000000000,2.7100000000,1.0000000000,8.0000000000,4.0000000000,0.0850000000,0.0000000000,0.0000000000,0.0000000000,0.0000000000,1.0000000000,80.0000000000,1.0000000000,0.0000000000
1.0000000000,40.9200000000,0.8350000000,2.0000000000,1.0000000000,1.0000000000,0.0000000000,1.0000000000,0.0000000000,0.0000000000,0.0000000000,2.0000000000,130.0000000000,2.0000000000,0.0000000000
0.0000000000,38.3300000000,4.4150000000,2.0000000000,8.0000000000,4.0000000000,0.1250000000,0.0000000000,0.0000000000,0.0000000000,0.0000000000,2.0000000000,160.0000000000,1.0000000000,0.0000000000
1.0000000000,19.5800000000,0.5850000000,2.0000000000,1.0000000000,1.0000000000,0.0000000000,0.0000000000,1.0000000000,3.0000000000,0.0000000000,2.0000000000,350.0000000000,770.0000000000,0.0000000000
1.0000000000,39.2500000000,9.5000000000,2.0000000000,7.0000000000,4.0000000000,6.5000000000,1.0000000000,1.0000000000,14.0000000000,0.0000000000,2.0000000000,240.0000000000,4608.0000000000,1.0000000000
1.0000000000,25.7500000000,0.5000000000,2.0000000000,8.0000000000,4.0000000000,1.4600000000,1.0000000000,1.0000000000,5.0000000000,1.0000000000,2.0000000000,312.0000000000,1.0000000000,1.0000000000
0.0000000000,46.0800000000,3.0000000000,2.0000000000,8.0000000000,4.0000000000,2.3750000000,1.0000000000,1.0000000000,8.0000000000,1.0000000000,2.0000000000,396.0000000000,4160.0000000000,1.0000000000
1.0000000000,19.6700000000,10.0000000000,1.0000000000,4.0000000000,8.0000000000,0.8350000000,1.0000000000,0.0000000000,0.0000000000,1.0000000000,2.0000000000,140.0000000000,1.0000000000,0.0000000000
0.0000000000,22.2500000000,1.2500000000,1.0000000000,1.0000000000,1.0000000000,3.2500000000,0.0000000000,0.0000000000,0.0000000000,0.0000000000,2.0000000000,280.0000000000,1.0000000000,0.0000000000
1.0000000000,18.8300000000,3.5400000000,1.0000000000,1.0000000000,1.0000000000,0.0000000000,0.0000000000,0.0000000000,0.0000000000,1.0000000000,2.0000000000,180.0000000000,2.0000000000,0.0000000000
1.0000000000,64.0800000000,20.0000000000,2.0000000000,14.0000000000,8.0000000000,17.5000000000,1.0000000000,1.0000000000,9.0000000000,1.0000000000,2.0000000000,0.0000000000,1001.0000000000,1.0000000000
0.0000000000,16.5000000000,1.2500000000,2.0000000000,11.0000000000,4.0000000000,0.2500000000,0.0000000000,1.0000000000,1.0000000000,0.0000000000,2.0000000000,108.0000000000,99.0000000000,0.0000000000
0.0000000000,68.6700000000,15.0000000000,2.0000000000,10.0000000000,9.0000000000,0.0000000000,1.0000000000,1.0000000000,14.0000000000,0.0000000000,2.0000000000,0.0000000000,3377.0000000000,1.0000000000
1.0000000000,76.7500000000,22.2900000000,2.0000000000,10.0000000000,9.0000000000,12.7500000000,1.0000000000,1.0000000000,1.0000000000,1.0000000000,2.0000000000,0.0000000000,110.0000000000,1.0000000000
0.0000000000,15.9200000000,2.8750000000,2.0000000000,11.0000000000,4.0000000000,0.0850000000,0.0000000000,0.0000000000,0.0000000000,0.0000000000,2.0000000000,120.0000000000,1.0000000000,0.0000000000
1.0000000000,34.8300000000,4.0000000000,2.0000000000,2.0000000000,5.0000000000,12.5000000000,1.0000000000,0.0000000000,0.0000000000,1.0000000000,2.0000000000,184.0000000000,1.0000000000,0.0000000000
0.0000000000,47.4200000000,8.0000000000,2.0000000000,10.0000000000,5.0000000000,6.5000000000,1.0000000000,1.0000000000,6.0000000000,0.0000000000,2.0000000000,375.0000000000,51101.0000000000,1.0000000000
1.0000000000,23.1700000000,0.0000000000,2.0000000000,8.0000000000,4.0000000000,0.0000000000,0.0000000000,0.0000000000,0.0000000000,0.0000000000,3.0000000000,184.0000000000,1.0000000000,1.0000000000
1.0000000000,45.1700000000,1.5000000000,2.0000000000,8.0000000000,4.0000000000,2.5000000000,1.0000000000,0.0000000000,0.0000000000,1.0000000000,2.0000000000,140.0000000000,1.0000000000,0.0000000000
1.0000000000,15.1700000000,7.0000000000,2.0000000000,10.0000000000,4.0000000000,1.0000000000,0.0000000000,0.0000000000,0.0000000000,0.0000000000,2.0000000000,600.0000000000,1.0000000000,0.0000000000
1.0000000000,18.8300000000,0.4150000000,1.0000000000,8.0000000000,4.0000000000,0.1650000000,0.0000000000,1.0000000000,1.0000000000,0.0000000000,2.0000000000,200.0000000000,2.0000000000,0.0000000000
1.0000000000,52.5000000000,6.5000000000,2.0000000000,4.0000000000,4.0000000000,6.2900000000,1.0000000000,1.0000000000,15.0000000000,0.0000000000,2.0000000000,0.0000000000,11203.0000000000,1.0000000000
1.0000000000,19.1700000000,0.0000000000,1.0000000000,7.0000000000,5.0000000000,0.0000000000,0.0000000000,0.0000000000,0.0000000000,1.0000000000,1.0000000000,500.0000000000,2.0000000000,1.0000000000
1.0000000000,18.0000000000,0.1650000000,2.0000000000,11.0000000000,7.0000000000,0.2100000000,0.0000000000,0.0000000000,0.0000000000,0.0000000000,2.0000000000,200.0000000000,41.0000000000,1.0000000000
1.0000000000,37.5000000000,0.8350000000,2.0000000000,10.0000000000,4.0000000000,0.0400000000,0.0000000000,0.0000000000,0.0000000000,0.0000000000,2.0000000000,120.0000000000,6.0000000000,0.0000000000
1.0000000000,22.6700000000,1.5850000000,1.0000000000,9.0000000000,4.0000000000,3.0850000000,1.0000000000,1.0000000000,6.0000000000,0.0000000000,2.0000000000,80.0000000000,1.0000000000,1.0000000000
1.0000000000,47.8300000000,4.1650000000,2.0000000000,14.0000000000,5.0000000000,0.0850000000,0.0000000000,0.0000000000,0.0000000000,1.0000000000,2.0000000000,520.0000000000,1.0000000000,0.0000000000
1.0000000000,34.0800000000,2.5000000000,2.0000000000,8.0000000000,4.0000000000,1.0000000000,0.0000000000,0.0000000000,0.0000000000,0.0000000000,2.0000000000,460.0000000000,17.0000000000,0.0000000000
0.0000000000,33.0800000000,1.6250000000,2.0000000000,2.0000000000,4.0000000000,0.5400000000,0.0000000000,0.0000000000,0.0000000000,1.0000000000,2.0000000000,0.0000000000,1.0000000000,0.0000000000
1.0000000000,43.0800000000,0.3750000000,1.0000000000,8.0000000000,4.0000000000,0.3750000000,1.0000000000,1.0000000000,8.0000000000,1.0000000000,2.0000000000,300.0000000000,163.0000000000,1.0000000000
1.0000000000,34.5000000000,4.0400000000,1.0000000000,3.0000000000,5.0000000000,8.5000000000,1.0000000000,1.0000000000,7.0000000000,1.0000000000,2.0000000000,195.0000000000,1.0000000000,1.0000000000
1.0000000000,42.7500000000,3.0000000000,2.0000000000,3.0000000000,5.0000000000,1.0000000000,1.0000000000,0.0000000000,0.0000000000,0.0000000000,2.0000000000,0.0000000000,201.0000000000,0.0000000000
1.0000000000,18.2500000000,0.1650000000,2.0000000000,2.0000000000,4.0000000000,0.2500000000,0.0000000000,0.0000000000,0.0000000000,1.0000000000,1.0000000000,280.0000000000,1.0000000000,0.0000000000
1.0000000000,23.0800000000,2.5000000000,2.0000000000,1.0000000000,1.0000000000,0.0850000000,0.0000000000,0.0000000000,0.0000000000,1.0000000000,2.0000000000,100.0000000000,4209.0000000000,0.0000000000
0.0000000000,22.5000000000,8.4600000000,1.0000000000,14.0000000000,4.0000000000,2.4600000000,0.0000000000,0.0000000000,0.0000000000,0.0000000000,2.0000000000,164.0000000000,1.0000000000,1.0000000000
1.0000000000,17.9200000000,0.2050000000,2.0000000000,6.0000000000,4.0000000000,0.0400000000,0.0000000000,0.0000000000,0.0000000000,0.0000000000,2.0000000000,280.0000000000,751.0000000000,0.0000000000
1.0000000000,18.4200000000,10.4150000000,1.0000000000,6.0000000000,4.0000000000,0.1250000000,1.0000000000,0.0000000000,0.0000000000,0.0000000000,2.0000000000,120.0000000000,376.0000000000,0.0000000000
0.0000000000,27.6700000000,1.5000000000,2.0000000000,7.0000000000,4.0000000000,2.0000000000,1.0000000000,0.0000000000,0.0000000000,0.0000000000,1.0000000000,368.0000000000,1.0000000000,0.0000000000
0.0000000000,18.9200000000,9.2500000000,1.0000000000,8.0000000000,4.0000000000,1.0000000000,1.0000000000,1.0000000000,4.0000000000,1.0000000000,2.0000000000,80.0000000000,501.0000000000,1.0000000000
1.0000000000,22.6700000000,0.7500000000,2.0000000000,3.0000000000,4.0000000000,1.5850000000,0.0000000000,1.0000000000,1.0000000000,1.0000000000,2.0000000000,400.0000000000,10.0000000000,0.0000000000
1.0000000000,62.5000000000,12.7500000000,1.0000000000,8.0000000000,8.0000000000,5.0000000000,1.0000000000,0.0000000000,0.0000000000,0.0000000000,2.0000000000,112.0000000000,1.0000000000,0.0000000000
0.0000000000,23.5000000000,9.0000000000,2.0000000000,11.0000000000,4.0000000000,8.5000000000,1.0000000000,1.0000000000,5.0000000000,1.0000000000,2.0000000000,120.0000000000,1.0000000000,1.0000000000
1.0000000000,35.2500000000,3.1650000000,2.0000000000,14.0000000000,8.0000000000,3.7500000000,1.0000000000,0.0000000000,0.0000000000,1.0000000000,2.0000000000,680.0000000000,1.0000000000,0.0000000000
0.0000000000,56.8300000000,4.2500000000,1.0000000000,1.0000000000,1.0000000000,5.0000000000,0.0000000000,0.0000000000,0.0000000000,1.0000000000,2.0000000000,0.0000000000,5.0000000000,0.0000000000
0.0000000000,53.3300000000,0.1650000000,2.0000000000,1.0000000000,1.0000000000,0.0000000000,0.0000000000,0.0000000000,0.0000000000,1.0000000000,1.0000000000,62.0000000000,28.0000000000,0.0000000000
1.0000000000,41.1700000000,4.0400000000,2.0000000000,13.0000000000,8.0000000000,7.0000000000,1.0000000000,1.0000000000,8.0000000000,0.0000000000,2.0000000000,320.0000000000,1.0000000000,1.0000000000
1.0000000000,42.1700000000,5.0400000000,2.0000000000,11.0000000000,8.0000000000,12.7500000000,1.0000000000,0.0000000000,0.0000000000,1.0000000000,2.0000000000,92.0000000000,1.0000000000,1.0000000000
1.0000000000,41.1700000000,1.2500000000,1.0000000000,9.0000000000,4.0000000000,0.2500000000,0.0000000000,0.0000000000,0.0000000000,0.0000000000,2.0000000000,0.0000000000,196.0000000000,0.0000000000
0.0000000000,33.7500000000,0.7500000000,2.0000000000,4.0000000000,5.0000000000,1.0000000000,1.0000000000,1.0000000000,3.0000000000,1.0000000000,2.0000000000,212.0000000000,1.0000000000,0.0000000000
1.0000000000,25.6700000000,12.5000000000,2.0000000000,13.0000000000,4.0000000000,1.2100000000,1.0000000000,1.0000000000,67.0000000000,1.0000000000,2.0000000000,140.0000000000,259.0000000000,1.0000000000
1.0000000000,24.3300000000,6.6250000000,1.0000000000,2.0000000000,4.0000000000,5.5000000000,1.0000000000,0.0000000000,0.0000000000,1.0000000000,1.0000000000,100.0000000000,1.0000000000,1.0000000000
1.0000000000,23.3300000000,11.6250000000,1.0000000000,9.0000000000,4.0000000000,0.8350000000,1.0000000000,0.0000000000,0.0000000000,1.0000000000,2.0000000000,160.0000000000,301.0000000000,1.0000000000
1.0000000000,30.6700000000,2.5000000000,2.0000000000,13.0000000000,8.0000000000,2.2500000000,0.0000000000,0.0000000000,0.0000000000,1.0000000000,1.0000000000,340.0000000000,1.0000000000,0.0000000000
1.0000000000,37.1700000000,4.0000000000,2.0000000000,8.0000000000,5.0000000000,5.0000000000,1.0000000000,0.0000000000,0.0000000000,1.0000000000,1.0000000000,280.0000000000,1.0000000000,0.0000000000
1.0000000000,26.2500000000,1.5400000000,2.0000000000,9.0000000000,4.0000000000,0.1250000000,0.0000000000,0.0000000000,0.0000000000,0.0000000000,2.0000000000,100.0000000000,1.0000000000,0.0000000000
0.0000000000,29.7500000000,0.6650000000,2.0000000000,9.0000000000,4.0000000000,0.2500000000,0.0000000000,0.0000000000,0.0000000000,1.0000000000,2.0000000000,300.0000000000,1.0000000000,0.0000000000
0.0000000000,23.0000000000,1.8350000000,2.0000000000,5.0000000000,3.0000000000,0.0000000000,0.0000000000,1.0000000000,1.0000000000,0.0000000000,2.0000000000,200.0000000000,54.0000000000,0.0000000000
1.0000000000,17.2500000000,3.0000000000,2.0000000000,4.0000000000,4.0000000000,0.0400000000,0.0000000000,0.0000000000,0.0000000000,1.0000000000,2.0000000000,160.0000000000,41.0000000000,0.0000000000
1.0000000000,29.2500000000,14.7900000000,2.0000000000,6.0000000000,4.0000000000,5.0400000000,1.0000000000,1.0000000000,5.0000000000,1.0000000000,2.0000000000,168.0000000000,1.0000000000,1.0000000000
0.0000000000,28.5800000000,3.5400000000,2.0000000000,3.0000000000,5.0000000000,0.5000000000,1.0000000000,0.0000000000,0.0000000000,1.0000000000,2.0000000000,171.0000000000,1.0000000000,0.0000000000
1.0000000000,34.5800000000,0.0000000000,2.0000000000,8.0000000000,4.0000000000,0.0000000000,0.0000000000,0.0000000000,0.0000000000,0.0000000000,3.0000000000,184.0000000000,1.0000000000,0.0000000000
1.0000000000,23.4200000000,0.5850000000,2.0000000000,8.0000000000,8.0000000000,0.0850000000,1.0000000000,0.0000000000,0.0000000000,0.0000000000,2.0000000000,180.0000000000,1.0000000000,0.0000000000
1.0000000000,25.0000000000,11.2500000000,2.0000000000,8.0000000000,4.0000000000,2.5000000000,1.0000000000,1.0000000000,17.0000000000,0.0000000000,2.0000000000,200.0000000000,1209.0000000000,1.0000000000
0.0000000000,18.7500000000,7.5000000000,2.0000000000,11.0000000000,4.0000000000,2.7100000000,1.0000000000,1.0000000000,5.0000000000,0.0000000000,2.0000000000,184.0000000000,26727.0000000000,1.0000000000
1.0000000000,17.0800000000,0.2500000000,2.0000000000,11.0000000000,4.0000000000,0.3350000000,0.0000000000,1.0000000000,4.0000000000,0.0000000000,2.0000000000,160.0000000000,9.0000000000,0.0000000000
0.0000000000,16.0800000000,0.3350000000,2.0000000000,1.0000000000,1.0000000000,0.0000000000,0.0000000000,1.0000000000,1.0000000000,0.0000000000,2.0000000000,160.0000000000,127.0000000000,0.0000000000
1.0000000000,32.9200000000,2.5000000000,2.0000000000,6.0000000000,4.0000000000,1.7500000000,0.0000000000,1.0000000000,2.0000000000,1.0000000000,2.0000000000,720.0000000000,1.0000000000,0.0000000000
0.0000000000,20.3300000000,10.0000000000,2.0000000000,8.0000000000,8.0000000000,1.0000000000,1.0000000000,1.0000000000,4.0000000000,0.0000000000,2.0000000000,50.0000000000,1466.0000000000,1.0000000000
0.0000000000,21.7500000000,1.7500000000,1.0000000000,5.0000000000,3.0000000000,0.0000000000,0.0000000000,0.0000000000,0.0000000000,0.0000000000,2.0000000000,160.0000000000,1.0000000000,0.0000000000
1.0000000000,33.1700000000,1.0400000000,2.0000000000,12.0000000000,8.0000000000,6.5000000000,1.0000000000,0.0000000000,0.0000000000,1.0000000000,2.0000000000,164.0000000000,31286.0000000000,1.0000000000
0.0000000000,25.3300000000,2.0850000000,2.0000000000,8.0000000000,8.0000000000,2.7500000000,1.0000000000,0.0000000000,0.0000000000,1.0000000000,2.0000000000,360.0000000000,2.0000000000,0.0000000000
0.0000000000,24.7500000000,3.0000000000,2.0000000000,11.0000000000,8.0000000000,1.8350000000,1.0000000000,1.0000000000,19.0000000000,0.0000000000,2.0000000000,0.0000000000,501.0000000000,1.0000000000
1.0000000000,30.8300000000,0.0000000000,2.0000000000,9.0000000000,4.0000000000,1.2500000000,1.0000000000,1.0000000000,1.0000000000,0.0000000000,2.0000000000,202.0000000000,1.0000000000,1.0000000000
1.0000000000,20.7500000000,5.0850000000,1.0000000000,5.0000000000,4.0000000000,0.2900000000,0.0000000000,0.0000000000,0.0000000000,0.0000000000,2.0000000000,140.0000000000,185.0000000000,0.0000000000
0.0000000000,40.3300000000,8.1250000000,1.0000000000,4.0000000000,4.0000000000,0.1650000000,0.0000000000,1.0000000000,2.0000000000,0.0000000000,2.0000000000,184.0000000000,19.0000000000,0.0000000000
1.0000000000,29.4200000000,1.2500000000,2.0000000000,8.0000000000,8.0000000000,0.2500000000,0.0000000000,1.0000000000,2.0000000000,1.0000000000,2.0000000000,400.0000000000,109.0000000000,0.0000000000
1.0000000000,40.9200000000,0.5000000000,1.0000000000,7.0000000000,4.0000000000,0.5000000000,0.0000000000,0.0000000000,0.0000000000,1.0000000000,2.0000000000,130.0000000000,1.0000000000,0.0000000000
0.0000000000,29.5000000000,0.4600000000,2.0000000000,4.0000000000,4.0000000000,0.5400000000,1.0000000000,1.0000000000,4.0000000000,0.0000000000,2.0000000000,380.0000000000,501.0000000000,1.0000000000
1.0000000000,54.4200000000,0.5000000000,1.0000000000,4.0000000000,8.0000000000,3.9600000000,1.0000000000,0.0000000000,0.0000000000,0.0000000000,2.0000000000,180.0000000000,315.0000000000,1.0000000000
1.0000000000,34.0000000000,5.5000000000,1.0000000000,8.0000000000,4.0000000000,1.5000000000,0.0000000000,0.0000000000,0.0000000000,1.0000000000,2.0000000000,60.0000000000,1.0000000000,0.0000000000
1.0000000000,25.0000000000,12.0000000000,2.0000000000,4.0000000000,4.0000000000,2.2500000000,1.0000000000,1.0000000000,2.0000000000,1.0000000000,2.0000000000,120.0000000000,6.0000000000,0.0000000000
0.0000000000,26.5800000000,2.5400000000,1.0000000000,1.0000000000,1.0000000000,0.0000000000,0.0000000000,0.0000000000,0.0000000000,1.0000000000,2.0000000000,180.0000000000,61.0000000000,0.0000000000
0.0000000000,33.0800000000,4.6250000000,2.0000000000,11.0000000000,8.0000000000,1.6250000000,1.0000000000,1.0000000000,2.0000000000,0.0000000000,2.0000000000,0.0000000000,1.0000000000,1.0000000000
1.0000000000,33.6700000000,2.1650000000,2.0000000000,8.0000000000,4.0000000000,1.5000000000,0.0000000000,0.0000000000,0.0000000000,0.0000000000,3.0000000000,120.0000000000,1.0000000000,0.0000000000
1.0000000000,36.1700000000,5.5000000000,2.0000000000,3.0000000000,5.0000000000,5.0000000000,0.0000000000,0.0000000000,0.0000000000,0.0000000000,2.0000000000,210.0000000000,688.0000000000,0.0000000000
1.0000000000,19.5000000000,0.2900000000,2.0000000000,4.0000000000,4.0000000000,0.2900000000,0.0000000000,0.0000000000,0.0000000000,0.0000000000,2.0000000000,280.0000000000,365.0000000000,0.0000000000
1.0000000000,24.1700000000,0.8750000000,2.0000000000,11.0000000000,4.0000000000,4.6250000000,1.0000000000,1.0000000000,2.0000000000,1.0000000000,2.0000000000,520.0000000000,2001.0000000000,1.0000000000
0.0000000000,30.5000000000,6.5000000000,2.0000000000,8.0000000000,5.0000000000,4.0000000000,1.0000000000,1.0000000000,7.0000000000,1.0000000000,2.0000000000,0.0000000000,3066.0000000000,1.0000000000
1.0000000000,20.0000000000,7.0000000000,2.0000000000,8.0000000000,4.0000000000,0.5000000000,0.0000000000,0.0000000000,0.0000000000,0.0000000000,2.0000000000,0.0000000000,1.0000000000,0.0000000000
1.0000000000,25.3300000000,0.5800000000,2.0000000000,8.0000000000,4.0000000000,0.2900000000,1.0000000000,1.0000000000,7.0000000000,1.0000000000,2.0000000000,96.0000000000,5125.0000000000,1.0000000000
1.0000000000,29.5800000000,4.7500000000,2.0000000000,7.0000000000,4.0000000000,2.0000000000,0.0000000000,1.0000000000,1.0000000000,1.0000000000,2.0000000000,460.0000000000,69.0000000000,0.0000000000
1.0000000000,43.1700000000,2.2500000000,2.0000000000,3.0000000000,5.0000000000,0.7500000000,1.0000000000,0.0000000000,0.0000000000,0.0000000000,2.0000000000,560.0000000000,1.0000000000,0.0000000000
1.0000000000,28.7500000000,1.1650000000,2.0000000000,4.0000000000,4.0000000000,0.5000000000,1.0000000000,0.0000000000,0.0000000000,0.0000000000,1.0000000000,280.0000000000,1.0000000000,0.0000000000
1.0000000000,31.5700000000,3.0000000000,1.0000000000,3.0000000000,5.0000000000,7.0000000000,0.0000000000,0.0000000000,0.0000000000,0.0000000000,2.0000000000,0.0000000000,2.0000000000,0.0000000000
1.0000000000,20.2500000000,9.9600000000,2.0000000000,10.0000000000,2.0000000000,0.0000000000,1.0000000000,0.0000000000,0.0000000000,0.0000000000,2.0000000000,0.0000000000,1.0000000000,1.0000000000
1.0000000000,45.0000000000,8.5000000000,2.0000000000,13.0000000000,8.0000000000,14.0000000000,1.0000000000,1.0000000000,1.0000000000,1.0000000000,2.0000000000,88.0000000000,2001.0000000000,1.0000000000
0.0000000000,22.8300000000,2.2900000000,2.0000000000,11.0000000000,8.0000000000,2.2900000000,1.0000000000,1.0000000000,7.0000000000,1.0000000000,2.0000000000,140.0000000000,2385.0000000000,1.0000000000
0.0000000000,20.6700000000,3.0000000000,2.0000000000,11.0000000000,4.0000000000,0.1650000000,1.0000000000,1.0000000000,3.0000000000,0.0000000000,2.0000000000,100.0000000000,7.0000000000,1.0000000000
1.0000000000,27.8300000000,1.5000000000,2.0000000000,9.0000000000,4.0000000000,2.2500000000,0.0000000000,1.0000000000,1.0000000000,1.0000000000,2.0000000000,100.0000000000,4.0000000000,0.0000000000
1.0000000000,40.9200000000,2.2500000000,1.0000000000,14.0000000000,8.0000000000,10.0000000000,1.0000000000,0.0000000000,0.0000000000,1.0000000000,2.0000000000,176.0000000000,1.0000000000,0.0000000000
1.0000000000,56.4200000000,28.0000000000,1.0000000000,8.0000000000,4.0000000000,28.5000000000,1.0000000000,1.0000000000,40.0000000000,0.0000000000,2.0000000000,0.0000000000,16.0000000000,1.0000000000
0.0000000000,64.0800000000,0.1650000000,2.0000000000,1.0000000000,1.0000000000,0.0000000000,1.0000000000,1.0000000000,1.0000000000,0.0000000000,2.0000000000,232.0000000000,101.0000000000,1.0000000000
0.0000000000,22.4200000000,11.2500000000,1.0000000000,14.0000000000,8.0000000000,0.7500000000,1.0000000000,1.0000000000,4.0000000000,0.0000000000,2.0000000000,0.0000000000,322.0000000000,1.0000000000
0.0000000000,24.3300000000,2.5000000000,1.0000000000,3.0000000000,5.0000000000,4.5000000000,0.0000000000,0.0000000000,0.0000000000,0.0000000000,2.0000000000,200.0000000000,457.0000000000,0.0000000000
0.0000000000,69.5000000000,6.0000000000,2.0000000000,1.0000000000,1.0000000000,0.0000000000,0.0000000000,0.0000000000,0.0000000000,0.0000000000,1.0000000000,0.0000000000,1.0000000000,0.0000000000
1.0000000000,35.5800000000,0.7500000000,2.0000000000,4.0000000000,4.0000000000,1.5000000000,0.0000000000,0.0000000000,0.0000000000,1.0000000000,2.0000000000,231.0000000000,1.0000000000,0.0000000000
1.0000000000,48.3300000000,12.0000000000,2.0000000000,7.0000000000,4.0000000000,16.0000000000,1.0000000000,0.0000000000,0.0000000000,0.0000000000,1.0000000000,110.0000000000,1.0000000000,1.0000000000
0.0000000000,28.0800000000,15.0000000000,1.0000000000,10.0000000000,9.0000000000,0.0000000000,1.0000000000,0.0000000000,0.0000000000,0.0000000000,2.0000000000,0.0000000000,13213.0000000000,1.0000000000
1.0000000000,35.1700000000,2.5000000000,2.0000000000,4.0000000000,4.0000000000,4.5000000000,1.0000000000,1.0000000000,7.0000000000,0.0000000000,2.0000000000,150.0000000000,1271.0000000000,1.0000000000
1.0000000000,49.5000000000,7.5850000000,2.0000000000,3.0000000000,5.0000000000,7.5850000000,1.0000000000,1.0000000000,15.0000000000,1.0000000000,2.0000000000,0.0000000000,5001.0000000000,1.0000000000
1.0000000000,80.2500000000,5.5000000000,2.0000000000,8.0000000000,4.0000000000,0.5400000000,1.0000000000,0.0000000000,0.0000000000,0.0000000000,2.0000000000,0.0000000000,341.0000000000,0.0000000000
1.0000000000,29.2500000000,13.0000000000,2.0000000000,2.0000000000,8.0000000000,0.5000000000,0.0000000000,0.0000000000,0.0000000000,0.0000000000,2.0000000000,228.0000000000,1.0000000000,0.0000000000
0.0000000000,16.9200000000,0.5000000000,2.0000000000,3.0000000000,4.0000000000,0.1650000000,0.0000000000,1.0000000000,6.0000000000,1.0000000000,2.0000000000,240.0000000000,36.0000000000,0.0000000000
0.0000000000,16.0000000000,0.1650000000,2.0000000000,6.0000000000,4.0000000000,1.0000000000,0.0000000000,1.0000000000,2.0000000000,1.0000000000,2.0000000000,320.0000000000,2.0000000000,0.0000000000
1.0000000000,60.0800000000,14.5000000000,2.0000000000,1.0000000000,1.0000000000,18.0000000000,1.0000000000,1.0000000000,15.0000000000,1.0000000000,2.0000000000,0.0000000000,1001.0000000000,1.0000000000
1.0000000000,28.0000000000,2.0000000000,2.0000000000,4.0000000000,8.0000000000,4.1650000000,1.0000000000,1.0000000000,2.0000000000,1.0000000000,2.0000000000,181.0000000000,1.0000000000,1.0000000000
1.0000000000,41.5000000000,1.5400000000,2.0000000000,3.0000000000,5.0000000000,3.5000000000,0.0000000000,0.0000000000,0.0000000000,0.0000000000,2.0000000000,216.0000000000,1.0000000000,1.0000000000
1.0000000000,24.0800000000,9.0000000000,2.0000000000,6.0000000000,4.0000000000,0.2500000000,0.0000000000,0.0000000000,0.0000000000,1.0000000000,2.0000000000,0.0000000000,1.0000000000,0.0000000000
1.0000000000,24.5000000000,13.3350000000,1.0000000000,6.0000000000,4.0000000000,0.0400000000,0.0000000000,0.0000000000,0.0000000000,1.0000000000,2.0000000000,120.0000000000,476.0000000000,0.0000000000
1.0000000000,34.7500000000,15.0000000000,2.0000000000,12.0000000000,7.0000000000,5.3750000000,1.0000000000,1.0000000000,9.0000000000,1.0000000000,2.0000000000,0.0000000000,135.0000000000,1.0000000000
1.0000000000,33.6700000000,1.2500000000,2.0000000000,9.0000000000,4.0000000000,1.1650000000,0.0000000000,0.0000000000,0.0000000000,0.0000000000,2.0000000000,120.0000000000,1.0000000000,0.0000000000
0.0000000000,40.8300000000,10.0000000000,2.0000000000,11.0000000000,8.0000000000,1.7500000000,1.0000000000,0.0000000000,0.0000000000,0.0000000000,2.0000000000,29.0000000000,838.0000000000,1.0000000000
1.0000000000,20.4200000000,1.8350000000,2.0000000000,8.0000000000,4.0000000000,2.2500000000,1.0000000000,1.0000000000,1.0000000000,0.0000000000,2.0000000000,100.0000000000,151.0000000000,1.0000000000
1.0000000000,37.5000000000,1.1250000000,1.0000000000,2.0000000000,4.0000000000,1.5000000000,0.0000000000,0.0000000000,0.0000000000,1.0000000000,2.0000000000,431.0000000000,1.0000000000,1.0000000000
1.0000000000,48.5000000000,4.2500000000,2.0000000000,7.0000000000,4.0000000000,0.1250000000,1.0000000000,0.0000000000,0.0000000000,1.0000000000,2.0000000000,225.0000000000,1.0000000000,1.0000000000
1.0000000000,23.0000000000,0.7500000000,2.0000000000,7.0000000000,4.0000000000,0.5000000000,0.0000000000,0.0000000000,0.0000000000,1.0000000000,1.0000000000,320.0000000000,1.0000000000,0.0000000000
1.0000000000,35.0000000000,3.3750000000,2.0000000000,8.0000000000,8.0000000000,8.2900000000,0.0000000000,0.0000000000,0.0000000000,1.0000000000,2.0000000000,0.0000000000,1.0000000000,0.0000000000
1.0000000000,16.3300000000,2.7500000000,2.0000000000,6.0000000000,4.0000000000,0.6650000000,0.0000000000,1.0000000000,1.0000000000,0.0000000000,2.0000000000,80.0000000000,22.0000000000,0.0000000000
1.0000000000,22.6700000000,10.5000000000,2.0000000000,11.0000000000,8.0000000000,1.3350000000,1.0000000000,0.0000000000,0.0000000000,0.0000000000,2.0000000000,100.0000000000,1.0000000000,1.0000000000
0.0000000000,21.7500000000,11.7500000000,2.0000000000,8.0000000000,4.0000000000,0.2500000000,0.0000000000,0.0000000000,0.0000000000,1.0000000000,2.0000000000,180.0000000000,1.0000000000,0.0000000000
0.0000000000,25.0800000000,2.5400000000,1.0000000000,6.0000000000,4.0000000000,0.2500000000,1.0000000000,0.0000000000,0.0000000000,1.0000000000,2.0000000000,370.0000000000,1.0000000000,1.0000000000
1.0000000000,36.3300000000,2.1250000000,1.0000000000,9.0000000000,4.0000000000,0.0850000000,1.0000000000,1.0000000000,1.0000000000,0.0000000000,2.0000000000,50.0000000000,1188.0000000000,1.0000000000
0.0000000000,28.5800000000,3.7500000000,2.0000000000,8.0000000000,4.0000000000,0.2500000000,0.0000000000,1.0000000000,1.0000000000,1.0000000000,2.0000000000,40.0000000000,155.0000000000,0.0000000000
1.0000000000,22.1700000000,12.1250000000,2.0000000000,8.0000000000,4.0000000000,3.3350000000,0.0000000000,1.0000000000,2.0000000000,1.0000000000,2.0000000000,180.0000000000,174.0000000000,0.0000000000
1.0000000000,34.1700000000,1.5400000000,2.0000000000,13.0000000000,4.0000000000,1.5400000000,1.0000000000,1.0000000000,1.0000000000,1.0000000000,2.0000000000,520.0000000000,50001.0000000000,1.0000000000
1.0000000000,35.0000000000,2.5000000000,2.0000000000,3.0000000000,4.0000000000,1.0000000000,0.0000000000,0.0000000000,0.0000000000,1.0000000000,2.0000000000,210.0000000000,1.0000000000,0.0000000000
1.0000000000,28.5800000000,3.6250000000,2.0000000000,6.0000000000,4.0000000000,0.2500000000,0.0000000000,0.0000000000,0.0000000000,1.0000000000,2.0000000000,100.0000000000,1.0000000000,0.0000000000
0.0000000000,19.1700000000,5.4150000000,2.0000000000,3.0000000000,8.0000000000,0.2900000000,0.0000000000,0.0000000000,0.0000000000,0.0000000000,2.0000000000,80.0000000000,485.0000000000,0.0000000000
1.0000000000,23.2500000000,1.0000000000,2.0000000000,8.0000000000,4.0000000000,0.8350000000,1.0000000000,0.0000000000,0.0000000000,0.0000000000,1.0000000000,300.0000000000,1.0000000000,1.0000000000
1.0000000000,16.5000000000,0.1250000000,2.0000000000,8.0000000000,4.0000000000,0.1650000000,0.0000000000,0.0000000000,0.0000000000,0.0000000000,2.0000000000,132.0000000000,1.0000000000,0.0000000000
0.0000000000,20.0800000000,0.1250000000,2.0000000000,11.0000000000,4.0000000000,1.0000000000,0.0000000000,1.0000000000,1.0000000000,0.0000000000,2.0000000000,240.0000000000,769.0000000000,1.0000000000
1.0000000000,22.3300000000,11.0000000000,2.0000000000,9.0000000000,4.0000000000,2.0000000000,1.0000000000,1.0000000000,1.0000000000,0.0000000000,2.0000000000,80.0000000000,279.0000000000,1.0000000000
1.0000000000,34.0000000000,5.0850000000,1.0000000000,3.0000000000,5.0000000000,1.0850000000,0.0000000000,0.0000000000,0.0000000000,1.0000000000,2.0000000000,480.0000000000,1.0000000000,0.0000000000
0.0000000000,57.0800000000,0.3350000000,2.0000000000,3.0000000000,5.0000000000,1.0000000000,1.0000000000,0.0000000000,0.0000000000,1.0000000000,2.0000000000,252.0000000000,2198.0000000000,0.0000000000
1.0000000000,16.2500000000,0.8350000000,2.0000000000,7.0000000000,4.0000000000,0.0850000000,1.0000000000,0.0000000000,0.0000000000,0.0000000000,1.0000000000,200.0000000000,1.0000000000,0.0000000000
1.0000000000,32.8300000000,2.5000000000,2.0000000000,13.0000000000,8.0000000000,2.7500000000,1.0000000000,1.0000000000,6.0000000000,0.0000000000,2.0000000000,160.0000000000,2073.0000000000,1.0000000000
1.0000000000,48.2500000000,25.0850000000,2.0000000000,9.0000000000,4.0000000000,1.7500000000,1.0000000000,1.0000000000,3.0000000000,0.0000000000,2.0000000000,120.0000000000,15.0000000000,1.0000000000
1.0000000000,34.1700000000,2.7500000000,2.0000000000,3.0000000000,5.0000000000,2.5000000000,0.0000000000,0.0000000000,0.0000000000,1.0000000000,2.0000000000,232.0000000000,201.0000000000,0.0000000000
1.0000000000,18.3300000000,1.2100000000,1.0000000000,10.0000000000,2.0000000000,0.0000000000,0.0000000000,0.0000000000,0.0000000000,0.0000000000,2.0000000000,100.0000000000,1.0000000000,0.0000000000
1.0000000000,44.2500000000,0.5000000000,2.0000000000,7.0000000000,4.0000000000,10.7500000000,1.0000000000,0.0000000000,0.0000000000,0.0000000000,1.0000000000,400.0000000000,1.0000000000,0.0000000000
1.0000000000,38.9200000000,1.7500000000,2.0000000000,4.0000000000,4.0000000000,0.5000000000,0.0000000000,0.0000000000,0.0000000000,1.0000000000,2.0000000000,300.0000000000,3.0000000000,0.0000000000
1.0000000000,31.5800000000,0.7500000000,1.0000000000,6.0000000000,4.0000000000,3.5000000000,0.0000000000,0.0000000000,0.0000000000,1.0000000000,2.0000000000,320.0000000000,1.0000000000,0.0000000000
1.0000000000,25.0800000000,1.7100000000,2.0000000000,14.0000000000,4.0000000000,1.6650000000,1.0000000000,1.0000000000,1.0000000000,1.0000000000,2.0000000000,395.0000000000,21.0000000000,1.0000000000
1.0000000000,65.4200000000,11.0000000000,2.0000000000,10.0000000000,9.0000000000,20.0000000000,1.0000000000,1.0000000000,7.0000000000,1.0000000000,2.0000000000,22.0000000000,1.0000000000,1.0000000000
1.0000000000,41.3300000000,0.0000000000,2.0000000000,8.0000000000,5.0000000000,15.0000000000,1.0000000000,0.0000000000,0.0000000000,0.0000000000,2.0000000000,0.0000000000,1.0000000000,1.0000000000
1.0000000000,31.2500000000,1.1250000000,2.0000000000,1.0000000000,1.0000000000,0.0000000000,0.0000000000,1.0000000000,1.0000000000,0.0000000000,2.0000000000,96.0000000000,20.0000000000,0.0000000000
0.0000000000,36.7500000000,4.7100000000,2.0000000000,1.0000000000,1.0000000000,0.0000000000,0.0000000000,0.0000000000,0.0000000000,0.0000000000,2.0000000000,160.0000000000,1.0000000000,0.0000000000
1.0000000000,32.3300000000,7.5000000000,2.0000000000,10.0000000000,5.0000000000,1.5850000000,1.0000000000,0.0000000000,0.0000000000,1.0000000000,1.0000000000,420.0000000000,1.0000000000,0.0000000000
0.0000000000,31.9200000000,3.1250000000,2.0000000000,1.0000000000,1.0000000000,3.0400000000,0.0000000000,1.0000000000,2.0000000000,1.0000000000,2.0000000000,200.0000000000,5.0000000000,0.0000000000
1.0000000000,24.8300000000,2.7500000000,2.0000000000,8.0000000000,4.0000000000,2.2500000000,1.0000000000,1.0000000000,6.0000000000,0.0000000000,2.0000000000,184.0000000000,601.0000000000,1.0000000000
1.0000000000,21.9200000000,0.5400000000,1.0000000000,14.0000000000,4.0000000000,0.0400000000,1.0000000000,1.0000000000,1.0000000000,1.0000000000,2.0000000000,840.0000000000,60.0000000000,1.0000000000
1.0000000000,34.2500000000,3.0000000000,2.0000000000,13.0000000000,8.0000000000,7.4150000000,1.0000000000,0.0000000000,0.0000000000,1.0000000000,2.0000000000,0.0000000000,1.0000000000,1.0000000000
1.0000000000,51.8300000000,3.0000000000,1.0000000000,1.0000000000,1.0000000000,1.5000000000,0.0000000000,0.0000000000,0.0000000000,0.0000000000,2.0000000000,180.0000000000,5.0000000000,0.0000000000
0.0000000000,31.5700000000,1.5000000000,2.0000000000,1.0000000000,1.0000000000,0.0000000000,0.0000000000,1.0000000000,2.0000000000,1.0000000000,2.0000000000,200.0000000000,106.0000000000,0.0000000000
1.0000000000,38.4200000000,0.7050000000,2.0000000000,8.0000000000,4.0000000000,0.3750000000,0.0000000000,1.0000000000,2.0000000000,0.0000000000,2.0000000000,225.0000000000,501.0000000000,0.0000000000
1.0000000000,39.1700000000,1.7100000000,2.0000000000,14.0000000000,4.0000000000,0.1250000000,1.0000000000,1.0000000000,5.0000000000,1.0000000000,2.0000000000,480.0000000000,1.0000000000,1.0000000000
1.0000000000,18.1700000000,2.4600000000,2.0000000000,8.0000000000,7.0000000000,0.9600000000,0.0000000000,1.0000000000,2.0000000000,1.0000000000,2.0000000000,160.0000000000,588.0000000000,0.0000000000
1.0000000000,39.0000000000,5.0000000000,2.0000000000,13.0000000000,4.0000000000,3.5000000000,1.0000000000,1.0000000000,10.0000000000,1.0000000000,2.0000000000,0.0000000000,1.0000000000,1.0000000000
1.0000000000,20.0000000000,11.0450000000,2.0000000000,8.0000000000,4.0000000000,2.0000000000,0.0000000000,0.0000000000,0.0000000000,1.0000000000,2.0000000000,136.0000000000,1.0000000000,0.0000000000
1.0000000000,32.7500000000,2.3350000000,2.0000000000,2.0000000000,8.0000000000,5.7500000000,0.0000000000,0.0000000000,0.0000000000,1.0000000000,2.0000000000,292.0000000000,1.0000000000,0.0000000000
1.0000000000,18.5800000000,5.7100000000,2.0000000000,2.0000000000,4.0000000000,0.5400000000,0.0000000000,0.0000000000,0.0000000000,0.0000000000,2.0000000000,120.0000000000,1.0000000000,0.0000000000
0.0000000000,15.8300000000,7.6250000000,2.0000000000,11.0000000000,4.0000000000,0.1250000000,0.0000000000,1.0000000000,1.0000000000,1.0000000000,2.0000000000,0.0000000000,161.0000000000,0.0000000000
1.0000000000,39.3300000000,5.8750000000,2.0000000000,13.0000000000,8.0000000000,10.0000000000,1.0000000000,1.0000000000,14.0000000000,1.0000000000,2.0000000000,399.0000000000,1.0000000000,1.0000000000
0.0000000000,19.5800000000,0.6650000000,2.0000000000,9.0000000000,4.0000000000,1.6650000000,0.0000000000,0.0000000000,0.0000000000,0.0000000000,2.0000000000,220.0000000000,6.0000000000,0.0000000000
1.0000000000,21.3300000000,10.5000000000,2.0000000000,8.0000000000,4.0000000000,3.0000000000,1.0000000000,0.0000000000,0.0000000000,1.0000000000,2.0000000000,0.0000000000,1.0000000000,1.0000000000
0.0000000000,22.6700000000,0.7500000000,2.0000000000,8.0000000000,4.0000000000,2.0000000000,0.0000000000,1.0000000000,2.0000000000,1.0000000000,2.0000000000,200.0000000000,395.0000000000,0.0000000000
1.0000000000,25.6700000000,3.2500000000,2.0000000000,8.0000000000,8.0000000000,2.2900000000,0.0000000000,1.0000000000,1.0000000000,1.0000000000,2.0000000000,416.0000000000,22.0000000000,0.0000000000
1.0000000000,21.0800000000,10.0850000000,1.0000000000,10.0000000000,8.0000000000,1.2500000000,0.0000000000,0.0000000000,0.0000000000,0.0000000000,2.0000000000,260.0000000000,1.0000000000,0.0000000000
0.0000000000,49.0000000000,1.5000000000,2.0000000000,5.0000000000,3.0000000000,0.0000000000,1.0000000000,0.0000000000,0.0000000000,1.0000000000,2.0000000000,100.0000000000,28.0000000000,0.0000000000
1.0000000000,20.6700000000,5.2900000000,2.0000000000,11.0000000000,4.0000000000,0.3750000000,1.0000000000,1.0000000000,1.0000000000,0.0000000000,2.0000000000,160.0000000000,1.0000000000,0.0000000000
0.0000000000,19.6700000000,0.2100000000,2.0000000000,11.0000000000,8.0000000000,0.2900000000,1.0000000000,1.0000000000,11.0000000000,0.0000000000,2.0000000000,80.0000000000,100.0000000000,1.0000000000
1.0000000000,21.8300000000,0.2500000000,2.0000000000,2.0000000000,8.0000000000,0.6650000000,1.0000000000,0.0000000000,0.0000000000,1.0000000000,2.0000000000,0.0000000000,1.0000000000,1.0000000000
1.0000000000,26.8300000000,0.5400000000,2.0000000000,4.0000000000,1.0000000000,0.0000000000,0.0000000000,0.0000000000,0.0000000000,0.0000000000,2.0000000000,100.0000000000,1.0000000000,0.0000000000
0.0000000000,38.5800000000,5.0000000000,2.0000000000,13.0000000000,4.0000000000,13.5000000000,1.0000000000,0.0000000000,0.0000000000,1.0000000000,2.0000000000,980.0000000000,1.0000000000,0.0000000000
0.0000000000,50.0800000000,12.5400000000,2.0000000000,6.0000000000,4.0000000000,2.2900000000,1.0000000000,1.0000000000,3.0000000000,1.0000000000,2.0000000000,156.0000000000,1.0000000000,1.0000000000
0.0000000000,15.7500000000,0.3750000000,2.0000000000,8.0000000000,4.0000000000,1.0000000000,0.0000000000,0.0000000000,0.0000000000,0.0000000000,2.0000000000,120.0000000000,19.0000000000,0.0000000000
0.0000000000,24.5000000000,12.7500000000,2.0000000000,8.0000000000,5.0000000000,4.7500000000,1.0000000000,1.0000000000,2.0000000000,0.0000000000,2.0000000000,73.0000000000,445.0000000000,1.0000000000
1.0000000000,21.0000000000,4.7900000000,1.0000000000,9.0000000000,4.0000000000,2.2500000000,1.0000000000,1.0000000000,1.0000000000,1.0000000000,2.0000000000,80.0000000000,301.0000000000,1.0000000000
1.0000000000,22.0800000000,11.0000000000,2.0000000000,13.0000000000,4.0000000000,0.6650000000,1.0000000000,0.0000000000,0.0000000000,0.0000000000,2.0000000000,100.0000000000,1.0000000000,1.0000000000
1.0000000000,54.5800000000,9.4150000000,2.0000000000,1.0000000000,1.0000000000,14.4150000000,1.0000000000,1.0000000000,11.0000000000,1.0000000000,2.0000000000,30.0000000000,301.0000000000,1.0000000000
1.0000000000,18.0800000000,5.5000000000,2.0000000000,4.0000000000,4.0000000000,0.5000000000,1.0000000000,0.0000000000,0.0000000000,0.0000000000,2.0000000000,80.0000000000,1.0000000000,1.0000000000
1.0000000000,36.6700000000,4.4150000000,1.0000000000,4.0000000000,4.0000000000,0.2500000000,1.0000000000,1.0000000000,10.0000000000,1.0000000000,2.0000000000,320.0000000000,1.0000000000,1.0000000000
1.0000000000,38.1700000000,10.1250000000,2.0000000000,14.0000000000,4.0000000000,2.5000000000,1.0000000000,1.0000000000,6.0000000000,0.0000000000,2.0000000000,520.0000000000,197.0000000000,1.0000000000
1.0000000000,21.8300000000,1.5400000000,2.0000000000,4.0000000000,4.0000000000,0.0850000000,0.0000000000,0.0000000000,0.0000000000,1.0000000000,2.0000000000,356.0000000000,1.0000000000,0.0000000000
0.0000000000,51.9200000000,6.5000000000,2.0000000000,3.0000000000,5.0000000000,3.0850000000,0.0000000000,0.0000000000,0.0000000000,1.0000000000,2.0000000000,73.0000000000,1.0000000000,0.0000000000
1.0000000000,22.1700000000,2.2500000000,2.0000000000,3.0000000000,4.0000000000,0.1250000000,0.0000000000,0.0000000000,0.0000000000,0.0000000000,2.0000000000,160.0000000000,11.0000000000,0.0000000000
1.0000000000,52.4200000000,1.5000000000,2.0000000000,2.0000000000,4.0000000000,3.7500000000,0.0000000000,0.0000000000,0.0000000000,1.0000000000,2.0000000000,0.0000000000,351.0000000000,0.0000000000
0.0000000000,60.9200000000,5.0000000000,2.0000000000,6.0000000000,4.0000000000,4.0000000000,1.0000000000,1.0000000000,4.0000000000,0.0000000000,2.0000000000,0.0000000000,100.0000000000,1.0000000000
1.0000000000,20.1700000000,5.6250000000,2.0000000000,9.0000000000,4.0000000000,1.7100000000,1.0000000000,0.0000000000,0.0000000000,0.0000000000,1.0000000000,120.0000000000,1.0000000000,1.0000000000
1.0000000000,23.2500000000,4.0000000000,2.0000000000,8.0000000000,5.0000000000,0.2500000000,1.0000000000,0.0000000000,0.0000000000,1.0000000000,2.0000000000,160.0000000000,1.0000000000,1.0000000000
1.0000000000,36.1700000000,0.4200000000,1.0000000000,9.0000000000,4.0000000000,0.2900000000,0.0000000000,0.0000000000,0.0000000000,1.0000000000,2.0000000000,309.0000000000,3.0000000000,0.0000000000
0.0000000000,42.2500000000,1.7500000000,1.0000000000,8.0000000000,4.0000000000,0.0000000000,0.0000000000,0.0000000000,0.0000000000,1.0000000000,2.0000000000,150.0000000000,2.0000000000,0.0000000000
1.0000000000,23.5800000000,0.8350000000,2.0000000000,3.0000000000,8.0000000000,0.0850000000,0.0000000000,0.0000000000,0.0000000000,1.0000000000,2.0000000000,220.0000000000,6.0000000000,0.0000000000
0.0000000000,36.0000000000,1.0000000000,2.0000000000,8.0000000000,4.0000000000,2.0000000000,1.0000000000,1.0000000000,11.0000000000,0.0000000000,2.0000000000,0.0000000000,457.0000000000,1.0000000000
1.0000000000,39.5800000000,5.0000000000,2.0000000000,1.0000000000,1.0000000000,0.0000000000,0.0000000000,1.0000000000,2.0000000000,0.0000000000,2.0000000000,17.0000000000,2.0000000000,0.0000000000
0.0000000000,18.8300000000,4.4150000000,1.0000000000,8.0000000000,8.0000000000,3.0000000000,1.0000000000,0.0000000000,0.0000000000,0.0000000000,2.0000000000,240.0000000000,1.0000000000,1.0000000000
1.0000000000,27.2500000000,0.6250000000,2.0000000000,6.0000000000,4.0000000000,0.4550000000,1.0000000000,0.0000000000,0.0000000000,1.0000000000,2.0000000000,200.0000000000,1.0000000000,0.0000000000
1.0000000000,32.4200000000,3.0000000000,2.0000000000,2.0000000000,4.0000000000,0.1650000000,0.0000000000,0.0000000000,0.0000000000,1.0000000000,2.0000000000,120.0000000000,1.0000000000,0.0000000000
1.0000000000,19.4200000000,1.5000000000,1.0000000000,13.0000000000,4.0000000000,2.0000000000,1.0000000000,0.0000000000,0.0000000000,1.0000000000,2.0000000000,100.0000000000,21.0000000000,0.0000000000
0.0000000000,22.5800000000,10.7500000000,2.0000000000,11.0000000000,4.0000000000,0.4150000000,1.0000000000,1.0000000000,5.0000000000,1.0000000000,2.0000000000,0.0000000000,561.0000000000,1.0000000000
1.0000000000,39.9200000000,6.2100000000,2.0000000000,11.0000000000,4.0000000000,0.0400000000,1.0000000000,1.0000000000,1.0000000000,0.0000000000,2.0000000000,200.0000000000,301.0000000000,1.0000000000
1.0000000000,22.6700000000,0.1650000000,2.0000000000,8.0000000000,3.0000000000,2.2500000000,0.0000000000,0.0000000000,0.0000000000,1.0000000000,1.0000000000,0.0000000000,1.0000000000,1.0000000000
0.0000000000,23.4200000000,0.7900000000,1.0000000000,11.0000000000,4.0000000000,1.5000000000,1.0000000000,1.0000000000,2.0000000000,1.0000000000,2.0000000000,80.0000000000,401.0000000000,1.0000000000
0.0000000000,30.0000000000,5.2900000000,2.0000000000,10.0000000000,2.0000000000,2.2500000000,1.0000000000,1.0000000000,5.0000000000,1.0000000000,2.0000000000,99.0000000000,501.0000000000,1.0000000000
0.0000000000,40.3300000000,7.5400000000,1.0000000000,11.0000000000,8.0000000000,8.0000000000,1.0000000000,1.0000000000,14.0000000000,0.0000000000,2.0000000000,0.0000000000,2301.0000000000,1.0000000000
0.0000000000,36.7500000000,5.1250000000,2.0000000000,10.0000000000,4.0000000000,5.0000000000,1.0000000000,0.0000000000,0.0000000000,1.0000000000,2.0000000000,0.0000000000,4001.0000000000,1.0000000000
1.0000000000,31.0000000000,2.0850000000,2.0000000000,8.0000000000,4.0000000000,0.0850000000,0.0000000000,0.0000000000,0.0000000000,0.0000000000,2.0000000000,300.0000000000,1.0000000000,0.0000000000
0.0000000000,25.1700000000,2.8750000000,2.0000000000,14.0000000000,8.0000000000,0.8750000000,1.0000000000,0.0000000000,0.0000000000,0.0000000000,2.0000000000,360.0000000000,1.0000000000,1.0000000000
1.0000000000,27.4200000000,12.5000000000,2.0000000000,6.0000000000,5.0000000000,0.2500000000,0.0000000000,0.0000000000,0.0000000000,1.0000000000,2.0000000000,720.0000000000,1.0000000000,0.0000000000
1.0000000000,31.5700000000,4.0000000000,2.0000000000,14.0000000000,4.0000000000,5.0000000000,1.0000000000,1.0000000000,3.0000000000,1.0000000000,2.0000000000,290.0000000000,2280.0000000000,1.0000000000
1.0000000000,34.0800000000,6.5000000000,2.0000000000,6.0000000000,4.0000000000,0.1250000000,1.0000000000,0.0000000000,0.0000000000,1.0000000000,2.0000000000,443.0000000000,1.0000000000,0.0000000000
1.0000000000,22.0800000000,2.3350000000,2.0000000000,4.0000000000,4.0000000000,0.7500000000,0.0000000000,0.0000000000,0.0000000000,0.0000000000,2.0000000000,180.0000000000,1.0000000000,0.0000000000
1.0000000000,31.0800000000,3.0850000000,2.0000000000,8.0000000000,4.0000000000,2.5000000000,0.0000000000,1.0000000000,2.0000000000,1.0000000000,2.0000000000,160.0000000000,42.0000000000,0.0000000000
1.0000000000,31.5700000000,0.5000000000,2.0000000000,8.0000000000,5.0000000000,0.8350000000,1.0000000000,0.0000000000,0.0000000000,1.0000000000,1.0000000000,320.0000000000,1.0000000000,0.0000000000
1.0000000000,16.0000000000,3.1250000000,2.0000000000,9.0000000000,4.0000000000,0.0850000000,0.0000000000,1.0000000000,1.0000000000,0.0000000000,2.0000000000,0.0000000000,7.0000000000,0.0000000000
1.0000000000,27.2500000000,1.6650000000,2.0000000000,13.0000000000,8.0000000000,5.0850000000,1.0000000000,1.0000000000,9.0000000000,0.0000000000,2.0000000000,399.0000000000,828.0000000000,1.0000000000
1.0000000000,25.1700000000,3.0000000000,2.0000000000,8.0000000000,4.0000000000,1.2500000000,0.0000000000,1.0000000000,1.0000000000,0.0000000000,2.0000000000,0.0000000000,23.0000000000,0.0000000000
1.0000000000,67.7500000000,5.5000000000,2.0000000000,10.0000000000,9.0000000000,13.0000000000,1.0000000000,1.0000000000,1.0000000000,1.0000000000,2.0000000000,0.0000000000,1.0000000000,1.0000000000
0.0000000000,18.8300000000,9.5000000000,2.0000000000,9.0000000000,4.0000000000,1.6250000000,1.0000000000,1.0000000000,6.0000000000,1.0000000000,2.0000000000,40.0000000000,601.0000000000,1.0000000000
0.0000000000,27.2500000000,0.2900000000,2.0000000000,7.0000000000,8.0000000000,0.1250000000,0.0000000000,1.0000000000,1.0000000000,1.0000000000,2.0000000000,272.0000000000,109.0000000000,0.0000000000
0.0000000000,19.5800000000,0.6650000000,1.0000000000,8.0000000000,4.0000000000,1.0000000000,0.0000000000,1.0000000000,1.0000000000,0.0000000000,2.0000000000,2000.0000000000,3.0000000000,0.0000000000
1.0000000000,30.7500000000,1.5850000000,2.0000000000,2.0000000000,4.0000000000,0.5850000000,0.0000000000,0.0000000000,0.0000000000,1.0000000000,1.0000000000,0.0000000000,1.0000000000,0.0000000000
0.0000000000,50.2500000000,0.8350000000,2.0000000000,6.0000000000,4.0000000000,0.5000000000,0.0000000000,0.0000000000,0.0000000000,1.0000000000,2.0000000000,240.0000000000,118.0000000000,0.0000000000
1.0000000000,31.0800000000,1.5000000000,1.0000000000,9.0000000000,4.0000000000,0.0400000000,0.0000000000,0.0000000000,0.0000000000,0.0000000000,1.0000000000,160.0000000000,1.0000000000,0.0000000000
1.0000000000,51.5800000000,15.0000000000,2.0000000000,8.0000000000,4.0000000000,8.5000000000,1.0000000000,1.0000000000,9.0000000000,0.0000000000,2.0000000000,0.0000000000,1.0000000000,1.0000000000
0.0000000000,36.5800000000,0.2900000000,2.0000000000,1.0000000000,1.0000000000,0.0000000000,0.0000000000,1.0000000000,10.0000000000,0.0000000000,2.0000000000,200.0000000000,19.0000000000,0.0000000000
1.0000000000,33.5800000000,2.7500000000,2.0000000000,7.0000000000,4.0000000000,4.2500000000,1.0000000000,1.0000000000,6.0000000000,0.0000000000,2.0000000000,204.0000000000,1.0000000000,1.0000000000
0.0000000000,20.8300000000,3.0000000000,2.0000000000,6.0000000000,4.0000000000,0.0400000000,1.0000000000,0.0000000000,0.0000000000,0.0000000000,2.0000000000,100.0000000000,1.0000000000,1.0000000000
1.0000000000,36.1700000000,18.1250000000,2.0000000000,9.0000000000,4.0000000000,0.0850000000,0.0000000000,0.0000000000,0.0000000000,0.0000000000,2.0000000000,320.0000000000,3553.0000000000,0.0000000000
1.0000000000,50.7500000000,0.5850000000,2.0000000000,1.0000000000,1.0000000000,0.0000000000,0.0000000000,0.0000000000,0.0000000000,0.0000000000,2.0000000000,145.0000000000,1.0000000000,0.0000000000
0.0000000000,23.5800000000,0.8300000000,2.0000000000,11.0000000000,4.0000000000,0.4150000000,0.0000000000,1.0000000000,1.0000000000,1.0000000000,2.0000000000,200.0000000000,12.0000000000,0.0000000000
1.0000000000,35.1700000000,4.5000000000,2.0000000000,14.0000000000,8.0000000000,5.7500000000,0.0000000000,0.0000000000,0.0000000000,1.0000000000,1.0000000000,711.0000000000,1.0000000000,1.0000000000
0.0000000000,58.4200000000,21.0000000000,2.0000000000,3.0000000000,5.0000000000,10.0000000000,1.0000000000,1.0000000000,13.0000000000,0.0000000000,2.0000000000,0.0000000000,6701.0000000000,1.0000000000
1.0000000000,28.2500000000,0.8750000000,2.0000000000,7.0000000000,4.0000000000,0.9600000000,1.0000000000,1.0000000000,3.0000000000,1.0000000000,2.0000000000,396.0000000000,1.0000000000,1.0000000000
1.0000000000,31.5700000000,0.6250000000,2.0000000000,4.0000000000,4.0000000000,0.2500000000,0.0000000000,0.0000000000,0.0000000000,0.0000000000,2.0000000000,380.0000000000,2011.0000000000,0.0000000000
0.0000000000,31.7500000000,3.0000000000,1.0000000000,5.0000000000,3.0000000000,0.0000000000,0.0000000000,0.0000000000,0.0000000000,0.0000000000,2.0000000000,160.0000000000,21.0000000000,0.0000000000
1.0000000000,19.4200000000,6.5000000000,2.0000000000,9.0000000000,8.0000000000,1.4600000000,1.0000000000,1.0000000000,7.0000000000,0.0000000000,2.0000000000,80.0000000000,2955.0000000000,1.0000000000
1.0000000000,39.0800000000,6.0000000000,2.0000000000,7.0000000000,4.0000000000,1.2900000000,1.0000000000,1.0000000000,5.0000000000,1.0000000000,2.0000000000,108.0000000000,1098.0000000000,1.0000000000
1.0000000000,17.0800000000,3.2900000000,2.0000000000,3.0000000000,4.0000000000,0.3350000000,0.0000000000,0.0000000000,0.0000000000,1.0000000000,2.0000000000,140.0000000000,3.0000000000,0.0000000000
1.0000000000,44.8300000000,7.0000000000,1.0000000000,8.0000000000,4.0000000000,1.6250000000,0.0000000000,0.0000000000,0.0000000000,0.0000000000,2.0000000000,160.0000000000,3.0000000000,0.0000000000
1.0000000000,16.2500000000,0.0000000000,1.0000000000,6.0000000000,4.0000000000,0.2500000000,0.0000000000,0.0000000000,0.0000000000,0.0000000000,2.0000000000,60.0000000000,1.0000000000,0.0000000000
0.0000000000,41.1700000000,6.5000000000,2.0000000000,11.0000000000,4.0000000000,0.5000000000,1.0000000000,1.0000000000,3.0000000000,1.0000000000,2.0000000000,145.0000000000,1.0000000000,1.0000000000
1.0000000000,28.9200000000,15.0000000000,2.0000000000,8.0000000000,8.0000000000,5.3350000000,1.0000000000,1.0000000000,11.0000000000,0.0000000000,2.0000000000,0.0000000000,2284.0000000000,1.0000000000
0.0000000000,26.1700000000,2.0000000000,2.0000000000,5.0000000000,3.0000000000,0.0000000000,0.0000000000,0.0000000000,0.0000000000,1.0000000000,2.0000000000,276.0000000000,2.0000000000,0.0000000000
1.0000000000,38.5800000000,3.3350000000,2.0000000000,9.0000000000,4.0000000000,4.0000000000,1.0000000000,1.0000000000,14.0000000000,0.0000000000,2.0000000000,383.0000000000,1345.0000000000,1.0000000000
1.0000000000,25.1700000000,6.0000000000,2.0000000000,8.0000000000,4.0000000000,1.0000000000,1.0000000000,1.0000000000,3.0000000000,0.0000000000,2.0000000000,0.0000000000,1.0000000000,1.0000000000
0.0000000000,28.1700000000,0.3750000000,2.0000000000,11.0000000000,4.0000000000,0.5850000000,1.0000000000,1.0000000000,4.0000000000,0.0000000000,2.0000000000,80.0000000000,1.0000000000,1.0000000000
1.0000000000,73.4200000000,17.7500000000,2.0000000000,1.0000000000,1.0000000000,0.0000000000,1.0000000000,0.0000000000,0.0000000000,1.0000000000,2.0000000000,0.0000000000,1.0000000000,1.0000000000
1.0000000000,22.5000000000,11.5000000000,1.0000000000,7.0000000000,4.0000000000,1.5000000000,0.0000000000,0.0000000000,0.0000000000,1.0000000000,2.0000000000,0.0000000000,4001.0000000000,0.0000000000
0.0000000000,27.1700000000,1.2500000000,2.0000000000,1.0000000000,1.0000000000,0.0000000000,0.0000000000,1.0000000000,1.0000000000,0.0000000000,2.0000000000,92.0000000000,301.0000000000,0.0000000000
0.0000000000,19.1700000000,8.5850000000,2.0000000000,13.0000000000,8.0000000000,0.7500000000,1.0000000000,1.0000000000,7.0000000000,0.0000000000,2.0000000000,96.0000000000,1.0000000000,1.0000000000
0.0000000000,25.5800000000,0.0000000000,2.0000000000,8.0000000000,4.0000000000,0.0000000000,0.0000000000,0.0000000000,0.0000000000,0.0000000000,3.0000000000,184.0000000000,1.0000000000,1.0000000000
1.0000000000,31.5700000000,0.0400000000,1.0000000000,2.0000000000,4.0000000000,4.2500000000,0.0000000000,0.0000000000,0.0000000000,1.0000000000,2.0000000000,460.0000000000,1.0000000000,0.0000000000
0.0000000000,22.5000000000,8.5000000000,2.0000000000,11.0000000000,4.0000000000,1.7500000000,1.0000000000,1.0000000000,10.0000000000,0.0000000000,2.0000000000,80.0000000000,991.0000000000,0.0000000000
0.0000000000,22.9200000000,1.2500000000,2.0000000000,11.0000000000,4.0000000000,0.2500000000,0.0000000000,0.0000000000,0.0000000000,1.0000000000,2.0000000000,120.0000000000,810.0000000000,0.0000000000
1.0000000000,23.2500000000,12.6250000000,2.0000000000,8.0000000000,4.0000000000,0.1250000000,0.0000000000,1.0000000000,2.0000000000,0.0000000000,2.0000000000,0.0000000000,5553.0000000000,0.0000000000
0.0000000000,29.5000000000,1.0850000000,1.0000000000,14.0000000000,4.0000000000,1.0000000000,0.0000000000,0.0000000000,0.0000000000,0.0000000000,2.0000000000,280.0000000000,14.0000000000,0.0000000000
0.0000000000,32.0000000000,6.0000000000,2.0000000000,2.0000000000,4.0000000000,1.2500000000,0.0000000000,0.0000000000,0.0000000000,0.0000000000,2.0000000000,272.0000000000,1.0000000000,0.0000000000
1.0000000000,27.0000000000,1.5000000000,1.0000000000,9.0000000000,4.0000000000,0.3750000000,1.0000000000,0.0000000000,0.0000000000,1.0000000000,2.0000000000,260.0000000000,1066.0000000000,1.0000000000
1.0000000000,19.3300000000,10.9150000000,2.0000000000,8.0000000000,5.0000000000,0.5850000000,0.0000000000,1.0000000000,2.0000000000,1.0000000000,2.0000000000,200.0000000000,8.0000000000,0.0000000000
1.0000000000,35.7500000000,2.4150000000,2.0000000000,9.0000000000,4.0000000000,0.1250000000,0.0000000000,1.0000000000,2.0000000000,0.0000000000,2.0000000000,220.0000000000,2.0000000000,0.0000000000
1.0000000000,18.8300000000,0.0000000000,2.0000000000,11.0000000000,4.0000000000,0.6650000000,0.0000000000,0.0000000000,0.0000000000,0.0000000000,2.0000000000,160.0000000000,2.0000000000,0.0000000000
0.0000000000,28.7500000000,3.7500000000,2.0000000000,8.0000000000,4.0000000000,1.0850000000,1.0000000000,1.0000000000,1.0000000000,1.0000000000,2.0000000000,371.0000000000,1.0000000000,1.0000000000
1.0000000000,34.4200000000,4.2500000000,2.0000000000,3.0000000000,5.0000000000,3.2500000000,1.0000000000,1.0000000000,2.0000000000,0.0000000000,2.0000000000,274.0000000000,611.0000000000,1.0000000000
0.0000000000,33.2500000000,3.0000000000,1.0000000000,6.0000000000,4.0000000000,2.0000000000,0.0000000000,0.0000000000,0.0000000000,0.0000000000,2.0000000000,180.0000000000,1.0000000000,0.0000000000
1.0000000000,53.9200000000,9.6250000000,2.0000000000,10.0000000000,4.0000000000,8.6650000000,1.0000000000,1.0000000000,5.0000000000,0.0000000000,2.0000000000,0.0000000000,1.0000000000,1.0000000000
1.0000000000,25.2500000000,1.0000000000,2.0000000000,6.0000000000,4.0000000000,0.5000000000,0.0000000000,0.0000000000,0.0000000000,0.0000000000,2.0000000000,200.0000000000,1.0000000000,0.0000000000
1.0000000000,32.4200000000,2.1650000000,1.0000000000,4.0000000000,1.0000000000,0.0000000000,0.0000000000,0.0000000000,0.0000000000,0.0000000000,2.0000000000,120.0000000000,1.0000000000,0.0000000000
0.0000000000,21.0800000000,5.0000000000,1.0000000000,1.0000000000,1.0000000000,0.0000000000,0.0000000000,0.0000000000,0.0000000000,0.0000000000,2.0000000000,0.0000000000,1.0000000000,0.0000000000
0.0000000000,56.5000000000,16.0000000000,2.0000000000,5.0000000000,1.0000000000,0.0000000000,1.0000000000,1.0000000000,15.0000000000,0.0000000000,2.0000000000,0.0000000000,248.0000000000,1.0000000000
1.0000000000,32.2500000000,0.1650000000,1.0000000000,8.0000000000,8.0000000000,3.2500000000,1.0000000000,1.0000000000,1.0000000000,1.0000000000,2.0000000000,432.0000000000,8001.0000000000,1.0000000000
0.0000000000,20.5000000000,11.8350000000,2.0000000000,8.0000000000,8.0000000000,6.0000000000,1.0000000000,0.0000000000,0.0000000000,0.0000000000,2.0000000000,340.0000000000,1.0000000000,1.0000000000
0.0000000000,30.2500000000,5.5000000000,2.0000000000,4.0000000000,4.0000000000,5.5000000000,0.0000000000,0.0000000000,0.0000000000,1.0000000000,1.0000000000,100.0000000000,1.0000000000,0.0000000000
0.0000000000,24.5800000000,0.6700000000,2.0000000000,6.0000000000,8.0000000000,1.7500000000,1.0000000000,0.0000000000,0.0000000000,0.0000000000,2.0000000000,400.0000000000,1.0000000000,0.0000000000
1.0000000000,23.1700000000,11.1250000000,2.0000000000,14.0000000000,8.0000000000,0.4600000000,1.0000000000,1.0000000000,1.0000000000,0.0000000000,2.0000000000,100.0000000000,1.0000000000,1.0000000000
0.0000000000,31.5700000000,11.2500000000,2.0000000000,1.0000000000,1.0000000000,0.0000000000,0.0000000000,0.0000000000,0.0000000000,0.0000000000,2.0000000000,184.0000000000,5201.0000000000,0.0000000000
0.0000000000,32.3300000000,0.5400000000,2.0000000000,13.0000000000,4.0000000000,0.0400000000,1.0000000000,0.0000000000,0.0000000000,0.0000000000,2.0000000000,440.0000000000,11178.0000000000,1.0000000000
1.0000000000,23.9200000000,1.5000000000,2.0000000000,2.0000000000,8.0000000000,1.8750000000,1.0000000000,1.0000000000,6.0000000000,0.0000000000,2.0000000000,200.0000000000,328.0000000000,1.0000000000
1.0000000000,36.7500000000,0.1250000000,1.0000000000,8.0000000000,4.0000000000,1.5000000000,0.0000000000,0.0000000000,0.0000000000,1.0000000000,2.0000000000,232.0000000000,114.0000000000,1.0000000000
1.0000000000,29.8300000000,1.2500000000,1.0000000000,4.0000000000,4.0000000000,0.2500000000,0.0000000000,0.0000000000,0.0000000000,0.0000000000,2.0000000000,224.0000000000,1.0000000000,0.0000000000
0.0000000000,24.0800000000,0.5000000000,2.0000000000,11.0000000000,8.0000000000,1.2500000000,1.0000000000,1.0000000000,1.0000000000,0.0000000000,2.0000000000,0.0000000000,679.0000000000,1.0000000000
1.0000000000,21.1700000000,0.2500000000,1.0000000000,8.0000000000,8.0000000000,0.2500000000,0.0000000000,0.0000000000,0.0000000000,0.0000000000,2.0000000000,280.0000000000,205.0000000000,0.0000000000
1.0000000000,31.4200000000,15.5000000000,2.0000000000,8.0000000000,4.0000000000,0.5000000000,1.0000000000,0.0000000000,0.0000000000,0.0000000000,2.0000000000,120.0000000000,1.0000000000,0.0000000000
1.0000000000,22.8300000000,3.0000000000,2.0000000000,7.0000000000,4.0000000000,1.2900000000,1.0000000000,1.0000000000,1.0000000000,0.0000000000,2.0000000000,260.0000000000,801.0000000000,1.0000000000
1.0000000000,37.5000000000,1.7500000000,1.0000000000,8.0000000000,5.0000000000,0.2500000000,1.0000000000,0.0000000000,0.0000000000,1.0000000000,2.0000000000,164.0000000000,401.0000000000,0.0000000000
0.0000000000,24.8300000000,4.5000000000,2.0000000000,9.0000000000,4.0000000000,1.0000000000,0.0000000000,0.0000000000,0.0000000000,1.0000000000,2.0000000000,360.0000000000,7.0000000000,0.0000000000
1.0000000000,36.3300000000,3.7900000000,2.0000000000,9.0000000000,4.0000000000,1.1650000000,1.0000000000,0.0000000000,0.0000000000,1.0000000000,2.0000000000,200.0000000000,1.0000000000,0.0000000000
0.0000000000,47.2500000000,0.7500000000,2.0000000000,11.0000000000,8.0000000000,2.7500000000,1.0000000000,1.0000000000,1.0000000000,0.0000000000,2.0000000000,333.0000000000,893.0000000000,1.0000000000
1.0000000000,32.0800000000,4.0000000000,1.0000000000,13.0000000000,4.0000000000,1.5000000000,0.0000000000,0.0000000000,0.0000000000,1.0000000000,2.0000000000,120.0000000000,1.0000000000,0.0000000000
0.0000000000,30.5800000000,10.6650000000,2.0000000000,11.0000000000,8.0000000000,0.0850000000,0.0000000000,1.0000000000,12.0000000000,1.0000000000,2.0000000000,129.0000000000,4.0000000000,0.0000000000
1.0000000000,27.8300000000,1.5400000000,2.0000000000,9.0000000000,4.0000000000,3.7500000000,1.0000000000,1.0000000000,5.0000000000,1.0000000000,2.0000000000,100.0000000000,4.0000000000,1.0000000000
1.0000000000,54.8300000000,15.5000000000,2.0000000000,10.0000000000,9.0000000000,0.0000000000,1.0000000000,1.0000000000,20.0000000000,0.0000000000,2.0000000000,152.0000000000,131.0000000000,0.0000000000
1.0000000000,16.0800000000,0.7500000000,2.0000000000,8.0000000000,4.0000000000,1.7500000000,1.0000000000,1.0000000000,5.0000000000,1.0000000000,2.0000000000,352.0000000000,691.0000000000,1.0000000000
1.0000000000,24.5800000000,12.5000000000,2.0000000000,9.0000000000,4.0000000000,0.8750000000,1.0000000000,0.0000000000,0.0000000000,1.0000000000,2.0000000000,260.0000000000,1.0000000000,0.0000000000
1.0000000000,32.6700000000,5.5000000000,2.0000000000,11.0000000000,8.0000000000,5.5000000000,1.0000000000,1.0000000000,12.0000000000,1.0000000000,2.0000000000,408.0000000000,1001.0000000000,1.0000000000
1.0000000000,30.1700000000,0.5000000000,2.0000000000,8.0000000000,4.0000000000,1.7500000000,1.0000000000,1.0000000000,11.0000000000,0.0000000000,2.0000000000,32.0000000000,541.0000000000,1.0000000000
1.0000000000,22.2500000000,0.4600000000,2.0000000000,4.0000000000,4.0000000000,0.1250000000,0.0000000000,0.0000000000,0.0000000000,1.0000000000,2.0000000000,280.0000000000,56.0000000000,0.0000000000
1.0000000000,41.7500000000,0.9600000000,2.0000000000,14.0000000000,4.0000000000,2.5000000000,1.0000000000,0.0000000000,0.0000000000,0.0000000000,2.0000000000,510.0000000000,601.0000000000,1.0000000000
1.0000000000,36.6700000000,2.0000000000,2.0000000000,3.0000000000,4.0000000000,0.2500000000,0.0000000000,0.0000000000,0.0000000000,1.0000000000,2.0000000000,221.0000000000,1.0000000000,0.0000000000
1.0000000000,25.8300000000,12.8350000000,2.0000000000,13.0000000000,4.0000000000,0.5000000000,0.0000000000,0.0000000000,0.0000000000,0.0000000000,2.0000000000,0.0000000000,3.0000000000,0.0000000000
1.0000000000,29.9200000000,1.8350000000,2.0000000000,8.0000000000,8.0000000000,4.3350000000,1.0000000000,0.0000000000,0.0000000000,0.0000000000,2.0000000000,260.0000000000,201.0000000000,1.0000000000
1.0000000000,20.0800000000,0.2500000000,2.0000000000,11.0000000000,4.0000000000,0.1250000000,0.0000000000,0.0000000000,0.0000000000,0.0000000000,2.0000000000,200.0000000000,1.0000000000,0.0000000000
1.0000000000,19.6700000000,0.3750000000,2.0000000000,11.0000000000,4.0000000000,2.0000000000,1.0000000000,1.0000000000,2.0000000000,1.0000000000,2.0000000000,80.0000000000,1.0000000000,1.0000000000
1.0000000000,51.4200000000,0.0400000000,2.0000000000,14.0000000000,8.0000000000,0.0400000000,1.0000000000,0.0000000000,0.0000000000,0.0000000000,2.0000000000,0.0000000000,3001.0000000000,1.0000000000
1.0000000000,62.7500000000,7.0000000000,2.0000000000,10.0000000000,9.0000000000,0.0000000000,0.0000000000,0.0000000000,0.0000000000,0.0000000000,2.0000000000,0.0000000000,13.0000000000,0.0000000000
1.0000000000,40.5800000000,3.2900000000,2.0000000000,7.0000000000,4.0000000000,3.5000000000,0.0000000000,0.0000000000,0.0000000000,1.0000000000,1.0000000000,400.0000000000,1.0000000000,0.0000000000
0.0000000000,16.3300000000,0.2100000000,2.0000000000,6.0000000000,4.0000000000,0.1250000000,0.0000000000,0.0000000000,0.0000000000,0.0000000000,2.0000000000,200.0000000000,2.0000000000,0.0000000000
1.0000000000,29.5000000000,0.5800000000,2.0000000000,9.0000000000,4.0000000000,0.2900000000,0.0000000000,1.0000000000,1.0000000000,0.0000000000,2.0000000000,340.0000000000,2804.0000000000,0.0000000000
1.0000000000,34.0000000000,4.5000000000,2.0000000000,6.0000000000,4.0000000000,1.0000000000,1.0000000000,0.0000000000,0.0000000000,1.0000000000,2.0000000000,240.0000000000,1.0000000000,0.0000000000
0.0000000000,71.5800000000,0.0000000000,2.0000000000,8.0000000000,4.0000000000,0.0000000000,0.0000000000,0.0000000000,0.0000000000,0.0000000000,3.0000000000,184.0000000000,1.0000000000,1.0000000000
1.0000000000,42.0000000000,0.2050000000,2.0000000000,3.0000000000,8.0000000000,5.1250000000,1.0000000000,0.0000000000,0.0000000000,0.0000000000,2.0000000000,400.0000000000,1.0000000000,1.0000000000
0.0000000000,22.5000000000,11.0000000000,1.0000000000,11.0000000000,4.0000000000,3.0000000000,1.0000000000,0.0000000000,0.0000000000,1.0000000000,2.0000000000,268.0000000000,1.0000000000,0.0000000000
1.0000000000,24.4200000000,2.0000000000,2.0000000000,10.0000000000,2.0000000000,0.1650000000,0.0000000000,1.0000000000,2.0000000000,0.0000000000,2.0000000000,320.0000000000,1301.0000000000,0.0000000000
1.0000000000,44.3300000000,0.5000000000,2.0000000000,3.0000000000,8.0000000000,5.0000000000,1.0000000000,0.0000000000,0.0000000000,1.0000000000,2.0000000000,320.0000000000,1.0000000000,1.0000000000
0.0000000000,23.0000000000,11.7500000000,2.0000000000,14.0000000000,8.0000000000,0.5000000000,1.0000000000,1.0000000000,2.0000000000,1.0000000000,2.0000000000,300.0000000000,552.0000000000,1.0000000000
1.0000000000,34.4200000000,1.3350000000,2.0000000000,3.0000000000,5.0000000000,0.1250000000,0.0000000000,0.0000000000,0.0000000000,1.0000000000,2.0000000000,440.0000000000,4501.0000000000,0.0000000000
1.0000000000,23.0800000000,11.5000000000,2.0000000000,3.0000000000,4.0000000000,3.5000000000,1.0000000000,1.0000000000,9.0000000000,0.0000000000,2.0000000000,56.0000000000,743.0000000000,1.0000000000
1.0000000000,25.9200000000,0.8750000000,2.0000000000,4.0000000000,4.0000000000,0.3750000000,0.0000000000,1.0000000000,2.0000000000,1.0000000000,2.0000000000,174.0000000000,4.0000000000,0.0000000000
0.0000000000,17.5800000000,9.0000000000,2.0000000000,6.0000000000,4.0000000000,1.3750000000,1.0000000000,0.0000000000,0.0000000000,1.0000000000,2.0000000000,0.0000000000,1.0000000000,1.0000000000
1.0000000000,20.4200000000,1.0850000000,2.0000000000,11.0000000000,4.0000000000,1.5000000000,0.0000000000,0.0000000000,0.0000000000,0.0000000000,2.0000000000,108.0000000000,8.0000000000,0.0000000000
1.0000000000,31.6700000000,16.1650000000,2.0000000000,2.0000000000,4.0000000000,3.0000000000,1.0000000000,1.0000000000,9.0000000000,0.0000000000,2.0000000000,250.0000000000,731.0000000000,1.0000000000
0.0000000000,57.5800000000,2.0000000000,2.0000000000,1.0000000000,1.0000000000,6.5000000000,0.0000000000,1.0000000000,1.0000000000,0.0000000000,2.0000000000,0.0000000000,11.0000000000,0.0000000000
1.0000000000,59.6700000000,1.5400000000,2.0000000000,11.0000000000,4.0000000000,0.1250000000,1.0000000000,0.0000000000,0.0000000000,1.0000000000,2.0000000000,260.0000000000,1.0000000000,1.0000000000
0.0000000000,65.1700000000,14.0000000000,2.0000000000,1.0000000000,1.0000000000,0.0000000000,1.0000000000,1.0000000000,11.0000000000,1.0000000000,2.0000000000,0.0000000000,1401.0000000000,1.0000000000
1.0000000000,30.0800000000,1.0400000000,1.0000000000,3.0000000000,5.0000000000,0.5000000000,1.0000000000,1.0000000000,10.0000000000,1.0000000000,2.0000000000,132.0000000000,29.0000000000,0.0000000000
1.0000000000,48.5800000000,6.5000000000,2.0000000000,11.0000000000,8.0000000000,6.0000000000,1.0000000000,0.0000000000,0.0000000000,1.0000000000,2.0000000000,350.0000000000,1.0000000000,1.0000000000
0.0000000000,23.5800000000,11.5000000000,1.0000000000,4.0000000000,8.0000000000,3.0000000000,0.0000000000,0.0000000000,0.0000000000,1.0000000000,2.0000000000,20.0000000000,17.0000000000,0.0000000000
1.0000000000,20.1700000000,9.2500000000,2.0000000000,8.0000000000,4.0000000000,1.6650000000,1.0000000000,1.0000000000,3.0000000000,1.0000000000,2.0000000000,40.0000000000,29.0000000000,1.0000000000
1.0000000000,48.1700000000,7.6250000000,2.0000000000,9.0000000000,8.0000000000,15.5000000000,1.0000000000,1.0000000000,12.0000000000,0.0000000000,2.0000000000,0.0000000000,791.0000000000,1.0000000000
1.0000000000,23.2500000000,1.5000000000,2.0000000000,11.0000000000,4.0000000000,2.3750000000,1.0000000000,1.0000000000,3.0000000000,1.0000000000,2.0000000000,0.0000000000,583.0000000000,1.0000000000
1.0000000000,32.2500000000,14.0000000000,1.0000000000,1.0000000000,1.0000000000,0.0000000000,0.0000000000,1.0000000000,2.0000000000,0.0000000000,2.0000000000,160.0000000000,2.0000000000,0.0000000000
1.0000000000,33.5800000000,0.3350000000,1.0000000000,13.0000000000,4.0000000000,0.0850000000,0.0000000000,0.0000000000,0.0000000000,0.0000000000,2.0000000000,180.0000000000,1.0000000000,0.0000000000
1.0000000000,23.5800000000,0.4600000000,1.0000000000,9.0000000000,4.0000000000,2.6250000000,1.0000000000,1.0000000000,6.0000000000,1.0000000000,2.0000000000,208.0000000000,348.0000000000,0.0000000000
1.0000000000,16.9200000000,0.3350000000,1.0000000000,4.0000000000,4.0000000000,0.2900000000,0.0000000000,0.0000000000,0.0000000000,0.0000000000,1.0000000000,200.0000000000,1.0000000000,0.0000000000
0.0000000000,20.8300000000,8.5000000000,2.0000000000,8.0000000000,4.0000000000,0.1650000000,0.0000000000,0.0000000000,0.0000000000,0.0000000000,2.0000000000,0.0000000000,352.0000000000,0.0000000000
0.0000000000,60.5800000000,16.5000000000,2.0000000000,11.0000000000,4.0000000000,11.0000000000,1.0000000000,0.0000000000,0.0000000000,1.0000000000,2.0000000000,21.0000000000,10562.0000000000,1.0000000000
1.0000000000,31.5700000000,5.0000000000,1.0000000000,6.0000000000,4.0000000000,8.5000000000,1.0000000000,0.0000000000,0.0000000000,0.0000000000,2.0000000000,0.0000000000,1.0000000000,0.0000000000
0.0000000000,25.0000000000,12.3300000000,2.0000000000,13.0000000000,8.0000000000,3.5000000000,1.0000000000,1.0000000000,6.0000000000,0.0000000000,2.0000000000,400.0000000000,459.0000000000,1.0000000000
1.0000000000,21.5000000000,9.7500000000,2.0000000000,8.0000000000,4.0000000000,0.2500000000,1.0000000000,0.0000000000,0.0000000000,0.0000000000,2.0000000000,140.0000000000,1.0000000000,0.0000000000
1.0000000000,20.4200000000,0.0000000000,2.0000000000,8.0000000000,4.0000000000,0.0000000000,0.0000000000,0.0000000000,0.0000000000,0.0000000000,3.0000000000,184.0000000000,1.0000000000,0.0000000000
0.0000000000,25.2500000000,13.5000000000,1.0000000000,1.0000000000,1.0000000000,2.0000000000,0.0000000000,1.0000000000,1.0000000000,1.0000000000,2.0000000000,200.0000000000,2.0000000000,0.0000000000
1.0000000000,42.8300000000,4.6250000000,2.0000000000,11.0000000000,4.0000000000,4.5800000000,1.0000000000,0.0000000000,0.0000000000,0.0000000000,1.0000000000,0.0000000000,1.0000000000,1.0000000000
1.0000000000,26.6700000000,1.7500000000,1.0000000000,8.0000000000,4.0000000000,1.0000000000,1.0000000000,1.0000000000,5.0000000000,1.0000000000,2.0000000000,160.0000000000,5778.0000000000,1.0000000000
1.0000000000,57.8300000000,7.0400000000,2.0000000000,7.0000000000,4.0000000000,14.0000000000,1.0000000000,1.0000000000,6.0000000000,1.0000000000,2.0000000000,360.0000000000,1333.0000000000,1.0000000000
1.0000000000,55.9200000000,11.5000000000,2.0000000000,1.0000000000,1.0000000000,5.0000000000,1.0000000000,1.0000000000,5.0000000000,0.0000000000,2.0000000000,0.0000000000,8852.0000000000,1.0000000000
1.0000000000,51.3300000000,10.0000000000,2.0000000000,3.0000000000,5.0000000000,0.0000000000,1.0000000000,1.0000000000,11.0000000000,0.0000000000,2.0000000000,0.0000000000,1250.0000000000,1.0000000000
1.0000000000,39.8300000000,0.5000000000,2.0000000000,7.0000000000,4.0000000000,0.2500000000,1.0000000000,0.0000000000,0.0000000000,0.0000000000,1.0000000000,288.0000000000,1.0000000000,0.0000000000
1.0000000000,27.5800000000,2.0400000000,1.0000000000,6.0000000000,4.0000000000,2.0000000000,1.0000000000,1.0000000000,3.0000000000,1.0000000000,2.0000000000,370.0000000000,561.0000000000,1.0000000000
1.0000000000,30.1700000000,6.5000000000,2.0000000000,13.0000000000,4.0000000000,3.1250000000,1.0000000000,1.0000000000,8.0000000000,0.0000000000,2.0000000000,330.0000000000,1201.0000000000,1.0000000000
1.0000000000,51.8300000000,2.0400000000,1.0000000000,1.0000000000,1.0000000000,1.5000000000,0.0000000000,0.0000000000,0.0000000000,0.0000000000,2.0000000000,120.0000000000,2.0000000000,0.0000000000
0.0000000000,25.0000000000,11.0000000000,1.0000000000,6.0000000000,4.0000000000,4.5000000000,1.0000000000,0.0000000000,0.0000000000,0.0000000000,2.0000000000,120.0000000000,1.0000000000,0.0000000000
1.0000000000,29.6700000000,0.7500000000,1.0000000000,8.0000000000,4.0000000000,0.0400000000,0.0000000000,0.0000000000,0.0000000000,0.0000000000,2.0000000000,240.0000000000,1.0000000000,0.0000000000
0.0000000000,33.6700000000,0.3750000000,2.0000000000,13.0000000000,4.0000000000,0.3750000000,0.0000000000,0.0000000000,0.0000000000,0.0000000000,2.0000000000,300.0000000000,45.0000000000,1.0000000000
1.0000000000,25.7500000000,0.7500000000,2.0000000000,8.0000000000,5.0000000000,0.2500000000,1.0000000000,0.0000000000,0.0000000000,0.0000000000,2.0000000000,349.0000000000,24.0000000000,1.0000000000
0.0000000000,28.6700000000,1.0400000000,2.0000000000,8.0000000000,4.0000000000,2.5000000000,1.0000000000,1.0000000000,5.0000000000,1.0000000000,2.0000000000,300.0000000000,1431.0000000000,1.0000000000
0.0000000000,18.0800000000,0.3750000000,3.0000000000,13.0000000000,1.0000000000,10.0000000000,0.0000000000,0.0000000000,0.0000000000,1.0000000000,1.0000000000,300.0000000000,1.0000000000,1.0000000000
1.0000000000,20.4200000000,7.0000000000,2.0000000000,8.0000000000,4.0000000000,1.6250000000,1.0000000000,1.0000000000,3.0000000000,0.0000000000,2.0000000000,200.0000000000,1392.0000000000,1.0000000000
1.0000000000,17.5000000000,22.0000000000,3.0000000000,1.0000000000,7.0000000000,0.0000000000,0.0000000000,0.0000000000,0.0000000000,1.0000000000,3.0000000000,450.0000000000,100001.0000000000,1.0000000000
1.0000000000,18.0800000000,6.7500000000,1.0000000000,7.0000000000,4.0000000000,0.0400000000,0.0000000000,0.0000000000,0.0000000000,0.0000000000,2.0000000000,140.0000000000,1.0000000000,0.0000000000
1.0000000000,47.6700000000,2.5000000000,2.0000000000,7.0000000000,5.0000000000,2.5000000000,1.0000000000,1.0000000000,12.0000000000,1.0000000000,2.0000000000,410.0000000000,2511.0000000000,1.0000000000
1.0000000000,57.4200000000,8.5000000000,2.0000000000,10.0000000000,8.0000000000,7.0000000000,1.0000000000,1.0000000000,3.0000000000,0.0000000000,2.0000000000,0.0000000000,1.0000000000,1.0000000000
1.0000000000,13.7500000000,4.0000000000,1.0000000000,9.0000000000,4.0000000000,1.7500000000,1.0000000000,1.0000000000,2.0000000000,1.0000000000,2.0000000000,120.0000000000,1001.0000000000,1.0000000000
1.0000000000,19.3300000000,9.5000000000,2.0000000000,11.0000000000,4.0000000000,1.0000000000,1.0000000000,0.0000000000,0.0000000000,1.0000000000,2.0000000000,60.0000000000,401.0000000000,1.0000000000
0.0000000000,21.9200000000,11.6650000000,2.0000000000,4.0000000000,8.0000000000,0.0850000000,0.0000000000,0.0000000000,0.0000000000,0.0000000000,2.0000000000,320.0000000000,6.0000000000,0.0000000000
1.0000000000,17.5800000000,10.0000000000,2.0000000000,9.0000000000,8.0000000000,0.1650000000,0.0000000000,1.0000000000,1.0000000000,0.0000000000,2.0000000000,120.0000000000,2.0000000000,0.0000000000
1.0000000000,34.8300000000,2.5000000000,1.0000000000,9.0000000000,4.0000000000,3.0000000000,0.0000000000,0.0000000000,0.0000000000,0.0000000000,1.0000000000,200.0000000000,1.0000000000,0.0000000000
1.0000000000,29.1700000000,3.5000000000,2.0000000000,9.0000000000,4.0000000000,3.5000000000,1.0000000000,1.0000000000,3.0000000000,1.0000000000,2.0000000000,329.0000000000,1.0000000000,0.0000000000
1.0000000000,21.4200000000,0.7500000000,1.0000000000,12.0000000000,7.0000000000,0.7500000000,0.0000000000,0.0000000000,0.0000000000,1.0000000000,2.0000000000,132.0000000000,3.0000000000,0.0000000000
1.0000000000,18.1700000000,10.2500000000,2.0000000000,8.0000000000,8.0000000000,1.0850000000,0.0000000000,0.0000000000,0.0000000000,0.0000000000,2.0000000000,320.0000000000,14.0000000000,0.0000000000
1.0000000000,28.0000000000,3.0000000000,2.0000000000,9.0000000000,4.0000000000,0.7500000000,0.0000000000,0.0000000000,0.0000000000,1.0000000000,2.0000000000,300.0000000000,68.0000000000,0.0000000000
0.0000000000,45.8300000000,10.5000000000,2.0000000000,11.0000000000,4.0000000000,5.0000000000,1.0000000000,1.0000000000,7.0000000000,1.0000000000,2.0000000000,0.0000000000,1.0000000000,1.0000000000
1.0000000000,22.7500000000,11.5000000000,2.0000000000,3.0000000000,4.0000000000,0.4150000000,0.0000000000,0.0000000000,0.0000000000,0.0000000000,2.0000000000,0.0000000000,1.0000000000,0.0000000000
0.0000000000,31.5700000000,3.5000000000,2.0000000000,2.0000000000,4.0000000000,3.0000000000,1.0000000000,0.0000000000,0.0000000000,1.0000000000,2.0000000000,300.0000000000,1.0000000000,0.0000000000
0.0000000000,20.4200000000,7.5000000000,2.0000000000,4.0000000000,4.0000000000,1.5000000000,1.0000000000,1.0000000000,1.0000000000,0.0000000000,2.0000000000,160.0000000000,235.0000000000,1.0000000000
0.0000000000,21.2500000000,2.3350000000,2.0000000000,3.0000000000,5.0000000000,0.5000000000,1.0000000000,1.0000000000,4.0000000000,0.0000000000,1.0000000000,80.0000000000,1.0000000000,1.0000000000
1.0000000000,26.6700000000,4.2500000000,2.0000000000,13.0000000000,4.0000000000,4.2900000000,1.0000000000,1.0000000000,1.0000000000,1.0000000000,2.0000000000,120.0000000000,1.0000000000,1.0000000000
0.0000000000,27.3300000000,1.6650000000,2.0000000000,1.0000000000,1.0000000000,0.0000000000,0.0000000000,0.0000000000,0.0000000000,0.0000000000,2.0000000000,340.0000000000,2.0000000000,0.0000000000
1.0000000000,42.0800000000,1.0400000000,2.0000000000,9.0000000000,4.0000000000,5.0000000000,1.0000000000,1.0000000000,6.0000000000,1.0000000000,2.0000000000,500.0000000000,10001.0000000000,1.0000000000
0.0000000000,18.2500000000,10.0000000000,2.0000000000,9.0000000000,4.0000000000,1.0000000000,0.0000000000,1.0000000000,1.0000000000,0.0000000000,2.0000000000,120.0000000000,2.0000000000,0.0000000000
0.0000000000,28.5000000000,1.0000000000,2.0000000000,11.0000000000,4.0000000000,1.0000000000,1.0000000000,1.0000000000,2.0000000000,1.0000000000,2.0000000000,167.0000000000,501.0000000000,0.0000000000
0.0000000000,21.5000000000,6.0000000000,2.0000000000,6.0000000000,4.0000000000,2.5000000000,1.0000000000,1.0000000000,3.0000000000,0.0000000000,2.0000000000,80.0000000000,919.0000000000,1.0000000000
1.0000000000,21.8300000000,11.0000000000,2.0000000000,14.0000000000,4.0000000000,0.2900000000,1.0000000000,1.0000000000,6.0000000000,0.0000000000,2.0000000000,121.0000000000,1.0000000000,1.0000000000
1.0000000000,21.9200000000,0.5000000000,2.0000000000,8.0000000000,4.0000000000,0.1250000000,0.0000000000,0.0000000000,0.0000000000,0.0000000000,2.0000000000,360.0000000000,1.0000000000,0.0000000000
1.0000000000,32.6700000000,9.0000000000,1.0000000000,9.0000000000,8.0000000000,5.2500000000,1.0000000000,0.0000000000,0.0000000000,1.0000000000,2.0000000000,154.0000000000,1.0000000000,1.0000000000
0.0000000000,45.3300000000,1.0000000000,2.0000000000,11.0000000000,4.0000000000,0.1250000000,0.0000000000,0.0000000000,0.0000000000,1.0000000000,2.0000000000,263.0000000000,1.0000000000,0.0000000000
0.0000000000,23.5800000000,0.5850000000,1.0000000000,1.0000000000,1.0000000000,0.1250000000,0.0000000000,0.0000000000,0.0000000000,0.0000000000,2.0000000000,120.0000000000,88.0000000000,0.0000000000
0.0000000000,17.9200000000,0.5400000000,2.0000000000,8.0000000000,4.0000000000,1.7500000000,0.0000000000,1.0000000000,1.0000000000,1.0000000000,2.0000000000,80.0000000000,6.0000000000,0.0000000000
1.0000000000,33.0000000000,2.5000000000,1.0000000000,9.0000000000,4.0000000000,7.0000000000,0.0000000000,0.0000000000,0.0000000000,1.0000000000,2.0000000000,280.0000000000,1.0000000000,0.0000000000
0.0000000000,22.6700000000,0.3350000000,2.0000000000,11.0000000000,4.0000000000,0.7500000000,0.0000000000,0.0000000000,0.0000000000,0.0000000000,1.0000000000,160.0000000000,1.0000000000,0.0000000000
1.0000000000,34.6700000000,1.0800000000,2.0000000000,7.0000000000,4.0000000000,1.1650000000,0.0000000000,0.0000000000,0.0000000000,0.0000000000,1.0000000000,28.0000000000,1.0000000000,0.0000000000
1.0000000000,29.6700000000,1.4150000000,2.0000000000,9.0000000000,8.0000000000,0.7500000000,1.0000000000,1.0000000000,1.0000000000,0.0000000000,2.0000000000,240.0000000000,101.0000000000,1.0000000000
1.0000000000,31.8300000000,2.5000000000,2.0000000000,6.0000000000,4.0000000000,7.5000000000,1.0000000000,0.0000000000,0.0000000000,1.0000000000,2.0000000000,523.0000000000,1.0000000000,0.0000000000
0.0000000000,20.6700000000,1.8350000000,2.0000000000,11.0000000000,4.0000000000,2.0850000000,1.0000000000,1.0000000000,5.0000000000,0.0000000000,2.0000000000,220.0000000000,2504.0000000000,1.0000000000
1.0000000000,33.7500000000,2.7500000000,2.0000000000,3.0000000000,5.0000000000,0.0000000000,0.0000000000,0.0000000000,0.0000000000,0.0000000000,2.0000000000,180.0000000000,1.0000000000,0.0000000000
1.0000000000,22.0800000000,0.8300000000,2.0000000000,8.0000000000,8.0000000000,2.1650000000,0.0000000000,0.0000000000,0.0000000000,1.0000000000,2.0000000000,128.0000000000,1.0000000000,1.0000000000
0.0000000000,35.4200000000,12.0000000000,2.0000000000,11.0000000000,8.0000000000,14.0000000000,1.0000000000,1.0000000000,8.0000000000,0.0000000000,2.0000000000,0.0000000000,6591.0000000000,1.0000000000
1.0000000000,31.9200000000,4.4600000000,2.0000000000,13.0000000000,8.0000000000,6.0400000000,1.0000000000,1.0000000000,3.0000000000,0.0000000000,2.0000000000,311.0000000000,301.0000000000,1.0000000000
0.0000000000,22.6700000000,0.7900000000,2.0000000000,3.0000000000,4.0000000000,0.0850000000,0.0000000000,0.0000000000,0.0000000000,0.0000000000,2.0000000000,144.0000000000,1.0000000000,0.0000000000
1.0000000000,26.6700000000,14.5850000000,2.0000000000,3.0000000000,5.0000000000,0.0000000000,0.0000000000,0.0000000000,0.0000000000,1.0000000000,2.0000000000,178.0000000000,1.0000000000,0.0000000000
1.0000000000,44.0000000000,2.0000000000,2.0000000000,7.0000000000,4.0000000000,1.7500000000,1.0000000000,1.0000000000,2.0000000000,1.0000000000,2.0000000000,0.0000000000,16.0000000000,1.0000000000
1.0000000000,30.1700000000,1.0850000000,1.0000000000,8.0000000000,4.0000000000,0.0400000000,0.0000000000,0.0000000000,0.0000000000,0.0000000000,2.0000000000,170.0000000000,180.0000000000,0.0000000000
1.0000000000,37.7500000000,7.0000000000,2.0000000000,11.0000000000,8.0000000000,11.5000000000,1.0000000000,1.0000000000,7.0000000000,1.0000000000,2.0000000000,300.0000000000,6.0000000000,0.0000000000
1.0000000000,17.0800000000,0.0850000000,1.0000000000,8.0000000000,4.0000000000,0.0400000000,0.0000000000,0.0000000000,0.0000000000,0.0000000000,2.0000000000,140.0000000000,723.0000000000,0.0000000000
1.0000000000,49.1700000000,2.2900000000,2.0000000000,1.0000000000,1.0000000000,0.2900000000,0.0000000000,0.0000000000,0.0000000000,0.0000000000,2.0000000000,200.0000000000,4.0000000000,0.0000000000
1.0000000000,22.9200000000,0.1700000000,2.0000000000,7.0000000000,4.0000000000,0.0850000000,0.0000000000,0.0000000000,0.0000000000,0.0000000000,1.0000000000,0.0000000000,1.0000000000,0.0000000000
0.0000000000,34.8300000000,1.2500000000,1.0000000000,3.0000000000,8.0000000000,0.5000000000,0.0000000000,0.0000000000,0.0000000000,1.0000000000,2.0000000000,160.0000000000,1.0000000000,0.0000000000
1.0000000000,44.2500000000,11.0000000000,1.0000000000,2.0000000000,4.0000000000,1.5000000000,1.0000000000,0.0000000000,0.0000000000,0.0000000000,1.0000000000,0.0000000000,1.0000000000,0.0000000000
1.0000000000,59.5000000000,2.7500000000,2.0000000000,9.0000000000,4.0000000000,1.7500000000,1.0000000000,1.0000000000,5.0000000000,1.0000000000,2.0000000000,60.0000000000,59.0000000000,1.0000000000
1.0000000000,25.5000000000,0.3750000000,2.0000000000,7.0000000000,4.0000000000,0.2500000000,1.0000000000,1.0000000000,3.0000000000,0.0000000000,2.0000000000,260.0000000000,15109.0000000000,1.0000000000
0.0000000000,41.5800000000,1.0400000000,2.0000000000,6.0000000000,4.0000000000,0.6650000000,0.0000000000,0.0000000000,0.0000000000,0.0000000000,2.0000000000,240.0000000000,238.0000000000,0.0000000000
1.0000000000,49.5800000000,19.0000000000,2.0000000000,1.0000000000,1.0000000000,0.0000000000,1.0000000000,1.0000000000,1.0000000000,0.0000000000,2.0000000000,94.0000000000,1.0000000000,0.0000000000
0.0000000000,33.9200000000,1.5850000000,1.0000000000,1.0000000000,1.0000000000,0.0000000000,1.0000000000,0.0000000000,0.0000000000,0.0000000000,2.0000000000,320.0000000000,1.0000000000,0.0000000000
1.0000000000,19.1700000000,4.0000000000,1.0000000000,3.0000000000,4.0000000000,1.0000000000,0.0000000000,0.0000000000,0.0000000000,1.0000000000,2.0000000000,360.0000000000,1001.0000000000,0.0000000000
0.0000000000,24.5000000000,2.4150000000,1.0000000000,8.0000000000,4.0000000000,0.0000000000,0.0000000000,0.0000000000,0.0000000000,0.0000000000,2.0000000000,120.0000000000,1.0000000000,0.0000000000
1.0000000000,23.3300000000,1.5000000000,2.0000000000,8.0000000000,8.0000000000,1.4150000000,1.0000000000,0.0000000000,0.0000000000,0.0000000000,2.0000000000,422.0000000000,201.0000000000,1.0000000000
1.0000000000,69.1700000000,9.0000000000,2.0000000000,1.0000000000,1.0000000000,4.0000000000,0.0000000000,1.0000000000,1.0000000000,0.0000000000,2.0000000000,70.0000000000,7.0000000000,0.0000000000
1.0000000000,47.6700000000,0.2900000000,2.0000000000,8.0000000000,5.0000000000,15.0000000000,1.0000000000,1.0000000000,20.0000000000,0.0000000000,2.0000000000,0.0000000000,15001.0000000000,1.0000000000
0.0000000000,33.2500000000,2.5000000000,1.0000000000,8.0000000000,4.0000000000,2.5000000000,0.0000000000,0.0000000000,0.0000000000,1.0000000000,2.0000000000,0.0000000000,3.0000000000,0.0000000000
1.0000000000,43.2500000000,3.0000000000,2.0000000000,11.0000000000,8.0000000000,6.0000000000,1.0000000000,1.0000000000,11.0000000000,0.0000000000,2.0000000000,80.0000000000,1.0000000000,1.0000000000
1.0000000000,23.0000000000,0.6250000000,1.0000000000,6.0000000000,4.0000000000,0.1250000000,1.0000000000,0.0000000000,0.0000000000,0.0000000000,2.0000000000,180.0000000000,2.0000000000,0.0000000000
1.0000000000,34.7500000000,2.5000000000,2.0000000000,13.0000000000,5.0000000000,0.5000000000,0.0000000000,0.0000000000,0.0000000000,0.0000000000,2.0000000000,348.0000000000,1.0000000000,0.0000000000
1.0000000000,56.5800000000,18.5000000000,2.0000000000,2.0000000000,5.0000000000,15.0000000000,1.0000000000,1.0000000000,17.0000000000,1.0000000000,2.0000000000,0.0000000000,1.0000000000,1.0000000000
0.0000000000,44.1700000000,6.6650000000,2.0000000000,11.0000000000,4.0000000000,7.3750000000,1.0000000000,1.0000000000,3.0000000000,1.0000000000,2.0000000000,0.0000000000,1.0000000000,1.0000000000
0.0000000000,44.3300000000,0.0000000000,2.0000000000,8.0000000000,4.0000000000,2.5000000000,1.0000000000,0.0000000000,0.0000000000,0.0000000000,2.0000000000,0.0000000000,1.0000000000,1.0000000000
1.0000000000,34.2500000000,1.7500000000,2.0000000000,9.0000000000,5.0000000000,0.2500000000,1.0000000000,0.0000000000,0.0000000000,1.0000000000,2.0000000000,163.0000000000,1.0000000000,0.0000000000
0.0000000000,45.0000000000,4.5850000000,2.0000000000,4.0000000000,8.0000000000,1.0000000000,0.0000000000,0.0000000000,0.0000000000,1.0000000000,1.0000000000,240.0000000000,1.0000000000,0.0000000000
1.0000000000,30.5800000000,2.7100000000,1.0000000000,7.0000000000,4.0000000000,0.1250000000,0.0000000000,0.0000000000,0.0000000000,1.0000000000,1.0000000000,80.0000000000,1.0000000000,0.0000000000
1.0000000000,27.6700000000,0.7500000000,2.0000000000,11.0000000000,8.0000000000,0.1650000000,0.0000000000,0.0000000000,0.0000000000,1.0000000000,2.0000000000,220.0000000000,252.0000000000,0.0000000000
1.0000000000,19.4200000000,7.2500000000,2.0000000000,7.0000000000,4.0000000000,0.0400000000,0.0000000000,1.0000000000,1.0000000000,0.0000000000,2.0000000000,100.0000000000,2.0000000000,0.0000000000
0.0000000000,41.3300000000,1.0000000000,2.0000000000,3.0000000000,5.0000000000,2.2500000000,1.0000000000,0.0000000000,0.0000000000,1.0000000000,2.0000000000,0.0000000000,301.0000000000,1.0000000000
0.0000000000,23.5000000000,1.5000000000,2.0000000000,9.0000000000,4.0000000000,0.8750000000,0.0000000000,0.0000000000,0.0000000000,1.0000000000,2.0000000000,160.0000000000,1.0000000000,0.0000000000
1.0000000000,31.6700000000,0.8300000000,2.0000000000,14.0000000000,4.0000000000,1.3350000000,1.0000000000,1.0000000000,8.0000000000,1.0000000000,2.0000000000,303.0000000000,3291.0000000000,1.0000000000
0.0000000000,17.8300000000,11.0000000000,2.0000000000,14.0000000000,8.0000000000,1.0000000000,1.0000000000,1.0000000000,11.0000000000,0.0000000000,2.0000000000,0.0000000000,3001.0000000000,1.0000000000
0.0000000000,33.1700000000,2.2500000000,1.0000000000,13.0000000000,4.0000000000,3.5000000000,0.0000000000,0.0000000000,0.0000000000,1.0000000000,2.0000000000,200.0000000000,142.0000000000,0.0000000000
0.0000000000,52.5000000000,7.0000000000,2.0000000000,6.0000000000,8.0000000000,3.0000000000,0.0000000000,0.0000000000,0.0000000000,0.0000000000,2.0000000000,0.0000000000,1.0000000000,0.0000000000
0.0000000000,25.4200000000,1.1250000000,2.0000000000,11.0000000000,4.0000000000,1.2900000000,1.0000000000,1.0000000000,2.0000000000,0.0000000000,2.0000000000,200.0000000000,1.0000000000,0.0000000000
1.0000000000,40.5800000000,1.5000000000,2.0000000000,3.0000000000,5.0000000000,0.0000000000,0.0000000000,0.0000000000,0.0000000000,0.0000000000,1.0000000000,300.0000000000,1.0000000000,0.0000000000
1.0000000000,23.9200000000,0.5850000000,1.0000000000,13.0000000000,8.0000000000,0.1250000000,0.0000000000,0.0000000000,0.0000000000,0.0000000000,2.0000000000,240.0000000000,2.0000000000,0.0000000000
1.0000000000,56.0000000000,12.5000000000,2.0000000000,4.0000000000,8.0000000000,8.0000000000,1.0000000000,0.0000000000,0.0000000000,1.0000000000,2.0000000000,24.0000000000,2029.0000000000,1.0000000000
0.0000000000,28.5000000000,3.0400000000,1.0000000000,14.0000000000,8.0000000000,2.5400000000,1.0000000000,1.0000000000,1.0000000000,0.0000000000,2.0000000000,70.0000000000,1.0000000000,1.0000000000
1.0000000000,32.0800000000,4.0000000000,2.0000000000,7.0000000000,4.0000000000,2.5000000000,1.0000000000,0.0000000000,0.0000000000,1.0000000000,2.0000000000,360.0000000000,1.0000000000,1.0000000000
1.0000000000,21.1700000000,0.8750000000,1.0000000000,8.0000000000,8.0000000000,0.2500000000,0.0000000000,0.0000000000,0.0000000000,0.0000000000,2.0000000000,280.0000000000,205.0000000000,0.0000000000
1.0000000000,34.1700000000,9.1700000000,2.0000000000,8.0000000000,4.0000000000,4.5000000000,1.0000000000,1.0000000000,12.0000000000,1.0000000000,2.0000000000,0.0000000000,222.0000000000,1.0000000000
1.0000000000,43.2500000000,25.2100000000,2.0000000000,11.0000000000,8.0000000000,0.2100000000,1.0000000000,1.0000000000,1.0000000000,0.0000000000,2.0000000000,760.0000000000,91.0000000000,0.0000000000
0.0000000000,38.2500000000,6.0000000000,2.0000000000,4.0000000000,4.0000000000,1.0000000000,1.0000000000,0.0000000000,0.0000000000,1.0000000000,2.0000000000,0.0000000000,1.0000000000,1.0000000000
1.0000000000,37.4200000000,2.0400000000,2.0000000000,9.0000000000,4.0000000000,0.0400000000,1.0000000000,0.0000000000,0.0000000000,1.0000000000,2.0000000000,400.0000000000,5801.0000000000,1.0000000000
1.0000000000,29.8300000000,2.0400000000,1.0000000000,14.0000000000,8.0000000000,0.0400000000,0.0000000000,0.0000000000,0.0000000000,0.0000000000,2.0000000000,128.0000000000,2.0000000000,0.0000000000
1.0000000000,37.3300000000,2.6650000000,2.0000000000,13.0000000000,4.0000000000,0.1650000000,0.0000000000,0.0000000000,0.0000000000,1.0000000000,2.0000000000,0.0000000000,502.0000000000,0.0000000000
1.0000000000,31.3300000000,19.5000000000,2.0000000000,8.0000000000,4.0000000000,7.0000000000,1.0000000000,1.0000000000,16.0000000000,0.0000000000,2.0000000000,0.0000000000,5001.0000000000,1.0000000000
1.0000000000,36.0800000000,2.5400000000,2.0000000000,1.0000000000,1.0000000000,0.0000000000,0.0000000000,0.0000000000,0.0000000000,0.0000000000,2.0000000000,0.0000000000,1001.0000000000,0.0000000000
1.0000000000,20.5000000000,2.4150000000,2.0000000000,8.0000000000,4.0000000000,2.0000000000,1.0000000000,1.0000000000,11.0000000000,1.0000000000,2.0000000000,200.0000000000,3001.0000000000,1.0000000000
1.0000000000,47.1700000000,5.8350000000,2.0000000000,9.0000000000,4.0000000000,5.5000000000,0.0000000000,0.0000000000,0.0000000000,0.0000000000,2.0000000000,465.0000000000,151.0000000000,0.0000000000
1.0000000000,22.0000000000,7.8350000000,1.0000000000,3.0000000000,5.0000000000,0.1650000000,0.0000000000,0.0000000000,0.0000000000,1.0000000000,2.0000000000,184.0000000000,1.0000000000,0.0000000000
1.0000000000,20.5000000000,10.0000000000,1.0000000000,8.0000000000,4.0000000000,2.5000000000,1.0000000000,0.0000000000,0.0000000000,0.0000000000,1.0000000000,40.0000000000,1.0000000000,1.0000000000
1.0000000000,34.9200000000,2.5000000000,2.0000000000,9.0000000000,4.0000000000,0.0000000000,1.0000000000,0.0000000000,0.0000000000,1.0000000000,2.0000000000,239.0000000000,201.0000000000,1.0000000000
1.0000000000,24.0800000000,0.8750000000,2.0000000000,7.0000000000,4.0000000000,0.0850000000,0.0000000000,1.0000000000,4.0000000000,0.0000000000,2.0000000000,254.0000000000,1951.0000000000,0.0000000000
1.0000000000,37.3300000000,6.5000000000,2.0000000000,7.0000000000,8.0000000000,4.2500000000,1.0000000000,1.0000000000,12.0000000000,1.0000000000,2.0000000000,93.0000000000,1.0000000000,1.0000000000
0.0000000000,20.7500000000,9.5400000000,2.0000000000,3.0000000000,4.0000000000,0.0400000000,0.0000000000,0.0000000000,0.0000000000,0.0000000000,2.0000000000,200.0000000000,1001.0000000000,0.0000000000
1.0000000000,36.6700000000,3.2500000000,2.0000000000,11.0000000000,8.0000000000,9.0000000000,1.0000000000,0.0000000000,0.0000000000,1.0000000000,2.0000000000,102.0000000000,640.0000000000,1.0000000000
1.0000000000,22.5800000000,10.0400000000,2.0000000000,14.0000000000,4.0000000000,0.0400000000,1.0000000000,1.0000000000,9.0000000000,0.0000000000,2.0000000000,60.0000000000,397.0000000000,1.0000000000
0.0000000000,26.9200000000,13.5000000000,2.0000000000,11.0000000000,8.0000000000,5.0000000000,1.0000000000,1.0000000000,2.0000000000,0.0000000000,2.0000000000,0.0000000000,5001.0000000000,1.0000000000
0.0000000000,46.6700000000,0.4600000000,2.0000000000,13.0000000000,8.0000000000,0.4150000000,1.0000000000,1.0000000000,11.0000000000,1.0000000000,2.0000000000,440.0000000000,7.0000000000,1.0000000000
0.0000000000,52.1700000000,0.0000000000,1.0000000000,1.0000000000,1.0000000000,0.0000000000,0.0000000000,0.0000000000,0.0000000000,0.0000000000,2.0000000000,0.0000000000,1.0000000000,0.0000000000
1.0000000000,39.1700000000,2.5000000000,1.0000000000,3.0000000000,8.0000000000,10.0000000000,0.0000000000,0.0000000000,0.0000000000,1.0000000000,1.0000000000,200.0000000000,1.0000000000,0.0000000000
1.0000000000,39.1700000000,1.6250000000,2.0000000000,8.0000000000,4.0000000000,1.5000000000,1.0000000000,1.0000000000,10.0000000000,0.0000000000,2.0000000000,186.0000000000,4701.0000000000,1.0000000000
0.0000000000,27.6700000000,2.0400000000,2.0000000000,9.0000000000,4.0000000000,0.2500000000,0.0000000000,0.0000000000,0.0000000000,1.0000000000,2.0000000000,180.0000000000,51.0000000000,0.0000000000
1.0000000000,19.1700000000,9.5000000000,2.0000000000,9.0000000000,4.0000000000,1.5000000000,1.0000000000,0.0000000000,0.0000000000,0.0000000000,2.0000000000,120.0000000000,2207.0000000000,1.0000000000
1.0000000000,39.5000000000,4.2500000000,2.0000000000,8.0000000000,5.0000000000,6.5000000000,1.0000000000,1.0000000000,16.0000000000,0.0000000000,2.0000000000,117.0000000000,1211.0000000000,1.0000000000
1.0000000000,36.4200000000,0.7500000000,1.0000000000,2.0000000000,4.0000000000,0.5850000000,0.0000000000,0.0000000000,0.0000000000,0.0000000000,2.0000000000,240.0000000000,4.0000000000,0.0000000000
1.0000000000,26.1700000000,0.2500000000,2.0000000000,3.0000000000,5.0000000000,0.0000000000,1.0000000000,0.0000000000,0.0000000000,1.0000000000,2.0000000000,0.0000000000,1.0000000000,1.0000000000
1.0000000000,39.4200000000,1.7100000000,1.0000000000,7.0000000000,4.0000000000,0.1650000000,0.0000000000,0.0000000000,0.0000000000,0.0000000000,1.0000000000,400.0000000000,1.0000000000,0.0000000000
1.0000000000,41.9200000000,0.4200000000,2.0000000000,8.0000000000,8.0000000000,0.2100000000,1.0000000000,1.0000000000,6.0000000000,0.0000000000,2.0000000000,220.0000000000,949.0000000000,1.0000000000
1.0000000000,21.3300000000,7.5000000000,2.0000000000,6.0000000000,4.0000000000,1.4150000000,1.0000000000,1.0000000000,1.0000000000,0.0000000000,2.0000000000,80.0000000000,9801.0000000000,1.0000000000
0.0000000000,20.0800000000,1.2500000000,2.0000000000,8.0000000000,4.0000000000,0.0000000000,0.0000000000,0.0000000000,0.0000000000,0.0000000000,2.0000000000,0.0000000000,1.0000000000,0.0000000000
0.0000000000,27.5800000000,3.0000000000,2.0000000000,7.0000000000,4.0000000000,2.7900000000,0.0000000000,1.0000000000,1.0000000000,1.0000000000,2.0000000000,280.0000000000,11.0000000000,0.0000000000
1.0000000000,21.5800000000,0.7900000000,1.0000000000,13.0000000000,4.0000000000,0.6650000000,0.0000000000,0.0000000000,0.0000000000,0.0000000000,2.0000000000,160.0000000000,1.0000000000,0.0000000000
1.0000000000,28.2500000000,5.1250000000,2.0000000000,14.0000000000,4.0000000000,4.7500000000,1.0000000000,1.0000000000,2.0000000000,0.0000000000,2.0000000000,420.0000000000,8.0000000000,1.0000000000
1.0000000000,26.9200000000,2.2500000000,2.0000000000,3.0000000000,5.0000000000,0.5000000000,0.0000000000,0.0000000000,0.0000000000,1.0000000000,2.0000000000,640.0000000000,4001.0000000000,0.0000000000
0.0000000000,18.4200000000,9.2500000000,2.0000000000,11.0000000000,4.0000000000,1.2100000000,1.0000000000,1.0000000000,4.0000000000,0.0000000000,2.0000000000,60.0000000000,541.0000000000,1.0000000000
0.0000000000,23.2500000000,5.8750000000,2.0000000000,11.0000000000,4.0000000000,3.1700000000,1.0000000000,1.0000000000,10.0000000000,0.0000000000,2.0000000000,120.0000000000,246.0000000000,1.0000000000
1.0000000000,23.5800000000,1.7900000000,2.0000000000,8.0000000000,4.0000000000,0.5400000000,0.0000000000,0.0000000000,0.0000000000,1.0000000000,2.0000000000,136.0000000000,2.0000000000,0.0000000000
1.0000000000,28.3300000000,5.0000000000,2.0000000000,9.0000000000,4.0000000000,11.0000000000,1.0000000000,0.0000000000,0.0000000000,1.0000000000,2.0000000000,70.0000000000,1.0000000000,1.0000000000
1.0000000000,25.6700000000,2.2100000000,1.0000000000,6.0000000000,4.0000000000,4.0000000000,1.0000000000,0.0000000000,0.0000000000,0.0000000000,2.0000000000,188.0000000000,1.0000000000,0.0000000000
0.0000000000,28.5800000000,1.6650000000,2.0000000000,11.0000000000,4.0000000000,2.4150000000,1.0000000000,0.0000000000,0.0000000000,1.0000000000,2.0000000000,440.0000000000,1.0000000000,0.0000000000
1.0000000000,22.9200000000,3.1650000000,1.0000000000,8.0000000000,4.0000000000,0.1650000000,0.0000000000,0.0000000000,0.0000000000,0.0000000000,2.0000000000,160.0000000000,1059.0000000000,0.0000000000
0.0000000000,24.5000000000,1.0400000000,1.0000000000,1.0000000000,1.0000000000,0.5000000000,1.0000000000,1.0000000000,3.0000000000,0.0000000000,2.0000000000,180.0000000000,148.0000000000,0.0000000000
1.0000000000,24.7500000000,0.5400000000,2.0000000000,7.0000000000,4.0000000000,1.0000000000,0.0000000000,0.0000000000,0.0000000000,1.0000000000,2.0000000000,120.0000000000,2.0000000000,0.0000000000
1.0000000000,32.0000000000,1.7500000000,1.0000000000,10.0000000000,8.0000000000,0.0400000000,1.0000000000,0.0000000000,0.0000000000,1.0000000000,2.0000000000,393.0000000000,1.0000000000,1.0000000000
1.0000000000,48.0800000000,3.7500000000,2.0000000000,3.0000000000,5.0000000000,1.0000000000,0.0000000000,0.0000000000,0.0000000000,0.0000000000,2.0000000000,100.0000000000,3.0000000000,0.0000000000
0.0000000000,28.4200000000,3.5000000000,2.0000000000,9.0000000000,4.0000000000,0.8350000000,1.0000000000,0.0000000000,0.0000000000,0.0000000000,1.0000000000,280.0000000000,1.0000000000,1.0000000000
1.0000000000,25.4200000000,0.5400000000,2.0000000000,9.0000000000,4.0000000000,0.1650000000,0.0000000000,1.0000000000,1.0000000000,0.0000000000,2.0000000000,272.0000000000,445.0000000000,0.0000000000
1.0000000000,18.5800000000,10.2900000000,2.0000000000,1.0000000000,1.0000000000,0.4150000000,0.0000000000,0.0000000000,0.0000000000,0.0000000000,2.0000000000,80.0000000000,1.0000000000,0.0000000000
1.0000000000,21.6700000000,1.1650000000,1.0000000000,4.0000000000,4.0000000000,2.5000000000,1.0000000000,1.0000000000,1.0000000000,0.0000000000,2.0000000000,180.0000000000,21.0000000000,0.0000000000
1.0000000000,24.5800000000,1.2500000000,2.0000000000,8.0000000000,4.0000000000,0.2500000000,0.0000000000,0.0000000000,0.0000000000,0.0000000000,2.0000000000,110.0000000000,1.0000000000,0.0000000000
1.0000000000,16.3300000000,4.0850000000,2.0000000000,3.0000000000,8.0000000000,0.4150000000,0.0000000000,0.0000000000,0.0000000000,1.0000000000,2.0000000000,120.0000000000,1.0000000000,0.0000000000
1.0000000000,26.7500000000,2.0000000000,2.0000000000,2.0000000000,4.0000000000,0.7500000000,0.0000000000,0.0000000000,0.0000000000,1.0000000000,2.0000000000,80.0000000000,1.0000000000,0.0000000000
1.0000000000,48.1700000000,3.5000000000,2.0000000000,6.0000000000,4.0000000000,3.5000000000,1.0000000000,0.0000000000,0.0000000000,0.0000000000,1.0000000000,230.0000000000,1.0000000000,1.0000000000
1.0000000000,23.5000000000,2.7500000000,2.0000000000,1.0000000000,1.0000000000,4.5000000000,0.0000000000,0.0000000000,0.0000000000,0.0000000000,2.0000000000,160.0000000000,26.0000000000,0.0000000000
0.0000000000,41.0000000000,2.0400000000,1.0000000000,11.0000000000,8.0000000000,0.1250000000,1.0000000000,1.0000000000,23.0000000000,1.0000000000,2.0000000000,455.0000000000,1237.0000000000,1.0000000000
1.0000000000,35.1700000000,25.1250000000,2.0000000000,14.0000000000,8.0000000000,1.6250000000,1.0000000000,1.0000000000,1.0000000000,1.0000000000,2.0000000000,515.0000000000,501.0000000000,1.0000000000
1.0000000000,23.7500000000,12.0000000000,2.0000000000,8.0000000000,4.0000000000,2.0850000000,0.0000000000,0.0000000000,0.0000000000,0.0000000000,1.0000000000,80.0000000000,1.0000000000,0.0000000000
1.0000000000,18.6700000000,5.0000000000,2.0000000000,11.0000000000,4.0000000000,0.3750000000,1.0000000000,1.0000000000,2.0000000000,0.0000000000,2.0000000000,0.0000000000,39.0000000000,0.0000000000
1.0000000000,30.3300000000,0.5000000000,2.0000000000,2.0000000000,8.0000000000,0.0850000000,0.0000000000,0.0000000000,0.0000000000,1.0000000000,1.0000000000,252.0000000000,1.0000000000,0.0000000000
0.0000000000,19.7500000000,0.7500000000,2.0000000000,8.0000000000,4.0000000000,0.7950000000,1.0000000000,1.0000000000,5.0000000000,1.0000000000,2.0000000000,140.0000000000,6.0000000000,0.0000000000
1.0000000000,26.1700000000,0.8350000000,2.0000000000,13.0000000000,4.0000000000,1.1650000000,0.0000000000,0.0000000000,0.0000000000,0.0000000000,2.0000000000,100.0000000000,1.0000000000,0.0000000000
1.0000000000,28.7500000000,1.5000000000,1.0000000000,8.0000000000,4.0000000000,1.5000000000,1.0000000000,0.0000000000,0.0000000000,1.0000000000,2.0000000000,0.0000000000,226.0000000000,0.0000000000
1.0000000000,28.6700000000,9.3350000000,2.0000000000,11.0000000000,8.0000000000,5.6650000000,1.0000000000,1.0000000000,6.0000000000,0.0000000000,2.0000000000,381.0000000000,169.0000000000,1.0000000000
1.0000000000,26.0000000000,1.0000000000,2.0000000000,11.0000000000,4.0000000000,1.7500000000,1.0000000000,0.0000000000,0.0000000000,1.0000000000,2.0000000000,280.0000000000,1.0000000000,1.0000000000
1.0000000000,23.5000000000,3.1650000000,1.0000000000,4.0000000000,4.0000000000,0.4150000000,0.0000000000,1.0000000000,1.0000000000,1.0000000000,2.0000000000,280.0000000000,81.0000000000,0.0000000000
1.0000000000,26.3300000000,13.0000000000,2.0000000000,10.0000000000,2.0000000000,0.0000000000,0.0000000000,0.0000000000,0.0000000000,1.0000000000,2.0000000000,140.0000000000,1111.0000000000,0.0000000000
1.0000000000,54.3300000000,6.7500000000,2.0000000000,8.0000000000,8.0000000000,2.6250000000,1.0000000000,1.0000000000,11.0000000000,1.0000000000,2.0000000000,0.0000000000,285.0000000000,1.0000000000
1.0000000000,31.5700000000,0.3750000000,2.0000000000,2.0000000000,4.0000000000,0.8750000000,1.0000000000,0.0000000000,0.0000000000,1.0000000000,1.0000000000,928.0000000000,1.0000000000,0.0000000000
0.0000000000,25.2500000000,12.5000000000,2.0000000000,2.0000000000,4.0000000000,1.0000000000,0.0000000000,0.0000000000,0.0000000000,1.0000000000,2.0000000000,180.0000000000,1063.0000000000,0.0000000000
1.0000000000,33.1700000000,3.1650000000,1.0000000000,14.0000000000,4.0000000000,3.1650000000,1.0000000000,1.0000000000,3.0000000000,1.0000000000,2.0000000000,380.0000000000,1.0000000000,1.0000000000
1.0000000000,39.5000000000,1.6250000000,2.0000000000,8.0000000000,4.0000000000,1.5000000000,0.0000000000,0.0000000000,0.0000000000,0.0000000000,2.0000000000,0.0000000000,317.0000000000,0.0000000000
0.0000000000,17.6700000000,0.0000000000,1.0000000000,5.0000000000,1.0000000000,0.0000000000,0.0000000000,0.0000000000,0.0000000000,0.0000000000,2.0000000000,86.0000000000,1.0000000000,0.0000000000
1.0000000000,23.9200000000,0.6650000000,2.0000000000,8.0000000000,4.0000000000,0.1650000000,0.0000000000,0.0000000000,0.0000000000,0.0000000000,2.0000000000,100.0000000000,1.0000000000,1.0000000000
1.0000000000,26.6700000000,2.7100000000,1.0000000000,13.0000000000,4.0000000000,5.2500000000,1.0000000000,1.0000000000,1.0000000000,0.0000000000,2.0000000000,211.0000000000,1.0000000000,1.0000000000
0.0000000000,22.5000000000,0.4150000000,2.0000000000,3.0000000000,4.0000000000,0.3350000000,0.0000000000,0.0000000000,0.0000000000,1.0000000000,1.0000000000,144.0000000000,1.0000000000,0.0000000000
1.0000000000,39.9200000000,0.5400000000,1.0000000000,6.0000000000,4.0000000000,0.5000000000,1.0000000000,1.0000000000,3.0000000000,0.0000000000,2.0000000000,200.0000000000,1001.0000000000,1.0000000000
0.0000000000,26.0800000000,8.6650000000,2.0000000000,6.0000000000,4.0000000000,1.4150000000,1.0000000000,0.0000000000,0.0000000000,0.0000000000,2.0000000000,160.0000000000,151.0000000000,1.0000000000
1.0000000000,20.0000000000,0.0000000000,2.0000000000,2.0000000000,4.0000000000,0.5000000000,0.0000000000,0.0000000000,0.0000000000,0.0000000000,2.0000000000,144.0000000000,1.0000000000,0.0000000000
1.0000000000,31.5700000000,4.0000000000,1.0000000000,3.0000000000,4.0000000000,0.0850000000,0.0000000000,0.0000000000,0.0000000000,1.0000000000,2.0000000000,411.0000000000,1.0000000000,0.0000000000
1.0000000000,26.7500000000,4.5000000000,1.0000000000,8.0000000000,5.0000000000,2.5000000000,0.0000000000,0.0000000000,0.0000000000,0.0000000000,2.0000000000,200.0000000000,1211.0000000000,0.0000000000
0.0000000000,24.9200000000,1.2500000000,2.0000000000,1.0000000000,1.0000000000,0.0000000000,1.0000000000,0.0000000000,0.0000000000,0.0000000000,2.0000000000,80.0000000000,1.0000000000,0.0000000000
0.0000000000,32.2500000000,1.5000000000,2.0000000000,8.0000000000,4.0000000000,0.2500000000,0.0000000000,0.0000000000,0.0000000000,1.0000000000,2.0000000000,372.0000000000,123.0000000000,0.0000000000
1.0000000000,17.6700000000,4.4600000000,2.0000000000,8.0000000000,4.0000000000,0.2500000000,0.0000000000,0.0000000000,0.0000000000,0.0000000000,1.0000000000,80.0000000000,1.0000000000,0.0000000000
0.0000000000,37.7500000000,5.5000000000,2.0000000000,11.0000000000,4.0000000000,0.1250000000,1.0000000000,0.0000000000,0.0000000000,1.0000000000,2.0000000000,228.0000000000,1.0000000000,1.0000000000
1.0000000000,22.6700000000,2.5400000000,1.0000000000,8.0000000000,8.0000000000,2.5850000000,1.0000000000,0.0000000000,0.0000000000,0.0000000000,2.0000000000,0.0000000000,1.0000000000,1.0000000000
0.0000000000,17.9200000000,10.2100000000,2.0000000000,1.0000000000,1.0000000000,0.0000000000,0.0000000000,0.0000000000,0.0000000000,0.0000000000,2.0000000000,0.0000000000,51.0000000000,0.0000000000
1.0000000000,24.4200000000,12.3350000000,2.0000000000,11.0000000000,8.0000000000,1.5850000000,1.0000000000,0.0000000000,0.0000000000,1.0000000000,2.0000000000,120.0000000000,1.0000000000,1.0000000000
0.0000000000,25.7500000000,0.5000000000,2.0000000000,8.0000000000,8.0000000000,0.8750000000,1.0000000000,0.0000000000,0.0000000000,1.0000000000,2.0000000000,491.0000000000,1.0000000000,1.0000000000
1.0000000000,26.1700000000,12.5000000000,1.0000000000,4.0000000000,8.0000000000,1.2500000000,0.0000000000,0.0000000000,0.0000000000,1.0000000000,2.0000000000,0.0000000000,18.0000000000,0.0000000000
0.0000000000,22.7500000000,6.1650000000,2.0000000000,6.0000000000,4.0000000000,0.1650000000,0.0000000000,0.0000000000,0.0000000000,0.0000000000,2.0000000000,220.0000000000,1001.0000000000,0.0000000000
1.0000000000,23.0000000000,0.7500000000,2.0000000000,7.0000000000,4.0000000000,0.5000000000,1.0000000000,0.0000000000,0.0000000000,1.0000000000,1.0000000000,320.0000000000,1.0000000000,0.0000000000
1.0000000000,25.6700000000,0.2900000000,1.0000000000,8.0000000000,4.0000000000,1.5000000000,0.0000000000,0.0000000000,0.0000000000,1.0000000000,2.0000000000,160.0000000000,1.0000000000,0.0000000000
1.0000000000,48.5800000000,0.2050000000,1.0000000000,4.0000000000,4.0000000000,0.2500000000,1.0000000000,1.0000000000,11.0000000000,0.0000000000,2.0000000000,380.0000000000,2733.0000000000,1.0000000000
1.0000000000,21.1700000000,0.0000000000,2.0000000000,8.0000000000,4.0000000000,0.5000000000,0.0000000000,0.0000000000,0.0000000000,1.0000000000,1.0000000000,0.0000000000,1.0000000000,0.0000000000
1.0000000000,35.2500000000,16.5000000000,1.0000000000,8.0000000000,4.0000000000,4.0000000000,1.0000000000,0.0000000000,0.0000000000,0.0000000000,2.0000000000,80.0000000000,1.0000000000,0.0000000000
0.0000000000,22.9200000000,11.5850000000,2.0000000000,13.0000000000,4.0000000000,0.0400000000,1.0000000000,0.0000000000,0.0000000000,0.0000000000,2.0000000000,80.0000000000,1350.0000000000,1.0000000000
0.0000000000,48.1700000000,1.3350000000,2.0000000000,3.0000000000,7.0000000000,0.3350000000,0.0000000000,0.0000000000,0.0000000000,0.0000000000,2.0000000000,0.0000000000,121.0000000000,0.0000000000
1.0000000000,43.0000000000,0.2900000000,1.0000000000,13.0000000000,8.0000000000,1.7500000000,1.0000000000,1.0000000000,8.0000000000,0.0000000000,2.0000000000,100.0000000000,376.0000000000,1.0000000000
1.0000000000,31.5700000000,10.5000000000,2.0000000000,14.0000000000,4.0000000000,6.5000000000,1.0000000000,0.0000000000,0.0000000000,0.0000000000,2.0000000000,0.0000000000,1.0000000000,1.0000000000
1.0000000000,20.6700000000,0.4150000000,2.0000000000,8.0000000000,4.0000000000,0.1250000000,0.0000000000,0.0000000000,0.0000000000,0.0000000000,2.0000000000,0.0000000000,45.0000000000,0.0000000000
0.0000000000,18.8300000000,9.5400000000,2.0000000000,6.0000000000,4.0000000000,0.0850000000,1.0000000000,0.0000000000,0.0000000000,0.0000000000,2.0000000000,100.0000000000,1.0000000000,1.0000000000
0.0000000000,27.4200000000,14.5000000000,2.0000000000,14.0000000000,8.0000000000,3.0850000000,1.0000000000,1.0000000000,1.0000000000,0.0000000000,2.0000000000,120.0000000000,12.0000000000,1.0000000000
1.0000000000,41.0000000000,0.0400000000,2.0000000000,10.0000000000,4.0000000000,0.0400000000,0.0000000000,1.0000000000,1.0000000000,0.0000000000,1.0000000000,560.0000000000,1.0000000000,1.0000000000
