0.0000000000,0.0294120000,1.0000000000,0.0549450000,1.0000000000,1.0000000000,0.6666700000,1.0000000000,0.0000000000,0.8571400000,1.0000000000,0.3333300000,0.0000000000,1.0000000000,0.0000000000,0.0000000000,0.0000000000,1.0000000000,0.0000000000,0.0000000000,1.0000000000,0.0000000000,0.0000000000,1.0000000000,-1.0000000000
0.3333300000,0.6470600000,0.5000000000,0.3186800000,0.0000000000,0.5000000000,0.3333300000,0.3333300000,0.0000000000,0.0535710000,1.0000000000,0.0000000000,0.0000000000,0.0000000000,0.0000000000,0.0000000000,0.0000000000,1.0000000000,0.0000000000,0.0000000000,1.0000000000,0.0000000000,0.0000000000,1.0000000000,1.0000000000
1.0000000000,0.1176500000,1.0000000000,0.1044000000,0.0000000000,0.7500000000,0.6666700000,0.6666700000,0.0000000000,0.5357100000,1.0000000000,0.0000000000,1.0000000000,0.0000000000,0.0000000000,0.0000000000,0.0000000000,1.0000000000,0.0000000000,0.0000000000,1.0000000000,0.0000000000,1.0000000000,0.0000000000,-1.0000000000
0.0000000000,0.5588200000,0.5000000000,0.4230800000,0.0000000000,0.7500000000,0.6666700000,1.0000000000,0.3333300000,0.4642900000,1.0000000000,0.0000000000,1.0000000000,0.0000000000,0.0000000000,0.0000000000,0.0000000000,0.0000000000,0.0000000000,0.0000000000,0.0000000000,0.0000000000,0.0000000000,1.0000000000,-1.0000000000
0.0000000000,0.2941200000,0.7500000000,0.2582400000,0.0000000000,0.5000000000,0.6666700000,1.0000000000,1.0000000000,0.6071400000,1.0000000000,0.3333300000,1.0000000000,0.0000000000,0.0000000000,1.0000000000,0.0000000000,1.0000000000,0.0000000000,0.0000000000,0.0000000000,0.0000000000,0.0000000000,1.0000000000,1.0000000000
1.0000000000,0.4705900000,0.5000000000,0.4890100000,1.0000000000,0.5000000000,0.6666700000,1.0000000000,1.0000000000,0.2857100000,1.0000000000,0.0000000000,1.0000000000,1.0000000000,0.0000000000,0.0000000000,0.0000000000,1.0000000000,0.0000000000,0.0000000000,0.0000000000,0.0000000000,1.0000000000,0.0000000000,-1.0000000000
1.0000000000,0.2941200000,0.5000000000,0.1428600000,0.5000000000,1.0000000000,0.6666700000,1.0000000000,0.3333300000,0.6071400000,1.0000000000,0.0000000000,0.0000000000,0.0000000000,0.0000000000,0.0000000000,0.0000000000,1.0000000000,0.0000000000,0.0000000000,1.0000000000,0.0000000000,0.0000000000,1.0000000000,-1.0000000000
0.3333300000,0.4705900000,0.5000000000,0.3681300000,0.0000000000,0.5000000000,0.6666700000,0.3333300000,0.6666700000,0.2857100000,1.0000000000,0.0000000000,0.0000000000,1.0000000000,0.0000000000,0.0000000000,1.0000000000,1.0000000000,0.0000000000,1.0000000000,0.0000000000,0.0000000000,0.0000000000,0.0000000000,-1.0000000000
1.0000000000,0.1176500000,0.5000000000,0.1593400000,0.7500000000,0.7500000000,0.0000000000,1.0000000000,0.0000000000,0.7500000000,1.0000000000,0.0000000000,0.0000000000,0.0000000000,0.0000000000,0.0000000000,0.0000000000,1.0000000000,0.0000000000,0.0000000000,1.0000000000,0.0000000000,1.0000000000,0.0000000000,-1.0000000000
0.3333300000,0.3823500000,1.0000000000,0.2747300000,0.0000000000,0.0000000000,1.0000000000,0.3333300000,0.6666700000,0.1607100000,1.0000000000,0.3333300000,0.0000000000,0.0000000000,0.0000000000,1.0000000000,0.0000000000,1.0000000000,0.0000000000,0.0000000000,1.0000000000,0.0000000000,0.0000000000,0.0000000000,1.0000000000
0.3333300000,0.1176500000,0.5000000000,0.0604390000,0.0000000000,0.2500000000,0.3333300000,0.0000000000,0.6666700000,0.1071400000,1.0000000000,0.0000000000,0.0000000000,0.0000000000,0.0000000000,1.0000000000,0.0000000000,1.0000000000,0.0000000000,1.0000000000,0.0000000000,0.0000000000,0.0000000000,1.0000000000,1.0000000000
0.0000000000,0.6470600000,0.5000000000,0.2252700000,0.0000000000,0.2500000000,0.3333300000,1.0000000000,0.3333300000,0.0892860000,1.0000000000,0.0000000000,0.0000000000,0.0000000000,0.0000000000,0.0000000000,0.0000000000,1.0000000000,0.0000000000,1.0000000000,0.0000000000,0.0000000000,0.0000000000,1.0000000000,1.0000000000
0.3333300000,0.1176500000,0.5000000000,0.0769230000,0.0000000000,0.5000000000,0.3333300000,0.0000000000,0.6666700000,0.0535710000,1.0000000000,0.0000000000,0.0000000000,1.0000000000,0.0000000000,0.0000000000,0.0000000000,1.0000000000,0.0000000000,0.0000000000,1.0000000000,0.0000000000,0.0000000000,1.0000000000,-1.0000000000
0.0000000000,0.2941200000,1.0000000000,0.0549450000,0.0000000000,1.0000000000,0.6666700000,1.0000000000,0.6666700000,0.7321400000,1.0000000000,0.3333300000,0.0000000000,0.0000000000,0.0000000000,1.0000000000,0.0000000000,1.0000000000,0.0000000000,0.0000000000,1.0000000000,0.0000000000,1.0000000000,0.0000000000,1.0000000000
0.0000000000,0.1617600000,0.5000000000,0.0659340000,0.0000000000,0.5000000000,0.3333300000,1.0000000000,0.6666700000,0.1607100000,1.0000000000,0.0000000000,0.0000000000,0.0000000000,0.0000000000,1.0000000000,0.0000000000,1.0000000000,0.0000000000,1.0000000000,0.0000000000,0.0000000000,0.0000000000,1.0000000000,-1.0000000000
0.0000000000,0.2941200000,0.5000000000,0.0604390000,0.2500000000,0.5000000000,0.3333300000,0.3333300000,0.6666700000,0.2321400000,1.0000000000,0.0000000000,0.0000000000,0.0000000000,0.0000000000,0.0000000000,0.0000000000,1.0000000000,0.0000000000,0.0000000000,1.0000000000,0.0000000000,1.0000000000,0.0000000000,1.0000000000
1.0000000000,0.2941200000,1.0000000000,0.1208800000,1.0000000000,1.0000000000,0.6666700000,1.0000000000,0.3333300000,0.6071400000,1.0000000000,0.3333300000,0.0000000000,0.0000000000,0.0000000000,0.0000000000,0.0000000000,1.0000000000,0.0000000000,0.0000000000,1.0000000000,0.0000000000,0.0000000000,1.0000000000,-1.0000000000
0.0000000000,0.3823500000,0.0000000000,0.4340700000,1.0000000000,0.2500000000,0.6666700000,0.6666700000,0.6666700000,0.1071400000,0.0000000000,0.6666700000,0.0000000000,0.0000000000,0.0000000000,0.0000000000,0.0000000000,1.0000000000,0.0000000000,0.0000000000,1.0000000000,0.0000000000,0.0000000000,1.0000000000,-1.0000000000
0.3333300000,0.2941200000,0.5000000000,0.6813200000,0.0000000000,1.0000000000,0.3333300000,0.3333300000,1.0000000000,0.4464300000,1.0000000000,0.0000000000,0.0000000000,1.0000000000,0.0000000000,0.0000000000,1.0000000000,1.0000000000,0.0000000000,0.0000000000,0.0000000000,0.0000000000,0.0000000000,0.0000000000,1.0000000000
1.0000000000,0.2941200000,0.5000000000,0.1758200000,0.5000000000,1.0000000000,0.6666700000,0.3333300000,0.6666700000,0.2142900000,1.0000000000,0.0000000000,1.0000000000,1.0000000000,0.0000000000,0.0000000000,0.0000000000,1.0000000000,0.0000000000,0.0000000000,1.0000000000,0.0000000000,0.0000000000,1.0000000000,-1.0000000000
1.0000000000,0.0735300000,1.0000000000,0.1044000000,0.0000000000,0.5000000000,0.6666700000,1.0000000000,0.6666700000,0.5178600000,1.0000000000,0.6666700000,0.0000000000,1.0000000000,0.0000000000,1.0000000000,0.0000000000,1.0000000000,0.0000000000,0.0000000000,1.0000000000,0.0000000000,0.0000000000,1.0000000000,-1.0000000000
0.0000000000,0.0294120000,0.5000000000,0.1318700000,0.5000000000,0.5000000000,0.6666700000,0.6666700000,0.0000000000,0.4464300000,1.0000000000,0.0000000000,1.0000000000,0.0000000000,0.0000000000,0.0000000000,0.0000000000,1.0000000000,0.0000000000,1.0000000000,0.0000000000,0.0000000000,0.0000000000,1.0000000000,-1.0000000000
0.0000000000,0.0882360000,1.0000000000,0.1098900000,0.0000000000,0.2500000000,0.6666700000,0.6666700000,0.0000000000,0.5178600000,1.0000000000,0.3333300000,1.0000000000,0.0000000000,1.0000000000,1.0000000000,0.0000000000,1.0000000000,0.0000000000,1.0000000000,0.0000000000,0.0000000000,1.0000000000,0.0000000000,-1.0000000000
0.3333300000,0.1176500000,1.0000000000,0.0879120000,0.2500000000,0.2500000000,0.6666700000,1.0000000000,0.3333300000,0.4464300000,1.0000000000,0.0000000000,0.0000000000,0.0000000000,0.0000000000,0.0000000000,1.0000000000,1.0000000000,0.0000000000,0.0000000000,1.0000000000,0.0000000000,0.0000000000,1.0000000000,-1.0000000000
1.0000000000,0.0882360000,1.0000000000,0.1044000000,1.0000000000,0.5000000000,1.0000000000,0.0000000000,0.6666700000,0.1250000000,1.0000000000,0.3333300000,0.0000000000,0.0000000000,1.0000000000,0.0000000000,0.0000000000,1.0000000000,0.0000000000,0.0000000000,1.0000000000,0.0000000000,0.0000000000,1.0000000000,-1.0000000000
0.0000000000,0.0294120000,0.5000000000,0.0659340000,0.0000000000,0.5000000000,0.6666700000,0.3333300000,0.0000000000,0.3035700000,0.0000000000,0.0000000000,0.0000000000,1.0000000000,0.0000000000,0.0000000000,0.0000000000,1.0000000000,0.0000000000,0.0000000000,1.0000000000,0.0000000000,1.0000000000,0.0000000000,-1.0000000000
1.0000000000,0.0294120000,0.0000000000,0.0109890000,0.0000000000,1.0000000000,1.0000000000,1.0000000000,0.6666700000,0.3571400000,1.0000000000,0.0000000000,0.0000000000,0.0000000000,0.0000000000,0.0000000000,0.0000000000,1.0000000000,0.0000000000,0.0000000000,1.0000000000,0.0000000000,1.0000000000,0.0000000000,-1.0000000000
0.6666700000,0.1176500000,0.2500000000,0.0109890000,0.7500000000,0.5000000000,0.3333300000,0.6666700000,0.0000000000,0.4107100000,1.0000000000,0.3333300000,0.0000000000,0.0000000000,0.0000000000,0.0000000000,0.0000000000,1.0000000000,0.0000000000,1.0000000000,0.0000000000,0.0000000000,0.0000000000,1.0000000000,-1.0000000000
0.3333300000,0.0441170000,0.5000000000,0.1208800000,0.0000000000,0.5000000000,0.6666700000,0.3333300000,0.0000000000,0.2678600000,1.0000000000,0.0000000000,0.0000000000,0.0000000000,0.0000000000,0.0000000000,0.0000000000,0.0000000000,0.0000000000,0.0000000000,1.0000000000,0.0000000000,0.0000000000,1.0000000000,-1.0000000000
0.0000000000,0.8235300000,0.7500000000,0.3626400000,0.0000000000,1.0000000000,0.6666700000,1.0000000000,1.0000000000,0.7857100000,1.0000000000,0.3333300000,0.0000000000,1.0000000000,0.0000000000,0.0000000000,0.0000000000,1.0000000000,0.0000000000,0.0000000000,1.0000000000,0.0000000000,0.0000000000,1.0000000000,1.0000000000
0.3333300000,0.2058800000,0.5000000000,0.0934070000,0.7500000000,0.2500000000,1.0000000000,0.6666700000,0.0000000000,0.3035700000,0.0000000000,0.0000000000,0.0000000000,1.0000000000,0.0000000000,0.0000000000,0.0000000000,1.0000000000,0.0000000000,0.0000000000,1.0000000000,0.0000000000,0.0000000000,1.0000000000,-1.0000000000
0.0000000000,0.2941200000,0.5000000000,0.2087900000,0.0000000000,0.5000000000,0.6666700000,0.3333300000,0.6666700000,0.1428600000,0.5000000000,0.0000000000,0.0000000000,0.0000000000,0.0000000000,0.0000000000,0.0000000000,1.0000000000,0.0000000000,0.0000000000,1.0000000000,0.0000000000,0.0000000000,1.0000000000,-1.0000000000
0.3333300000,0.2058800000,0.5000000000,0.3131900000,0.2500000000,0.5000000000,0.6666700000,0.3333300000,0.6666700000,0.1964300000,1.0000000000,0.3333300000,0.0000000000,1.0000000000,0.0000000000,1.0000000000,0.0000000000,1.0000000000,0.0000000000,0.0000000000,1.0000000000,0.0000000000,0.0000000000,1.0000000000,-1.0000000000
1.0000000000,0.1176500000,1.0000000000,0.0604390000,1.0000000000,1.0000000000,0.6666700000,1.0000000000,1.0000000000,0.6785700000,1.0000000000,0.0000000000,0.0000000000,0.0000000000,0.0000000000,0.0000000000,0.0000000000,1.0000000000,0.0000000000,1.0000000000,0.0000000000,0.0000000000,1.0000000000,0.0000000000,-1.0000000000
0.6666700000,0.1176500000,0.5000000000,0.0714290000,0.0000000000,0.2500000000,0.3333300000,0.0000000000,0.3333300000,0.2500000000,0.0000000000,0.0000000000,0.0000000000,1.0000000000,0.0000000000,0.0000000000,0.0000000000,1.0000000000,0.0000000000,0.0000000000,1.0000000000,0.0000000000,0.0000000000,0.0000000000,-1.0000000000
0.3333300000,0.6029400000,1.0000000000,0.2472500000,0.0000000000,0.2500000000,0.6666700000,0.3333300000,0.3333300000,0.1071400000,1.0000000000,0.3333300000,0.0000000000,0.0000000000,0.0000000000,0.0000000000,0.0000000000,1.0000000000,0.0000000000,0.0000000000,1.0000000000,0.0000000000,1.0000000000,0.0000000000,1.0000000000
1.0000000000,0.6470600000,1.0000000000,0.3241800000,0.0000000000,0.5000000000,0.6666700000,0.6666700000,1.0000000000,0.2142900000,0.0000000000,0.0000000000,0.0000000000,1.0000000000,0.0000000000,0.0000000000,0.0000000000,1.0000000000,0.0000000000,0.0000000000,0.0000000000,0.0000000000,0.0000000000,1.0000000000,-1.0000000000
0.6666700000,0.2058800000,0.5000000000,0.1044000000,0.0000000000,0.5000000000,0.6666700000,0.3333300000,0.0000000000,0.3214300000,0.5000000000,0.0000000000,0.0000000000,0.0000000000,0.0000000000,0.0000000000,0.0000000000,0.0000000000,1.0000000000,0.0000000000,1.0000000000,0.0000000000,0.0000000000,1.0000000000,1.0000000000
0.6666700000,0.0882360000,0.5000000000,0.0549450000,0.0000000000,0.5000000000,0.6666700000,0.3333300000,0.6666700000,0.3214300000,1.0000000000,0.0000000000,0.0000000000,1.0000000000,0.0000000000,0.0000000000,0.0000000000,1.0000000000,0.0000000000,0.0000000000,1.0000000000,0.0000000000,0.0000000000,1.0000000000,-1.0000000000
0.3333300000,0.0735300000,0.5000000000,0.0164830000,0.0000000000,0.5000000000,0.6666700000,0.6666700000,0.0000000000,0.0892860000,1.0000000000,0.0000000000,0.0000000000,0.0000000000,0.0000000000,0.0000000000,0.0000000000,1.0000000000,0.0000000000,0.0000000000,1.0000000000,0.0000000000,0.0000000000,1.0000000000,-1.0000000000
1.0000000000,0.3823500000,0.5000000000,0.1153800000,0.5000000000,1.0000000000,0.6666700000,0.3333300000,0.6666700000,0.1964300000,0.0000000000,0.0000000000,0.0000000000,0.0000000000,0.0000000000,0.0000000000,0.0000000000,1.0000000000,0.0000000000,0.0000000000,1.0000000000,0.0000000000,0.0000000000,0.0000000000,-1.0000000000
0.3333300000,0.1176500000,0.5000000000,0.0549450000,0.5000000000,0.5000000000,0.0000000000,0.0000000000,0.6666700000,0.1250000000,1.0000000000,0.0000000000,0.0000000000,1.0000000000,0.0000000000,0.0000000000,0.0000000000,1.0000000000,0.0000000000,0.0000000000,1.0000000000,0.0000000000,0.0000000000,1.0000000000,-1.0000000000
0.3333300000,0.2058800000,0.7500000000,0.3296700000,0.0000000000,0.5000000000,0.6666700000,1.0000000000,0.0000000000,0.4464300000,1.0000000000,0.0000000000,1.0000000000,1.0000000000,0.0000000000,0.0000000000,0.0000000000,1.0000000000,0.0000000000,0.0000000000,1.0000000000,0.0000000000,1.0000000000,0.0000000000,-1.0000000000
0.0000000000,0.3823500000,1.0000000000,0.3296700000,0.2500000000,0.7500000000,1.0000000000,1.0000000000,0.6666700000,0.0892860000,1.0000000000,0.3333300000,0.0000000000,0.0000000000,0.0000000000,0.0000000000,1.0000000000,1.0000000000,0.0000000000,1.0000000000,0.0000000000,0.0000000000,0.0000000000,1.0000000000,-1.0000000000
0.0000000000,0.6470600000,1.0000000000,0.3241800000,0.0000000000,1.0000000000,0.3333300000,1.0000000000,1.0000000000,0.6964300000,0.5000000000,0.3333300000,0.0000000000,0.0000000000,0.0000000000,0.0000000000,1.0000000000,1.0000000000,0.0000000000,0.0000000000,0.0000000000,0.0000000000,1.0000000000,0.0000000000,1.0000000000
1.0000000000,0.1029400000,1.0000000000,0.0659340000,0.0000000000,0.2500000000,0.3333300000,1.0000000000,0.6666700000,0.2857100000,1.0000000000,0.3333300000,0.0000000000,0.0000000000,0.0000000000,1.0000000000,0.0000000000,1.0000000000,0.0000000000,0.0000000000,1.0000000000,0.0000000000,0.0000000000,0.0000000000,-1.0000000000
1.0000000000,0.4705900000,0.5000000000,0.1153800000,0.5000000000,1.0000000000,0.6666700000,1.0000000000,0.6666700000,0.3571400000,1.0000000000,0.0000000000,0.0000000000,0.0000000000,0.0000000000,0.0000000000,0.0000000000,1.0000000000,0.0000000000,0.0000000000,1.0000000000,0.0000000000,0.0000000000,1.0000000000,-1.0000000000
0.0000000000,0.0294120000,0.5000000000,0.0659340000,0.5000000000,0.0000000000,0.3333300000,0.3333300000,0.3333300000,0.0714290000,1.0000000000,0.0000000000,0.0000000000,1.0000000000,0.0000000000,0.0000000000,1.0000000000,1.0000000000,0.0000000000,1.0000000000,0.0000000000,1.0000000000,0.0000000000,0.0000000000,-1.0000000000
1.0000000000,0.1029400000,1.0000000000,0.3846200000,0.0000000000,0.5000000000,0.6666700000,1.0000000000,0.3333300000,0.3571400000,1.0000000000,0.3333300000,0.0000000000,0.0000000000,0.0000000000,1.0000000000,0.0000000000,1.0000000000,0.0000000000,0.0000000000,1.0000000000,0.0000000000,1.0000000000,0.0000000000,-1.0000000000
1.0000000000,0.1176500000,0.5000000000,0.1044000000,0.2500000000,0.5000000000,0.3333300000,0.3333300000,0.0000000000,0.1607100000,1.0000000000,0.0000000000,0.0000000000,0.0000000000,0.0000000000,0.0000000000,0.0000000000,0.0000000000,1.0000000000,0.0000000000,1.0000000000,0.0000000000,0.0000000000,1.0000000000,-1.0000000000
0.3333300000,0.2941200000,0.7500000000,0.1153800000,1.0000000000,0.2500000000,0.6666700000,0.3333300000,0.3333300000,0.1785700000,0.0000000000,0.0000000000,0.0000000000,0.0000000000,0.0000000000,0.0000000000,0.0000000000,1.0000000000,0.0000000000,0.0000000000,1.0000000000,0.0000000000,1.0000000000,0.0000000000,-1.0000000000
0.3333300000,0.3382400000,0.7500000000,0.3186800000,0.0000000000,1.0000000000,0.6666700000,0.3333300000,0.6666700000,0.1964300000,1.0000000000,0.3333300000,0.0000000000,1.0000000000,0.0000000000,0.0000000000,1.0000000000,1.0000000000,0.0000000000,0.0000000000,1.0000000000,0.0000000000,0.0000000000,0.0000000000,-1.0000000000
1.0000000000,0.1176500000,0.5000000000,0.0604390000,0.0000000000,0.5000000000,0.6666700000,0.3333300000,0.6666700000,0.1071400000,1.0000000000,0.0000000000,0.0000000000,0.0000000000,0.0000000000,0.0000000000,0.0000000000,1.0000000000,0.0000000000,0.0000000000,1.0000000000,0.0000000000,0.0000000000,1.0000000000,-1.0000000000
1.0000000000,0.2058800000,0.5000000000,0.1758200000,1.0000000000,0.5000000000,0.6666700000,0.0000000000,0.3333300000,0.2142900000,1.0000000000,0.0000000000,0.0000000000,1.0000000000,0.0000000000,0.0000000000,1.0000000000,1.0000000000,0.0000000000,0.0000000000,1.0000000000,0.0000000000,0.0000000000,1.0000000000,-1.0000000000
0.3333300000,0.4705900000,0.7500000000,0.1098900000,0.0000000000,1.0000000000,0.6666700000,1.0000000000,1.0000000000,0.6785700000,0.0000000000,0.3333300000,0.0000000000,1.0000000000,0.0000000000,1.0000000000,0.0000000000,1.0000000000,0.0000000000,0.0000000000,0.0000000000,0.0000000000,0.0000000000,1.0000000000,1.0000000000
1.0000000000,0.0294120000,0.2500000000,0.0329670000,1.0000000000,0.5000000000,0.6666700000,0.3333300000,0.0000000000,0.1250000000,0.5000000000,0.0000000000,1.0000000000,0.0000000000,0.0000000000,1.0000000000,0.0000000000,0.0000000000,0.0000000000,0.0000000000,1.0000000000,0.0000000000,1.0000000000,0.0000000000,-1.0000000000
0.3333300000,0.1176500000,0.5000000000,0.3461500000,1.0000000000,0.0000000000,0.6666700000,0.0000000000,1.0000000000,0.5892900000,1.0000000000,0.0000000000,0.0000000000,1.0000000000,0.0000000000,0.0000000000,0.0000000000,1.0000000000,0.0000000000,0.0000000000,1.0000000000,0.0000000000,0.0000000000,0.0000000000,1.0000000000
1.0000000000,0.4705900000,1.0000000000,0.5164800000,0.0000000000,0.5000000000,0.3333300000,0.3333300000,0.6666700000,0.2142900000,0.5000000000,0.3333300000,0.0000000000,0.0000000000,0.0000000000,0.0000000000,0.0000000000,1.0000000000,0.0000000000,0.0000000000,1.0000000000,0.0000000000,0.0000000000,1.0000000000,-1.0000000000
0.6666700000,0.2058800000,0.5000000000,0.0989010000,0.0000000000,1.0000000000,0.3333300000,0.3333300000,0.6666700000,0.0714290000,1.0000000000,0.0000000000,0.0000000000,0.0000000000,0.0000000000,1.0000000000,0.0000000000,1.0000000000,0.0000000000,0.0000000000,1.0000000000,0.0000000000,0.0000000000,0.0000000000,-1.0000000000
0.0000000000,0.4705900000,1.0000000000,0.3296700000,0.0000000000,0.2500000000,0.3333300000,1.0000000000,1.0000000000,0.0714290000,1.0000000000,0.3333300000,0.0000000000,1.0000000000,0.0000000000,0.0000000000,0.0000000000,0.0000000000,1.0000000000,1.0000000000,0.0000000000,0.0000000000,1.0000000000,0.0000000000,1.0000000000
0.3333300000,0.0735300000,0.5000000000,0.0659340000,0.0000000000,0.5000000000,1.0000000000,0.0000000000,0.0000000000,0.1428600000,0.0000000000,0.0000000000,0.0000000000,1.0000000000,0.0000000000,0.0000000000,0.0000000000,1.0000000000,0.0000000000,0.0000000000,1.0000000000,0.0000000000,0.0000000000,1.0000000000,-1.0000000000
0.3333300000,0.1617600000,1.0000000000,0.0714290000,1.0000000000,1.0000000000,0.6666700000,1.0000000000,0.0000000000,0.5535700000,1.0000000000,0.3333300000,0.0000000000,1.0000000000,0.0000000000,0.0000000000,0.0000000000,0.0000000000,0.0000000000,0.0000000000,1.0000000000,0.0000000000,0.0000000000,1.0000000000,-1.0000000000
0.3333300000,0.4705900000,0.0000000000,0.0989010000,0.0000000000,1.0000000000,0.6666700000,1.0000000000,1.0000000000,0.7500000000,1.0000000000,0.0000000000,0.0000000000,1.0000000000,0.0000000000,0.0000000000,0.0000000000,1.0000000000,0.0000000000,0.0000000000,0.0000000000,0.0000000000,0.0000000000,0.0000000000,1.0000000000
0.3333300000,0.6470600000,0.0000000000,0.7802200000,0.0000000000,0.5000000000,0.6666700000,0.3333300000,0.6666700000,0.1071400000,1.0000000000,0.0000000000,0.0000000000,1.0000000000,0.0000000000,0.0000000000,0.0000000000,1.0000000000,0.0000000000,0.0000000000,1.0000000000,0.0000000000,0.0000000000,1.0000000000,1.0000000000
1.0000000000,0.2941200000,0.5000000000,0.1648400000,0.0000000000,0.2500000000,0.3333300000,1.0000000000,0.3333300000,0.1250000000,1.0000000000,0.0000000000,0.0000000000,1.0000000000,0.0000000000,0.0000000000,0.0000000000,1.0000000000,0.0000000000,0.0000000000,1.0000000000,0.0000000000,0.0000000000,1.0000000000,-1.0000000000
1.0000000000,0.3382400000,0.5000000000,0.2747300000,1.0000000000,1.0000000000,0.6666700000,1.0000000000,0.3333300000,0.5178600000,1.0000000000,1.0000000000,1.0000000000,1.0000000000,0.0000000000,0.0000000000,0.0000000000,1.0000000000,0.0000000000,0.0000000000,1.0000000000,0.0000000000,0.0000000000,1.0000000000,-1.0000000000
1.0000000000,0.1176500000,0.5000000000,0.1098900000,0.0000000000,0.2500000000,0.3333300000,0.3333300000,0.6666700000,0.1785700000,0.0000000000,0.0000000000,0.0000000000,0.0000000000,0.0000000000,0.0000000000,0.0000000000,1.0000000000,0.0000000000,0.0000000000,1.0000000000,0.0000000000,0.0000000000,1.0000000000,-1.0000000000
0.3333300000,0.1176500000,0.5000000000,0.0439560000,0.7500000000,0.5000000000,1.0000000000,0.0000000000,0.0000000000,0.0535710000,1.0000000000,0.0000000000,0.0000000000,0.0000000000,0.0000000000,1.0000000000,0.0000000000,1.0000000000,0.0000000000,0.0000000000,1.0000000000,0.0000000000,0.0000000000,1.0000000000,-1.0000000000
1.0000000000,0.4705900000,0.5000000000,0.0879120000,0.0000000000,0.5000000000,0.6666700000,1.0000000000,1.0000000000,0.3214300000,0.5000000000,0.0000000000,0.0000000000,1.0000000000,0.0000000000,0.0000000000,0.0000000000,1.0000000000,0.0000000000,0.0000000000,0.0000000000,0.0000000000,0.0000000000,1.0000000000,1.0000000000
1.0000000000,0.4705900000,0.5000000000,0.1208800000,1.0000000000,0.5000000000,0.3333300000,1.0000000000,0.6666700000,0.1071400000,1.0000000000,0.0000000000,0.0000000000,0.0000000000,0.0000000000,0.0000000000,0.0000000000,1.0000000000,0.0000000000,0.0000000000,1.0000000000,0.0000000000,0.0000000000,1.0000000000,-1.0000000000
1.0000000000,0.4705900000,0.5000000000,0.4340700000,0.0000000000,0.5000000000,0.3333300000,0.3333300000,0.3333300000,0.1964300000,0.0000000000,0.0000000000,0.0000000000,0.0000000000,0.0000000000,0.0000000000,1.0000000000,1.0000000000,0.0000000000,0.0000000000,1.0000000000,0.0000000000,0.0000000000,1.0000000000,-1.0000000000
1.0000000000,0.0441170000,1.0000000000,0.0274730000,1.0000000000,1.0000000000,0.6666700000,0.3333300000,0.3333300000,0.4821400000,1.0000000000,0.3333300000,0.0000000000,1.0000000000,0.0000000000,0.0000000000,0.0000000000,1.0000000000,0.0000000000,1.0000000000,0.0000000000,0.0000000000,1.0000000000,0.0000000000,-1.0000000000
0.0000000000,0.0588230000,1.0000000000,0.0549450000,0.0000000000,1.0000000000,0.6666700000,1.0000000000,1.0000000000,0.5714300000,0.0000000000,0.3333300000,1.0000000000,1.0000000000,0.0000000000,0.0000000000,0.0000000000,1.0000000000,0.0000000000,0.0000000000,0.0000000000,0.0000000000,0.0000000000,0.0000000000,-1.0000000000
0.3333300000,0.5588200000,1.0000000000,0.3186800000,0.0000000000,0.7500000000,0.3333300000,0.0000000000,0.0000000000,0.3928600000,0.0000000000,0.3333300000,0.0000000000,0.0000000000,0.0000000000,0.0000000000,0.0000000000,1.0000000000,0.0000000000,0.0000000000,1.0000000000,0.0000000000,1.0000000000,0.0000000000,-1.0000000000
0.0000000000,0.4705900000,0.5000000000,0.0989010000,1.0000000000,1.0000000000,0.6666700000,1.0000000000,1.0000000000,0.3750000000,1.0000000000,0.0000000000,0.0000000000,1.0000000000,0.0000000000,0.0000000000,0.0000000000,1.0000000000,0.0000000000,0.0000000000,1.0000000000,0.0000000000,0.0000000000,0.0000000000,1.0000000000
0.0000000000,0.1176500000,1.0000000000,0.0714290000,0.0000000000,1.0000000000,0.6666700000,1.0000000000,1.0000000000,0.8392900000,1.0000000000,0.3333300000,0.0000000000,0.0000000000,0.0000000000,0.0000000000,1.0000000000,1.0000000000,0.0000000000,0.0000000000,0.0000000000,0.0000000000,0.0000000000,0.0000000000,-1.0000000000
0.0000000000,0.5588200000,0.5000000000,0.2087900000,0.0000000000,0.2500000000,0.6666700000,0.6666700000,0.6666700000,0.2678600000,1.0000000000,0.0000000000,0.0000000000,0.0000000000,0.0000000000,0.0000000000,0.0000000000,1.0000000000,0.0000000000,0.0000000000,1.0000000000,0.0000000000,0.0000000000,1.0000000000,1.0000000000
0.3333300000,0.1029400000,0.7500000000,0.2527500000,0.0000000000,0.7500000000,0.6666700000,1.0000000000,0.3333300000,0.5714300000,1.0000000000,0.0000000000,0.0000000000,0.0000000000,0.0000000000,0.0000000000,0.0000000000,1.0000000000,0.0000000000,0.0000000000,1.0000000000,0.0000000000,0.0000000000,1.0000000000,-1.0000000000
1.0000000000,0.7352900000,0.0000000000,0.5054900000,1.0000000000,0.5000000000,0.6666700000,0.3333300000,0.3333300000,0.3571400000,1.0000000000,0.0000000000,1.0000000000,0.0000000000,0.0000000000,0.0000000000,1.0000000000,1.0000000000,0.0000000000,0.0000000000,1.0000000000,0.0000000000,1.0000000000,0.0000000000,-1.0000000000
0.3333300000,0.3823500000,0.5000000000,0.1978000000,0.0000000000,0.2500000000,1.0000000000,0.0000000000,0.3333300000,0.0535710000,1.0000000000,0.0000000000,0.0000000000,0.0000000000,0.0000000000,0.0000000000,0.0000000000,1.0000000000,0.0000000000,0.0000000000,1.0000000000,0.0000000000,0.0000000000,1.0000000000,-1.0000000000
1.0000000000,0.2941200000,0.5000000000,0.3131900000,1.0000000000,0.2500000000,0.3333300000,0.0000000000,0.6666700000,0.4464300000,1.0000000000,0.3333300000,0.0000000000,1.0000000000,0.0000000000,0.0000000000,0.0000000000,1.0000000000,0.0000000000,0.0000000000,1.0000000000,0.0000000000,0.0000000000,1.0000000000,1.0000000000
1.0000000000,0.1617600000,0.5000000000,0.0549450000,0.5000000000,1.0000000000,0.6666700000,0.6666700000,0.3333300000,0.5000000000,0.5000000000,0.0000000000,0.0000000000,1.0000000000,0.0000000000,0.0000000000,0.0000000000,1.0000000000,0.0000000000,0.0000000000,1.0000000000,0.0000000000,0.0000000000,1.0000000000,-1.0000000000
1.0000000000,0.2058800000,0.5000000000,0.0769230000,0.2500000000,0.5000000000,0.3333300000,1.0000000000,0.3333300000,0.0892860000,1.0000000000,0.0000000000,0.0000000000,0.0000000000,0.0000000000,0.0000000000,0.0000000000,1.0000000000,0.0000000000,1.0000000000,0.0000000000,0.0000000000,1.0000000000,0.0000000000,-1.0000000000
0.0000000000,0.2941200000,0.5000000000,0.0879120000,0.0000000000,1.0000000000,0.3333300000,1.0000000000,0.0000000000,0.6964300000,1.0000000000,0.0000000000,0.0000000000,1.0000000000,0.0000000000,0.0000000000,0.0000000000,0.0000000000,0.0000000000,0.0000000000,1.0000000000,0.0000000000,1.0000000000,0.0000000000,-1.0000000000
0.0000000000,0.0882360000,0.5000000000,0.1153800000,0.0000000000,1.0000000000,0.6666700000,1.0000000000,0.0000000000,0.5892900000,1.0000000000,0.0000000000,0.0000000000,0.0000000000,0.0000000000,0.0000000000,0.0000000000,1.0000000000,0.0000000000,0.0000000000,1.0000000000,0.0000000000,1.0000000000,0.0000000000,-1.0000000000
1.0000000000,0.1176500000,1.0000000000,0.0659340000,0.0000000000,0.5000000000,0.3333300000,0.3333300000,0.0000000000,0.1785700000,1.0000000000,0.3333300000,0.0000000000,1.0000000000,0.0000000000,0.0000000000,0.0000000000,0.0000000000,0.0000000000,0.0000000000,1.0000000000,0.0000000000,0.0000000000,0.0000000000,-1.0000000000
0.3333300000,0.2058800000,1.0000000000,0.0604390000,0.0000000000,0.2500000000,0.3333300000,0.0000000000,0.3333300000,0.1428600000,1.0000000000,0.3333300000,0.0000000000,0.0000000000,0.0000000000,0.0000000000,0.0000000000,1.0000000000,0.0000000000,0.0000000000,1.0000000000,0.0000000000,0.0000000000,1.0000000000,-1.0000000000
0.3333300000,0.4705900000,0.5000000000,0.6813200000,0.2500000000,0.5000000000,0.6666700000,1.0000000000,1.0000000000,0.5000000000,1.0000000000,0.0000000000,1.0000000000,1.0000000000,0.0000000000,0.0000000000,0.0000000000,1.0000000000,0.0000000000,0.0000000000,0.0000000000,0.0000000000,0.0000000000,1.0000000000,1.0000000000
0.0000000000,0.2058800000,0.5000000000,0.1098900000,0.2500000000,0.7500000000,0.6666700000,0.6666700000,0.6666700000,0.1964300000,1.0000000000,0.0000000000,1.0000000000,1.0000000000,0.0000000000,1.0000000000,0.0000000000,1.0000000000,0.0000000000,0.0000000000,1.0000000000,0.0000000000,0.0000000000,0.0000000000,-1.0000000000
0.0000000000,0.1176500000,0.0000000000,0.0494510000,0.0000000000,0.7500000000,0.6666700000,0.6666700000,0.0000000000,0.1607100000,1.0000000000,0.3333300000,0.0000000000,0.0000000000,0.0000000000,0.0000000000,0.0000000000,1.0000000000,0.0000000000,0.0000000000,1.0000000000,0.0000000000,0.0000000000,1.0000000000,1.0000000000
1.0000000000,0.1176500000,1.0000000000,0.0219780000,0.0000000000,1.0000000000,0.6666700000,1.0000000000,0.0000000000,0.6607100000,1.0000000000,0.0000000000,0.0000000000,0.0000000000,0.0000000000,0.0000000000,0.0000000000,1.0000000000,0.0000000000,0.0000000000,1.0000000000,0.0000000000,0.0000000000,1.0000000000,-1.0000000000
0.0000000000,0.1176500000,1.0000000000,0.0659340000,0.0000000000,1.0000000000,0.6666700000,0.6666700000,0.0000000000,0.6250000000,1.0000000000,0.0000000000,0.0000000000,0.0000000000,0.0000000000,0.0000000000,1.0000000000,1.0000000000,0.0000000000,0.0000000000,1.0000000000,0.0000000000,0.0000000000,1.0000000000,-1.0000000000
1.0000000000,0.1176500000,1.0000000000,0.0329670000,1.0000000000,1.0000000000,0.3333300000,0.6666700000,0.3333300000,0.2500000000,0.0000000000,0.0000000000,1.0000000000,0.0000000000,0.0000000000,0.0000000000,0.0000000000,1.0000000000,0.0000000000,0.0000000000,1.0000000000,0.0000000000,1.0000000000,0.0000000000,1.0000000000
0.6666700000,0.2941200000,1.0000000000,0.1868100000,1.0000000000,1.0000000000,0.6666700000,1.0000000000,1.0000000000,0.0178570000,1.0000000000,0.3333300000,0.0000000000,0.0000000000,0.0000000000,0.0000000000,0.0000000000,0.0000000000,1.0000000000,1.0000000000,0.0000000000,0.0000000000,0.0000000000,1.0000000000,-1.0000000000
0.3333300000,0.1176500000,0.5000000000,0.0604390000,0.7500000000,1.0000000000,0.6666700000,1.0000000000,0.0000000000,0.6250000000,1.0000000000,0.0000000000,0.0000000000,1.0000000000,0.0000000000,1.0000000000,0.0000000000,1.0000000000,0.0000000000,0.0000000000,1.0000000000,0.0000000000,0.0000000000,1.0000000000,-1.0000000000
0.3333300000,0.7352900000,0.0000000000,0.8626400000,0.0000000000,0.2500000000,0.6666700000,1.0000000000,1.0000000000,0.6964300000,1.0000000000,0.0000000000,0.0000000000,1.0000000000,0.0000000000,0.0000000000,0.0000000000,1.0000000000,0.0000000000,1.0000000000,0.0000000000,0.0000000000,0.0000000000,1.0000000000,1.0000000000
1.0000000000,0.1176500000,1.0000000000,0.0989010000,1.0000000000,0.7500000000,0.3333300000,0.3333300000,0.6666700000,0.7500000000,1.0000000000,0.0000000000,0.0000000000,0.0000000000,0.0000000000,0.0000000000,0.0000000000,1.0000000000,0.0000000000,0.0000000000,1.0000000000,0.0000000000,0.0000000000,1.0000000000,-1.0000000000
0.3333300000,0.2058800000,0.5000000000,0.1318700000,0.2500000000,0.5000000000,0.6666700000,1.0000000000,0.6666700000,0.2678600000,1.0000000000,0.0000000000,0.0000000000,0.0000000000,0.0000000000,0.0000000000,0.0000000000,1.0000000000,0.0000000000,0.0000000000,1.0000000000,0.0000000000,0.0000000000,1.0000000000,-1.0000000000
0.3333300000,0.4705900000,1.0000000000,0.1153800000,0.0000000000,1.0000000000,0.6666700000,1.0000000000,0.0000000000,0.3035700000,1.0000000000,0.0000000000,0.0000000000,0.0000000000,0.0000000000,0.0000000000,0.0000000000,1.0000000000,0.0000000000,0.0000000000,1.0000000000,0.0000000000,0.0000000000,1.0000000000,-1.0000000000
0.3333300000,0.2352900000,0.7500000000,0.3791200000,1.0000000000,0.7500000000,0.6666700000,1.0000000000,0.3333300000,0.3035700000,0.0000000000,0.3333300000,1.0000000000,1.0000000000,0.0000000000,0.0000000000,1.0000000000,1.0000000000,0.0000000000,1.0000000000,0.0000000000,0.0000000000,0.0000000000,0.0000000000,-1.0000000000
1.0000000000,0.2941200000,0.5000000000,0.0714290000,0.2500000000,1.0000000000,1.0000000000,1.0000000000,0.0000000000,0.3928600000,1.0000000000,0.0000000000,0.0000000000,0.0000000000,0.0000000000,1.0000000000,0.0000000000,1.0000000000,0.0000000000,1.0000000000,0.0000000000,0.0000000000,1.0000000000,0.0000000000,-1.0000000000
0.3333300000,0.4705900000,0.5000000000,0.1153800000,0.0000000000,0.7500000000,0.6666700000,1.0000000000,0.6666700000,0.0892860000,1.0000000000,0.0000000000,0.0000000000,0.0000000000,0.0000000000,0.0000000000,0.0000000000,1.0000000000,0.0000000000,1.0000000000,0.0000000000,0.0000000000,0.0000000000,1.0000000000,-1.0000000000
1.0000000000,0.0294120000,0.7500000000,0.0384610000,0.0000000000,0.5000000000,0.3333300000,0.3333300000,0.0000000000,0.0892860000,1.0000000000,0.0000000000,0.0000000000,0.0000000000,0.0000000000,0.0000000000,0.0000000000,1.0000000000,0.0000000000,0.0000000000,1.0000000000,0.0000000000,0.0000000000,1.0000000000,-1.0000000000
0.3333300000,0.0735300000,1.0000000000,0.0934070000,0.0000000000,0.7500000000,0.6666700000,0.6666700000,0.6666700000,0.2857100000,1.0000000000,0.0000000000,0.0000000000,1.0000000000,0.0000000000,0.0000000000,0.0000000000,1.0000000000,0.0000000000,1.0000000000,0.0000000000,0.0000000000,0.0000000000,1.0000000000,-1.0000000000
1.0000000000,0.1176500000,0.5000000000,0.1208800000,1.0000000000,0.2500000000,1.0000000000,1.0000000000,0.6666700000,0.1250000000,1.0000000000,0.0000000000,0.0000000000,1.0000000000,0.0000000000,0.0000000000,1.0000000000,1.0000000000,0.0000000000,1.0000000000,0.0000000000,0.0000000000,0.0000000000,1.0000000000,-1.0000000000
0.3333300000,0.2941200000,1.0000000000,0.6428600000,0.0000000000,0.5000000000,0.6666700000,0.6666700000,0.6666700000,0.3571400000,1.0000000000,0.3333300000,1.0000000000,1.0000000000,0.0000000000,0.0000000000,0.0000000000,0.0000000000,1.0000000000,0.0000000000,1.0000000000,0.0000000000,0.0000000000,0.0000000000,1.0000000000
1.0000000000,0.2058800000,0.2500000000,0.3461500000,0.0000000000,1.0000000000,0.6666700000,1.0000000000,1.0000000000,0.3571400000,0.0000000000,0.3333300000,1.0000000000,1.0000000000,0.0000000000,1.0000000000,0.0000000000,1.0000000000,0.0000000000,0.0000000000,1.0000000000,0.0000000000,0.0000000000,0.0000000000,1.0000000000
0.3333300000,0.1176500000,0.5000000000,0.3241800000,0.0000000000,0.7500000000,0.6666700000,0.3333300000,0.6666700000,0.2321400000,1.0000000000,0.0000000000,0.0000000000,0.0000000000,0.0000000000,1.0000000000,0.0000000000,1.0000000000,0.0000000000,0.0000000000,1.0000000000,0.0000000000,0.0000000000,1.0000000000,-1.0000000000
0.0000000000,0.2941200000,0.5000000000,0.4120900000,1.0000000000,0.2500000000,0.3333300000,0.3333300000,0.3333300000,0.1964300000,1.0000000000,0.0000000000,0.0000000000,1.0000000000,1.0000000000,0.0000000000,0.0000000000,1.0000000000,0.0000000000,0.0000000000,1.0000000000,0.0000000000,0.0000000000,1.0000000000,-1.0000000000
0.3333300000,0.1470600000,0.5000000000,0.0659340000,0.5000000000,1.0000000000,1.0000000000,0.3333300000,0.0000000000,0.2857100000,1.0000000000,0.0000000000,0.0000000000,1.0000000000,0.0000000000,0.0000000000,0.0000000000,1.0000000000,0.0000000000,0.0000000000,1.0000000000,0.0000000000,0.0000000000,1.0000000000,-1.0000000000
0.3333300000,0.0294120000,0.7500000000,0.0659340000,0.2500000000,1.0000000000,0.0000000000,0.3333300000,0.6666700000,0.2142900000,0.0000000000,0.3333300000,1.0000000000,0.0000000000,0.0000000000,0.0000000000,0.0000000000,1.0000000000,0.0000000000,0.0000000000,1.0000000000,0.0000000000,0.0000000000,1.0000000000,-1.0000000000
0.6666700000,0.1617600000,0.5000000000,0.0109890000,0.0000000000,0.2500000000,0.3333300000,1.0000000000,0.3333300000,0.0714290000,1.0000000000,0.0000000000,0.0000000000,1.0000000000,0.0000000000,0.0000000000,0.0000000000,1.0000000000,0.0000000000,1.0000000000,0.0000000000,0.0000000000,0.0000000000,1.0000000000,-1.0000000000
0.3333300000,0.2058800000,0.5000000000,0.3351600000,0.0000000000,0.7500000000,0.6666700000,0.6666700000,0.0000000000,0.1607100000,1.0000000000,0.0000000000,0.0000000000,0.0000000000,0.0000000000,1.0000000000,0.0000000000,1.0000000000,0.0000000000,1.0000000000,0.0000000000,0.0000000000,1.0000000000,0.0000000000,-1.0000000000
1.0000000000,0.4705900000,1.0000000000,0.4230800000,0.0000000000,0.5000000000,0.3333300000,0.3333300000,0.0000000000,0.1071400000,0.5000000000,0.3333300000,0.0000000000,1.0000000000,0.0000000000,1.0000000000,0.0000000000,1.0000000000,0.0000000000,0.0000000000,1.0000000000,0.0000000000,0.0000000000,1.0000000000,1.0000000000
0.0000000000,0.1176500000,0.5000000000,0.0824170000,0.5000000000,1.0000000000,1.0000000000,0.0000000000,0.0000000000,0.2857100000,1.0000000000,0.0000000000,0.0000000000,0.0000000000,0.0000000000,0.0000000000,0.0000000000,1.0000000000,0.0000000000,0.0000000000,1.0000000000,0.0000000000,0.0000000000,1.0000000000,-1.0000000000
1.0000000000,0.6470600000,1.0000000000,0.1868100000,1.0000000000,1.0000000000,0.6666700000,0.0000000000,0.0000000000,0.5000000000,1.0000000000,0.0000000000,0.0000000000,1.0000000000,0.0000000000,0.0000000000,0.0000000000,1.0000000000,0.0000000000,0.0000000000,1.0000000000,0.0000000000,0.0000000000,1.0000000000,-1.0000000000
0.0000000000,0.5588200000,0.5000000000,0.3846200000,1.0000000000,0.7500000000,0.3333300000,0.6666700000,0.6666700000,0.1964300000,1.0000000000,0.0000000000,0.0000000000,1.0000000000,0.0000000000,0.0000000000,0.0000000000,1.0000000000,0.0000000000,0.0000000000,1.0000000000,0.0000000000,0.0000000000,0.0000000000,1.0000000000
0.0000000000,0.0882360000,1.0000000000,0.1044000000,1.0000000000,0.2500000000,0.3333300000,0.6666700000,0.0000000000,0.1428600000,1.0000000000,0.3333300000,0.0000000000,0.0000000000,1.0000000000,0.0000000000,0.0000000000,0.0000000000,1.0000000000,1.0000000000,0.0000000000,0.0000000000,0.0000000000,1.0000000000,-1.0000000000
0.0000000000,0.4264700000,1.0000000000,0.2252700000,0.5000000000,0.5000000000,0.3333300000,1.0000000000,0.6666700000,0.0714290000,1.0000000000,0.3333300000,0.0000000000,0.0000000000,0.0000000000,0.0000000000,0.0000000000,1.0000000000,0.0000000000,0.0000000000,1.0000000000,0.0000000000,0.0000000000,1.0000000000,1.0000000000
0.3333300000,0.1176500000,1.0000000000,0.1208800000,0.5000000000,0.7500000000,0.0000000000,0.6666700000,0.6666700000,0.3035700000,1.0000000000,0.0000000000,0.0000000000,1.0000000000,0.0000000000,1.0000000000,0.0000000000,1.0000000000,0.0000000000,0.0000000000,1.0000000000,0.0000000000,0.0000000000,0.0000000000,-1.0000000000
0.0000000000,0.2500000000,0.5000000000,0.0879120000,0.0000000000,0.5000000000,0.3333300000,0.3333300000,0.0000000000,0.1071400000,1.0000000000,0.3333300000,0.0000000000,1.0000000000,0.0000000000,0.0000000000,0.0000000000,1.0000000000,0.0000000000,0.0000000000,1.0000000000,0.0000000000,0.0000000000,1.0000000000,1.0000000000
1.0000000000,0.2941200000,1.0000000000,0.2033000000,0.0000000000,1.0000000000,0.3333300000,0.3333300000,0.6666700000,0.3928600000,1.0000000000,0.3333300000,0.0000000000,1.0000000000,0.0000000000,0.0000000000,1.0000000000,1.0000000000,0.0000000000,1.0000000000,0.0000000000,0.0000000000,0.0000000000,0.0000000000,-1.0000000000
1.0000000000,0.1176500000,0.5000000000,0.0879120000,0.0000000000,0.5000000000,0.6666700000,0.3333300000,0.0000000000,0.0892860000,1.0000000000,0.0000000000,0.0000000000,0.0000000000,0.0000000000,0.0000000000,0.0000000000,1.0000000000,0.0000000000,1.0000000000,0.0000000000,0.0000000000,1.0000000000,0.0000000000,-1.0000000000
0.6666700000,0.0882360000,1.0000000000,0.0329670000,0.0000000000,1.0000000000,0.6666700000,1.0000000000,1.0000000000,0.7857100000,1.0000000000,0.3333300000,0.0000000000,1.0000000000,0.0000000000,1.0000000000,0.0000000000,1.0000000000,0.0000000000,0.0000000000,0.0000000000,0.0000000000,0.0000000000,1.0000000000,-1.0000000000
0.3333300000,0.2058800000,0.5000000000,0.0934070000,1.0000000000,0.2500000000,0.3333300000,0.6666700000,0.0000000000,0.1428600000,1.0000000000,0.0000000000,0.0000000000,0.0000000000,0.0000000000,0.0000000000,0.0000000000,1.0000000000,0.0000000000,1.0000000000,0.0000000000,0.0000000000,0.0000000000,1.0000000000,1.0000000000
0.0000000000,0.1176500000,1.0000000000,0.1044000000,0.0000000000,0.5000000000,0.6666700000,0.3333300000,0.3333300000,0.1964300000,1.0000000000,0.3333300000,0.0000000000,0.0000000000,0.0000000000,1.0000000000,0.0000000000,1.0000000000,0.0000000000,0.0000000000,1.0000000000,0.0000000000,0.0000000000,1.0000000000,-1.0000000000
0.0000000000,0.1176500000,0.5000000000,0.0274730000,0.0000000000,0.5000000000,1.0000000000,0.3333300000,0.0000000000,0.3750000000,1.0000000000,0.0000000000,0.0000000000,0.0000000000,0.0000000000,0.0000000000,0.0000000000,1.0000000000,0.0000000000,0.0000000000,1.0000000000,0.0000000000,1.0000000000,0.0000000000,-1.0000000000
0.3333300000,0.1176500000,0.5000000000,0.0219780000,0.0000000000,0.5000000000,0.6666700000,0.3333300000,0.6666700000,0.1964300000,1.0000000000,0.0000000000,0.0000000000,0.0000000000,0.0000000000,0.0000000000,0.0000000000,1.0000000000,0.0000000000,0.0000000000,1.0000000000,0.0000000000,0.0000000000,1.0000000000,1.0000000000
0.3333300000,0.1176500000,1.0000000000,0.0934070000,0.0000000000,0.0000000000,0.6666700000,0.3333300000,0.6666700000,0.2678600000,1.0000000000,0.3333300000,0.0000000000,1.0000000000,0.0000000000,0.0000000000,1.0000000000,1.0000000000,0.0000000000,0.0000000000,1.0000000000,0.0000000000,0.0000000000,0.0000000000,-1.0000000000
0.0000000000,0.1176500000,1.0000000000,0.1813200000,0.0000000000,0.5000000000,0.3333300000,0.3333300000,0.0000000000,0.1785700000,1.0000000000,0.3333300000,0.0000000000,0.0000000000,0.0000000000,1.0000000000,0.0000000000,0.0000000000,1.0000000000,0.0000000000,1.0000000000,0.0000000000,0.0000000000,1.0000000000,1.0000000000
0.3333300000,0.6470600000,0.5000000000,0.4560400000,1.0000000000,0.7500000000,0.3333300000,0.3333300000,0.6666700000,0.0892860000,1.0000000000,0.0000000000,0.0000000000,0.0000000000,0.0000000000,1.0000000000,0.0000000000,1.0000000000,0.0000000000,0.0000000000,1.0000000000,0.0000000000,0.0000000000,1.0000000000,-1.0000000000
0.0000000000,0.4705900000,0.7500000000,0.3681300000,0.0000000000,0.5000000000,0.6666700000,0.6666700000,0.3333300000,0.1785700000,0.5000000000,0.0000000000,0.0000000000,1.0000000000,0.0000000000,0.0000000000,0.0000000000,1.0000000000,0.0000000000,0.0000000000,1.0000000000,0.0000000000,0.0000000000,1.0000000000,1.0000000000
1.0000000000,0.1617600000,0.5000000000,0.1373600000,0.0000000000,0.2500000000,0.6666700000,0.6666700000,0.3333300000,0.1428600000,0.0000000000,0.3333300000,0.0000000000,0.0000000000,0.0000000000,0.0000000000,0.0000000000,1.0000000000,0.0000000000,0.0000000000,1.0000000000,0.0000000000,1.0000000000,0.0000000000,-1.0000000000
1.0000000000,0.2058800000,0.5000000000,0.0989010000,0.0000000000,0.5000000000,0.6666700000,1.0000000000,1.0000000000,0.5000000000,0.0000000000,0.3333300000,0.0000000000,0.0000000000,0.0000000000,0.0000000000,0.0000000000,1.0000000000,0.0000000000,0.0000000000,0.0000000000,0.0000000000,0.0000000000,1.0000000000,-1.0000000000
1.0000000000,0.8235300000,0.5000000000,0.5439600000,0.2500000000,0.7500000000,0.3333300000,1.0000000000,0.0000000000,0.0357140000,1.0000000000,0.0000000000,0.0000000000,1.0000000000,0.0000000000,0.0000000000,0.0000000000,1.0000000000,0.0000000000,0.0000000000,1.0000000000,0.0000000000,0.0000000000,1.0000000000,-1.0000000000
1.0000000000,0.1176500000,1.0000000000,0.0549450000,1.0000000000,1.0000000000,0.3333300000,0.3333300000,0.0000000000,0.3392900000,1.0000000000,0.3333300000,0.0000000000,1.0000000000,0.0000000000,0.0000000000,0.0000000000,1.0000000000,0.0000000000,0.0000000000,1.0000000000,0.0000000000,0.0000000000,1.0000000000,-1.0000000000
1.0000000000,0.3382400000,0.7500000000,0.4615400000,0.7500000000,0.5000000000,0.6666700000,0.3333300000,0.6666700000,0.1428600000,1.0000000000,0.3333300000,0.0000000000,0.0000000000,0.0000000000,0.0000000000,1.0000000000,1.0000000000,0.0000000000,0.0000000000,1.0000000000,0.0000000000,0.0000000000,1.0000000000,-1.0000000000
0.3333300000,0.1176500000,0.5000000000,0.0329670000,0.5000000000,0.5000000000,0.6666700000,0.6666700000,0.0000000000,0.8392900000,1.0000000000,0.0000000000,0.0000000000,0.0000000000,0.0000000000,0.0000000000,0.0000000000,1.0000000000,0.0000000000,0.0000000000,1.0000000000,0.0000000000,1.0000000000,0.0000000000,1.0000000000
0.3333300000,0.1617600000,1.0000000000,0.1373600000,1.0000000000,0.7500000000,0.6666700000,0.3333300000,0.0000000000,0.2857100000,0.0000000000,0.6666700000,0.0000000000,1.0000000000,0.0000000000,0.0000000000,0.0000000000,0.0000000000,0.0000000000,0.0000000000,1.0000000000,0.0000000000,0.0000000000,1.0000000000,-1.0000000000
0.6666700000,0.1176500000,0.5000000000,0.0934070000,0.0000000000,0.5000000000,0.3333300000,0.3333300000,0.6666700000,0.4464300000,1.0000000000,0.0000000000,0.0000000000,1.0000000000,0.0000000000,0.0000000000,0.0000000000,1.0000000000,0.0000000000,1.0000000000,0.0000000000,0.0000000000,1.0000000000,0.0000000000,-1.0000000000
0.6666700000,0.0294120000,0.5000000000,0.0274730000,0.7500000000,0.2500000000,1.0000000000,0.3333300000,0.0000000000,0.1428600000,1.0000000000,0.0000000000,0.0000000000,0.0000000000,1.0000000000,1.0000000000,0.0000000000,1.0000000000,0.0000000000,0.0000000000,1.0000000000,1.0000000000,0.0000000000,0.0000000000,-1.0000000000
0.3333300000,0.4705900000,0.5000000000,0.2527500000,0.0000000000,0.2500000000,0.3333300000,0.0000000000,1.0000000000,0.1964300000,1.0000000000,0.0000000000,0.0000000000,1.0000000000,0.0000000000,0.0000000000,0.0000000000,1.0000000000,0.0000000000,0.0000000000,1.0000000000,0.0000000000,0.0000000000,0.0000000000,-1.0000000000
0.0000000000,0.3382400000,0.5000000000,0.1758200000,0.0000000000,0.5000000000,0.6666700000,0.3333300000,0.6666700000,0.1428600000,1.0000000000,0.0000000000,0.0000000000,0.0000000000,0.0000000000,0.0000000000,0.0000000000,1.0000000000,0.0000000000,0.0000000000,1.0000000000,0.0000000000,0.0000000000,0.0000000000,-1.0000000000
0.0000000000,0.2058800000,0.5000000000,0.1263700000,0.0000000000,0.5000000000,0.6666700000,0.3333300000,0.6666700000,0.0535710000,1.0000000000,0.0000000000,0.0000000000,0.0000000000,0.0000000000,0.0000000000,0.0000000000,1.0000000000,0.0000000000,0.0000000000,1.0000000000,0.0000000000,0.0000000000,1.0000000000,1.0000000000
1.0000000000,0.2500000000,1.0000000000,0.1153800000,0.0000000000,0.2500000000,0.3333300000,1.0000000000,0.3333300000,0.0714290000,1.0000000000,0.0000000000,0.0000000000,1.0000000000,0.0000000000,0.0000000000,0.0000000000,1.0000000000,0.0000000000,0.0000000000,1.0000000000,0.0000000000,0.0000000000,1.0000000000,-1.0000000000
0.3333300000,0.6470600000,0.2500000000,0.1868100000,0.2500000000,0.7500000000,0.6666700000,0.3333300000,0.6666700000,0.1964300000,1.0000000000,0.0000000000,0.0000000000,0.0000000000,0.0000000000,0.0000000000,0.0000000000,1.0000000000,0.0000000000,0.0000000000,1.0000000000,0.0000000000,0.0000000000,1.0000000000,-1.0000000000
0.0000000000,0.0294120000,1.0000000000,0.0384610000,0.0000000000,1.0000000000,0.3333300000,1.0000000000,1.0000000000,0.3571400000,1.0000000000,0.3333300000,0.0000000000,1.0000000000,0.0000000000,1.0000000000,0.0000000000,1.0000000000,0.0000000000,0.0000000000,1.0000000000,0.0000000000,0.0000000000,1.0000000000,-1.0000000000
1.0000000000,0.1176500000,1.0000000000,0.0274730000,0.2500000000,0.7500000000,0.3333300000,0.6666700000,0.6666700000,0.5714300000,1.0000000000,0.3333300000,0.0000000000,1.0000000000,0.0000000000,1.0000000000,0.0000000000,1.0000000000,0.0000000000,0.0000000000,1.0000000000,0.0000000000,0.0000000000,1.0000000000,-1.0000000000
0.0000000000,0.4705900000,1.0000000000,0.2857100000,0.0000000000,0.5000000000,0.6666700000,0.3333300000,0.3333300000,0.1607100000,1.0000000000,0.3333300000,0.0000000000,0.0000000000,0.0000000000,0.0000000000,0.0000000000,0.0000000000,0.0000000000,0.0000000000,1.0000000000,0.0000000000,0.0000000000,1.0000000000,-1.0000000000
1.0000000000,0.2058800000,1.0000000000,0.0769230000,0.7500000000,1.0000000000,0.6666700000,1.0000000000,0.6666700000,0.4821400000,1.0000000000,0.3333300000,0.0000000000,0.0000000000,0.0000000000,0.0000000000,0.0000000000,1.0000000000,0.0000000000,0.0000000000,1.0000000000,0.0000000000,0.0000000000,1.0000000000,-1.0000000000
1.0000000000,0.0294120000,0.5000000000,0.0604390000,0.2500000000,1.0000000000,0.6666700000,1.0000000000,1.0000000000,0.4107100000,0.0000000000,0.0000000000,1.0000000000,1.0000000000,0.0000000000,0.0000000000,0.0000000000,1.0000000000,0.0000000000,0.0000000000,0.0000000000,0.0000000000,0.0000000000,1.0000000000,-1.0000000000
1.0000000000,0.0882360000,0.5000000000,0.0934070000,0.0000000000,0.5000000000,0.6666700000,1.0000000000,0.3333300000,0.3392900000,1.0000000000,0.0000000000,0.0000000000,1.0000000000,1.0000000000,0.0000000000,0.0000000000,1.0000000000,0.0000000000,0.0000000000,1.0000000000,0.0000000000,0.0000000000,1.0000000000,-1.0000000000
0.6666700000,0.4705900000,0.5000000000,0.3076900000,0.0000000000,0.5000000000,0.6666700000,0.0000000000,0.6666700000,0.0892860000,1.0000000000,0.0000000000,0.0000000000,0.0000000000,0.0000000000,0.0000000000,0.0000000000,1.0000000000,0.0000000000,0.0000000000,1.0000000000,0.0000000000,0.0000000000,1.0000000000,-1.0000000000
0.3333300000,0.2941200000,1.0000000000,0.4175800000,0.7500000000,1.0000000000,0.3333300000,1.0000000000,1.0000000000,0.1785700000,1.0000000000,0.0000000000,0.0000000000,0.0000000000,0.0000000000,0.0000000000,1.0000000000,1.0000000000,0.0000000000,1.0000000000,0.0000000000,0.0000000000,0.0000000000,1.0000000000,-1.0000000000
0.3333300000,0.2941200000,0.7500000000,0.3736300000,0.2500000000,0.7500000000,0.6666700000,1.0000000000,0.6666700000,0.3035700000,1.0000000000,0.0000000000,0.0000000000,1.0000000000,0.0000000000,0.0000000000,0.0000000000,1.0000000000,0.0000000000,1.0000000000,0.0000000000,0.0000000000,0.0000000000,0.0000000000,-1.0000000000
0.0000000000,0.1176500000,0.5000000000,0.0604390000,0.0000000000,0.5000000000,0.3333300000,1.0000000000,0.6666700000,0.0178570000,1.0000000000,0.0000000000,0.0000000000,0.0000000000,0.0000000000,0.0000000000,0.0000000000,1.0000000000,0.0000000000,1.0000000000,0.0000000000,0.0000000000,0.0000000000,1.0000000000,1.0000000000
0.0000000000,0.0735300000,1.0000000000,0.0604390000,0.2500000000,1.0000000000,0.6666700000,1.0000000000,0.0000000000,0.5178600000,1.0000000000,0.3333300000,1.0000000000,0.0000000000,1.0000000000,0.0000000000,0.0000000000,0.0000000000,0.0000000000,0.0000000000,1.0000000000,0.0000000000,0.0000000000,1.0000000000,-1.0000000000
0.0000000000,0.1176500000,0.2500000000,0.0054945000,0.0000000000,1.0000000000,1.0000000000,0.0000000000,0.6666700000,0.4642900000,0.0000000000,0.0000000000,0.0000000000,0.0000000000,0.0000000000,0.0000000000,0.0000000000,1.0000000000,0.0000000000,0.0000000000,1.0000000000,0.0000000000,1.0000000000,0.0000000000,-1.0000000000
0.3333300000,0.2941200000,0.5000000000,0.1813200000,0.2500000000,0.7500000000,0.6666700000,0.6666700000,0.6666700000,0.3392900000,0.0000000000,0.3333300000,0.0000000000,1.0000000000,0.0000000000,1.0000000000,0.0000000000,1.0000000000,0.0000000000,0.0000000000,1.0000000000,0.0000000000,0.0000000000,1.0000000000,-1.0000000000
1.0000000000,0.0294120000,1.0000000000,0.0934070000,1.0000000000,0.5000000000,0.6666700000,0.3333300000,0.0000000000,0.2678600000,1.0000000000,0.3333300000,1.0000000000,0.0000000000,0.0000000000,0.0000000000,0.0000000000,1.0000000000,0.0000000000,0.0000000000,1.0000000000,0.0000000000,1.0000000000,0.0000000000,-1.0000000000
1.0000000000,0.2941200000,1.0000000000,0.1483500000,0.2500000000,1.0000000000,0.6666700000,1.0000000000,0.0000000000,0.3035700000,1.0000000000,0.0000000000,1.0000000000,1.0000000000,0.0000000000,0.0000000000,0.0000000000,1.0000000000,0.0000000000,0.0000000000,1.0000000000,0.0000000000,0.0000000000,1.0000000000,-1.0000000000
1.0000000000,0.2058800000,1.0000000000,0.0494510000,0.0000000000,0.2500000000,0.3333300000,0.0000000000,0.3333300000,0.1964300000,1.0000000000,0.3333300000,0.0000000000,0.0000000000,0.0000000000,1.0000000000,0.0000000000,1.0000000000,0.0000000000,0.0000000000,1.0000000000,0.0000000000,0.0000000000,1.0000000000,-1.0000000000
1.0000000000,0.1617600000,0.5000000000,0.0604390000,0.5000000000,0.7500000000,0.6666700000,0.6666700000,0.3333300000,0.3035700000,1.0000000000,0.3333300000,0.0000000000,1.0000000000,0.0000000000,0.0000000000,0.0000000000,1.0000000000,0.0000000000,0.0000000000,1.0000000000,0.0000000000,0.0000000000,1.0000000000,-1.0000000000
0.3333300000,0.0882360000,0.5000000000,0.3901100000,0.0000000000,0.0000000000,0.6666700000,1.0000000000,1.0000000000,0.9107100000,0.0000000000,0.0000000000,0.0000000000,1.0000000000,0.0000000000,1.0000000000,0.0000000000,1.0000000000,0.0000000000,0.0000000000,0.0000000000,0.0000000000,0.0000000000,0.0000000000,-1.0000000000
1.0000000000,0.4705900000,0.5000000000,0.0384610000,0.5000000000,1.0000000000,0.6666700000,1.0000000000,0.3333300000,0.3035700000,1.0000000000,0.0000000000,0.0000000000,0.0000000000,0.0000000000,1.0000000000,0.0000000000,1.0000000000,0.0000000000,0.0000000000,1.0000000000,0.0000000000,0.0000000000,1.0000000000,-1.0000000000
1.0000000000,0.0294120000,0.5000000000,0.1538500000,0.5000000000,0.5000000000,0.6666700000,0.3333300000,0.6666700000,0.2321400000,1.0000000000,0.0000000000,0.0000000000,1.0000000000,0.0000000000,0.0000000000,0.0000000000,1.0000000000,0.0000000000,0.0000000000,1.0000000000,0.0000000000,0.0000000000,1.0000000000,-1.0000000000
0.0000000000,0.2058800000,0.5000000000,0.0494510000,0.0000000000,0.0000000000,0.3333300000,0.3333300000,0.6666700000,0.2500000000,1.0000000000,0.0000000000,0.0000000000,0.0000000000,0.0000000000,0.0000000000,0.0000000000,1.0000000000,0.0000000000,0.0000000000,1.0000000000,0.0000000000,0.0000000000,1.0000000000,1.0000000000
0.3333300000,0.1029400000,0.5000000000,0.0769230000,0.7500000000,0.2500000000,0.3333300000,0.0000000000,0.0000000000,0.0178570000,1.0000000000,0.0000000000,0.0000000000,0.0000000000,0.0000000000,0.0000000000,0.0000000000,1.0000000000,0.0000000000,0.0000000000,1.0000000000,0.0000000000,0.0000000000,1.0000000000,-1.0000000000
1.0000000000,0.2941200000,0.5000000000,0.2087900000,0.0000000000,0.7500000000,0.3333300000,1.0000000000,0.3333300000,0.1071400000,1.0000000000,0.0000000000,0.0000000000,1.0000000000,0.0000000000,0.0000000000,0.0000000000,1.0000000000,0.0000000000,1.0000000000,0.0000000000,0.0000000000,0.0000000000,1.0000000000,-1.0000000000
0.3333300000,0.2941200000,1.0000000000,0.0934070000,0.0000000000,1.0000000000,0.0000000000,1.0000000000,0.0000000000,0.2142900000,1.0000000000,0.3333300000,0.0000000000,1.0000000000,0.0000000000,0.0000000000,0.0000000000,1.0000000000,0.0000000000,0.0000000000,1.0000000000,0.0000000000,0.0000000000,1.0000000000,1.0000000000
0.0000000000,0.1617600000,0.0000000000,0.0439560000,0.0000000000,1.0000000000,0.6666700000,0.6666700000,0.6666700000,0.2500000000,1.0000000000,0.3333300000,1.0000000000,0.0000000000,0.0000000000,1.0000000000,0.0000000000,1.0000000000,0.0000000000,1.0000000000,0.0000000000,0.0000000000,0.0000000000,1.0000000000,1.0000000000
1.0000000000,0.1176500000,0.5000000000,0.0329670000,0.0000000000,0.5000000000,0.3333300000,0.0000000000,0.0000000000,0.1250000000,1.0000000000,0.0000000000,0.0000000000,1.0000000000,0.0000000000,0.0000000000,0.0000000000,1.0000000000,0.0000000000,0.0000000000,1.0000000000,0.0000000000,0.0000000000,1.0000000000,-1.0000000000
0.3333300000,0.2941200000,0.7500000000,0.1044000000,0.0000000000,0.0000000000,0.3333300000,0.3333300000,0.3333300000,0.2678600000,1.0000000000,0.0000000000,0.0000000000,1.0000000000,0.0000000000,0.0000000000,0.0000000000,1.0000000000,0.0000000000,0.0000000000,1.0000000000,0.0000000000,0.0000000000,0.0000000000,1.0000000000
0.3333300000,0.0588230000,0.5000000000,0.0659340000,0.0000000000,0.5000000000,0.6666700000,0.3333300000,0.0000000000,0.2500000000,1.0000000000,0.0000000000,0.0000000000,0.0000000000,1.0000000000,0.0000000000,0.0000000000,0.0000000000,0.0000000000,0.0000000000,1.0000000000,0.0000000000,0.0000000000,1.0000000000,-1.0000000000
0.0000000000,0.2500000000,0.7500000000,0.1758200000,0.0000000000,0.2500000000,0.6666700000,0.0000000000,0.3333300000,0.1250000000,1.0000000000,0.3333300000,0.0000000000,0.0000000000,0.0000000000,0.0000000000,0.0000000000,1.0000000000,0.0000000000,0.0000000000,1.0000000000,0.0000000000,0.0000000000,1.0000000000,1.0000000000
1.0000000000,0.3823500000,0.2500000000,0.4011000000,1.0000000000,0.0000000000,0.3333300000,0.0000000000,0.0000000000,0.6071400000,0.0000000000,0.0000000000,0.0000000000,1.0000000000,0.0000000000,0.0000000000,1.0000000000,1.0000000000,0.0000000000,0.0000000000,1.0000000000,0.0000000000,0.0000000000,0.0000000000,1.0000000000
0.0000000000,0.1176500000,0.5000000000,0.1318700000,0.0000000000,0.5000000000,0.0000000000,0.0000000000,0.6666700000,0.4107100000,1.0000000000,0.0000000000,0.0000000000,0.0000000000,0.0000000000,0.0000000000,0.0000000000,1.0000000000,0.0000000000,0.0000000000,1.0000000000,0.0000000000,0.0000000000,1.0000000000,-1.0000000000
0.0000000000,0.0294120000,1.0000000000,0.0054945000,0.5000000000,1.0000000000,0.6666700000,1.0000000000,0.6666700000,0.5892900000,1.0000000000,0.3333300000,0.0000000000,0.0000000000,0.0000000000,0.0000000000,0.0000000000,1.0000000000,0.0000000000,0.0000000000,1.0000000000,0.0000000000,0.0000000000,1.0000000000,-1.0000000000
1.0000000000,0.1176500000,0.5000000000,0.0989010000,0.0000000000,0.7500000000,0.6666700000,0.3333300000,0.6666700000,0.2142900000,1.0000000000,0.3333300000,1.0000000000,1.0000000000,0.0000000000,0.0000000000,0.0000000000,1.0000000000,0.0000000000,1.0000000000,0.0000000000,0.0000000000,0.0000000000,0.0000000000,-1.0000000000
0.0000000000,0.2500000000,1.0000000000,0.0219780000,0.0000000000,1.0000000000,0.6666700000,1.0000000000,0.0000000000,0.8214300000,1.0000000000,0.3333300000,0.0000000000,0.0000000000,0.0000000000,1.0000000000,0.0000000000,1.0000000000,0.0000000000,0.0000000000,1.0000000000,0.0000000000,0.0000000000,1.0000000000,-1.0000000000
1.0000000000,0.4705900000,0.7500000000,0.5164800000,0.0000000000,0.2500000000,0.0000000000,0.0000000000,0.6666700000,0.1607100000,1.0000000000,0.3333300000,0.0000000000,0.0000000000,0.0000000000,0.0000000000,0.0000000000,1.0000000000,0.0000000000,0.0000000000,1.0000000000,0.0000000000,0.0000000000,1.0000000000,1.0000000000
0.3333300000,0.4705900000,0.7500000000,0.2362600000,0.0000000000,0.5000000000,0.0000000000,0.3333300000,0.0000000000,0.1964300000,0.5000000000,0.3333300000,0.0000000000,1.0000000000,0.0000000000,0.0000000000,0.0000000000,1.0000000000,0.0000000000,0.0000000000,1.0000000000,0.0000000000,0.0000000000,0.0000000000,1.0000000000
0.0000000000,0.2500000000,0.2500000000,0.0769230000,1.0000000000,0.5000000000,0.6666700000,0.3333300000,0.3333300000,0.3750000000,1.0000000000,0.3333300000,1.0000000000,0.0000000000,0.0000000000,1.0000000000,0.0000000000,1.0000000000,0.0000000000,0.0000000000,1.0000000000,0.0000000000,1.0000000000,0.0000000000,1.0000000000
1.0000000000,0.2941200000,1.0000000000,0.1978000000,0.7500000000,0.5000000000,0.6666700000,1.0000000000,0.0000000000,0.5535700000,1.0000000000,0.0000000000,0.0000000000,1.0000000000,0.0000000000,0.0000000000,0.0000000000,1.0000000000,0.0000000000,0.0000000000,1.0000000000,0.0000000000,0.0000000000,1.0000000000,-1.0000000000
0.3333300000,0.2058800000,1.0000000000,0.0384610000,0.0000000000,1.0000000000,0.6666700000,1.0000000000,0.6666700000,0.3035700000,0.0000000000,0.0000000000,1.0000000000,1.0000000000,0.0000000000,1.0000000000,0.0000000000,1.0000000000,0.0000000000,0.0000000000,1.0000000000,0.0000000000,0.0000000000,1.0000000000,1.0000000000
1.0000000000,0.1617600000,1.0000000000,0.0659340000,0.0000000000,0.5000000000,0.6666700000,0.3333300000,0.3333300000,0.2142900000,1.0000000000,0.3333300000,0.0000000000,0.0000000000,0.0000000000,0.0000000000,0.0000000000,1.0000000000,0.0000000000,0.0000000000,1.0000000000,0.0000000000,0.0000000000,1.0000000000,-1.0000000000
0.3333300000,0.0735300000,0.2500000000,0.2692300000,0.0000000000,1.0000000000,0.3333300000,1.0000000000,1.0000000000,0.9821400000,0.0000000000,0.0000000000,1.0000000000,1.0000000000,0.0000000000,0.0000000000,1.0000000000,1.0000000000,0.0000000000,0.0000000000,0.0000000000,0.0000000000,0.0000000000,0.0000000000,1.0000000000
0.3333300000,0.1764700000,1.0000000000,0.0549450000,0.0000000000,0.0000000000,0.6666700000,0.6666700000,0.6666700000,0.8750000000,1.0000000000,0.6666700000,0.0000000000,1.0000000000,0.0000000000,1.0000000000,0.0000000000,1.0000000000,0.0000000000,0.0000000000,0.0000000000,1.0000000000,0.0000000000,0.0000000000,-1.0000000000
0.0000000000,0.1176500000,0.5000000000,0.0274730000,0.2500000000,0.7500000000,1.0000000000,0.0000000000,0.3333300000,0.0178570000,1.0000000000,0.0000000000,0.0000000000,0.0000000000,0.0000000000,0.0000000000,0.0000000000,1.0000000000,0.0000000000,0.0000000000,1.0000000000,0.0000000000,0.0000000000,1.0000000000,1.0000000000
0.3333300000,0.2058800000,0.0000000000,0.1648400000,0.0000000000,0.5000000000,0.3333300000,1.0000000000,0.6666700000,0.2500000000,0.0000000000,0.3333300000,0.0000000000,1.0000000000,0.0000000000,0.0000000000,0.0000000000,1.0000000000,0.0000000000,0.0000000000,1.0000000000,0.0000000000,0.0000000000,1.0000000000,-1.0000000000
1.0000000000,0.2941200000,0.5000000000,0.2417600000,0.7500000000,0.5000000000,0.6666700000,0.6666700000,0.3333300000,0.6250000000,1.0000000000,0.6666700000,0.0000000000,1.0000000000,0.0000000000,0.0000000000,0.0000000000,1.0000000000,0.0000000000,0.0000000000,1.0000000000,0.0000000000,0.0000000000,0.0000000000,1.0000000000
0.3333300000,0.6470600000,0.0000000000,0.1978000000,0.2500000000,0.7500000000,0.6666700000,1.0000000000,1.0000000000,0.2678600000,1.0000000000,0.0000000000,1.0000000000,0.0000000000,0.0000000000,0.0000000000,0.0000000000,1.0000000000,0.0000000000,0.0000000000,0.0000000000,0.0000000000,1.0000000000,0.0000000000,1.0000000000
0.3333300000,0.3382400000,0.5000000000,0.2033000000,0.0000000000,0.5000000000,0.6666700000,0.3333300000,0.6666700000,0.3035700000,1.0000000000,0.0000000000,1.0000000000,1.0000000000,0.0000000000,0.0000000000,0.0000000000,1.0000000000,0.0000000000,0.0000000000,1.0000000000,0.0000000000,0.0000000000,1.0000000000,1.0000000000
1.0000000000,0.0294120000,0.5000000000,0.1044000000,0.0000000000,0.7500000000,1.0000000000,0.3333300000,0.0000000000,0.1785700000,1.0000000000,0.0000000000,0.0000000000,0.0000000000,0.0000000000,0.0000000000,0.0000000000,1.0000000000,0.0000000000,1.0000000000,0.0000000000,0.0000000000,0.0000000000,1.0000000000,-1.0000000000
0.3333300000,0.6029400000,0.5000000000,0.1538500000,0.2500000000,0.5000000000,0.6666700000,1.0000000000,0.3333300000,0.0357140000,1.0000000000,0.0000000000,0.0000000000,0.0000000000,0.0000000000,0.0000000000,0.0000000000,0.0000000000,0.0000000000,1.0000000000,0.0000000000,0.0000000000,0.0000000000,1.0000000000,1.0000000000
0.3333300000,0.0735300000,1.0000000000,0.0714290000,0.0000000000,1.0000000000,0.3333300000,0.6666700000,0.6666700000,0.2678600000,1.0000000000,0.3333300000,0.0000000000,1.0000000000,0.0000000000,0.0000000000,0.0000000000,1.0000000000,0.0000000000,0.0000000000,1.0000000000,0.0000000000,0.0000000000,0.0000000000,1.0000000000
1.0000000000,0.0294120000,1.0000000000,0.0659340000,0.0000000000,0.5000000000,0.3333300000,0.0000000000,0.6666700000,0.1607100000,1.0000000000,0.3333300000,0.0000000000,1.0000000000,0.0000000000,0.0000000000,0.0000000000,1.0000000000,0.0000000000,0.0000000000,1.0000000000,0.0000000000,0.0000000000,1.0000000000,-1.0000000000
0.3333300000,0.1176500000,0.5000000000,0.0439560000,0.2500000000,0.2500000000,0.3333300000,1.0000000000,0.6666700000,0.1428600000,0.0000000000,1.0000000000,0.0000000000,0.0000000000,0.0000000000,0.0000000000,0.0000000000,1.0000000000,0.0000000000,1.0000000000,0.0000000000,0.0000000000,0.0000000000,1.0000000000,1.0000000000
0.3333300000,0.2941200000,0.5000000000,0.1428600000,1.0000000000,1.0000000000,0.6666700000,1.0000000000,1.0000000000,0.3035700000,0.0000000000,0.0000000000,0.0000000000,1.0000000000,0.0000000000,0.0000000000,1.0000000000,1.0000000000,0.0000000000,0.0000000000,0.0000000000,0.0000000000,0.0000000000,1.0000000000,-1.0000000000
0.3333300000,0.2058800000,0.7500000000,0.2252700000,0.0000000000,1.0000000000,0.0000000000,0.6666700000,1.0000000000,0.3750000000,1.0000000000,0.0000000000,0.0000000000,1.0000000000,0.0000000000,0.0000000000,0.0000000000,1.0000000000,0.0000000000,0.0000000000,1.0000000000,0.0000000000,0.0000000000,0.0000000000,1.0000000000
1.0000000000,0.0735300000,1.0000000000,0.0384610000,0.5000000000,1.0000000000,0.6666700000,0.3333300000,0.6666700000,0.5892900000,1.0000000000,0.3333300000,0.0000000000,1.0000000000,0.0000000000,0.0000000000,0.0000000000,1.0000000000,0.0000000000,0.0000000000,1.0000000000,0.0000000000,0.0000000000,1.0000000000,-1.0000000000
0.0000000000,0.1176500000,0.5000000000,0.0549450000,0.0000000000,0.5000000000,1.0000000000,0.6666700000,0.0000000000,0.1428600000,1.0000000000,0.0000000000,0.0000000000,0.0000000000,0.0000000000,1.0000000000,0.0000000000,1.0000000000,0.0000000000,0.0000000000,1.0000000000,0.0000000000,1.0000000000,0.0000000000,-1.0000000000
1.0000000000,0.3382400000,0.7500000000,0.2692300000,0.0000000000,0.7500000000,0.6666700000,1.0000000000,0.6666700000,0.1250000000,1.0000000000,0.3333300000,0.0000000000,0.0000000000,0.0000000000,0.0000000000,0.0000000000,1.0000000000,0.0000000000,0.0000000000,1.0000000000,0.0000000000,0.0000000000,1.0000000000,-1.0000000000
0.0000000000,0.1176500000,0.5000000000,0.0384610000,0.0000000000,0.7500000000,1.0000000000,1.0000000000,0.3333300000,0.0357140000,1.0000000000,0.0000000000,0.0000000000,0.0000000000,0.0000000000,0.0000000000,0.0000000000,1.0000000000,0.0000000000,1.0000000000,0.0000000000,0.0000000000,0.0000000000,1.0000000000,1.0000000000
1.0000000000,0.1176500000,1.0000000000,0.0714290000,0.0000000000,1.0000000000,0.6666700000,0.0000000000,0.0000000000,0.3392900000,1.0000000000,0.3333300000,1.0000000000,0.0000000000,0.0000000000,1.0000000000,0.0000000000,1.0000000000,0.0000000000,0.0000000000,1.0000000000,0.0000000000,1.0000000000,0.0000000000,-1.0000000000
0.0000000000,0.3823500000,1.0000000000,0.5714300000,0.0000000000,1.0000000000,0.6666700000,1.0000000000,1.0000000000,0.3392900000,1.0000000000,0.6666700000,1.0000000000,1.0000000000,0.0000000000,0.0000000000,1.0000000000,1.0000000000,0.0000000000,0.0000000000,0.0000000000,0.0000000000,0.0000000000,0.0000000000,-1.0000000000
1.0000000000,0.1176500000,1.0000000000,0.0934070000,0.0000000000,1.0000000000,0.6666700000,1.0000000000,0.0000000000,0.4285700000,1.0000000000,0.6666700000,0.0000000000,1.0000000000,0.0000000000,0.0000000000,0.0000000000,1.0000000000,0.0000000000,0.0000000000,1.0000000000,0.0000000000,0.0000000000,1.0000000000,-1.0000000000
0.3333300000,0.1176500000,1.0000000000,0.0659340000,0.0000000000,0.7500000000,0.6666700000,0.6666700000,0.3333300000,0.1250000000,1.0000000000,0.0000000000,0.0000000000,0.0000000000,0.0000000000,0.0000000000,0.0000000000,1.0000000000,0.0000000000,0.0000000000,1.0000000000,0.0000000000,0.0000000000,1.0000000000,-1.0000000000
0.0000000000,0.2941200000,0.5000000000,0.3516500000,0.0000000000,0.5000000000,1.0000000000,0.3333300000,0.6666700000,0.0357140000,0.5000000000,0.0000000000,0.0000000000,0.0000000000,0.0000000000,0.0000000000,0.0000000000,1.0000000000,0.0000000000,0.0000000000,1.0000000000,0.0000000000,1.0000000000,0.0000000000,-1.0000000000
1.0000000000,0.1176500000,0.5000000000,0.0659340000,0.7500000000,0.7500000000,0.6666700000,0.3333300000,0.3333300000,0.6428600000,1.0000000000,0.0000000000,0.0000000000,0.0000000000,1.0000000000,0.0000000000,1.0000000000,1.0000000000,0.0000000000,0.0000000000,1.0000000000,0.0000000000,0.0000000000,1.0000000000,-1.0000000000
1.0000000000,0.0735300000,1.0000000000,0.1593400000,1.0000000000,0.5000000000,0.6666700000,0.3333300000,0.0000000000,0.2500000000,1.0000000000,0.3333300000,1.0000000000,0.0000000000,0.0000000000,0.0000000000,0.0000000000,1.0000000000,0.0000000000,0.0000000000,1.0000000000,0.0000000000,0.0000000000,1.0000000000,-1.0000000000
1.0000000000,0.4705900000,0.5000000000,0.1978000000,1.0000000000,1.0000000000,0.3333300000,1.0000000000,0.0000000000,0.4642900000,1.0000000000,0.0000000000,0.0000000000,1.0000000000,0.0000000000,0.0000000000,0.0000000000,1.0000000000,0.0000000000,0.0000000000,1.0000000000,0.0000000000,1.0000000000,0.0000000000,-1.0000000000
0.0000000000,0.3382400000,0.0000000000,0.2802200000,0.0000000000,0.0000000000,0.6666700000,1.0000000000,0.3333300000,0.5535700000,0.5000000000,0.3333300000,0.0000000000,1.0000000000,0.0000000000,0.0000000000,0.0000000000,1.0000000000,0.0000000000,0.0000000000,1.0000000000,0.0000000000,0.0000000000,1.0000000000,1.0000000000
0.6666700000,0.3823500000,0.7500000000,0.0934070000,0.0000000000,1.0000000000,0.6666700000,1.0000000000,0.0000000000,0.8392900000,1.0000000000,0.0000000000,0.0000000000,1.0000000000,0.0000000000,0.0000000000,0.0000000000,1.0000000000,0.0000000000,0.0000000000,1.0000000000,0.0000000000,0.0000000000,0.0000000000,1.0000000000
1.0000000000,0.4705900000,1.0000000000,0.1703300000,1.0000000000,1.0000000000,0.6666700000,0.3333300000,0.6666700000,0.5714300000,1.0000000000,0.0000000000,0.0000000000,1.0000000000,0.0000000000,0.0000000000,0.0000000000,1.0000000000,0.0000000000,0.0000000000,1.0000000000,0.0000000000,0.0000000000,1.0000000000,-1.0000000000
0.3333300000,0.0294120000,1.0000000000,0.0384610000,1.0000000000,0.7500000000,0.3333300000,0.6666700000,0.3333300000,0.3571400000,1.0000000000,0.3333300000,0.0000000000,0.0000000000,0.0000000000,0.0000000000,0.0000000000,1.0000000000,0.0000000000,0.0000000000,1.0000000000,0.0000000000,1.0000000000,0.0000000000,-1.0000000000
0.0000000000,0.2058800000,0.0000000000,0.1593400000,0.0000000000,0.7500000000,0.6666700000,0.0000000000,0.3333300000,0.2142900000,0.0000000000,0.0000000000,0.0000000000,1.0000000000,0.0000000000,0.0000000000,0.0000000000,1.0000000000,0.0000000000,0.0000000000,1.0000000000,0.0000000000,0.0000000000,1.0000000000,-1.0000000000
0.6666700000,0.4705900000,0.5000000000,0.2033000000,0.0000000000,0.5000000000,0.6666700000,0.3333300000,0.0000000000,0.0714290000,1.0000000000,0.0000000000,0.0000000000,1.0000000000,0.0000000000,0.0000000000,0.0000000000,1.0000000000,0.0000000000,0.0000000000,1.0000000000,0.0000000000,0.0000000000,1.0000000000,-1.0000000000
0.0000000000,0.2941200000,0.5000000000,0.1538500000,0.0000000000,0.5000000000,0.0000000000,0.3333300000,0.0000000000,0.0892860000,1.0000000000,0.0000000000,0.0000000000,0.0000000000,0.0000000000,0.0000000000,0.0000000000,1.0000000000,0.0000000000,1.0000000000,0.0000000000,0.0000000000,1.0000000000,0.0000000000,-1.0000000000
1.0000000000,0.0882360000,0.5000000000,0.0659340000,0.0000000000,0.5000000000,0.3333300000,1.0000000000,0.6666700000,0.8035700000,1.0000000000,0.0000000000,0.0000000000,1.0000000000,0.0000000000,1.0000000000,0.0000000000,1.0000000000,0.0000000000,0.0000000000,1.0000000000,0.0000000000,0.0000000000,1.0000000000,-1.0000000000
0.3333300000,0.1176500000,0.5000000000,0.0219780000,0.0000000000,0.2500000000,1.0000000000,0.0000000000,0.0000000000,0.1250000000,0.0000000000,0.0000000000,0.0000000000,0.0000000000,0.0000000000,0.0000000000,0.0000000000,0.0000000000,0.0000000000,0.0000000000,1.0000000000,0.0000000000,1.0000000000,0.0000000000,-1.0000000000
0.0000000000,0.1176500000,0.5000000000,0.0549450000,1.0000000000,0.5000000000,0.3333300000,1.0000000000,0.3333300000,0.0714290000,0.0000000000,0.0000000000,0.0000000000,1.0000000000,0.0000000000,0.0000000000,0.0000000000,1.0000000000,0.0000000000,1.0000000000,0.0000000000,0.0000000000,0.0000000000,1.0000000000,-1.0000000000
1.0000000000,0.1176500000,0.5000000000,0.0274730000,0.0000000000,0.5000000000,0.6666700000,0.3333300000,0.0000000000,0.1964300000,0.0000000000,0.3333300000,0.0000000000,0.0000000000,0.0000000000,0.0000000000,0.0000000000,1.0000000000,0.0000000000,0.0000000000,1.0000000000,0.0000000000,0.0000000000,1.0000000000,-1.0000000000
1.0000000000,0.2941200000,0.7500000000,0.1538500000,1.0000000000,0.5000000000,0.6666700000,1.0000000000,0.0000000000,0.2321400000,1.0000000000,0.3333300000,1.0000000000,1.0000000000,0.0000000000,0.0000000000,0.0000000000,1.0000000000,0.0000000000,0.0000000000,1.0000000000,0.0000000000,0.0000000000,1.0000000000,-1.0000000000
1.0000000000,0.1617600000,0.5000000000,0.2472500000,0.0000000000,0.5000000000,0.6666700000,0.3333300000,0.6666700000,0.1964300000,1.0000000000,0.0000000000,0.0000000000,1.0000000000,0.0000000000,0.0000000000,1.0000000000,1.0000000000,0.0000000000,0.0000000000,1.0000000000,0.0000000000,0.0000000000,1.0000000000,-1.0000000000
1.0000000000,0.4705900000,0.0000000000,0.1318700000,0.0000000000,0.5000000000,0.6666700000,0.3333300000,0.6666700000,0.1428600000,1.0000000000,0.3333300000,0.0000000000,0.0000000000,0.0000000000,0.0000000000,0.0000000000,1.0000000000,0.0000000000,0.0000000000,1.0000000000,0.0000000000,0.0000000000,1.0000000000,-1.0000000000
0.3333300000,0.6470600000,0.5000000000,0.5934100000,0.7500000000,0.7500000000,0.6666700000,0.3333300000,1.0000000000,0.1428600000,0.0000000000,0.3333300000,0.0000000000,1.0000000000,0.0000000000,0.0000000000,0.0000000000,0.0000000000,1.0000000000,0.0000000000,1.0000000000,0.0000000000,0.0000000000,1.0000000000,1.0000000000
0.0000000000,0.1176500000,0.5000000000,0.4230800000,0.0000000000,1.0000000000,0.6666700000,1.0000000000,1.0000000000,0.6071400000,1.0000000000,0.0000000000,0.0000000000,1.0000000000,0.0000000000,0.0000000000,0.0000000000,1.0000000000,0.0000000000,0.0000000000,0.0000000000,0.0000000000,0.0000000000,0.0000000000,1.0000000000
1.0000000000,0.0735300000,0.5000000000,0.0714290000,0.0000000000,0.7500000000,0.6666700000,0.3333300000,0.6666700000,0.0535710000,1.0000000000,0.0000000000,0.0000000000,0.0000000000,0.0000000000,0.0000000000,0.0000000000,1.0000000000,0.0000000000,0.0000000000,1.0000000000,0.0000000000,0.0000000000,1.0000000000,1.0000000000
0.0000000000,0.2941200000,0.5000000000,0.1593400000,0.0000000000,0.2500000000,0.6666700000,0.0000000000,1.0000000000,0.0535710000,0.0000000000,0.0000000000,0.0000000000,0.0000000000,0.0000000000,0.0000000000,0.0000000000,1.0000000000,0.0000000000,0.0000000000,0.0000000000,0.0000000000,0.0000000000,1.0000000000,-1.0000000000
0.6666700000,0.4705900000,0.5000000000,0.2197800000,0.0000000000,0.5000000000,0.6666700000,0.3333300000,0.6666700000,0.1250000000,1.0000000000,0.0000000000,0.0000000000,0.0000000000,0.0000000000,0.0000000000,0.0000000000,1.0000000000,0.0000000000,0.0000000000,1.0000000000,0.0000000000,0.0000000000,1.0000000000,1.0000000000
1.0000000000,0.0735300000,0.5000000000,0.1263700000,0.5000000000,1.0000000000,0.6666700000,1.0000000000,1.0000000000,0.5714300000,1.0000000000,0.0000000000,0.0000000000,0.0000000000,0.0000000000,1.0000000000,0.0000000000,1.0000000000,0.0000000000,0.0000000000,0.0000000000,0.0000000000,1.0000000000,0.0000000000,-1.0000000000
1.0000000000,0.1176500000,0.5000000000,0.1044000000,0.2500000000,0.7500000000,0.6666700000,0.0000000000,1.0000000000,0.2857100000,1.0000000000,0.0000000000,0.0000000000,0.0000000000,0.0000000000,0.0000000000,0.0000000000,1.0000000000,0.0000000000,0.0000000000,1.0000000000,0.0000000000,0.0000000000,1.0000000000,-1.0000000000
0.3333300000,0.2058800000,0.5000000000,0.0384610000,0.0000000000,0.5000000000,1.0000000000,0.3333300000,0.0000000000,0.1071400000,1.0000000000,0.0000000000,0.0000000000,0.0000000000,0.0000000000,0.0000000000,0.0000000000,0.0000000000,0.0000000000,0.0000000000,1.0000000000,0.0000000000,1.0000000000,0.0000000000,-1.0000000000
1.0000000000,0.0000000000,1.0000000000,0.0714290000,0.0000000000,0.7500000000,0.6666700000,0.0000000000,0.0000000000,0.4107100000,1.0000000000,0.6666700000,1.0000000000,0.0000000000,0.0000000000,0.0000000000,0.0000000000,1.0000000000,0.0000000000,0.0000000000,1.0000000000,0.0000000000,1.0000000000,0.0000000000,-1.0000000000
0.0000000000,0.2941200000,0.5000000000,0.0879120000,0.0000000000,0.0000000000,0.6666700000,0.3333300000,0.6666700000,0.1964300000,0.5000000000,0.0000000000,1.0000000000,0.0000000000,0.0000000000,0.0000000000,0.0000000000,1.0000000000,0.0000000000,0.0000000000,1.0000000000,0.0000000000,0.0000000000,0.0000000000,1.0000000000
0.3333300000,0.0294120000,0.5000000000,0.7912100000,1.0000000000,0.0000000000,0.6666700000,0.3333300000,0.3333300000,0.0714290000,1.0000000000,0.0000000000,0.0000000000,1.0000000000,0.0000000000,1.0000000000,0.0000000000,1.0000000000,0.0000000000,0.0000000000,1.0000000000,1.0000000000,0.0000000000,0.0000000000,1.0000000000
0.3333300000,0.2500000000,0.5000000000,0.1428600000,0.2500000000,1.0000000000,0.0000000000,0.3333300000,0.6666700000,0.7500000000,0.0000000000,0.3333300000,0.0000000000,0.0000000000,0.0000000000,0.0000000000,0.0000000000,1.0000000000,0.0000000000,1.0000000000,0.0000000000,0.0000000000,1.0000000000,0.0000000000,1.0000000000
1.0000000000,0.1176500000,1.0000000000,0.0604390000,0.0000000000,0.5000000000,0.3333300000,0.3333300000,0.3333300000,0.2857100000,1.0000000000,0.3333300000,0.0000000000,0.0000000000,0.0000000000,0.0000000000,0.0000000000,1.0000000000,0.0000000000,0.0000000000,1.0000000000,0.0000000000,0.0000000000,1.0000000000,-1.0000000000
0.0000000000,0.3823500000,0.5000000000,0.1263700000,0.0000000000,1.0000000000,0.6666700000,0.6666700000,0.3333300000,0.3571400000,1.0000000000,0.0000000000,1.0000000000,0.0000000000,0.0000000000,0.0000000000,0.0000000000,0.0000000000,0.0000000000,0.0000000000,1.0000000000,0.0000000000,0.0000000000,1.0000000000,-1.0000000000
0.0000000000,0.2941200000,0.5000000000,0.0384610000,1.0000000000,1.0000000000,0.3333300000,0.3333300000,0.6666700000,0.1785700000,0.0000000000,0.0000000000,0.0000000000,0.0000000000,0.0000000000,1.0000000000,0.0000000000,1.0000000000,0.0000000000,0.0000000000,1.0000000000,0.0000000000,0.0000000000,1.0000000000,1.0000000000
1.0000000000,0.0294120000,0.5000000000,0.0769230000,0.0000000000,0.7500000000,0.6666700000,0.3333300000,0.3333300000,0.5714300000,1.0000000000,0.0000000000,1.0000000000,0.0000000000,0.0000000000,0.0000000000,0.0000000000,1.0000000000,0.0000000000,0.0000000000,1.0000000000,0.0000000000,0.0000000000,1.0000000000,-1.0000000000
0.0000000000,0.6470600000,0.0000000000,0.2417600000,0.0000000000,1.0000000000,0.6666700000,1.0000000000,1.0000000000,0.0892860000,1.0000000000,0.3333300000,1.0000000000,0.0000000000,0.0000000000,0.0000000000,1.0000000000,1.0000000000,0.0000000000,0.0000000000,0.0000000000,0.0000000000,0.0000000000,1.0000000000,1.0000000000
1.0000000000,0.1176500000,1.0000000000,0.0549450000,0.0000000000,0.5000000000,0.3333300000,0.3333300000,0.0000000000,0.1428600000,1.0000000000,0.3333300000,0.0000000000,0.0000000000,0.0000000000,0.0000000000,0.0000000000,1.0000000000,0.0000000000,0.0000000000,1.0000000000,0.0000000000,0.0000000000,1.0000000000,-1.0000000000
1.0000000000,0.1176500000,0.2500000000,0.1758200000,0.5000000000,0.5000000000,0.3333300000,0.6666700000,0.0000000000,0.2857100000,1.0000000000,0.0000000000,1.0000000000,0.0000000000,0.0000000000,0.0000000000,0.0000000000,1.0000000000,0.0000000000,0.0000000000,1.0000000000,0.0000000000,1.0000000000,0.0000000000,-1.0000000000
1.0000000000,0.2941200000,0.5000000000,0.0604390000,0.0000000000,0.7500000000,0.6666700000,0.0000000000,0.0000000000,0.1071400000,1.0000000000,0.0000000000,0.0000000000,1.0000000000,0.0000000000,0.0000000000,0.0000000000,1.0000000000,0.0000000000,0.0000000000,1.0000000000,0.0000000000,0.0000000000,1.0000000000,-1.0000000000
1.0000000000,0.1176500000,1.0000000000,0.0274730000,0.0000000000,1.0000000000,0.6666700000,1.0000000000,0.0000000000,0.5892900000,1.0000000000,0.6666700000,0.0000000000,0.0000000000,0.0000000000,0.0000000000,0.0000000000,1.0000000000,0.0000000000,0.0000000000,1.0000000000,0.0000000000,0.0000000000,1.0000000000,-1.0000000000
1.0000000000,0.0294120000,0.0000000000,0.0549450000,0.2500000000,0.5000000000,0.6666700000,0.0000000000,1.0000000000,0.2857100000,0.0000000000,0.0000000000,0.0000000000,0.0000000000,1.0000000000,1.0000000000,0.0000000000,1.0000000000,0.0000000000,1.0000000000,0.0000000000,0.0000000000,0.0000000000,1.0000000000,-1.0000000000
0.6666700000,0.2941200000,0.5000000000,0.0934070000,0.0000000000,0.5000000000,0.6666700000,0.3333300000,0.0000000000,0.1250000000,1.0000000000,0.0000000000,0.0000000000,0.0000000000,0.0000000000,0.0000000000,0.0000000000,1.0000000000,0.0000000000,0.0000000000,1.0000000000,0.0000000000,0.0000000000,1.0000000000,-1.0000000000
1.0000000000,0.2058800000,0.5000000000,0.0109890000,0.0000000000,0.0000000000,0.3333300000,1.0000000000,0.0000000000,0.0535710000,1.0000000000,0.0000000000,0.0000000000,0.0000000000,0.0000000000,0.0000000000,0.0000000000,0.0000000000,1.0000000000,1.0000000000,0.0000000000,0.0000000000,0.0000000000,1.0000000000,1.0000000000
0.0000000000,0.0294120000,1.0000000000,0.0274730000,0.7500000000,0.7500000000,0.3333300000,1.0000000000,0.0000000000,0.3571400000,1.0000000000,0.3333300000,0.0000000000,1.0000000000,0.0000000000,1.0000000000,0.0000000000,1.0000000000,0.0000000000,0.0000000000,1.0000000000,0.0000000000,1.0000000000,0.0000000000,-1.0000000000
0.6666700000,0.1176500000,0.5000000000,0.1153800000,0.0000000000,0.5000000000,0.3333300000,0.3333300000,0.6666700000,0.4821400000,1.0000000000,0.0000000000,0.0000000000,0.0000000000,0.0000000000,0.0000000000,0.0000000000,1.0000000000,0.0000000000,0.0000000000,1.0000000000,0.0000000000,1.0000000000,0.0000000000,-1.0000000000
0.3333300000,0.3823500000,0.5000000000,0.1098900000,0.0000000000,0.5000000000,0.3333300000,0.3333300000,1.0000000000,0.0892860000,0.0000000000,0.0000000000,0.0000000000,0.0000000000,0.0000000000,1.0000000000,0.0000000000,0.0000000000,0.0000000000,0.0000000000,1.0000000000,0.0000000000,0.0000000000,1.0000000000,1.0000000000
1.0000000000,0.2941200000,0.7500000000,0.2197800000,0.2500000000,0.5000000000,0.6666700000,0.6666700000,0.3333300000,0.2857100000,1.0000000000,0.3333300000,0.0000000000,0.0000000000,0.0000000000,0.0000000000,0.0000000000,1.0000000000,0.0000000000,0.0000000000,1.0000000000,0.0000000000,0.0000000000,1.0000000000,-1.0000000000
0.3333300000,0.0735300000,0.5000000000,0.0989010000,1.0000000000,0.7500000000,0.6666700000,0.0000000000,0.6666700000,0.0892860000,1.0000000000,0.0000000000,0.0000000000,1.0000000000,0.0000000000,0.0000000000,0.0000000000,1.0000000000,0.0000000000,0.0000000000,1.0000000000,0.0000000000,0.0000000000,1.0000000000,-1.0000000000
0.3333300000,0.8235300000,0.7500000000,0.3956000000,1.0000000000,0.5000000000,0.6666700000,0.0000000000,0.0000000000,0.1428600000,1.0000000000,0.0000000000,0.0000000000,0.0000000000,0.0000000000,0.0000000000,0.0000000000,1.0000000000,0.0000000000,0.0000000000,1.0000000000,0.0000000000,1.0000000000,0.0000000000,-1.0000000000
1.0000000000,0.2941200000,1.0000000000,0.1373600000,0.0000000000,0.5000000000,0.6666700000,0.3333300000,0.0000000000,0.2857100000,1.0000000000,0.3333300000,0.0000000000,0.0000000000,0.0000000000,0.0000000000,0.0000000000,1.0000000000,0.0000000000,0.0000000000,1.0000000000,0.0000000000,1.0000000000,0.0000000000,-1.0000000000
0.0000000000,0.1176500000,0.2500000000,0.1044000000,0.0000000000,0.5000000000,0.0000000000,0.0000000000,1.0000000000,0.1785700000,1.0000000000,0.0000000000,0.0000000000,0.0000000000,0.0000000000,0.0000000000,0.0000000000,1.0000000000,0.0000000000,0.0000000000,0.0000000000,0.0000000000,0.0000000000,1.0000000000,1.0000000000
1.0000000000,0.1617600000,0.5000000000,0.1978000000,0.2500000000,0.2500000000,0.3333300000,1.0000000000,0.6666700000,0.0714290000,1.0000000000,0.0000000000,0.0000000000,1.0000000000,0.0000000000,0.0000000000,1.0000000000,1.0000000000,0.0000000000,0.0000000000,1.0000000000,0.0000000000,0.0000000000,1.0000000000,-1.0000000000
1.0000000000,0.1029400000,1.0000000000,0.0549450000,0.2500000000,0.0000000000,0.3333300000,1.0000000000,0.0000000000,0.6785700000,1.0000000000,0.6666700000,0.0000000000,0.0000000000,0.0000000000,0.0000000000,0.0000000000,1.0000000000,0.0000000000,0.0000000000,1.0000000000,0.0000000000,1.0000000000,0.0000000000,-1.0000000000
0.0000000000,0.1176500000,0.5000000000,0.0824170000,0.0000000000,0.5000000000,0.6666700000,0.3333300000,0.0000000000,0.1428600000,1.0000000000,0.0000000000,0.0000000000,0.0000000000,0.0000000000,0.0000000000,0.0000000000,1.0000000000,0.0000000000,0.0000000000,1.0000000000,0.0000000000,0.0000000000,1.0000000000,-1.0000000000
0.0000000000,0.2941200000,0.5000000000,0.0769230000,0.0000000000,1.0000000000,0.3333300000,1.0000000000,0.6666700000,0.6428600000,1.0000000000,0.0000000000,0.0000000000,0.0000000000,0.0000000000,0.0000000000,0.0000000000,1.0000000000,0.0000000000,0.0000000000,1.0000000000,0.0000000000,0.0000000000,1.0000000000,-1.0000000000
0.0000000000,0.2058800000,1.0000000000,0.2802200000,0.0000000000,1.0000000000,0.6666700000,1.0000000000,1.0000000000,0.3035700000,1.0000000000,0.6666700000,0.0000000000,1.0000000000,0.0000000000,1.0000000000,0.0000000000,1.0000000000,0.0000000000,0.0000000000,0.0000000000,0.0000000000,0.0000000000,0.0000000000,-1.0000000000
1.0000000000,0.1176500000,1.0000000000,0.1373600000,0.0000000000,1.0000000000,0.3333300000,1.0000000000,1.0000000000,0.6785700000,0.0000000000,0.6666700000,0.0000000000,0.0000000000,0.0000000000,0.0000000000,0.0000000000,1.0000000000,0.0000000000,0.0000000000,0.0000000000,0.0000000000,1.0000000000,0.0000000000,-1.0000000000
1.0000000000,0.0882360000,1.0000000000,0.0549450000,0.0000000000,1.0000000000,0.6666700000,1.0000000000,0.0000000000,0.2321400000,1.0000000000,0.3333300000,1.0000000000,0.0000000000,1.0000000000,1.0000000000,0.0000000000,1.0000000000,0.0000000000,0.0000000000,1.0000000000,0.0000000000,1.0000000000,0.0000000000,-1.0000000000
0.3333300000,0.1617600000,0.5000000000,0.0329670000,0.0000000000,1.0000000000,0.6666700000,0.6666700000,0.6666700000,0.3214300000,1.0000000000,0.0000000000,1.0000000000,0.0000000000,0.0000000000,0.0000000000,0.0000000000,1.0000000000,0.0000000000,0.0000000000,1.0000000000,0.0000000000,0.0000000000,1.0000000000,1.0000000000
1.0000000000,0.4705900000,1.0000000000,0.3351600000,1.0000000000,1.0000000000,0.6666700000,1.0000000000,0.0000000000,0.3035700000,1.0000000000,0.3333300000,0.0000000000,0.0000000000,0.0000000000,0.0000000000,0.0000000000,1.0000000000,0.0000000000,0.0000000000,1.0000000000,0.0000000000,0.0000000000,1.0000000000,-1.0000000000
1.0000000000,0.2941200000,0.5000000000,0.0714290000,0.0000000000,0.2500000000,0.3333300000,0.6666700000,0.6666700000,0.3392900000,0.5000000000,0.0000000000,0.0000000000,1.0000000000,0.0000000000,0.0000000000,0.0000000000,1.0000000000,0.0000000000,0.0000000000,1.0000000000,0.0000000000,0.0000000000,1.0000000000,-1.0000000000
0.0000000000,0.1470600000,0.5000000000,0.4835200000,0.0000000000,1.0000000000,0.0000000000,1.0000000000,0.3333300000,0.4642900000,1.0000000000,0.0000000000,0.0000000000,1.0000000000,1.0000000000,1.0000000000,0.0000000000,1.0000000000,0.0000000000,0.0000000000,1.0000000000,0.0000000000,0.0000000000,0.0000000000,1.0000000000
1.0000000000,0.2941200000,0.5000000000,0.0439560000,1.0000000000,1.0000000000,0.6666700000,0.3333300000,0.6666700000,0.1071400000,1.0000000000,0.3333300000,0.0000000000,0.0000000000,0.0000000000,0.0000000000,0.0000000000,1.0000000000,0.0000000000,0.0000000000,1.0000000000,0.0000000000,0.0000000000,1.0000000000,-1.0000000000
1.0000000000,0.2058800000,0.5000000000,0.1373600000,1.0000000000,0.7500000000,0.6666700000,0.6666700000,0.3333300000,0.2321400000,1.0000000000,0.0000000000,0.0000000000,0.0000000000,1.0000000000,1.0000000000,0.0000000000,1.0000000000,0.0000000000,0.0000000000,1.0000000000,0.0000000000,0.0000000000,1.0000000000,-1.0000000000
1.0000000000,0.1176500000,1.0000000000,0.0659340000,0.5000000000,0.7500000000,0.3333300000,1.0000000000,0.6666700000,0.3214300000,1.0000000000,0.0000000000,0.0000000000,1.0000000000,0.0000000000,0.0000000000,0.0000000000,1.0000000000,0.0000000000,1.0000000000,0.0000000000,0.0000000000,0.0000000000,1.0000000000,-1.0000000000
0.3333300000,0.6470600000,0.2500000000,0.6593400000,1.0000000000,0.0000000000,0.6666700000,1.0000000000,1.0000000000,0.3035700000,1.0000000000,0.0000000000,0.0000000000,1.0000000000,0.0000000000,1.0000000000,0.0000000000,0.0000000000,1.0000000000,0.0000000000,0.0000000000,0.0000000000,0.0000000000,0.0000000000,-1.0000000000
0.3333300000,0.6470600000,0.5000000000,0.1593400000,0.0000000000,0.7500000000,0.6666700000,1.0000000000,0.0000000000,0.1607100000,1.0000000000,0.3333300000,0.0000000000,0.0000000000,0.0000000000,0.0000000000,0.0000000000,1.0000000000,0.0000000000,0.0000000000,1.0000000000,0.0000000000,0.0000000000,1.0000000000,1.0000000000
0.0000000000,0.3823500000,0.5000000000,0.6483500000,0.0000000000,0.2500000000,0.0000000000,0.0000000000,1.0000000000,0.2678600000,1.0000000000,0.0000000000,0.0000000000,1.0000000000,0.0000000000,0.0000000000,0.0000000000,1.0000000000,0.0000000000,0.0000000000,1.0000000000,0.0000000000,1.0000000000,0.0000000000,1.0000000000
1.0000000000,0.0735300000,0.5000000000,0.1373600000,0.0000000000,0.5000000000,0.6666700000,0.3333300000,0.0000000000,0.2321400000,1.0000000000,0.0000000000,1.0000000000,0.0000000000,0.0000000000,0.0000000000,0.0000000000,1.0000000000,0.0000000000,0.0000000000,1.0000000000,0.0000000000,0.0000000000,1.0000000000,-1.0000000000
1.0000000000,0.2058800000,1.0000000000,0.1208800000,0.0000000000,0.5000000000,0.3333300000,0.3333300000,0.6666700000,0.1250000000,1.0000000000,0.3333300000,0.0000000000,0.0000000000,0.0000000000,0.0000000000,0.0000000000,1.0000000000,0.0000000000,0.0000000000,1.0000000000,0.0000000000,0.0000000000,1.0000000000,-1.0000000000
0.0000000000,0.1176500000,0.5000000000,0.0604390000,1.0000000000,1.0000000000,0.0000000000,1.0000000000,0.3333300000,0.5357100000,1.0000000000,0.0000000000,0.0000000000,1.0000000000,0.0000000000,0.0000000000,0.0000000000,1.0000000000,0.0000000000,0.0000000000,1.0000000000,0.0000000000,1.0000000000,0.0000000000,-1.0000000000
1.0000000000,0.0294120000,0.5000000000,0.2417600000,0.0000000000,0.2500000000,0.3333300000,1.0000000000,0.3333300000,0.2321400000,1.0000000000,0.0000000000,0.0000000000,0.0000000000,0.0000000000,0.0000000000,0.0000000000,1.0000000000,0.0000000000,0.0000000000,1.0000000000,0.0000000000,0.0000000000,1.0000000000,1.0000000000
1.0000000000,0.2941200000,0.5000000000,0.0934070000,0.2500000000,0.5000000000,0.6666700000,1.0000000000,0.6666700000,0.1785700000,1.0000000000,0.0000000000,0.0000000000,1.0000000000,0.0000000000,0.0000000000,0.0000000000,1.0000000000,0.0000000000,1.0000000000,0.0000000000,0.0000000000,0.0000000000,0.0000000000,-1.0000000000
1.0000000000,0.1617600000,1.0000000000,0.1758200000,0.7500000000,1.0000000000,0.6666700000,1.0000000000,1.0000000000,0.0714290000,1.0000000000,0.3333300000,0.0000000000,1.0000000000,0.0000000000,0.0000000000,1.0000000000,1.0000000000,0.0000000000,1.0000000000,0.0000000000,0.0000000000,0.0000000000,1.0000000000,-1.0000000000
1.0000000000,0.1176500000,0.5000000000,0.0769230000,0.0000000000,0.5000000000,0.6666700000,0.3333300000,0.0000000000,0.5535700000,1.0000000000,0.0000000000,0.0000000000,0.0000000000,0.0000000000,0.0000000000,0.0000000000,1.0000000000,0.0000000000,0.0000000000,1.0000000000,0.0000000000,0.0000000000,1.0000000000,-1.0000000000
0.6666700000,0.2058800000,0.2500000000,0.0659340000,1.0000000000,0.7500000000,0.6666700000,1.0000000000,0.6666700000,0.5357100000,0.0000000000,0.0000000000,0.0000000000,0.0000000000,0.0000000000,0.0000000000,0.0000000000,1.0000000000,0.0000000000,0.0000000000,1.0000000000,0.0000000000,1.0000000000,0.0000000000,-1.0000000000
1.0000000000,0.1617600000,1.0000000000,0.0714290000,1.0000000000,1.0000000000,0.6666700000,1.0000000000,0.3333300000,0.7857100000,1.0000000000,0.0000000000,0.0000000000,0.0000000000,0.0000000000,0.0000000000,0.0000000000,1.0000000000,0.0000000000,0.0000000000,1.0000000000,0.0000000000,0.0000000000,1.0000000000,-1.0000000000
0.3333300000,0.2941200000,1.0000000000,0.2033000000,0.2500000000,0.2500000000,0.0000000000,0.3333300000,0.6666700000,0.3214300000,1.0000000000,0.0000000000,0.0000000000,1.0000000000,0.0000000000,1.0000000000,0.0000000000,1.0000000000,0.0000000000,0.0000000000,1.0000000000,0.0000000000,0.0000000000,1.0000000000,-1.0000000000
0.0000000000,0.6323500000,0.5000000000,0.5769200000,0.0000000000,0.2500000000,0.3333300000,0.0000000000,0.0000000000,0.2857100000,1.0000000000,0.0000000000,0.0000000000,1.0000000000,0.0000000000,1.0000000000,0.0000000000,1.0000000000,0.0000000000,0.0000000000,1.0000000000,0.0000000000,1.0000000000,0.0000000000,-1.0000000000
0.0000000000,0.6470600000,0.5000000000,0.2527500000,0.0000000000,0.7500000000,0.6666700000,0.6666700000,0.3333300000,0.1250000000,1.0000000000,0.0000000000,1.0000000000,0.0000000000,0.0000000000,0.0000000000,1.0000000000,1.0000000000,0.0000000000,0.0000000000,1.0000000000,0.0000000000,0.0000000000,1.0000000000,-1.0000000000
0.3333300000,0.6470600000,0.7500000000,0.4065900000,0.2500000000,0.0000000000,0.6666700000,1.0000000000,1.0000000000,0.2142900000,1.0000000000,0.0000000000,0.0000000000,1.0000000000,0.0000000000,0.0000000000,0.0000000000,1.0000000000,0.0000000000,0.0000000000,0.0000000000,0.0000000000,0.0000000000,0.0000000000,-1.0000000000
0.3333300000,0.1176500000,0.5000000000,0.0494510000,0.0000000000,0.5000000000,0.3333300000,1.0000000000,0.0000000000,0.5357100000,1.0000000000,0.3333300000,0.0000000000,1.0000000000,0.0000000000,0.0000000000,0.0000000000,0.0000000000,0.0000000000,0.0000000000,1.0000000000,0.0000000000,0.0000000000,1.0000000000,-1.0000000000
0.0000000000,0.2941200000,0.7500000000,0.0439560000,0.0000000000,0.2500000000,1.0000000000,1.0000000000,0.0000000000,0.5178600000,0.5000000000,0.0000000000,0.0000000000,0.0000000000,0.0000000000,0.0000000000,0.0000000000,1.0000000000,0.0000000000,0.0000000000,1.0000000000,0.0000000000,0.0000000000,1.0000000000,1.0000000000
1.0000000000,0.1176500000,0.5000000000,0.0494510000,0.0000000000,0.5000000000,1.0000000000,0.3333300000,0.0000000000,0.1250000000,1.0000000000,0.0000000000,0.0000000000,1.0000000000,1.0000000000,0.0000000000,0.0000000000,1.0000000000,0.0000000000,0.0000000000,1.0000000000,0.0000000000,0.0000000000,1.0000000000,-1.0000000000
0.3333300000,0.4705900000,0.5000000000,0.5054900000,0.0000000000,0.2500000000,1.0000000000,1.0000000000,0.6666700000,0.1607100000,1.0000000000,0.0000000000,0.0000000000,1.0000000000,0.0000000000,0.0000000000,1.0000000000,1.0000000000,0.0000000000,1.0000000000,0.0000000000,0.0000000000,0.0000000000,0.0000000000,1.0000000000
0.0000000000,0.2941200000,1.0000000000,0.3406600000,0.0000000000,1.0000000000,0.3333300000,1.0000000000,1.0000000000,0.4464300000,1.0000000000,0.3333300000,1.0000000000,1.0000000000,0.0000000000,0.0000000000,1.0000000000,1.0000000000,0.0000000000,0.0000000000,0.0000000000,0.0000000000,0.0000000000,0.0000000000,-1.0000000000
0.6666700000,0.5588200000,1.0000000000,0.2527500000,0.0000000000,1.0000000000,0.6666700000,1.0000000000,1.0000000000,0.6607100000,1.0000000000,0.0000000000,0.0000000000,0.0000000000,0.0000000000,0.0000000000,1.0000000000,1.0000000000,0.0000000000,0.0000000000,0.0000000000,0.0000000000,0.0000000000,1.0000000000,-1.0000000000
1.0000000000,0.6470600000,1.0000000000,0.4065900000,1.0000000000,1.0000000000,0.0000000000,0.3333300000,0.6666700000,0.4821400000,0.0000000000,0.3333300000,1.0000000000,0.0000000000,0.0000000000,0.0000000000,0.0000000000,1.0000000000,0.0000000000,0.0000000000,1.0000000000,0.0000000000,0.0000000000,0.0000000000,-1.0000000000
0.3333300000,0.6470600000,0.5000000000,0.5384600000,0.0000000000,0.2500000000,0.3333300000,0.3333300000,0.6666700000,0.1250000000,1.0000000000,0.0000000000,0.0000000000,1.0000000000,0.0000000000,0.0000000000,0.0000000000,1.0000000000,0.0000000000,0.0000000000,1.0000000000,0.0000000000,0.0000000000,1.0000000000,1.0000000000
1.0000000000,0.1176500000,0.5000000000,0.2472500000,1.0000000000,0.2500000000,0.3333300000,1.0000000000,0.6666700000,0.0178570000,1.0000000000,0.0000000000,0.0000000000,0.0000000000,0.0000000000,0.0000000000,1.0000000000,1.0000000000,0.0000000000,1.0000000000,0.0000000000,0.0000000000,0.0000000000,1.0000000000,-1.0000000000
1.0000000000,0.0882360000,0.5000000000,0.0604390000,1.0000000000,1.0000000000,0.6666700000,0.3333300000,0.3333300000,0.4642900000,1.0000000000,0.0000000000,0.0000000000,0.0000000000,1.0000000000,1.0000000000,0.0000000000,0.0000000000,1.0000000000,0.0000000000,1.0000000000,0.0000000000,1.0000000000,0.0000000000,-1.0000000000
1.0000000000,0.2058800000,0.5000000000,0.1263700000,0.0000000000,0.5000000000,0.6666700000,1.0000000000,0.0000000000,0.4285700000,1.0000000000,0.0000000000,0.0000000000,1.0000000000,0.0000000000,0.0000000000,0.0000000000,1.0000000000,0.0000000000,0.0000000000,1.0000000000,0.0000000000,0.0000000000,1.0000000000,-1.0000000000
0.3333300000,0.2500000000,1.0000000000,0.1373600000,0.7500000000,0.7500000000,0.6666700000,0.3333300000,0.6666700000,0.2321400000,1.0000000000,0.3333300000,0.0000000000,1.0000000000,0.0000000000,0.0000000000,0.0000000000,1.0000000000,0.0000000000,0.0000000000,1.0000000000,0.0000000000,0.0000000000,1.0000000000,-1.0000000000
1.0000000000,0.0294120000,0.5000000000,0.0274730000,0.0000000000,0.0000000000,0.3333300000,1.0000000000,0.0000000000,0.6250000000,1.0000000000,0.0000000000,0.0000000000,1.0000000000,0.0000000000,1.0000000000,0.0000000000,1.0000000000,0.0000000000,0.0000000000,1.0000000000,1.0000000000,0.0000000000,0.0000000000,-1.0000000000
0.3333300000,0.4705900000,0.0000000000,0.1978000000,0.0000000000,0.5000000000,0.3333300000,0.0000000000,0.6666700000,0.4107100000,1.0000000000,0.0000000000,0.0000000000,1.0000000000,0.0000000000,0.0000000000,0.0000000000,1.0000000000,0.0000000000,0.0000000000,1.0000000000,0.0000000000,0.0000000000,1.0000000000,1.0000000000
0.6666700000,0.2941200000,1.0000000000,0.0604390000,1.0000000000,0.7500000000,0.6666700000,0.3333300000,0.0000000000,0.3214300000,0.0000000000,0.3333300000,1.0000000000,0.0000000000,0.0000000000,1.0000000000,0.0000000000,1.0000000000,0.0000000000,0.0000000000,1.0000000000,0.0000000000,1.0000000000,0.0000000000,1.0000000000
0.0000000000,0.0882360000,1.0000000000,0.0439560000,0.0000000000,0.7500000000,0.6666700000,0.6666700000,0.3333300000,0.5357100000,1.0000000000,0.3333300000,0.0000000000,1.0000000000,0.0000000000,1.0000000000,0.0000000000,0.0000000000,1.0000000000,0.0000000000,1.0000000000,0.0000000000,0.0000000000,1.0000000000,-1.0000000000
1.0000000000,0.6470600000,1.0000000000,0.5439600000,0.5000000000,0.5000000000,0.6666700000,0.3333300000,1.0000000000,0.4464300000,0.0000000000,0.0000000000,0.0000000000,0.0000000000,0.0000000000,1.0000000000,0.0000000000,1.0000000000,0.0000000000,0.0000000000,0.0000000000,0.0000000000,0.0000000000,1.0000000000,1.0000000000
1.0000000000,0.0294120000,0.5000000000,0.0714290000,0.7500000000,0.5000000000,0.0000000000,0.3333300000,0.0000000000,0.2500000000,1.0000000000,0.0000000000,0.0000000000,0.0000000000,0.0000000000,0.0000000000,0.0000000000,1.0000000000,0.0000000000,0.0000000000,1.0000000000,0.0000000000,0.0000000000,1.0000000000,-1.0000000000
1.0000000000,0.3823500000,0.5000000000,0.2527500000,1.0000000000,0.7500000000,0.3333300000,1.0000000000,0.3333300000,0.0892860000,0.5000000000,0.0000000000,0.0000000000,0.0000000000,0.0000000000,0.0000000000,1.0000000000,1.0000000000,0.0000000000,1.0000000000,0.0000000000,0.0000000000,1.0000000000,0.0000000000,-1.0000000000
0.0000000000,0.1176500000,0.5000000000,0.0274730000,0.2500000000,0.2500000000,1.0000000000,0.6666700000,1.0000000000,0.2500000000,1.0000000000,0.0000000000,0.0000000000,1.0000000000,0.0000000000,0.0000000000,0.0000000000,1.0000000000,0.0000000000,0.0000000000,1.0000000000,0.0000000000,1.0000000000,0.0000000000,1.0000000000
0.3333300000,0.0588230000,0.5000000000,0.0549450000,0.0000000000,0.5000000000,0.3333300000,1.0000000000,0.0000000000,0.0892860000,1.0000000000,0.0000000000,0.0000000000,0.0000000000,0.0000000000,0.0000000000,0.0000000000,1.0000000000,0.0000000000,0.0000000000,1.0000000000,0.0000000000,0.0000000000,1.0000000000,1.0000000000
0.3333300000,0.0735300000,0.5000000000,0.0054945000,0.0000000000,0.5000000000,1.0000000000,1.0000000000,0.0000000000,0.0535710000,1.0000000000,0.0000000000,0.0000000000,0.0000000000,0.0000000000,1.0000000000,0.0000000000,1.0000000000,0.0000000000,1.0000000000,0.0000000000,0.0000000000,1.0000000000,0.0000000000,-1.0000000000
0.3333300000,0.6470600000,0.5000000000,0.2857100000,1.0000000000,0.0000000000,0.6666700000,1.0000000000,1.0000000000,0.3750000000,0.0000000000,0.0000000000,0.0000000000,1.0000000000,0.0000000000,0.0000000000,0.0000000000,1.0000000000,0.0000000000,0.0000000000,0.0000000000,1.0000000000,0.0000000000,0.0000000000,-1.0000000000
1.0000000000,0.2941200000,0.5000000000,0.2912100000,0.2500000000,0.5000000000,0.6666700000,0.0000000000,0.6666700000,0.1071400000,0.5000000000,0.0000000000,0.0000000000,0.0000000000,0.0000000000,0.0000000000,0.0000000000,1.0000000000,0.0000000000,0.0000000000,1.0000000000,0.0000000000,0.0000000000,1.0000000000,-1.0000000000
0.6666700000,0.2941200000,0.5000000000,0.1923100000,0.0000000000,0.2500000000,0.3333300000,1.0000000000,0.6666700000,0.1250000000,1.0000000000,0.0000000000,0.0000000000,0.0000000000,0.0000000000,0.0000000000,0.0000000000,1.0000000000,0.0000000000,0.0000000000,1.0000000000,0.0000000000,0.0000000000,1.0000000000,-1.0000000000
0.3333300000,0.1176500000,0.5000000000,0.0274730000,0.0000000000,0.7500000000,1.0000000000,0.6666700000,0.6666700000,0.1071400000,0.0000000000,0.0000000000,0.0000000000,0.0000000000,0.0000000000,1.0000000000,0.0000000000,1.0000000000,0.0000000000,0.0000000000,1.0000000000,0.0000000000,1.0000000000,0.0000000000,1.0000000000
0.6666700000,0.0000000000,0.5000000000,0.0714290000,1.0000000000,0.2500000000,0.6666700000,0.3333300000,0.0000000000,0.1785700000,1.0000000000,0.0000000000,1.0000000000,0.0000000000,1.0000000000,1.0000000000,0.0000000000,1.0000000000,0.0000000000,0.0000000000,1.0000000000,0.0000000000,1.0000000000,0.0000000000,-1.0000000000
0.0000000000,0.4705900000,0.2500000000,0.1373600000,0.0000000000,1.0000000000,0.6666700000,1.0000000000,0.6666700000,0.2142900000,0.0000000000,0.0000000000,0.0000000000,0.0000000000,0.0000000000,0.0000000000,0.0000000000,1.0000000000,0.0000000000,0.0000000000,1.0000000000,0.0000000000,0.0000000000,1.0000000000,1.0000000000
0.0000000000,0.1176500000,0.5000000000,0.0274730000,0.0000000000,0.5000000000,0.6666700000,0.6666700000,0.3333300000,0.3392900000,1.0000000000,0.0000000000,1.0000000000,0.0000000000,0.0000000000,0.0000000000,0.0000000000,0.0000000000,0.0000000000,0.0000000000,1.0000000000,0.0000000000,1.0000000000,0.0000000000,-1.0000000000
0.3333300000,0.2941200000,0.5000000000,0.2307700000,1.0000000000,0.5000000000,0.3333300000,1.0000000000,0.3333300000,0.5178600000,1.0000000000,0.0000000000,0.0000000000,1.0000000000,0.0000000000,0.0000000000,0.0000000000,1.0000000000,0.0000000000,0.0000000000,1.0000000000,0.0000000000,1.0000000000,0.0000000000,-1.0000000000
1.0000000000,0.1176500000,1.0000000000,0.0274730000,0.0000000000,0.5000000000,0.6666700000,0.3333300000,0.6666700000,0.2321400000,1.0000000000,0.3333300000,0.0000000000,0.0000000000,0.0000000000,0.0000000000,0.0000000000,1.0000000000,0.0000000000,0.0000000000,1.0000000000,0.0000000000,0.0000000000,1.0000000000,-1.0000000000
0.0000000000,0.1617600000,0.7500000000,0.1868100000,0.0000000000,1.0000000000,0.3333300000,1.0000000000,0.3333300000,0.1428600000,1.0000000000,0.3333300000,0.0000000000,0.0000000000,0.0000000000,0.0000000000,0.0000000000,1.0000000000,0.0000000000,0.0000000000,1.0000000000,0.0000000000,1.0000000000,0.0000000000,-1.0000000000
0.3333300000,0.3823500000,1.0000000000,0.2197800000,0.0000000000,0.0000000000,1.0000000000,0.3333300000,0.6666700000,0.1607100000,1.0000000000,0.3333300000,0.0000000000,0.0000000000,0.0000000000,1.0000000000,0.0000000000,1.0000000000,0.0000000000,0.0000000000,1.0000000000,0.0000000000,0.0000000000,0.0000000000,1.0000000000
0.0000000000,0.2941200000,0.5000000000,0.0934070000,0.0000000000,0.2500000000,0.0000000000,0.6666700000,0.3333300000,0.2321400000,1.0000000000,0.0000000000,0.0000000000,0.0000000000,0.0000000000,0.0000000000,0.0000000000,1.0000000000,0.0000000000,0.0000000000,1.0000000000,0.0000000000,0.0000000000,1.0000000000,1.0000000000
0.0000000000,0.2941200000,0.5000000000,0.1483500000,0.0000000000,0.7500000000,0.6666700000,0.0000000000,1.0000000000,0.2678600000,1.0000000000,0.0000000000,0.0000000000,1.0000000000,0.0000000000,0.0000000000,1.0000000000,1.0000000000,0.0000000000,0.0000000000,0.0000000000,0.0000000000,0.0000000000,0.0000000000,-1.0000000000
0.0000000000,0.2058800000,0.5000000000,0.1373600000,0.7500000000,0.5000000000,0.6666700000,0.3333300000,0.6666700000,0.1607100000,1.0000000000,0.0000000000,0.0000000000,0.0000000000,0.0000000000,0.0000000000,0.0000000000,1.0000000000,0.0000000000,0.0000000000,1.0000000000,0.0000000000,0.0000000000,1.0000000000,-1.0000000000
1.0000000000,0.2058800000,1.0000000000,0.0439560000,0.0000000000,0.5000000000,0.3333300000,0.6666700000,0.0000000000,0.3035700000,1.0000000000,0.3333300000,0.0000000000,0.0000000000,0.0000000000,1.0000000000,0.0000000000,1.0000000000,0.0000000000,0.0000000000,1.0000000000,0.0000000000,0.0000000000,1.0000000000,-1.0000000000
0.0000000000,0.0588230000,1.0000000000,0.1758200000,0.0000000000,0.7500000000,0.6666700000,1.0000000000,0.0000000000,0.3571400000,1.0000000000,0.3333300000,0.0000000000,0.0000000000,1.0000000000,1.0000000000,0.0000000000,1.0000000000,0.0000000000,0.0000000000,1.0000000000,0.0000000000,1.0000000000,0.0000000000,-1.0000000000
1.0000000000,0.1176500000,1.0000000000,0.3076900000,1.0000000000,1.0000000000,0.6666700000,1.0000000000,0.3333300000,0.5357100000,1.0000000000,0.0000000000,0.0000000000,1.0000000000,0.0000000000,0.0000000000,0.0000000000,1.0000000000,0.0000000000,1.0000000000,0.0000000000,0.0000000000,0.0000000000,1.0000000000,-1.0000000000
1.0000000000,0.2941200000,0.5000000000,0.0714290000,0.7500000000,0.7500000000,0.3333300000,0.6666700000,0.6666700000,0.2678600000,1.0000000000,0.0000000000,1.0000000000,1.0000000000,0.0000000000,1.0000000000,0.0000000000,1.0000000000,0.0000000000,0.0000000000,1.0000000000,0.0000000000,0.0000000000,1.0000000000,-1.0000000000
0.6666700000,0.4705900000,0.5000000000,0.2362600000,0.0000000000,1.0000000000,0.6666700000,0.3333300000,0.6666700000,0.2142900000,1.0000000000,0.0000000000,0.0000000000,0.0000000000,0.0000000000,0.0000000000,0.0000000000,1.0000000000,0.0000000000,0.0000000000,1.0000000000,0.0000000000,0.0000000000,1.0000000000,-1.0000000000
0.3333300000,0.0294120000,0.5000000000,0.0494510000,0.0000000000,1.0000000000,0.6666700000,1.0000000000,0.6666700000,0.1607100000,1.0000000000,0.0000000000,1.0000000000,0.0000000000,0.0000000000,0.0000000000,0.0000000000,1.0000000000,0.0000000000,0.0000000000,1.0000000000,0.0000000000,0.0000000000,1.0000000000,-1.0000000000
0.0000000000,0.2941200000,1.0000000000,0.3516500000,0.0000000000,0.0000000000,0.6666700000,1.0000000000,1.0000000000,1.0000000000,1.0000000000,0.3333300000,0.0000000000,1.0000000000,0.0000000000,0.0000000000,1.0000000000,1.0000000000,0.0000000000,0.0000000000,0.0000000000,0.0000000000,0.0000000000,0.0000000000,-1.0000000000
1.0000000000,0.2058800000,1.0000000000,0.0934070000,0.2500000000,0.5000000000,0.3333300000,0.3333300000,0.0000000000,0.1964300000,1.0000000000,0.3333300000,0.0000000000,0.0000000000,0.0000000000,0.0000000000,0.0000000000,1.0000000000,0.0000000000,0.0000000000,1.0000000000,0.0000000000,0.0000000000,1.0000000000,1.0000000000
0.3333300000,0.8235300000,0.5000000000,0.3956000000,0.2500000000,0.2500000000,0.3333300000,0.3333300000,0.3333300000,0.0892860000,1.0000000000,0.0000000000,0.0000000000,0.0000000000,0.0000000000,1.0000000000,0.0000000000,1.0000000000,0.0000000000,0.0000000000,1.0000000000,0.0000000000,0.0000000000,0.0000000000,1.0000000000
1.0000000000,0.6470600000,1.0000000000,0.6263700000,0.2500000000,0.5000000000,0.3333300000,1.0000000000,0.6666700000,0.0892860000,0.0000000000,0.3333300000,0.0000000000,0.0000000000,0.0000000000,0.0000000000,1.0000000000,1.0000000000,0.0000000000,1.0000000000,0.0000000000,0.0000000000,1.0000000000,0.0000000000,1.0000000000
0.0000000000,0.2941200000,0.0000000000,0.2142900000,0.0000000000,1.0000000000,0.6666700000,1.0000000000,1.0000000000,0.0714290000,0.0000000000,0.3333300000,1.0000000000,0.0000000000,0.0000000000,0.0000000000,0.0000000000,1.0000000000,0.0000000000,1.0000000000,0.0000000000,0.0000000000,0.0000000000,1.0000000000,1.0000000000
0.0000000000,0.0294120000,1.0000000000,0.1758200000,0.0000000000,0.5000000000,0.0000000000,1.0000000000,0.0000000000,0.4464300000,1.0000000000,0.0000000000,0.0000000000,1.0000000000,0.0000000000,0.0000000000,0.0000000000,1.0000000000,0.0000000000,1.0000000000,0.0000000000,0.0000000000,0.0000000000,0.0000000000,1.0000000000
0.3333300000,0.1323500000,0.5000000000,0.1044000000,0.0000000000,0.2500000000,0.3333300000,1.0000000000,0.3333300000,0.0714290000,1.0000000000,0.0000000000,0.0000000000,0.0000000000,0.0000000000,0.0000000000,0.0000000000,0.0000000000,0.0000000000,0.0000000000,1.0000000000,0.0000000000,1.0000000000,0.0000000000,-1.0000000000
0.0000000000,0.1617600000,0.5000000000,0.0604390000,1.0000000000,0.5000000000,0.3333300000,0.3333300000,0.6666700000,0.0892860000,1.0000000000,0.0000000000,0.0000000000,0.0000000000,0.0000000000,0.0000000000,0.0000000000,1.0000000000,0.0000000000,1.0000000000,0.0000000000,0.0000000000,0.0000000000,1.0000000000,1.0000000000
0.0000000000,0.2941200000,0.5000000000,0.2197800000,0.0000000000,0.5000000000,0.6666700000,1.0000000000,0.3333300000,0.1607100000,1.0000000000,0.0000000000,0.0000000000,0.0000000000,0.0000000000,0.0000000000,0.0000000000,1.0000000000,0.0000000000,0.0000000000,1.0000000000,0.0000000000,0.0000000000,1.0000000000,-1.0000000000
0.3333300000,0.0882360000,0.5000000000,0.0714290000,0.0000000000,0.5000000000,0.0000000000,0.3333300000,0.6666700000,0.2142900000,1.0000000000,0.0000000000,0.0000000000,0.0000000000,0.0000000000,0.0000000000,0.0000000000,1.0000000000,0.0000000000,0.0000000000,1.0000000000,0.0000000000,1.0000000000,0.0000000000,-1.0000000000
0.3333300000,0.2941200000,1.0000000000,0.3022000000,0.0000000000,0.2500000000,0.3333300000,1.0000000000,1.0000000000,0.0892860000,1.0000000000,0.3333300000,0.0000000000,1.0000000000,0.0000000000,0.0000000000,0.0000000000,1.0000000000,0.0000000000,0.0000000000,0.0000000000,0.0000000000,0.0000000000,1.0000000000,-1.0000000000
0.0000000000,0.2500000000,0.5000000000,0.1868100000,0.0000000000,0.7500000000,0.3333300000,1.0000000000,0.6666700000,0.1250000000,1.0000000000,0.0000000000,0.0000000000,0.0000000000,0.0000000000,0.0000000000,0.0000000000,1.0000000000,0.0000000000,1.0000000000,0.0000000000,0.0000000000,1.0000000000,0.0000000000,-1.0000000000
0.3333300000,0.2058800000,0.5000000000,0.1648400000,0.5000000000,0.2500000000,1.0000000000,0.6666700000,0.0000000000,0.1071400000,1.0000000000,0.0000000000,0.0000000000,0.0000000000,0.0000000000,0.0000000000,0.0000000000,1.0000000000,0.0000000000,1.0000000000,0.0000000000,0.0000000000,0.0000000000,1.0000000000,-1.0000000000
0.3333300000,0.2058800000,0.5000000000,0.2307700000,0.0000000000,1.0000000000,0.6666700000,0.0000000000,0.0000000000,0.2500000000,0.0000000000,0.0000000000,0.0000000000,1.0000000000,0.0000000000,0.0000000000,0.0000000000,0.0000000000,1.0000000000,0.0000000000,1.0000000000,0.0000000000,0.0000000000,0.0000000000,-1.0000000000
0.6666700000,0.0882360000,0.5000000000,0.2033000000,0.0000000000,0.2500000000,0.6666700000,0.0000000000,0.3333300000,0.3214300000,1.0000000000,0.0000000000,1.0000000000,0.0000000000,0.0000000000,1.0000000000,0.0000000000,0.0000000000,0.0000000000,0.0000000000,1.0000000000,0.0000000000,1.0000000000,0.0000000000,-1.0000000000
1.0000000000,0.1617600000,1.0000000000,0.0714290000,0.0000000000,0.5000000000,0.3333300000,0.3333300000,0.6666700000,0.4285700000,1.0000000000,0.0000000000,0.0000000000,0.0000000000,0.0000000000,0.0000000000,0.0000000000,1.0000000000,0.0000000000,0.0000000000,1.0000000000,0.0000000000,1.0000000000,0.0000000000,-1.0000000000
0.3333300000,0.1323500000,1.0000000000,0.0384610000,0.0000000000,0.2500000000,0.6666700000,1.0000000000,0.0000000000,0.0714290000,1.0000000000,0.3333300000,0.0000000000,0.0000000000,0.0000000000,0.0000000000,0.0000000000,0.0000000000,0.0000000000,0.0000000000,1.0000000000,0.0000000000,0.0000000000,1.0000000000,-1.0000000000
0.3333300000,0.2941200000,0.5000000000,0.1978000000,0.5000000000,0.0000000000,0.3333300000,1.0000000000,1.0000000000,0.0714290000,1.0000000000,0.0000000000,0.0000000000,0.0000000000,0.0000000000,0.0000000000,0.0000000000,1.0000000000,0.0000000000,1.0000000000,0.0000000000,1.0000000000,0.0000000000,0.0000000000,-1.0000000000
1.0000000000,0.0294120000,0.7500000000,0.0824170000,0.2500000000,0.5000000000,0.6666700000,0.3333300000,0.0000000000,0.2678600000,1.0000000000,0.3333300000,0.0000000000,0.0000000000,0.0000000000,0.0000000000,0.0000000000,1.0000000000,0.0000000000,0.0000000000,1.0000000000,0.0000000000,1.0000000000,0.0000000000,-1.0000000000
0.3333300000,0.0735300000,1.0000000000,0.0494510000,0.7500000000,1.0000000000,0.6666700000,0.6666700000,1.0000000000,0.2321400000,1.0000000000,0.3333300000,1.0000000000,0.0000000000,0.0000000000,0.0000000000,0.0000000000,1.0000000000,0.0000000000,0.0000000000,0.0000000000,0.0000000000,0.0000000000,1.0000000000,1.0000000000
1.0000000000,0.0735300000,0.5000000000,0.0549450000,0.0000000000,0.2500000000,0.3333300000,1.0000000000,0.0000000000,0.0714290000,1.0000000000,0.0000000000,0.0000000000,1.0000000000,0.0000000000,0.0000000000,0.0000000000,1.0000000000,0.0000000000,1.0000000000,0.0000000000,0.0000000000,0.0000000000,1.0000000000,-1.0000000000
0.3333300000,0.0735300000,0.5000000000,0.0439560000,0.0000000000,0.5000000000,0.3333300000,0.3333300000,0.6666700000,0.1785700000,1.0000000000,0.0000000000,0.0000000000,0.0000000000,1.0000000000,0.0000000000,0.0000000000,1.0000000000,0.0000000000,0.0000000000,1.0000000000,0.0000000000,0.0000000000,1.0000000000,1.0000000000
1.0000000000,0.2058800000,1.0000000000,0.1648400000,1.0000000000,0.0000000000,0.6666700000,1.0000000000,1.0000000000,0.3392900000,1.0000000000,0.0000000000,0.0000000000,1.0000000000,0.0000000000,0.0000000000,1.0000000000,1.0000000000,0.0000000000,0.0000000000,1.0000000000,0.0000000000,0.0000000000,0.0000000000,-1.0000000000
0.0000000000,0.1176500000,0.0000000000,0.3296700000,0.0000000000,0.5000000000,0.6666700000,0.3333300000,0.3333300000,0.1607100000,1.0000000000,0.3333300000,0.0000000000,1.0000000000,0.0000000000,0.0000000000,0.0000000000,1.0000000000,0.0000000000,1.0000000000,0.0000000000,0.0000000000,0.0000000000,1.0000000000,1.0000000000
1.0000000000,0.0882360000,0.5000000000,0.0274730000,0.5000000000,1.0000000000,0.6666700000,1.0000000000,1.0000000000,0.4821400000,1.0000000000,0.0000000000,0.0000000000,1.0000000000,0.0000000000,0.0000000000,0.0000000000,1.0000000000,0.0000000000,0.0000000000,0.0000000000,0.0000000000,0.0000000000,1.0000000000,-1.0000000000
0.3333300000,0.2941200000,0.5000000000,0.0549450000,0.0000000000,0.2500000000,0.6666700000,0.3333300000,0.0000000000,0.0714290000,0.5000000000,0.0000000000,0.0000000000,0.0000000000,0.0000000000,1.0000000000,0.0000000000,1.0000000000,0.0000000000,0.0000000000,1.0000000000,0.0000000000,1.0000000000,0.0000000000,1.0000000000
1.0000000000,0.1176500000,1.0000000000,0.1153800000,1.0000000000,1.0000000000,0.6666700000,1.0000000000,0.0000000000,0.5357100000,1.0000000000,0.0000000000,0.0000000000,1.0000000000,0.0000000000,0.0000000000,0.0000000000,0.0000000000,1.0000000000,0.0000000000,1.0000000000,0.0000000000,0.0000000000,1.0000000000,-1.0000000000
1.0000000000,0.4705900000,0.7500000000,0.2362600000,0.0000000000,0.5000000000,0.6666700000,0.3333300000,0.6666700000,0.1250000000,1.0000000000,0.3333300000,0.0000000000,1.0000000000,0.0000000000,0.0000000000,0.0000000000,1.0000000000,0.0000000000,0.0000000000,1.0000000000,0.0000000000,0.0000000000,0.0000000000,1.0000000000
1.0000000000,0.1176500000,0.5000000000,0.0329670000,0.0000000000,0.5000000000,1.0000000000,0.3333300000,0.0000000000,0.1607100000,1.0000000000,0.0000000000,0.0000000000,0.0000000000,0.0000000000,0.0000000000,0.0000000000,1.0000000000,0.0000000000,0.0000000000,1.0000000000,0.0000000000,0.0000000000,1.0000000000,-1.0000000000
0.0000000000,0.3823500000,0.5000000000,0.1208800000,0.0000000000,0.7500000000,0.3333300000,1.0000000000,0.0000000000,0.0714290000,1.0000000000,0.0000000000,0.0000000000,0.0000000000,0.0000000000,0.0000000000,0.0000000000,1.0000000000,0.0000000000,1.0000000000,0.0000000000,0.0000000000,0.0000000000,1.0000000000,1.0000000000
0.3333300000,0.2058800000,0.5000000000,0.0549450000,1.0000000000,0.5000000000,0.6666700000,1.0000000000,1.0000000000,0.7500000000,1.0000000000,0.0000000000,0.0000000000,0.0000000000,0.0000000000,0.0000000000,0.0000000000,1.0000000000,0.0000000000,0.0000000000,0.0000000000,0.0000000000,0.0000000000,1.0000000000,-1.0000000000
0.6666700000,0.1176500000,0.5000000000,0.1758200000,1.0000000000,1.0000000000,0.6666700000,0.6666700000,0.6666700000,0.3214300000,1.0000000000,0.0000000000,0.0000000000,0.0000000000,0.0000000000,0.0000000000,0.0000000000,1.0000000000,0.0000000000,0.0000000000,1.0000000000,0.0000000000,0.0000000000,0.0000000000,-1.0000000000
0.6666700000,0.1176500000,0.7500000000,0.1098900000,0.0000000000,0.5000000000,0.3333300000,0.3333300000,0.6666700000,0.3035700000,0.5000000000,0.3333300000,0.0000000000,1.0000000000,0.0000000000,1.0000000000,0.0000000000,1.0000000000,0.0000000000,0.0000000000,1.0000000000,0.0000000000,0.0000000000,1.0000000000,-1.0000000000
1.0000000000,0.0294120000,0.5000000000,0.0879120000,0.0000000000,0.5000000000,1.0000000000,0.3333300000,0.3333300000,0.0357140000,1.0000000000,0.0000000000,0.0000000000,0.0000000000,0.0000000000,0.0000000000,0.0000000000,1.0000000000,0.0000000000,1.0000000000,0.0000000000,0.0000000000,0.0000000000,1.0000000000,-1.0000000000
0.0000000000,0.2058800000,0.5000000000,0.1263700000,0.0000000000,0.0000000000,0.6666700000,0.0000000000,0.6666700000,0.1071400000,1.0000000000,0.0000000000,0.0000000000,0.0000000000,0.0000000000,0.0000000000,0.0000000000,1.0000000000,0.0000000000,0.0000000000,1.0000000000,1.0000000000,0.0000000000,0.0000000000,1.0000000000
1.0000000000,0.1176500000,0.5000000000,0.0714290000,0.0000000000,0.7500000000,0.6666700000,1.0000000000,0.6666700000,0.3035700000,1.0000000000,0.0000000000,0.0000000000,1.0000000000,0.0000000000,0.0000000000,0.0000000000,1.0000000000,0.0000000000,0.0000000000,1.0000000000,0.0000000000,0.0000000000,1.0000000000,-1.0000000000
1.0000000000,0.2058800000,1.0000000000,0.1978000000,0.0000000000,0.7500000000,0.6666700000,0.0000000000,0.6666700000,0.1428600000,1.0000000000,0.3333300000,0.0000000000,0.0000000000,0.0000000000,0.0000000000,1.0000000000,1.0000000000,0.0000000000,0.0000000000,1.0000000000,0.0000000000,0.0000000000,1.0000000000,-1.0000000000
0.0000000000,0.2058800000,0.5000000000,0.1868100000,0.0000000000,0.2500000000,0.3333300000,1.0000000000,0.6666700000,0.0535710000,1.0000000000,0.0000000000,0.0000000000,0.0000000000,0.0000000000,0.0000000000,0.0000000000,1.0000000000,0.0000000000,1.0000000000,0.0000000000,0.0000000000,0.0000000000,1.0000000000,-1.0000000000
0.0000000000,0.4705900000,0.5000000000,0.1758200000,0.0000000000,1.0000000000,0.6666700000,0.3333300000,0.6666700000,0.4107100000,1.0000000000,0.0000000000,1.0000000000,0.0000000000,0.0000000000,0.0000000000,0.0000000000,1.0000000000,0.0000000000,0.0000000000,1.0000000000,0.0000000000,0.0000000000,1.0000000000,1.0000000000
0.3333300000,0.2058800000,0.5000000000,0.1538500000,0.0000000000,0.7500000000,0.3333300000,1.0000000000,0.0000000000,0.3750000000,1.0000000000,0.0000000000,0.0000000000,0.0000000000,0.0000000000,0.0000000000,0.0000000000,1.0000000000,0.0000000000,1.0000000000,0.0000000000,0.0000000000,0.0000000000,1.0000000000,-1.0000000000
1.0000000000,0.4705900000,0.5000000000,0.1593400000,1.0000000000,0.5000000000,0.6666700000,1.0000000000,0.0000000000,0.3035700000,1.0000000000,0.0000000000,0.0000000000,0.0000000000,0.0000000000,1.0000000000,0.0000000000,1.0000000000,0.0000000000,0.0000000000,1.0000000000,0.0000000000,0.0000000000,1.0000000000,-1.0000000000
1.0000000000,0.2058800000,1.0000000000,0.3241800000,0.0000000000,1.0000000000,0.6666700000,1.0000000000,0.6666700000,0.2500000000,1.0000000000,0.3333300000,0.0000000000,1.0000000000,0.0000000000,0.0000000000,0.0000000000,1.0000000000,0.0000000000,0.0000000000,1.0000000000,0.0000000000,0.0000000000,1.0000000000,-1.0000000000
1.0000000000,0.0882360000,1.0000000000,0.1044000000,0.0000000000,0.2500000000,0.3333300000,0.6666700000,0.0000000000,0.0714290000,1.0000000000,0.3333300000,0.0000000000,0.0000000000,0.0000000000,0.0000000000,0.0000000000,1.0000000000,0.0000000000,1.0000000000,0.0000000000,0.0000000000,0.0000000000,1.0000000000,-1.0000000000
1.0000000000,0.8235300000,1.0000000000,0.7472500000,1.0000000000,1.0000000000,0.6666700000,1.0000000000,1.0000000000,0.7857100000,0.0000000000,0.0000000000,0.0000000000,1.0000000000,0.0000000000,1.0000000000,0.0000000000,1.0000000000,0.0000000000,0.0000000000,0.0000000000,0.0000000000,0.0000000000,0.0000000000,-1.0000000000
0.3333300000,0.8235300000,0.2500000000,0.8022000000,0.2500000000,1.0000000000,0.3333300000,1.0000000000,1.0000000000,0.7321400000,0.0000000000,0.3333300000,0.0000000000,1.0000000000,0.0000000000,0.0000000000,0.0000000000,1.0000000000,0.0000000000,0.0000000000,0.0000000000,0.0000000000,0.0000000000,0.0000000000,1.0000000000
0.0000000000,0.6470600000,0.2500000000,0.4120900000,0.0000000000,0.7500000000,0.3333300000,1.0000000000,0.6666700000,0.3214300000,1.0000000000,0.0000000000,0.0000000000,0.0000000000,0.0000000000,0.0000000000,0.0000000000,0.0000000000,0.0000000000,1.0000000000,0.0000000000,0.0000000000,0.0000000000,1.0000000000,1.0000000000
1.0000000000,0.2058800000,0.7500000000,0.1153800000,0.0000000000,0.0000000000,1.0000000000,0.6666700000,0.0000000000,0.2678600000,1.0000000000,0.3333300000,0.0000000000,0.0000000000,0.0000000000,0.0000000000,0.0000000000,1.0000000000,0.0000000000,0.0000000000,1.0000000000,0.0000000000,0.0000000000,1.0000000000,-1.0000000000
1.0000000000,0.0441170000,0.7500000000,0.0329670000,1.0000000000,1.0000000000,0.6666700000,1.0000000000,1.0000000000,0.3035700000,1.0000000000,0.0000000000,0.0000000000,0.0000000000,0.0000000000,0.0000000000,0.0000000000,1.0000000000,0.0000000000,0.0000000000,0.0000000000,0.0000000000,0.0000000000,1.0000000000,-1.0000000000
0.3333300000,0.4705900000,0.5000000000,0.7747300000,0.0000000000,1.0000000000,0.6666700000,0.3333300000,1.0000000000,0.6785700000,1.0000000000,0.0000000000,0.0000000000,1.0000000000,0.0000000000,1.0000000000,0.0000000000,1.0000000000,0.0000000000,0.0000000000,0.0000000000,0.0000000000,0.0000000000,0.0000000000,1.0000000000
1.0000000000,0.0294120000,1.0000000000,0.0109890000,0.2500000000,0.5000000000,0.3333300000,1.0000000000,0.6666700000,0.5892900000,1.0000000000,0.3333300000,0.0000000000,0.0000000000,0.0000000000,1.0000000000,0.0000000000,1.0000000000,0.0000000000,0.0000000000,1.0000000000,0.0000000000,1.0000000000,0.0000000000,-1.0000000000
0.0000000000,0.2352900000,0.5000000000,0.1098900000,1.0000000000,0.7500000000,0.6666700000,1.0000000000,0.6666700000,0.3571400000,1.0000000000,0.0000000000,0.0000000000,1.0000000000,0.0000000000,0.0000000000,0.0000000000,1.0000000000,0.0000000000,0.0000000000,1.0000000000,0.0000000000,0.0000000000,1.0000000000,-1.0000000000
0.3333300000,0.2058800000,0.5000000000,0.7033000000,0.0000000000,0.0000000000,0.3333300000,1.0000000000,1.0000000000,0.3392900000,1.0000000000,0.0000000000,0.0000000000,1.0000000000,0.0000000000,0.0000000000,1.0000000000,1.0000000000,0.0000000000,0.0000000000,0.0000000000,0.0000000000,0.0000000000,0.0000000000,1.0000000000
1.0000000000,0.2647100000,0.5000000000,0.0604390000,1.0000000000,0.7500000000,0.3333300000,1.0000000000,0.3333300000,0.1071400000,1.0000000000,0.0000000000,0.0000000000,0.0000000000,0.0000000000,1.0000000000,0.0000000000,1.0000000000,0.0000000000,1.0000000000,0.0000000000,0.0000000000,0.0000000000,1.0000000000,-1.0000000000
0.6666700000,0.1176500000,0.5000000000,0.0604390000,0.0000000000,0.2500000000,0.6666700000,0.0000000000,0.0000000000,0.1250000000,1.0000000000,0.0000000000,0.0000000000,0.0000000000,0.0000000000,1.0000000000,0.0000000000,1.0000000000,0.0000000000,0.0000000000,1.0000000000,0.0000000000,0.0000000000,1.0000000000,-1.0000000000
1.0000000000,0.3823500000,0.7500000000,0.2252700000,0.2500000000,0.5000000000,0.6666700000,0.3333300000,0.3333300000,0.1250000000,1.0000000000,0.3333300000,0.0000000000,0.0000000000,0.0000000000,0.0000000000,0.0000000000,1.0000000000,0.0000000000,0.0000000000,1.0000000000,0.0000000000,1.0000000000,0.0000000000,-1.0000000000
1.0000000000,0.2058800000,1.0000000000,0.1098900000,0.0000000000,0.5000000000,0.3333300000,0.0000000000,0.6666700000,0.1071400000,1.0000000000,0.3333300000,0.0000000000,0.0000000000,0.0000000000,0.0000000000,0.0000000000,1.0000000000,0.0000000000,0.0000000000,1.0000000000,0.0000000000,0.0000000000,1.0000000000,-1.0000000000
1.0000000000,0.2058800000,0.5000000000,0.0494510000,1.0000000000,0.2500000000,0.3333300000,0.3333300000,0.0000000000,0.0357140000,1.0000000000,0.0000000000,0.0000000000,1.0000000000,0.0000000000,0.0000000000,0.0000000000,1.0000000000,0.0000000000,1.0000000000,0.0000000000,0.0000000000,0.0000000000,1.0000000000,-1.0000000000
0.3333300000,0.2058800000,1.0000000000,0.3956000000,0.0000000000,0.0000000000,0.6666700000,1.0000000000,0.3333300000,0.3750000000,0.5000000000,0.3333300000,0.0000000000,1.0000000000,0.0000000000,0.0000000000,0.0000000000,1.0000000000,0.0000000000,0.0000000000,1.0000000000,0.0000000000,0.0000000000,0.0000000000,-1.0000000000
0.3333300000,0.1617600000,1.0000000000,0.1153800000,0.5000000000,0.5000000000,0.6666700000,1.0000000000,0.6666700000,0.1428600000,0.0000000000,0.0000000000,0.0000000000,0.0000000000,0.0000000000,0.0000000000,0.0000000000,1.0000000000,0.0000000000,0.0000000000,1.0000000000,0.0000000000,0.0000000000,1.0000000000,-1.0000000000
1.0000000000,0.0735300000,0.5000000000,0.0659340000,0.0000000000,0.7500000000,0.3333300000,0.3333300000,0.6666700000,0.1428600000,1.0000000000,0.3333300000,0.0000000000,0.0000000000,0.0000000000,0.0000000000,0.0000000000,1.0000000000,0.0000000000,0.0000000000,1.0000000000,0.0000000000,0.0000000000,1.0000000000,-1.0000000000
1.0000000000,0.2058800000,0.5000000000,0.0879120000,0.0000000000,0.5000000000,1.0000000000,0.3333300000,0.3333300000,0.1964300000,1.0000000000,0.0000000000,0.0000000000,1.0000000000,0.0000000000,1.0000000000,0.0000000000,1.0000000000,0.0000000000,0.0000000000,1.0000000000,0.0000000000,0.0000000000,0.0000000000,-1.0000000000
0.3333300000,0.1176500000,0.5000000000,0.0439560000,0.7500000000,0.2500000000,0.3333300000,1.0000000000,0.0000000000,0.0000000000,1.0000000000,0.0000000000,0.0000000000,0.0000000000,0.0000000000,0.0000000000,0.0000000000,1.0000000000,0.0000000000,1.0000000000,0.0000000000,0.0000000000,1.0000000000,0.0000000000,-1.0000000000
0.0000000000,0.4705900000,0.5000000000,0.1648400000,0.0000000000,0.7500000000,0.6666700000,1.0000000000,1.0000000000,0.3571400000,0.0000000000,0.0000000000,1.0000000000,1.0000000000,0.0000000000,1.0000000000,0.0000000000,1.0000000000,0.0000000000,0.0000000000,0.0000000000,0.0000000000,0.0000000000,0.0000000000,-1.0000000000
0.0000000000,0.0294120000,1.0000000000,0.0989010000,0.0000000000,0.7500000000,0.3333300000,1.0000000000,0.6666700000,0.2142900000,1.0000000000,0.0000000000,0.0000000000,0.0000000000,0.0000000000,0.0000000000,0.0000000000,1.0000000000,0.0000000000,0.0000000000,1.0000000000,0.0000000000,0.0000000000,1.0000000000,-1.0000000000
1.0000000000,0.0735300000,1.0000000000,0.1208800000,0.0000000000,0.0000000000,0.6666700000,0.6666700000,0.6666700000,0.2142900000,1.0000000000,0.0000000000,0.0000000000,0.0000000000,0.0000000000,0.0000000000,0.0000000000,1.0000000000,0.0000000000,0.0000000000,1.0000000000,0.0000000000,0.0000000000,0.0000000000,-1.0000000000
0.3333300000,0.5147100000,0.7500000000,0.6373600000,0.2500000000,0.7500000000,0.6666700000,0.6666700000,1.0000000000,0.2321400000,1.0000000000,0.0000000000,0.0000000000,1.0000000000,0.0000000000,0.0000000000,0.0000000000,1.0000000000,0.0000000000,1.0000000000,0.0000000000,0.0000000000,0.0000000000,1.0000000000,-1.0000000000
0.0000000000,0.1176500000,0.5000000000,0.1318700000,0.0000000000,0.0000000000,0.3333300000,1.0000000000,1.0000000000,0.6428600000,1.0000000000,0.0000000000,0.0000000000,0.0000000000,0.0000000000,0.0000000000,0.0000000000,1.0000000000,0.0000000000,0.0000000000,0.0000000000,0.0000000000,0.0000000000,0.0000000000,-1.0000000000
0.0000000000,0.4705900000,1.0000000000,0.1153800000,0.0000000000,0.5000000000,1.0000000000,0.3333300000,0.3333300000,0.4821400000,1.0000000000,0.3333300000,0.0000000000,1.0000000000,0.0000000000,0.0000000000,0.0000000000,1.0000000000,0.0000000000,0.0000000000,1.0000000000,0.0000000000,0.0000000000,1.0000000000,-1.0000000000
0.3333300000,0.1176500000,0.5000000000,0.0549450000,0.0000000000,1.0000000000,0.0000000000,0.0000000000,0.0000000000,0.4821400000,1.0000000000,0.3333300000,0.0000000000,0.0000000000,0.0000000000,1.0000000000,0.0000000000,1.0000000000,0.0000000000,1.0000000000,0.0000000000,0.0000000000,0.0000000000,1.0000000000,1.0000000000
1.0000000000,0.2941200000,1.0000000000,0.0714290000,0.7500000000,0.5000000000,0.3333300000,0.0000000000,0.0000000000,0.4285700000,1.0000000000,0.3333300000,0.0000000000,0.0000000000,0.0000000000,0.0000000000,0.0000000000,1.0000000000,0.0000000000,0.0000000000,1.0000000000,0.0000000000,1.0000000000,0.0000000000,-1.0000000000
1.0000000000,0.2058800000,0.5000000000,0.0714290000,0.0000000000,0.2500000000,1.0000000000,1.0000000000,0.0000000000,0.3571400000,1.0000000000,0.0000000000,0.0000000000,1.0000000000,0.0000000000,0.0000000000,0.0000000000,1.0000000000,0.0000000000,0.0000000000,1.0000000000,0.0000000000,0.0000000000,1.0000000000,-1.0000000000
0.3333300000,0.2058800000,1.0000000000,0.0934070000,1.0000000000,0.5000000000,1.0000000000,1.0000000000,0.0000000000,0.1607100000,0.0000000000,0.3333300000,0.0000000000,0.0000000000,0.0000000000,0.0000000000,0.0000000000,1.0000000000,0.0000000000,0.0000000000,1.0000000000,0.0000000000,0.0000000000,1.0000000000,-1.0000000000
1.0000000000,0.2941200000,0.7500000000,0.4615400000,0.0000000000,0.2500000000,0.6666700000,0.3333300000,0.6666700000,0.1428600000,0.0000000000,0.3333300000,0.0000000000,1.0000000000,0.0000000000,0.0000000000,0.0000000000,1.0000000000,0.0000000000,0.0000000000,1.0000000000,0.0000000000,0.0000000000,1.0000000000,1.0000000000
1.0000000000,0.1470600000,0.7500000000,0.0329670000,0.0000000000,0.5000000000,0.6666700000,0.3333300000,0.6666700000,0.1428600000,1.0000000000,0.3333300000,0.0000000000,0.0000000000,0.0000000000,1.0000000000,0.0000000000,1.0000000000,0.0000000000,0.0000000000,1.0000000000,0.0000000000,1.0000000000,0.0000000000,-1.0000000000
0.3333300000,0.2058800000,0.7500000000,0.1483500000,1.0000000000,1.0000000000,0.6666700000,1.0000000000,0.6666700000,0.4285700000,1.0000000000,0.0000000000,1.0000000000,0.0000000000,0.0000000000,1.0000000000,0.0000000000,1.0000000000,0.0000000000,0.0000000000,1.0000000000,0.0000000000,0.0000000000,1.0000000000,-1.0000000000
0.3333300000,0.2941200000,0.5000000000,0.0989010000,0.0000000000,0.2500000000,1.0000000000,0.0000000000,0.3333300000,0.0535710000,1.0000000000,0.0000000000,0.0000000000,1.0000000000,0.0000000000,0.0000000000,0.0000000000,1.0000000000,0.0000000000,0.0000000000,1.0000000000,0.0000000000,0.0000000000,1.0000000000,1.0000000000
1.0000000000,0.2941200000,1.0000000000,0.1098900000,1.0000000000,0.7500000000,0.6666700000,1.0000000000,0.6666700000,0.4285700000,1.0000000000,0.3333300000,1.0000000000,1.0000000000,0.0000000000,0.0000000000,1.0000000000,1.0000000000,0.0000000000,0.0000000000,1.0000000000,0.0000000000,0.0000000000,1.0000000000,-1.0000000000
0.0000000000,0.1617600000,0.5000000000,0.0494510000,0.0000000000,0.2500000000,1.0000000000,0.3333300000,0.0000000000,0.1428600000,1.0000000000,0.0000000000,0.0000000000,0.0000000000,1.0000000000,0.0000000000,0.0000000000,1.0000000000,0.0000000000,0.0000000000,1.0000000000,0.0000000000,0.0000000000,1.0000000000,-1.0000000000
1.0000000000,0.2941200000,0.5000000000,0.1648400000,0.5000000000,1.0000000000,0.0000000000,0.3333300000,0.6666700000,0.1250000000,1.0000000000,0.0000000000,0.0000000000,1.0000000000,0.0000000000,0.0000000000,0.0000000000,1.0000000000,0.0000000000,0.0000000000,1.0000000000,0.0000000000,0.0000000000,0.0000000000,-1.0000000000
0.6666700000,0.1176500000,1.0000000000,0.0384610000,0.5000000000,0.7500000000,1.0000000000,0.3333300000,0.0000000000,0.1607100000,1.0000000000,0.6666700000,0.0000000000,1.0000000000,0.0000000000,1.0000000000,0.0000000000,1.0000000000,0.0000000000,0.0000000000,1.0000000000,0.0000000000,0.0000000000,1.0000000000,1.0000000000
0.3333300000,0.2941200000,0.5000000000,0.0989010000,0.0000000000,1.0000000000,0.3333300000,1.0000000000,0.6666700000,0.0178570000,1.0000000000,0.0000000000,0.0000000000,1.0000000000,0.0000000000,0.0000000000,0.0000000000,1.0000000000,0.0000000000,0.0000000000,1.0000000000,0.0000000000,0.0000000000,1.0000000000,-1.0000000000
1.0000000000,0.4264700000,1.0000000000,0.3901100000,0.0000000000,0.7500000000,0.6666700000,0.3333300000,0.6666700000,0.2857100000,1.0000000000,0.3333300000,0.0000000000,1.0000000000,0.0000000000,0.0000000000,1.0000000000,1.0000000000,0.0000000000,0.0000000000,1.0000000000,0.0000000000,0.0000000000,0.0000000000,-1.0000000000
1.0000000000,0.1176500000,1.0000000000,0.1153800000,0.0000000000,0.0000000000,0.6666700000,0.3333300000,0.6666700000,0.4107100000,0.5000000000,0.3333300000,0.0000000000,1.0000000000,0.0000000000,0.0000000000,0.0000000000,1.0000000000,0.0000000000,0.0000000000,1.0000000000,0.0000000000,0.0000000000,0.0000000000,1.0000000000
1.0000000000,0.0882360000,0.5000000000,0.0769230000,0.5000000000,0.5000000000,0.6666700000,0.3333300000,1.0000000000,0.3750000000,1.0000000000,0.0000000000,1.0000000000,0.0000000000,1.0000000000,1.0000000000,0.0000000000,1.0000000000,0.0000000000,1.0000000000,0.0000000000,0.0000000000,1.0000000000,0.0000000000,-1.0000000000
0.0000000000,0.2941200000,0.5000000000,0.0659340000,1.0000000000,0.5000000000,0.3333300000,0.3333300000,0.3333300000,0.2857100000,1.0000000000,0.0000000000,0.0000000000,0.0000000000,0.0000000000,1.0000000000,0.0000000000,1.0000000000,0.0000000000,0.0000000000,1.0000000000,0.0000000000,0.0000000000,1.0000000000,1.0000000000
1.0000000000,0.4705900000,1.0000000000,0.3076900000,0.0000000000,1.0000000000,0.6666700000,0.3333300000,0.3333300000,0.2857100000,1.0000000000,0.3333300000,1.0000000000,1.0000000000,0.0000000000,0.0000000000,1.0000000000,1.0000000000,0.0000000000,0.0000000000,1.0000000000,0.0000000000,0.0000000000,1.0000000000,-1.0000000000
0.0000000000,0.1176500000,0.5000000000,0.1318700000,0.0000000000,0.2500000000,0.6666700000,0.0000000000,0.0000000000,0.2500000000,1.0000000000,0.0000000000,1.0000000000,0.0000000000,0.0000000000,1.0000000000,0.0000000000,1.0000000000,0.0000000000,0.0000000000,1.0000000000,0.0000000000,1.0000000000,0.0000000000,1.0000000000
0.0000000000,0.2058800000,0.7500000000,0.4560400000,1.0000000000,0.5000000000,0.3333300000,0.3333300000,0.6666700000,0.0714290000,1.0000000000,0.3333300000,0.0000000000,1.0000000000,0.0000000000,0.0000000000,0.0000000000,1.0000000000,0.0000000000,1.0000000000,0.0000000000,0.0000000000,0.0000000000,1.0000000000,-1.0000000000
1.0000000000,0.2500000000,0.5000000000,0.1428600000,0.5000000000,0.7500000000,0.3333300000,0.3333300000,0.6666700000,0.2142900000,0.0000000000,0.0000000000,0.0000000000,0.0000000000,0.0000000000,1.0000000000,0.0000000000,1.0000000000,0.0000000000,0.0000000000,1.0000000000,0.0000000000,0.0000000000,0.0000000000,-1.0000000000
0.3333300000,0.2058800000,0.5000000000,0.0439560000,1.0000000000,0.5000000000,0.3333300000,0.3333300000,0.3333300000,0.2500000000,1.0000000000,0.0000000000,0.0000000000,0.0000000000,0.0000000000,1.0000000000,0.0000000000,1.0000000000,0.0000000000,0.0000000000,1.0000000000,0.0000000000,0.0000000000,1.0000000000,1.0000000000
1.0000000000,0.1617600000,0.5000000000,0.1648400000,0.7500000000,0.7500000000,0.3333300000,0.6666700000,0.6666700000,0.0178570000,1.0000000000,0.0000000000,0.0000000000,0.0000000000,0.0000000000,1.0000000000,0.0000000000,1.0000000000,0.0000000000,1.0000000000,0.0000000000,0.0000000000,0.0000000000,1.0000000000,-1.0000000000
0.3333300000,0.1176500000,0.5000000000,0.0989010000,1.0000000000,0.5000000000,0.6666700000,0.3333300000,0.6666700000,0.1964300000,1.0000000000,0.0000000000,0.0000000000,0.0000000000,0.0000000000,0.0000000000,1.0000000000,1.0000000000,0.0000000000,0.0000000000,1.0000000000,0.0000000000,0.0000000000,1.0000000000,-1.0000000000
0.3333300000,0.1176500000,1.0000000000,0.0439560000,0.0000000000,0.7500000000,0.6666700000,0.6666700000,0.0000000000,0.5000000000,1.0000000000,0.3333300000,1.0000000000,0.0000000000,0.0000000000,1.0000000000,0.0000000000,1.0000000000,0.0000000000,0.0000000000,1.0000000000,0.0000000000,1.0000000000,0.0000000000,-1.0000000000
1.0000000000,0.2500000000,0.7500000000,0.0769230000,0.2500000000,0.7500000000,0.6666700000,0.6666700000,0.0000000000,0.2678600000,1.0000000000,0.3333300000,0.0000000000,0.0000000000,0.0000000000,0.0000000000,0.0000000000,1.0000000000,0.0000000000,0.0000000000,1.0000000000,0.0000000000,0.0000000000,0.0000000000,-1.0000000000
0.3333300000,0.1176500000,0.5000000000,0.1428600000,1.0000000000,1.0000000000,0.3333300000,0.3333300000,0.3333300000,0.1071400000,0.0000000000,0.0000000000,0.0000000000,1.0000000000,0.0000000000,0.0000000000,0.0000000000,1.0000000000,0.0000000000,0.0000000000,1.0000000000,0.0000000000,0.0000000000,1.0000000000,1.0000000000
0.3333300000,0.2058800000,0.5000000000,0.1428600000,0.0000000000,0.5000000000,1.0000000000,0.6666700000,0.6666700000,0.0357140000,1.0000000000,0.0000000000,0.0000000000,1.0000000000,0.0000000000,0.0000000000,1.0000000000,1.0000000000,0.0000000000,1.0000000000,0.0000000000,0.0000000000,0.0000000000,1.0000000000,-1.0000000000
1.0000000000,0.3529400000,1.0000000000,0.1373600000,0.0000000000,1.0000000000,0.6666700000,0.3333300000,0.6666700000,0.1785700000,1.0000000000,0.3333300000,0.0000000000,0.0000000000,0.0000000000,0.0000000000,0.0000000000,1.0000000000,0.0000000000,0.0000000000,1.0000000000,0.0000000000,0.0000000000,1.0000000000,-1.0000000000
1.0000000000,0.2058800000,1.0000000000,0.0494510000,0.7500000000,0.5000000000,0.6666700000,0.6666700000,0.0000000000,0.4821400000,1.0000000000,0.3333300000,0.0000000000,0.0000000000,0.0000000000,0.0000000000,0.0000000000,1.0000000000,0.0000000000,0.0000000000,1.0000000000,0.0000000000,0.0000000000,1.0000000000,-1.0000000000
1.0000000000,0.0735300000,0.5000000000,0.0604390000,0.0000000000,1.0000000000,0.6666700000,1.0000000000,0.6666700000,0.0178570000,1.0000000000,0.0000000000,0.0000000000,0.0000000000,0.0000000000,0.0000000000,0.0000000000,1.0000000000,0.0000000000,0.0000000000,1.0000000000,0.0000000000,0.0000000000,1.0000000000,-1.0000000000
0.0000000000,0.2058800000,1.0000000000,0.0549450000,0.0000000000,0.0000000000,0.3333300000,1.0000000000,1.0000000000,0.6428600000,1.0000000000,0.6666700000,1.0000000000,0.0000000000,0.0000000000,0.0000000000,0.0000000000,1.0000000000,0.0000000000,0.0000000000,0.0000000000,1.0000000000,0.0000000000,0.0000000000,1.0000000000
1.0000000000,0.0147060000,0.5000000000,0.1758200000,0.0000000000,0.7500000000,0.6666700000,1.0000000000,0.0000000000,0.9821400000,1.0000000000,0.0000000000,0.0000000000,0.0000000000,0.0000000000,0.0000000000,0.0000000000,1.0000000000,0.0000000000,0.0000000000,1.0000000000,0.0000000000,1.0000000000,0.0000000000,-1.0000000000
0.3333300000,0.2941200000,0.5000000000,0.6098900000,0.0000000000,0.5000000000,0.6666700000,0.6666700000,0.6666700000,0.1785700000,0.0000000000,0.3333300000,0.0000000000,1.0000000000,0.0000000000,0.0000000000,0.0000000000,0.0000000000,1.0000000000,0.0000000000,1.0000000000,0.0000000000,0.0000000000,0.0000000000,1.0000000000
0.0000000000,0.0294120000,1.0000000000,0.0934070000,0.0000000000,0.0000000000,0.6666700000,1.0000000000,1.0000000000,0.3035700000,1.0000000000,0.6666700000,0.0000000000,1.0000000000,0.0000000000,0.0000000000,0.0000000000,1.0000000000,0.0000000000,0.0000000000,0.0000000000,0.0000000000,0.0000000000,0.0000000000,-1.0000000000
1.0000000000,0.2941200000,1.0000000000,0.1044000000,0.0000000000,0.5000000000,0.0000000000,0.3333300000,0.0000000000,0.2500000000,1.0000000000,0.3333300000,0.0000000000,1.0000000000,0.0000000000,0.0000000000,0.0000000000,1.0000000000,0.0000000000,0.0000000000,1.0000000000,0.0000000000,0.0000000000,1.0000000000,-1.0000000000
0.0000000000,0.0735300000,0.5000000000,0.1044000000,0.0000000000,0.5000000000,0.6666700000,0.3333300000,0.0000000000,0.1071400000,1.0000000000,0.0000000000,0.0000000000,0.0000000000,0.0000000000,0.0000000000,0.0000000000,1.0000000000,0.0000000000,0.0000000000,1.0000000000,0.0000000000,0.0000000000,1.0000000000,-1.0000000000
0.3333300000,0.1176500000,0.5000000000,0.0714290000,1.0000000000,0.5000000000,1.0000000000,0.0000000000,0.0000000000,0.1071400000,1.0000000000,0.0000000000,0.0000000000,1.0000000000,0.0000000000,0.0000000000,0.0000000000,1.0000000000,0.0000000000,0.0000000000,1.0000000000,0.0000000000,0.0000000000,1.0000000000,1.0000000000
1.0000000000,0.0294120000,0.5000000000,0.0274730000,0.5000000000,0.7500000000,1.0000000000,1.0000000000,0.0000000000,0.0714290000,1.0000000000,0.0000000000,0.0000000000,0.0000000000,0.0000000000,0.0000000000,0.0000000000,1.0000000000,0.0000000000,1.0000000000,0.0000000000,0.0000000000,1.0000000000,0.0000000000,-1.0000000000
1.0000000000,0.2941200000,1.0000000000,0.0604390000,0.7500000000,1.0000000000,0.3333300000,1.0000000000,0.0000000000,0.3214300000,1.0000000000,0.3333300000,0.0000000000,1.0000000000,0.0000000000,1.0000000000,0.0000000000,1.0000000000,0.0000000000,0.0000000000,1.0000000000,0.0000000000,0.0000000000,1.0000000000,-1.0000000000
0.0000000000,0.5588200000,1.0000000000,0.1758200000,0.0000000000,0.0000000000,0.6666700000,1.0000000000,0.6666700000,0.8214300000,1.0000000000,0.3333300000,0.0000000000,0.0000000000,0.0000000000,0.0000000000,0.0000000000,0.0000000000,1.0000000000,0.0000000000,1.0000000000,1.0000000000,0.0000000000,0.0000000000,-1.0000000000
0.6666700000,0.1176500000,0.2500000000,0.0219780000,0.0000000000,0.2500000000,0.3333300000,0.0000000000,0.0000000000,0.1250000000,1.0000000000,0.0000000000,0.0000000000,0.0000000000,0.0000000000,0.0000000000,0.0000000000,1.0000000000,0.0000000000,0.0000000000,1.0000000000,1.0000000000,0.0000000000,0.0000000000,1.0000000000
1.0000000000,0.1176500000,0.5000000000,0.0934070000,0.0000000000,1.0000000000,0.6666700000,1.0000000000,0.6666700000,0.3571400000,1.0000000000,0.0000000000,0.0000000000,1.0000000000,0.0000000000,1.0000000000,0.0000000000,1.0000000000,0.0000000000,0.0000000000,1.0000000000,0.0000000000,0.0000000000,0.0000000000,-1.0000000000
0.0000000000,0.1176500000,0.5000000000,0.0769230000,0.0000000000,0.5000000000,0.3333300000,0.6666700000,0.3333300000,0.1964300000,1.0000000000,0.0000000000,0.0000000000,0.0000000000,0.0000000000,0.0000000000,0.0000000000,0.0000000000,1.0000000000,0.0000000000,1.0000000000,0.0000000000,0.0000000000,1.0000000000,-1.0000000000
0.3333300000,0.2352900000,0.7500000000,0.1318700000,0.0000000000,0.5000000000,0.6666700000,0.6666700000,0.6666700000,0.1785700000,0.0000000000,0.3333300000,0.0000000000,1.0000000000,0.0000000000,0.0000000000,0.0000000000,1.0000000000,0.0000000000,0.0000000000,1.0000000000,0.0000000000,0.0000000000,1.0000000000,-1.0000000000
1.0000000000,0.1176500000,0.5000000000,0.0274730000,0.0000000000,1.0000000000,0.6666700000,1.0000000000,0.6666700000,0.3928600000,0.0000000000,0.0000000000,1.0000000000,0.0000000000,0.0000000000,0.0000000000,0.0000000000,1.0000000000,0.0000000000,0.0000000000,1.0000000000,0.0000000000,1.0000000000,0.0000000000,1.0000000000
0.3333300000,0.6470600000,1.0000000000,0.2692300000,0.0000000000,0.5000000000,0.3333300000,0.6666700000,0.6666700000,0.1964300000,1.0000000000,0.0000000000,0.0000000000,1.0000000000,0.0000000000,0.0000000000,0.0000000000,1.0000000000,0.0000000000,0.0000000000,1.0000000000,0.0000000000,0.0000000000,0.0000000000,1.0000000000
1.0000000000,0.0735300000,1.0000000000,0.0549450000,1.0000000000,1.0000000000,0.3333300000,1.0000000000,0.3333300000,0.3928600000,1.0000000000,0.3333300000,0.0000000000,0.0000000000,0.0000000000,0.0000000000,0.0000000000,1.0000000000,0.0000000000,1.0000000000,0.0000000000,0.0000000000,1.0000000000,0.0000000000,-1.0000000000
0.0000000000,0.4705900000,0.5000000000,0.0879120000,0.0000000000,0.2500000000,0.3333300000,1.0000000000,0.6666700000,0.2678600000,1.0000000000,0.0000000000,0.0000000000,1.0000000000,0.0000000000,1.0000000000,0.0000000000,1.0000000000,0.0000000000,0.0000000000,1.0000000000,0.0000000000,0.0000000000,1.0000000000,1.0000000000
0.3333300000,0.0441170000,0.5000000000,0.1318700000,0.0000000000,0.5000000000,0.6666700000,0.3333300000,0.0000000000,0.2857100000,1.0000000000,0.0000000000,0.0000000000,0.0000000000,0.0000000000,0.0000000000,0.0000000000,0.0000000000,0.0000000000,0.0000000000,1.0000000000,0.0000000000,0.0000000000,1.0000000000,-1.0000000000
0.6666700000,0.1176500000,0.5000000000,0.0659340000,1.0000000000,1.0000000000,0.3333300000,1.0000000000,0.0000000000,0.6428600000,1.0000000000,0.0000000000,0.0000000000,1.0000000000,0.0000000000,0.0000000000,0.0000000000,1.0000000000,0.0000000000,0.0000000000,1.0000000000,0.0000000000,0.0000000000,0.0000000000,-1.0000000000
0.3333300000,0.1617600000,0.7500000000,0.0714290000,0.7500000000,0.5000000000,1.0000000000,0.6666700000,0.3333300000,0.7500000000,0.5000000000,0.3333300000,0.0000000000,0.0000000000,0.0000000000,0.0000000000,0.0000000000,1.0000000000,0.0000000000,0.0000000000,1.0000000000,0.0000000000,0.0000000000,1.0000000000,1.0000000000
1.0000000000,0.4705900000,1.0000000000,0.5989000000,1.0000000000,0.5000000000,0.6666700000,0.3333300000,0.6666700000,0.1964300000,1.0000000000,0.0000000000,0.0000000000,1.0000000000,0.0000000000,0.0000000000,1.0000000000,1.0000000000,0.0000000000,0.0000000000,1.0000000000,0.0000000000,0.0000000000,0.0000000000,-1.0000000000
1.0000000000,0.0294120000,0.5000000000,0.0164830000,0.0000000000,0.5000000000,0.3333300000,0.0000000000,0.0000000000,0.1785700000,1.0000000000,0.0000000000,0.0000000000,0.0000000000,0.0000000000,0.0000000000,0.0000000000,1.0000000000,0.0000000000,0.0000000000,1.0000000000,0.0000000000,0.0000000000,1.0000000000,-1.0000000000
1.0000000000,0.1176500000,0.0000000000,0.1428600000,0.0000000000,1.0000000000,0.6666700000,1.0000000000,0.3333300000,0.2678600000,1.0000000000,0.3333300000,0.0000000000,0.0000000000,0.0000000000,0.0000000000,0.0000000000,1.0000000000,0.0000000000,0.0000000000,1.0000000000,0.0000000000,0.0000000000,1.0000000000,-1.0000000000
1.0000000000,0.2941200000,0.5000000000,0.1373600000,0.0000000000,1.0000000000,0.6666700000,1.0000000000,0.6666700000,0.2857100000,1.0000000000,0.0000000000,0.0000000000,1.0000000000,0.0000000000,0.0000000000,1.0000000000,1.0000000000,0.0000000000,0.0000000000,1.0000000000,0.0000000000,0.0000000000,0.0000000000,-1.0000000000
0.0000000000,0.2941200000,0.5000000000,0.2527500000,0.0000000000,0.7500000000,0.6666700000,0.6666700000,0.3333300000,0.2142900000,1.0000000000,0.0000000000,0.0000000000,1.0000000000,0.0000000000,1.0000000000,0.0000000000,0.0000000000,1.0000000000,0.0000000000,1.0000000000,0.0000000000,0.0000000000,1.0000000000,1.0000000000
1.0000000000,0.2941200000,0.5000000000,0.1373600000,0.0000000000,0.2500000000,0.3333300000,0.0000000000,1.0000000000,0.1785700000,1.0000000000,0.0000000000,0.0000000000,1.0000000000,0.0000000000,0.0000000000,1.0000000000,1.0000000000,0.0000000000,0.0000000000,1.0000000000,0.0000000000,0.0000000000,0.0000000000,-1.0000000000
0.0000000000,0.1029400000,1.0000000000,0.2033000000,0.0000000000,0.5000000000,0.6666700000,0.3333300000,0.0000000000,0.3035700000,1.0000000000,0.3333300000,1.0000000000,0.0000000000,0.0000000000,1.0000000000,0.0000000000,1.0000000000,0.0000000000,1.0000000000,0.0000000000,0.0000000000,0.0000000000,1.0000000000,-1.0000000000
0.0000000000,0.1176500000,0.5000000000,0.1758200000,0.0000000000,1.0000000000,0.6666700000,1.0000000000,1.0000000000,0.2857100000,1.0000000000,0.0000000000,0.0000000000,1.0000000000,0.0000000000,0.0000000000,1.0000000000,1.0000000000,0.0000000000,0.0000000000,0.0000000000,0.0000000000,0.0000000000,1.0000000000,1.0000000000
0.0000000000,0.0294120000,0.5000000000,0.0054945000,0.0000000000,0.2500000000,0.3333300000,0.0000000000,0.0000000000,0.1428600000,1.0000000000,0.0000000000,0.0000000000,0.0000000000,0.0000000000,0.0000000000,0.0000000000,1.0000000000,0.0000000000,0.0000000000,1.0000000000,0.0000000000,0.0000000000,1.0000000000,-1.0000000000
1.0000000000,0.2058800000,0.5000000000,0.2417600000,0.0000000000,0.2500000000,0.6666700000,0.3333300000,0.6666700000,0.2321400000,1.0000000000,0.0000000000,0.0000000000,1.0000000000,0.0000000000,0.0000000000,0.0000000000,1.0000000000,0.0000000000,0.0000000000,1.0000000000,0.0000000000,0.0000000000,1.0000000000,-1.0000000000
0.0000000000,0.4705900000,0.5000000000,0.1868100000,0.0000000000,0.5000000000,0.6666700000,0.3333300000,0.3333300000,0.3214300000,1.0000000000,0.0000000000,1.0000000000,0.0000000000,0.0000000000,0.0000000000,0.0000000000,0.0000000000,0.0000000000,0.0000000000,1.0000000000,0.0000000000,0.0000000000,1.0000000000,-1.0000000000
0.0000000000,0.1617600000,0.5000000000,0.0824170000,0.0000000000,0.2500000000,0.6666700000,0.6666700000,0.0000000000,0.3035700000,1.0000000000,0.0000000000,0.0000000000,0.0000000000,0.0000000000,1.0000000000,0.0000000000,1.0000000000,0.0000000000,0.0000000000,1.0000000000,0.0000000000,0.0000000000,1.0000000000,-1.0000000000
0.3333300000,0.1176500000,0.5000000000,0.1538500000,0.0000000000,0.2500000000,0.3333300000,0.0000000000,0.0000000000,0.2678600000,1.0000000000,0.0000000000,0.0000000000,0.0000000000,0.0000000000,0.0000000000,0.0000000000,1.0000000000,0.0000000000,1.0000000000,0.0000000000,0.0000000000,0.0000000000,0.0000000000,-1.0000000000
0.3333300000,0.1176500000,0.5000000000,0.0329670000,1.0000000000,1.0000000000,0.6666700000,1.0000000000,0.3333300000,0.3392900000,1.0000000000,0.3333300000,0.0000000000,0.0000000000,0.0000000000,0.0000000000,0.0000000000,1.0000000000,0.0000000000,0.0000000000,1.0000000000,0.0000000000,0.0000000000,1.0000000000,-1.0000000000
1.0000000000,0.2058800000,0.5000000000,0.0989010000,0.0000000000,0.7500000000,0.6666700000,0.0000000000,0.6666700000,0.2678600000,0.5000000000,0.3333300000,0.0000000000,1.0000000000,0.0000000000,0.0000000000,0.0000000000,1.0000000000,0.0000000000,0.0000000000,1.0000000000,0.0000000000,0.0000000000,1.0000000000,-1.0000000000
0.0000000000,0.2941200000,0.5000000000,0.1483500000,0.0000000000,0.5000000000,0.6666700000,1.0000000000,1.0000000000,0.7857100000,0.0000000000,0.0000000000,1.0000000000,1.0000000000,0.0000000000,0.0000000000,1.0000000000,0.0000000000,0.0000000000,0.0000000000,1.0000000000,0.0000000000,0.0000000000,1.0000000000,-1.0000000000
0.0000000000,0.2941200000,0.7500000000,0.0824170000,0.0000000000,0.2500000000,0.3333300000,0.3333300000,0.6666700000,0.1785700000,1.0000000000,0.0000000000,0.0000000000,1.0000000000,0.0000000000,0.0000000000,0.0000000000,1.0000000000,0.0000000000,1.0000000000,0.0000000000,0.0000000000,1.0000000000,0.0000000000,1.0000000000
1.0000000000,0.6470600000,0.7500000000,0.3846200000,1.0000000000,1.0000000000,0.6666700000,0.6666700000,0.6666700000,0.2321400000,0.0000000000,0.3333300000,1.0000000000,0.0000000000,0.0000000000,0.0000000000,0.0000000000,1.0000000000,0.0000000000,0.0000000000,1.0000000000,0.0000000000,0.0000000000,1.0000000000,-1.0000000000
1.0000000000,0.4264700000,0.7500000000,0.1428600000,0.0000000000,0.5000000000,0.3333300000,0.3333300000,0.6666700000,0.1250000000,1.0000000000,0.3333300000,0.0000000000,1.0000000000,0.0000000000,0.0000000000,0.0000000000,1.0000000000,0.0000000000,0.0000000000,1.0000000000,0.0000000000,0.0000000000,1.0000000000,-1.0000000000
1.0000000000,0.2941200000,0.7500000000,0.2472500000,0.0000000000,0.7500000000,0.6666700000,0.6666700000,0.6666700000,0.2857100000,1.0000000000,0.3333300000,0.0000000000,1.0000000000,0.0000000000,0.0000000000,1.0000000000,1.0000000000,0.0000000000,0.0000000000,1.0000000000,0.0000000000,1.0000000000,0.0000000000,-1.0000000000
0.3333300000,0.2941200000,0.5000000000,0.1593400000,0.2500000000,0.2500000000,1.0000000000,0.3333300000,0.6666700000,0.0535710000,1.0000000000,0.0000000000,0.0000000000,1.0000000000,0.0000000000,0.0000000000,0.0000000000,1.0000000000,0.0000000000,1.0000000000,0.0000000000,0.0000000000,0.0000000000,1.0000000000,1.0000000000
0.0000000000,0.0294120000,0.5000000000,0.0109890000,0.0000000000,0.2500000000,0.3333300000,1.0000000000,0.3333300000,0.0714290000,1.0000000000,0.0000000000,0.0000000000,0.0000000000,0.0000000000,0.0000000000,0.0000000000,1.0000000000,0.0000000000,0.0000000000,1.0000000000,0.0000000000,0.0000000000,1.0000000000,1.0000000000
0.0000000000,0.0735300000,0.5000000000,0.0274730000,0.0000000000,0.5000000000,0.6666700000,0.6666700000,0.6666700000,0.1607100000,1.0000000000,0.0000000000,0.0000000000,0.0000000000,0.0000000000,1.0000000000,0.0000000000,1.0000000000,0.0000000000,0.0000000000,1.0000000000,0.0000000000,1.0000000000,0.0000000000,1.0000000000
1.0000000000,0.0294120000,0.5000000000,0.0549450000,1.0000000000,0.0000000000,0.6666700000,1.0000000000,0.3333300000,0.3035700000,1.0000000000,0.0000000000,1.0000000000,1.0000000000,0.0000000000,0.0000000000,0.0000000000,1.0000000000,0.0000000000,0.0000000000,1.0000000000,0.0000000000,0.0000000000,0.0000000000,-1.0000000000
0.3333300000,0.2058800000,1.0000000000,0.0549450000,0.0000000000,0.5000000000,1.0000000000,0.3333300000,0.6666700000,0.2500000000,1.0000000000,0.0000000000,0.0000000000,0.0000000000,0.0000000000,0.0000000000,0.0000000000,1.0000000000,0.0000000000,0.0000000000,1.0000000000,0.0000000000,0.0000000000,1.0000000000,1.0000000000
0.0000000000,0.2058800000,0.0000000000,0.1593400000,0.0000000000,0.2500000000,0.3333300000,1.0000000000,0.3333300000,0.1250000000,1.0000000000,0.0000000000,0.0000000000,0.0000000000,0.0000000000,0.0000000000,0.0000000000,1.0000000000,0.0000000000,1.0000000000,0.0000000000,0.0000000000,0.0000000000,1.0000000000,1.0000000000
1.0000000000,0.5147100000,0.5000000000,0.1318700000,0.5000000000,0.5000000000,0.6666700000,1.0000000000,0.6666700000,0.0892860000,1.0000000000,0.0000000000,0.0000000000,0.0000000000,0.0000000000,0.0000000000,1.0000000000,1.0000000000,0.0000000000,0.0000000000,1.0000000000,0.0000000000,0.0000000000,1.0000000000,-1.0000000000
0.6666700000,0.2941200000,0.5000000000,0.2747300000,0.0000000000,0.7500000000,0.6666700000,0.3333300000,0.6666700000,0.1071400000,0.0000000000,0.0000000000,0.0000000000,0.0000000000,0.0000000000,0.0000000000,0.0000000000,1.0000000000,0.0000000000,0.0000000000,1.0000000000,0.0000000000,0.0000000000,1.0000000000,-1.0000000000
0.3333300000,0.1176500000,0.5000000000,0.0439560000,0.2500000000,0.7500000000,0.6666700000,1.0000000000,0.0000000000,0.3571400000,1.0000000000,0.0000000000,0.0000000000,0.0000000000,0.0000000000,0.0000000000,0.0000000000,1.0000000000,0.0000000000,0.0000000000,1.0000000000,0.0000000000,1.0000000000,0.0000000000,-1.0000000000
0.0000000000,0.1617600000,1.0000000000,0.0714290000,0.0000000000,1.0000000000,0.6666700000,1.0000000000,0.6666700000,0.4464300000,1.0000000000,0.3333300000,1.0000000000,1.0000000000,0.0000000000,0.0000000000,0.0000000000,1.0000000000,0.0000000000,0.0000000000,1.0000000000,0.0000000000,0.0000000000,1.0000000000,-1.0000000000
0.3333300000,0.1176500000,1.0000000000,0.1868100000,0.0000000000,0.5000000000,0.3333300000,0.0000000000,0.0000000000,0.0714290000,1.0000000000,0.0000000000,0.0000000000,0.0000000000,0.0000000000,0.0000000000,0.0000000000,1.0000000000,0.0000000000,0.0000000000,1.0000000000,0.0000000000,1.0000000000,0.0000000000,-1.0000000000
0.3333300000,0.2941200000,0.5000000000,0.0549450000,0.0000000000,0.2500000000,0.6666700000,0.0000000000,0.3333300000,0.1250000000,1.0000000000,0.0000000000,0.0000000000,0.0000000000,0.0000000000,1.0000000000,0.0000000000,1.0000000000,0.0000000000,0.0000000000,1.0000000000,0.0000000000,0.0000000000,1.0000000000,-1.0000000000
0.0000000000,0.3823500000,0.5000000000,0.1868100000,0.7500000000,1.0000000000,0.3333300000,1.0000000000,0.3333300000,0.6785700000,1.0000000000,0.3333300000,0.0000000000,1.0000000000,0.0000000000,0.0000000000,0.0000000000,1.0000000000,0.0000000000,1.0000000000,0.0000000000,0.0000000000,0.0000000000,1.0000000000,-1.0000000000
1.0000000000,0.1617600000,0.7500000000,0.0439560000,0.7500000000,0.7500000000,0.3333300000,0.3333300000,0.3333300000,0.1964300000,1.0000000000,0.3333300000,0.0000000000,0.0000000000,0.0000000000,0.0000000000,0.0000000000,1.0000000000,0.0000000000,0.0000000000,1.0000000000,0.0000000000,0.0000000000,1.0000000000,-1.0000000000
1.0000000000,0.1176500000,1.0000000000,0.0549450000,0.5000000000,0.5000000000,0.6666700000,1.0000000000,0.0000000000,0.4464300000,1.0000000000,0.0000000000,0.0000000000,1.0000000000,0.0000000000,1.0000000000,0.0000000000,1.0000000000,0.0000000000,0.0000000000,1.0000000000,0.0000000000,0.0000000000,1.0000000000,-1.0000000000
0.3333300000,0.0294120000,0.7500000000,0.0549450000,0.0000000000,0.0000000000,0.6666700000,1.0000000000,0.3333300000,0.5000000000,1.0000000000,0.0000000000,0.0000000000,1.0000000000,0.0000000000,1.0000000000,0.0000000000,1.0000000000,0.0000000000,0.0000000000,1.0000000000,0.0000000000,0.0000000000,0.0000000000,1.0000000000
1.0000000000,0.1176500000,0.5000000000,0.1593400000,0.0000000000,0.5000000000,0.6666700000,1.0000000000,0.6666700000,0.5892900000,1.0000000000,0.0000000000,0.0000000000,1.0000000000,0.0000000000,0.0000000000,0.0000000000,1.0000000000,0.0000000000,0.0000000000,1.0000000000,0.0000000000,0.0000000000,1.0000000000,-1.0000000000
1.0000000000,0.2941200000,0.5000000000,0.1978000000,0.0000000000,1.0000000000,0.3333300000,1.0000000000,1.0000000000,0.7678600000,1.0000000000,0.0000000000,0.0000000000,1.0000000000,0.0000000000,1.0000000000,0.0000000000,0.0000000000,1.0000000000,0.0000000000,0.0000000000,0.0000000000,0.0000000000,1.0000000000,-1.0000000000
1.0000000000,0.0882360000,0.5000000000,0.0659340000,0.2500000000,0.5000000000,0.6666700000,0.3333300000,0.0000000000,0.2857100000,1.0000000000,0.0000000000,0.0000000000,0.0000000000,1.0000000000,1.0000000000,0.0000000000,1.0000000000,0.0000000000,1.0000000000,0.0000000000,0.0000000000,1.0000000000,0.0000000000,-1.0000000000
1.0000000000,0.0294120000,0.5000000000,0.1813200000,0.0000000000,0.5000000000,0.6666700000,0.6666700000,0.3333300000,0.1250000000,1.0000000000,0.0000000000,0.0000000000,0.0000000000,0.0000000000,1.0000000000,0.0000000000,0.0000000000,0.0000000000,1.0000000000,0.0000000000,0.0000000000,0.0000000000,1.0000000000,-1.0000000000
1.0000000000,0.1176500000,1.0000000000,0.0934070000,0.0000000000,1.0000000000,0.6666700000,0.3333300000,1.0000000000,0.1250000000,1.0000000000,0.3333300000,0.0000000000,0.0000000000,0.0000000000,0.0000000000,0.0000000000,1.0000000000,0.0000000000,0.0000000000,1.0000000000,0.0000000000,0.0000000000,1.0000000000,-1.0000000000
0.3333300000,0.3382400000,0.0000000000,0.4450500000,0.0000000000,1.0000000000,0.3333300000,1.0000000000,1.0000000000,0.4107100000,1.0000000000,0.3333300000,0.0000000000,1.0000000000,0.0000000000,0.0000000000,0.0000000000,1.0000000000,0.0000000000,0.0000000000,0.0000000000,0.0000000000,0.0000000000,0.0000000000,1.0000000000
1.0000000000,0.0294120000,1.0000000000,0.0549450000,0.2500000000,0.5000000000,0.3333300000,0.0000000000,0.3333300000,0.1428600000,1.0000000000,0.3333300000,0.0000000000,0.0000000000,0.0000000000,0.0000000000,0.0000000000,1.0000000000,0.0000000000,0.0000000000,1.0000000000,0.0000000000,0.0000000000,1.0000000000,-1.0000000000
0.3333300000,0.0294120000,0.5000000000,0.0109890000,1.0000000000,1.0000000000,0.6666700000,1.0000000000,0.3333300000,0.3392900000,1.0000000000,0.0000000000,0.0000000000,0.0000000000,0.0000000000,0.0000000000,0.0000000000,1.0000000000,0.0000000000,0.0000000000,1.0000000000,0.0000000000,0.0000000000,1.0000000000,-1.0000000000
0.0000000000,0.1176500000,1.0000000000,0.1044000000,0.0000000000,0.5000000000,0.6666700000,0.3333300000,0.0000000000,0.3571400000,1.0000000000,0.3333300000,1.0000000000,0.0000000000,1.0000000000,1.0000000000,0.0000000000,1.0000000000,0.0000000000,1.0000000000,0.0000000000,0.0000000000,1.0000000000,0.0000000000,-1.0000000000
0.0000000000,0.2941200000,0.5000000000,0.1538500000,1.0000000000,0.5000000000,1.0000000000,1.0000000000,0.6666700000,0.0178570000,1.0000000000,0.0000000000,0.0000000000,0.0000000000,0.0000000000,0.0000000000,0.0000000000,1.0000000000,0.0000000000,0.0000000000,1.0000000000,0.0000000000,0.0000000000,1.0000000000,1.0000000000
0.3333300000,0.4705900000,0.5000000000,0.4835200000,0.2500000000,0.2500000000,0.6666700000,0.0000000000,1.0000000000,0.1785700000,1.0000000000,0.0000000000,0.0000000000,1.0000000000,0.0000000000,0.0000000000,0.0000000000,0.0000000000,1.0000000000,1.0000000000,0.0000000000,0.0000000000,0.0000000000,0.0000000000,1.0000000000
1.0000000000,0.2941200000,1.0000000000,0.0769230000,0.0000000000,0.7500000000,0.6666700000,0.6666700000,0.3333300000,0.3750000000,1.0000000000,0.3333300000,0.0000000000,0.0000000000,0.0000000000,0.0000000000,0.0000000000,1.0000000000,0.0000000000,0.0000000000,1.0000000000,0.0000000000,0.0000000000,1.0000000000,-1.0000000000
0.3333300000,0.2058800000,0.5000000000,0.0604390000,0.0000000000,1.0000000000,1.0000000000,0.3333300000,0.0000000000,0.2321400000,1.0000000000,0.0000000000,0.0000000000,0.0000000000,0.0000000000,0.0000000000,0.0000000000,0.0000000000,0.0000000000,0.0000000000,1.0000000000,0.0000000000,1.0000000000,0.0000000000,-1.0000000000
0.6666700000,0.0294120000,1.0000000000,0.0604390000,0.2500000000,1.0000000000,0.0000000000,1.0000000000,0.6666700000,0.1607100000,1.0000000000,0.3333300000,1.0000000000,1.0000000000,0.0000000000,1.0000000000,0.0000000000,1.0000000000,0.0000000000,0.0000000000,1.0000000000,0.0000000000,0.0000000000,1.0000000000,-1.0000000000
0.0000000000,0.2941200000,0.5000000000,0.1593400000,0.0000000000,0.2500000000,0.3333300000,0.0000000000,0.3333300000,0.1428600000,1.0000000000,0.0000000000,0.0000000000,0.0000000000,0.0000000000,1.0000000000,0.0000000000,1.0000000000,0.0000000000,0.0000000000,1.0000000000,0.0000000000,0.0000000000,1.0000000000,1.0000000000
0.0000000000,0.4705900000,0.5000000000,0.2912100000,0.0000000000,1.0000000000,0.6666700000,1.0000000000,1.0000000000,0.4107100000,1.0000000000,0.0000000000,1.0000000000,0.0000000000,0.0000000000,0.0000000000,1.0000000000,1.0000000000,0.0000000000,0.0000000000,0.0000000000,0.0000000000,0.0000000000,1.0000000000,-1.0000000000
0.6666700000,0.0735300000,0.5000000000,0.0494510000,0.2500000000,1.0000000000,0.0000000000,1.0000000000,0.0000000000,0.5357100000,1.0000000000,0.0000000000,0.0000000000,0.0000000000,0.0000000000,0.0000000000,0.0000000000,1.0000000000,0.0000000000,0.0000000000,1.0000000000,0.0000000000,0.0000000000,1.0000000000,-1.0000000000
0.3333300000,0.2941200000,1.0000000000,0.0549450000,0.2500000000,0.2500000000,0.6666700000,1.0000000000,1.0000000000,0.3392900000,0.0000000000,0.3333300000,1.0000000000,0.0000000000,0.0000000000,0.0000000000,0.0000000000,1.0000000000,0.0000000000,0.0000000000,1.0000000000,0.0000000000,0.0000000000,1.0000000000,1.0000000000
0.0000000000,0.2941200000,0.5000000000,0.0549450000,0.0000000000,0.2500000000,0.3333300000,1.0000000000,0.3333300000,0.0892860000,1.0000000000,0.0000000000,0.0000000000,0.0000000000,0.0000000000,1.0000000000,0.0000000000,1.0000000000,0.0000000000,1.0000000000,0.0000000000,0.0000000000,0.0000000000,1.0000000000,1.0000000000
1.0000000000,0.0882360000,0.5000000000,0.0604390000,1.0000000000,0.5000000000,0.6666700000,1.0000000000,0.3333300000,0.1428600000,1.0000000000,0.0000000000,0.0000000000,0.0000000000,0.0000000000,1.0000000000,0.0000000000,0.0000000000,0.0000000000,0.0000000000,1.0000000000,0.0000000000,1.0000000000,0.0000000000,1.0000000000
0.6666700000,0.1617600000,1.0000000000,0.1208800000,0.5000000000,0.5000000000,0.6666700000,0.3333300000,0.6666700000,0.3035700000,1.0000000000,0.0000000000,0.0000000000,1.0000000000,0.0000000000,0.0000000000,1.0000000000,1.0000000000,0.0000000000,0.0000000000,1.0000000000,0.0000000000,0.0000000000,1.0000000000,-1.0000000000
0.3333300000,0.1617600000,0.2500000000,0.3626400000,0.2500000000,0.0000000000,0.6666700000,0.3333300000,0.3333300000,0.2678600000,1.0000000000,0.0000000000,1.0000000000,1.0000000000,0.0000000000,1.0000000000,0.0000000000,1.0000000000,0.0000000000,0.0000000000,1.0000000000,0.0000000000,0.0000000000,0.0000000000,1.0000000000
1.0000000000,0.2941200000,0.5000000000,0.0659340000,0.0000000000,0.5000000000,1.0000000000,0.3333300000,0.3333300000,0.1607100000,1.0000000000,0.0000000000,0.0000000000,0.0000000000,0.0000000000,0.0000000000,0.0000000000,1.0000000000,0.0000000000,0.0000000000,1.0000000000,0.0000000000,0.0000000000,1.0000000000,-1.0000000000
1.0000000000,0.5147100000,0.5000000000,0.4615400000,0.2500000000,1.0000000000,0.6666700000,0.3333300000,0.6666700000,0.4642900000,1.0000000000,0.0000000000,0.0000000000,1.0000000000,0.0000000000,0.0000000000,1.0000000000,1.0000000000,0.0000000000,0.0000000000,1.0000000000,0.0000000000,0.0000000000,0.0000000000,-1.0000000000
0.0000000000,0.1176500000,0.5000000000,0.0329670000,0.0000000000,0.7500000000,0.6666700000,0.3333300000,0.0000000000,0.1250000000,1.0000000000,0.0000000000,0.0000000000,0.0000000000,0.0000000000,1.0000000000,0.0000000000,1.0000000000,0.0000000000,0.0000000000,1.0000000000,0.0000000000,0.0000000000,1.0000000000,1.0000000000
1.0000000000,0.4705900000,0.5000000000,0.2472500000,0.0000000000,0.5000000000,0.6666700000,0.3333300000,1.0000000000,0.2321400000,1.0000000000,0.0000000000,0.0000000000,1.0000000000,0.0000000000,0.0000000000,1.0000000000,1.0000000000,0.0000000000,0.0000000000,0.0000000000,0.0000000000,0.0000000000,0.0000000000,-1.0000000000
0.6666700000,0.1617600000,0.5000000000,0.1373600000,0.0000000000,0.7500000000,0.6666700000,1.0000000000,0.3333300000,0.1250000000,1.0000000000,0.0000000000,0.0000000000,1.0000000000,0.0000000000,0.0000000000,0.0000000000,1.0000000000,0.0000000000,1.0000000000,0.0000000000,0.0000000000,0.0000000000,1.0000000000,-1.0000000000
0.3333300000,0.1176500000,0.7500000000,0.0219780000,0.0000000000,0.5000000000,1.0000000000,1.0000000000,0.0000000000,0.0178570000,1.0000000000,0.3333300000,0.0000000000,0.0000000000,0.0000000000,0.0000000000,0.0000000000,0.0000000000,1.0000000000,1.0000000000,0.0000000000,0.0000000000,0.0000000000,1.0000000000,-1.0000000000
1.0000000000,0.2941200000,0.5000000000,0.1153800000,1.0000000000,0.2500000000,0.6666700000,0.0000000000,0.3333300000,0.6250000000,1.0000000000,0.0000000000,0.0000000000,0.0000000000,0.0000000000,1.0000000000,0.0000000000,1.0000000000,0.0000000000,0.0000000000,1.0000000000,0.0000000000,0.0000000000,1.0000000000,-1.0000000000
0.0000000000,0.0294120000,1.0000000000,0.0219780000,0.0000000000,0.7500000000,0.3333300000,0.6666700000,0.3333300000,0.3214300000,1.0000000000,0.3333300000,0.0000000000,0.0000000000,1.0000000000,1.0000000000,0.0000000000,1.0000000000,0.0000000000,0.0000000000,1.0000000000,0.0000000000,0.0000000000,1.0000000000,-1.0000000000
0.0000000000,0.0294120000,1.0000000000,0.0659340000,0.0000000000,0.2500000000,0.6666700000,1.0000000000,0.0000000000,0.3750000000,1.0000000000,0.0000000000,1.0000000000,0.0000000000,1.0000000000,1.0000000000,0.0000000000,1.0000000000,0.0000000000,0.0000000000,1.0000000000,0.0000000000,1.0000000000,0.0000000000,-1.0000000000
1.0000000000,0.4705900000,1.0000000000,0.3791200000,0.0000000000,0.2500000000,0.3333300000,1.0000000000,0.3333300000,0.0714290000,1.0000000000,0.3333300000,0.0000000000,1.0000000000,0.0000000000,0.0000000000,0.0000000000,1.0000000000,0.0000000000,1.0000000000,0.0000000000,0.0000000000,0.0000000000,1.0000000000,1.0000000000
0.0000000000,0.0294120000,0.5000000000,0.0549450000,0.2500000000,1.0000000000,0.6666700000,0.3333300000,0.3333300000,0.4285700000,1.0000000000,0.0000000000,0.0000000000,1.0000000000,0.0000000000,1.0000000000,0.0000000000,1.0000000000,0.0000000000,0.0000000000,1.0000000000,0.0000000000,0.0000000000,1.0000000000,-1.0000000000
1.0000000000,0.0294120000,1.0000000000,0.0274730000,1.0000000000,1.0000000000,0.6666700000,1.0000000000,1.0000000000,0.3035700000,1.0000000000,0.3333300000,0.0000000000,0.0000000000,0.0000000000,0.0000000000,0.0000000000,1.0000000000,0.0000000000,0.0000000000,0.0000000000,0.0000000000,0.0000000000,1.0000000000,-1.0000000000
1.0000000000,0.2941200000,1.0000000000,0.2912100000,0.0000000000,1.0000000000,0.6666700000,1.0000000000,1.0000000000,0.4464300000,1.0000000000,0.3333300000,0.0000000000,0.0000000000,0.0000000000,0.0000000000,0.0000000000,1.0000000000,0.0000000000,0.0000000000,0.0000000000,0.0000000000,0.0000000000,1.0000000000,-1.0000000000
0.0000000000,0.2058800000,0.5000000000,0.1648400000,0.0000000000,0.5000000000,0.3333300000,0.3333300000,0.0000000000,0.0892860000,1.0000000000,0.0000000000,0.0000000000,0.0000000000,0.0000000000,0.0000000000,0.0000000000,1.0000000000,0.0000000000,0.0000000000,1.0000000000,0.0000000000,0.0000000000,1.0000000000,1.0000000000
0.0000000000,0.6470600000,0.0000000000,0.3791200000,0.0000000000,0.5000000000,0.6666700000,1.0000000000,1.0000000000,0.6071400000,1.0000000000,0.3333300000,1.0000000000,0.0000000000,0.0000000000,0.0000000000,0.0000000000,1.0000000000,0.0000000000,0.0000000000,0.0000000000,0.0000000000,0.0000000000,1.0000000000,1.0000000000
1.0000000000,0.2941200000,0.5000000000,0.1813200000,0.2500000000,0.7500000000,0.3333300000,1.0000000000,0.6666700000,0.0714290000,1.0000000000,0.0000000000,0.0000000000,0.0000000000,0.0000000000,0.0000000000,1.0000000000,1.0000000000,0.0000000000,0.0000000000,1.0000000000,0.0000000000,0.0000000000,1.0000000000,-1.0000000000
0.3333300000,0.2058800000,0.5000000000,0.0494510000,0.0000000000,0.5000000000,0.3333300000,1.0000000000,0.0000000000,0.1250000000,1.0000000000,0.0000000000,1.0000000000,0.0000000000,0.0000000000,0.0000000000,0.0000000000,0.0000000000,0.0000000000,0.0000000000,1.0000000000,0.0000000000,1.0000000000,0.0000000000,-1.0000000000
0.3333300000,0.3235300000,0.5000000000,0.4285700000,0.0000000000,0.2500000000,0.6666700000,0.6666700000,0.6666700000,0.1964300000,1.0000000000,0.3333300000,0.0000000000,0.0000000000,0.0000000000,0.0000000000,1.0000000000,1.0000000000,0.0000000000,0.0000000000,1.0000000000,0.0000000000,0.0000000000,1.0000000000,-1.0000000000
1.0000000000,0.1617600000,1.0000000000,0.0714290000,0.2500000000,0.5000000000,0.3333300000,0.6666700000,0.6666700000,0.2142900000,1.0000000000,0.0000000000,0.0000000000,0.0000000000,0.0000000000,0.0000000000,0.0000000000,1.0000000000,0.0000000000,0.0000000000,1.0000000000,0.0000000000,0.0000000000,1.0000000000,-1.0000000000
1.0000000000,0.0000000000,1.0000000000,0.0714290000,0.0000000000,0.7500000000,0.6666700000,0.0000000000,0.0000000000,0.4107100000,1.0000000000,0.3333300000,1.0000000000,0.0000000000,0.0000000000,0.0000000000,0.0000000000,1.0000000000,0.0000000000,0.0000000000,1.0000000000,0.0000000000,1.0000000000,0.0000000000,-1.0000000000
0.0000000000,0.4705900000,0.5000000000,0.1153800000,0.0000000000,0.5000000000,0.0000000000,1.0000000000,0.6666700000,0.2142900000,1.0000000000,0.0000000000,0.0000000000,0.0000000000,0.0000000000,0.0000000000,0.0000000000,1.0000000000,0.0000000000,1.0000000000,0.0000000000,0.0000000000,0.0000000000,1.0000000000,1.0000000000
0.0000000000,0.0294120000,0.5000000000,0.0274730000,0.0000000000,0.2500000000,0.6666700000,1.0000000000,0.0000000000,0.3928600000,1.0000000000,0.0000000000,1.0000000000,1.0000000000,0.0000000000,1.0000000000,0.0000000000,1.0000000000,0.0000000000,0.0000000000,1.0000000000,0.0000000000,1.0000000000,0.0000000000,-1.0000000000
0.3333300000,0.4705900000,0.5000000000,0.1153800000,0.0000000000,0.7500000000,0.6666700000,0.0000000000,0.6666700000,0.2321400000,1.0000000000,0.3333300000,1.0000000000,0.0000000000,0.0000000000,0.0000000000,0.0000000000,1.0000000000,0.0000000000,0.0000000000,1.0000000000,0.0000000000,0.0000000000,1.0000000000,-1.0000000000
0.3333300000,0.1617600000,0.5000000000,0.1318700000,0.2500000000,0.5000000000,0.3333300000,1.0000000000,0.6666700000,0.1607100000,1.0000000000,0.3333300000,0.0000000000,1.0000000000,0.0000000000,1.0000000000,0.0000000000,1.0000000000,0.0000000000,1.0000000000,0.0000000000,0.0000000000,0.0000000000,1.0000000000,1.0000000000
1.0000000000,0.1176500000,0.7500000000,0.0714290000,0.0000000000,0.5000000000,1.0000000000,1.0000000000,0.0000000000,0.3928600000,1.0000000000,0.0000000000,0.0000000000,0.0000000000,0.0000000000,0.0000000000,1.0000000000,1.0000000000,0.0000000000,1.0000000000,0.0000000000,0.0000000000,0.0000000000,1.0000000000,-1.0000000000
1.0000000000,0.2941200000,0.5000000000,0.0604390000,0.2500000000,0.7500000000,1.0000000000,0.6666700000,0.3333300000,0.1250000000,1.0000000000,0.0000000000,0.0000000000,1.0000000000,0.0000000000,0.0000000000,0.0000000000,1.0000000000,0.0000000000,0.0000000000,1.0000000000,0.0000000000,0.0000000000,1.0000000000,-1.0000000000
1.0000000000,0.2941200000,0.5000000000,0.1593400000,1.0000000000,0.2500000000,0.6666700000,0.3333300000,0.6666700000,0.1071400000,1.0000000000,0.3333300000,0.0000000000,0.0000000000,0.0000000000,0.0000000000,0.0000000000,1.0000000000,0.0000000000,0.0000000000,1.0000000000,0.0000000000,0.0000000000,1.0000000000,-1.0000000000
0.6666700000,0.2500000000,1.0000000000,0.1153800000,0.0000000000,0.2500000000,0.0000000000,0.0000000000,0.6666700000,0.2500000000,1.0000000000,0.0000000000,0.0000000000,0.0000000000,0.0000000000,0.0000000000,0.0000000000,1.0000000000,0.0000000000,1.0000000000,0.0000000000,0.0000000000,0.0000000000,1.0000000000,1.0000000000
0.0000000000,0.0294120000,0.5000000000,0.0659340000,1.0000000000,0.0000000000,0.3333300000,0.6666700000,0.3333300000,1.0000000000,1.0000000000,0.0000000000,0.0000000000,1.0000000000,0.0000000000,1.0000000000,0.0000000000,1.0000000000,0.0000000000,0.0000000000,1.0000000000,0.0000000000,0.0000000000,0.0000000000,-1.0000000000
0.3333300000,0.2058800000,1.0000000000,0.1868100000,0.0000000000,1.0000000000,0.3333300000,1.0000000000,0.3333300000,0.3214300000,1.0000000000,0.0000000000,0.0000000000,1.0000000000,0.0000000000,0.0000000000,0.0000000000,1.0000000000,0.0000000000,0.0000000000,1.0000000000,0.0000000000,0.0000000000,1.0000000000,-1.0000000000
0.0000000000,0.6470600000,0.5000000000,0.4175800000,0.0000000000,1.0000000000,0.6666700000,1.0000000000,1.0000000000,0.4107100000,0.0000000000,0.0000000000,0.0000000000,0.0000000000,0.0000000000,1.0000000000,0.0000000000,1.0000000000,0.0000000000,0.0000000000,0.0000000000,0.0000000000,0.0000000000,0.0000000000,1.0000000000
0.6666700000,0.2058800000,0.5000000000,0.1538500000,0.0000000000,0.2500000000,0.3333300000,0.0000000000,0.3333300000,0.4642900000,0.5000000000,0.0000000000,0.0000000000,0.0000000000,0.0000000000,0.0000000000,0.0000000000,1.0000000000,0.0000000000,0.0000000000,1.0000000000,0.0000000000,1.0000000000,0.0000000000,-1.0000000000
0.3333300000,0.1176500000,0.5000000000,0.0714290000,0.0000000000,0.2500000000,1.0000000000,0.0000000000,0.0000000000,0.0714290000,1.0000000000,0.0000000000,0.0000000000,0.0000000000,0.0000000000,0.0000000000,0.0000000000,1.0000000000,0.0000000000,1.0000000000,0.0000000000,0.0000000000,0.0000000000,1.0000000000,1.0000000000
1.0000000000,0.2941200000,0.7500000000,0.0989010000,0.0000000000,1.0000000000,0.6666700000,1.0000000000,1.0000000000,0.7321400000,1.0000000000,0.3333300000,0.0000000000,1.0000000000,0.0000000000,1.0000000000,0.0000000000,1.0000000000,0.0000000000,0.0000000000,0.0000000000,0.0000000000,0.0000000000,1.0000000000,-1.0000000000
0.0000000000,0.3823500000,0.5000000000,0.3406600000,1.0000000000,1.0000000000,0.6666700000,1.0000000000,0.3333300000,0.2142900000,1.0000000000,0.0000000000,0.0000000000,0.0000000000,0.0000000000,0.0000000000,0.0000000000,1.0000000000,0.0000000000,0.0000000000,1.0000000000,0.0000000000,0.0000000000,1.0000000000,1.0000000000
0.6666700000,0.2058800000,0.5000000000,0.1483500000,0.0000000000,0.5000000000,0.6666700000,0.0000000000,0.0000000000,0.2678600000,1.0000000000,0.0000000000,1.0000000000,0.0000000000,0.0000000000,0.0000000000,0.0000000000,1.0000000000,0.0000000000,0.0000000000,1.0000000000,0.0000000000,1.0000000000,0.0000000000,1.0000000000
1.0000000000,0.1176500000,1.0000000000,0.0604390000,0.0000000000,1.0000000000,0.6666700000,1.0000000000,0.0000000000,0.7500000000,1.0000000000,0.3333300000,0.0000000000,0.0000000000,0.0000000000,1.0000000000,0.0000000000,1.0000000000,0.0000000000,0.0000000000,1.0000000000,0.0000000000,1.0000000000,0.0000000000,-1.0000000000
0.0000000000,0.2941200000,0.7500000000,0.0604390000,0.0000000000,0.0000000000,0.6666700000,0.3333300000,0.0000000000,0.4285700000,1.0000000000,0.3333300000,1.0000000000,0.0000000000,0.0000000000,1.0000000000,0.0000000000,1.0000000000,0.0000000000,0.0000000000,0.0000000000,0.0000000000,0.0000000000,1.0000000000,1.0000000000
1.0000000000,0.2941200000,1.0000000000,0.0989010000,0.0000000000,0.5000000000,0.3333300000,1.0000000000,0.6666700000,0.3214300000,1.0000000000,0.0000000000,0.0000000000,1.0000000000,0.0000000000,1.0000000000,0.0000000000,1.0000000000,0.0000000000,0.0000000000,1.0000000000,0.0000000000,0.0000000000,1.0000000000,-1.0000000000
1.0000000000,0.2941200000,0.5000000000,0.0769230000,0.0000000000,0.7500000000,0.6666700000,0.0000000000,0.6666700000,0.2321400000,0.0000000000,0.0000000000,1.0000000000,0.0000000000,0.0000000000,0.0000000000,0.0000000000,1.0000000000,0.0000000000,0.0000000000,1.0000000000,0.0000000000,0.0000000000,1.0000000000,-1.0000000000
0.0000000000,0.1176500000,0.2500000000,0.0219780000,0.0000000000,0.5000000000,0.3333300000,1.0000000000,0.0000000000,0.0892860000,0.0000000000,0.0000000000,0.0000000000,0.0000000000,0.0000000000,0.0000000000,0.0000000000,1.0000000000,0.0000000000,0.0000000000,1.0000000000,0.0000000000,1.0000000000,0.0000000000,1.0000000000
1.0000000000,0.6470600000,1.0000000000,0.4780200000,1.0000000000,0.7500000000,0.6666700000,0.0000000000,1.0000000000,0.2857100000,1.0000000000,0.3333300000,0.0000000000,1.0000000000,0.0000000000,0.0000000000,1.0000000000,1.0000000000,0.0000000000,0.0000000000,0.0000000000,0.0000000000,0.0000000000,1.0000000000,-1.0000000000
1.0000000000,0.1176500000,1.0000000000,0.0439560000,1.0000000000,0.7500000000,0.3333300000,1.0000000000,0.0000000000,0.0714290000,1.0000000000,0.3333300000,0.0000000000,0.0000000000,0.0000000000,0.0000000000,0.0000000000,1.0000000000,0.0000000000,0.0000000000,1.0000000000,0.0000000000,0.0000000000,1.0000000000,-1.0000000000
1.0000000000,0.0294120000,0.2500000000,0.0879120000,0.5000000000,1.0000000000,0.6666700000,1.0000000000,0.3333300000,0.4642900000,0.0000000000,0.0000000000,1.0000000000,0.0000000000,0.0000000000,0.0000000000,0.0000000000,1.0000000000,0.0000000000,0.0000000000,1.0000000000,0.0000000000,1.0000000000,0.0000000000,-1.0000000000
0.0000000000,0.6470600000,0.5000000000,0.3736300000,0.0000000000,0.7500000000,1.0000000000,0.0000000000,0.0000000000,0.2678600000,1.0000000000,0.3333300000,0.0000000000,1.0000000000,0.0000000000,0.0000000000,0.0000000000,0.0000000000,0.0000000000,0.0000000000,1.0000000000,0.0000000000,0.0000000000,1.0000000000,1.0000000000
0.3333300000,0.1176500000,1.0000000000,0.0989010000,0.2500000000,0.2500000000,0.6666700000,0.0000000000,0.6666700000,0.1428600000,1.0000000000,0.0000000000,0.0000000000,0.0000000000,0.0000000000,1.0000000000,0.0000000000,1.0000000000,0.0000000000,0.0000000000,1.0000000000,0.0000000000,0.0000000000,1.0000000000,-1.0000000000
0.3333300000,0.0735300000,0.5000000000,0.0549450000,0.0000000000,0.7500000000,0.3333300000,1.0000000000,0.3333300000,0.8571400000,1.0000000000,0.3333300000,0.0000000000,1.0000000000,0.0000000000,0.0000000000,0.0000000000,1.0000000000,0.0000000000,0.0000000000,1.0000000000,0.0000000000,0.0000000000,0.0000000000,-1.0000000000
0.3333300000,0.1176500000,0.5000000000,0.0604390000,0.0000000000,0.2500000000,0.6666700000,0.0000000000,0.6666700000,0.0535710000,0.5000000000,0.0000000000,0.0000000000,0.0000000000,0.0000000000,0.0000000000,0.0000000000,1.0000000000,0.0000000000,0.0000000000,1.0000000000,0.0000000000,0.0000000000,1.0000000000,1.0000000000
0.3333300000,0.2058800000,0.0000000000,0.1153800000,0.2500000000,0.2500000000,0.3333300000,0.6666700000,0.6666700000,0.1607100000,1.0000000000,0.3333300000,0.0000000000,0.0000000000,0.0000000000,1.0000000000,0.0000000000,1.0000000000,0.0000000000,0.0000000000,1.0000000000,0.0000000000,0.0000000000,1.0000000000,1.0000000000
1.0000000000,0.2500000000,0.0000000000,0.2637400000,1.0000000000,0.5000000000,0.3333300000,1.0000000000,0.3333300000,0.1785700000,0.0000000000,0.3333300000,0.0000000000,1.0000000000,0.0000000000,1.0000000000,0.0000000000,1.0000000000,0.0000000000,0.0000000000,1.0000000000,0.0000000000,0.0000000000,1.0000000000,1.0000000000
0.0000000000,0.2941200000,0.2500000000,0.1868100000,0.0000000000,0.7500000000,0.6666700000,1.0000000000,0.6666700000,0.1428600000,0.0000000000,0.0000000000,0.0000000000,0.0000000000,0.0000000000,0.0000000000,0.0000000000,1.0000000000,0.0000000000,0.0000000000,1.0000000000,0.0000000000,0.0000000000,1.0000000000,1.0000000000
0.3333300000,0.2058800000,1.0000000000,0.0934070000,0.0000000000,0.2500000000,0.6666700000,0.3333300000,0.0000000000,0.2142900000,1.0000000000,0.3333300000,0.0000000000,0.0000000000,0.0000000000,0.0000000000,0.0000000000,1.0000000000,0.0000000000,0.0000000000,1.0000000000,0.0000000000,1.0000000000,0.0000000000,1.0000000000
0.0000000000,0.2941200000,0.5000000000,0.1538500000,1.0000000000,1.0000000000,0.6666700000,1.0000000000,1.0000000000,0.5357100000,0.0000000000,0.0000000000,1.0000000000,1.0000000000,0.0000000000,0.0000000000,1.0000000000,1.0000000000,0.0000000000,0.0000000000,0.0000000000,0.0000000000,0.0000000000,1.0000000000,-1.0000000000
0.0000000000,0.2941200000,0.2500000000,0.0714290000,0.0000000000,0.7500000000,0.6666700000,1.0000000000,0.6666700000,0.0892860000,0.0000000000,0.0000000000,0.0000000000,0.0000000000,0.0000000000,0.0000000000,0.0000000000,0.0000000000,0.0000000000,1.0000000000,0.0000000000,0.0000000000,1.0000000000,0.0000000000,1.0000000000
0.6666700000,0.0294120000,0.7500000000,0.0274730000,0.0000000000,0.2500000000,0.3333300000,0.0000000000,0.3333300000,0.1785700000,0.0000000000,0.0000000000,0.0000000000,0.0000000000,0.0000000000,0.0000000000,0.0000000000,1.0000000000,0.0000000000,0.0000000000,1.0000000000,0.0000000000,0.0000000000,1.0000000000,-1.0000000000
0.3333300000,0.4705900000,0.5000000000,0.6703300000,1.0000000000,0.5000000000,0.6666700000,1.0000000000,1.0000000000,0.3214300000,1.0000000000,0.0000000000,0.0000000000,1.0000000000,0.0000000000,1.0000000000,0.0000000000,1.0000000000,0.0000000000,0.0000000000,0.0000000000,0.0000000000,0.0000000000,1.0000000000,1.0000000000
0.3333300000,0.2941200000,0.7500000000,0.2472500000,1.0000000000,0.5000000000,0.6666700000,0.3333300000,0.3333300000,0.3214300000,0.0000000000,0.3333300000,0.0000000000,1.0000000000,0.0000000000,0.0000000000,0.0000000000,1.0000000000,0.0000000000,0.0000000000,1.0000000000,0.0000000000,0.0000000000,0.0000000000,-1.0000000000
0.3333300000,0.2941200000,0.7500000000,0.0769230000,0.2500000000,0.7500000000,0.3333300000,0.3333300000,0.3333300000,0.0714290000,1.0000000000,0.3333300000,0.0000000000,1.0000000000,0.0000000000,0.0000000000,0.0000000000,1.0000000000,0.0000000000,1.0000000000,0.0000000000,0.0000000000,0.0000000000,1.0000000000,-1.0000000000
0.0000000000,0.1176500000,0.5000000000,0.0659340000,0.0000000000,0.7500000000,0.0000000000,0.6666700000,0.6666700000,0.3035700000,1.0000000000,0.0000000000,0.0000000000,0.0000000000,0.0000000000,1.0000000000,0.0000000000,1.0000000000,0.0000000000,0.0000000000,1.0000000000,0.0000000000,0.0000000000,1.0000000000,1.0000000000
1.0000000000,0.2941200000,1.0000000000,0.1318700000,0.7500000000,1.0000000000,0.6666700000,0.3333300000,0.6666700000,0.2678600000,1.0000000000,0.0000000000,0.0000000000,0.0000000000,0.0000000000,0.0000000000,0.0000000000,1.0000000000,0.0000000000,0.0000000000,1.0000000000,0.0000000000,0.0000000000,1.0000000000,-1.0000000000
0.3333300000,0.6470600000,0.5000000000,0.2087900000,1.0000000000,0.7500000000,0.6666700000,0.0000000000,0.6666700000,0.3928600000,1.0000000000,0.3333300000,1.0000000000,1.0000000000,0.0000000000,0.0000000000,0.0000000000,1.0000000000,0.0000000000,0.0000000000,1.0000000000,0.0000000000,0.0000000000,1.0000000000,-1.0000000000
0.0000000000,0.6470600000,0.5000000000,0.3626400000,0.0000000000,0.5000000000,0.3333300000,0.3333300000,0.6666700000,0.2142900000,1.0000000000,0.0000000000,0.0000000000,1.0000000000,0.0000000000,0.0000000000,0.0000000000,1.0000000000,0.0000000000,0.0000000000,1.0000000000,0.0000000000,0.0000000000,1.0000000000,1.0000000000
0.0000000000,0.2941200000,0.5000000000,0.1648400000,0.0000000000,0.2500000000,0.3333300000,1.0000000000,0.0000000000,0.0714290000,1.0000000000,0.0000000000,0.0000000000,1.0000000000,0.0000000000,0.0000000000,0.0000000000,1.0000000000,0.0000000000,1.0000000000,0.0000000000,0.0000000000,1.0000000000,0.0000000000,1.0000000000
1.0000000000,0.3823500000,1.0000000000,0.3186800000,0.0000000000,0.7500000000,0.6666700000,0.3333300000,0.6666700000,0.3392900000,1.0000000000,0.0000000000,0.0000000000,0.0000000000,0.0000000000,0.0000000000,0.0000000000,0.0000000000,1.0000000000,0.0000000000,1.0000000000,0.0000000000,0.0000000000,1.0000000000,-1.0000000000
1.0000000000,0.2941200000,0.5000000000,0.2857100000,1.0000000000,0.0000000000,0.3333300000,1.0000000000,0.3333300000,0.1250000000,1.0000000000,0.0000000000,0.0000000000,1.0000000000,0.0000000000,0.0000000000,1.0000000000,1.0000000000,0.0000000000,1.0000000000,0.0000000000,0.0000000000,0.0000000000,0.0000000000,-1.0000000000
0.0000000000,0.1617600000,0.5000000000,0.0329670000,0.0000000000,0.5000000000,0.3333300000,1.0000000000,0.3333300000,0.0535710000,1.0000000000,0.0000000000,0.0000000000,0.0000000000,0.0000000000,0.0000000000,0.0000000000,1.0000000000,0.0000000000,0.0000000000,1.0000000000,0.0000000000,1.0000000000,0.0000000000,-1.0000000000
0.3333300000,0.0735300000,0.5000000000,0.0494510000,0.0000000000,1.0000000000,0.6666700000,1.0000000000,0.6666700000,0.1428600000,1.0000000000,0.3333300000,0.0000000000,0.0000000000,0.0000000000,0.0000000000,0.0000000000,1.0000000000,0.0000000000,0.0000000000,1.0000000000,0.0000000000,1.0000000000,0.0000000000,-1.0000000000
1.0000000000,0.1617600000,1.0000000000,0.1428600000,0.0000000000,0.7500000000,0.3333300000,0.6666700000,0.6666700000,0.0892860000,0.0000000000,0.3333300000,0.0000000000,0.0000000000,0.0000000000,0.0000000000,0.0000000000,0.0000000000,1.0000000000,0.0000000000,1.0000000000,0.0000000000,0.0000000000,1.0000000000,-1.0000000000
0.3333300000,0.1176500000,0.5000000000,0.1483500000,0.0000000000,0.7500000000,0.3333300000,0.0000000000,0.0000000000,0.1428600000,1.0000000000,0.0000000000,0.0000000000,0.0000000000,0.0000000000,0.0000000000,0.0000000000,1.0000000000,0.0000000000,0.0000000000,1.0000000000,0.0000000000,0.0000000000,1.0000000000,-1.0000000000
1.0000000000,0.2941200000,1.0000000000,0.0934070000,1.0000000000,0.5000000000,0.3333300000,0.3333300000,0.6666700000,0.2500000000,1.0000000000,0.3333300000,0.0000000000,1.0000000000,0.0000000000,0.0000000000,0.0000000000,1.0000000000,0.0000000000,0.0000000000,1.0000000000,0.0000000000,0.0000000000,1.0000000000,-1.0000000000
0.3333300000,0.4705900000,1.0000000000,0.1428600000,0.0000000000,0.2500000000,0.0000000000,1.0000000000,0.6666700000,0.1428600000,1.0000000000,0.3333300000,0.0000000000,0.0000000000,0.0000000000,1.0000000000,0.0000000000,1.0000000000,0.0000000000,0.0000000000,1.0000000000,0.0000000000,0.0000000000,1.0000000000,1.0000000000
1.0000000000,0.2941200000,0.5000000000,0.0384610000,0.0000000000,0.2500000000,1.0000000000,0.6666700000,0.6666700000,0.1428600000,1.0000000000,0.3333300000,0.0000000000,0.0000000000,0.0000000000,0.0000000000,0.0000000000,1.0000000000,0.0000000000,0.0000000000,1.0000000000,0.0000000000,1.0000000000,0.0000000000,-1.0000000000
0.3333300000,0.2058800000,1.0000000000,0.0494510000,0.0000000000,1.0000000000,0.6666700000,0.6666700000,0.0000000000,0.1964300000,0.0000000000,0.3333300000,0.0000000000,0.0000000000,0.0000000000,1.0000000000,0.0000000000,0.0000000000,0.0000000000,0.0000000000,1.0000000000,0.0000000000,0.0000000000,1.0000000000,1.0000000000
0.3333300000,0.1176500000,1.0000000000,0.1593400000,0.0000000000,0.2500000000,0.6666700000,0.6666700000,0.0000000000,0.5357100000,0.0000000000,0.3333300000,1.0000000000,0.0000000000,0.0000000000,1.0000000000,0.0000000000,1.0000000000,0.0000000000,0.0000000000,1.0000000000,0.0000000000,1.0000000000,0.0000000000,-1.0000000000
1.0000000000,0.0735300000,0.5000000000,0.0659340000,0.0000000000,0.5000000000,0.3333300000,0.3333300000,0.0000000000,0.1250000000,1.0000000000,0.0000000000,0.0000000000,0.0000000000,0.0000000000,0.0000000000,0.0000000000,1.0000000000,0.0000000000,1.0000000000,0.0000000000,0.0000000000,0.0000000000,1.0000000000,-1.0000000000
0.3333300000,0.4705900000,0.5000000000,0.1208800000,0.0000000000,0.2500000000,0.6666700000,0.0000000000,1.0000000000,0.2500000000,1.0000000000,0.0000000000,0.0000000000,0.0000000000,0.0000000000,0.0000000000,0.0000000000,1.0000000000,0.0000000000,1.0000000000,0.0000000000,0.0000000000,1.0000000000,0.0000000000,1.0000000000
1.0000000000,0.1176500000,0.5000000000,0.1044000000,1.0000000000,1.0000000000,0.3333300000,1.0000000000,1.0000000000,0.5892900000,1.0000000000,0.0000000000,0.0000000000,1.0000000000,0.0000000000,1.0000000000,0.0000000000,1.0000000000,0.0000000000,0.0000000000,0.0000000000,0.0000000000,0.0000000000,0.0000000000,-1.0000000000
0.0000000000,0.2058800000,0.5000000000,0.0989010000,0.0000000000,0.5000000000,0.3333300000,1.0000000000,0.0000000000,0.0178570000,0.0000000000,0.0000000000,0.0000000000,0.0000000000,0.0000000000,0.0000000000,0.0000000000,1.0000000000,0.0000000000,1.0000000000,0.0000000000,0.0000000000,0.0000000000,1.0000000000,1.0000000000
0.0000000000,0.0735300000,1.0000000000,0.1428600000,0.0000000000,0.5000000000,0.6666700000,0.3333300000,0.0000000000,0.3035700000,1.0000000000,0.3333300000,1.0000000000,0.0000000000,0.0000000000,1.0000000000,0.0000000000,1.0000000000,0.0000000000,1.0000000000,0.0000000000,0.0000000000,0.0000000000,1.0000000000,-1.0000000000
0.0000000000,0.1176500000,0.5000000000,0.0604390000,0.0000000000,0.5000000000,0.6666700000,0.0000000000,0.3333300000,0.0357140000,1.0000000000,0.0000000000,0.0000000000,0.0000000000,0.0000000000,0.0000000000,0.0000000000,0.0000000000,0.0000000000,0.0000000000,1.0000000000,0.0000000000,1.0000000000,0.0000000000,-1.0000000000
0.0000000000,0.2058800000,0.5000000000,0.0549450000,0.0000000000,0.5000000000,1.0000000000,0.6666700000,0.0000000000,0.5000000000,1.0000000000,0.0000000000,0.0000000000,1.0000000000,0.0000000000,0.0000000000,0.0000000000,1.0000000000,0.0000000000,0.0000000000,1.0000000000,0.0000000000,1.0000000000,0.0000000000,1.0000000000
0.0000000000,0.1176500000,1.0000000000,0.1098900000,0.0000000000,1.0000000000,0.6666700000,0.6666700000,0.3333300000,0.7321400000,1.0000000000,0.3333300000,0.0000000000,0.0000000000,0.0000000000,0.0000000000,0.0000000000,1.0000000000,0.0000000000,0.0000000000,1.0000000000,0.0000000000,0.0000000000,1.0000000000,1.0000000000
0.0000000000,0.1176500000,1.0000000000,0.0109890000,0.0000000000,0.7500000000,0.3333300000,0.6666700000,0.0000000000,0.6964300000,1.0000000000,1.0000000000,0.0000000000,1.0000000000,0.0000000000,0.0000000000,0.0000000000,1.0000000000,0.0000000000,0.0000000000,1.0000000000,0.0000000000,1.0000000000,0.0000000000,-1.0000000000
0.3333300000,0.2941200000,0.7500000000,0.0989010000,1.0000000000,0.5000000000,0.3333300000,1.0000000000,0.6666700000,0.4107100000,1.0000000000,0.3333300000,0.0000000000,1.0000000000,0.0000000000,1.0000000000,0.0000000000,1.0000000000,0.0000000000,1.0000000000,0.0000000000,0.0000000000,0.0000000000,1.0000000000,-1.0000000000
1.0000000000,0.2500000000,0.5000000000,0.0769230000,0.7500000000,1.0000000000,0.3333300000,1.0000000000,0.0000000000,0.3035700000,0.0000000000,0.0000000000,0.0000000000,0.0000000000,0.0000000000,0.0000000000,0.0000000000,1.0000000000,0.0000000000,0.0000000000,1.0000000000,0.0000000000,1.0000000000,0.0000000000,-1.0000000000
0.3333300000,0.2941200000,0.5000000000,0.1373600000,0.0000000000,0.5000000000,0.3333300000,1.0000000000,0.3333300000,0.0178570000,1.0000000000,0.0000000000,0.0000000000,1.0000000000,0.0000000000,1.0000000000,0.0000000000,1.0000000000,0.0000000000,1.0000000000,0.0000000000,0.0000000000,1.0000000000,0.0000000000,1.0000000000
0.0000000000,0.2941200000,0.2500000000,0.0659340000,1.0000000000,1.0000000000,0.6666700000,0.6666700000,0.6666700000,0.3750000000,0.5000000000,0.0000000000,0.0000000000,1.0000000000,0.0000000000,0.0000000000,0.0000000000,1.0000000000,0.0000000000,0.0000000000,1.0000000000,0.0000000000,0.0000000000,0.0000000000,1.0000000000
0.3333300000,0.0294120000,0.2500000000,0.0384610000,0.2500000000,0.2500000000,0.3333300000,0.0000000000,0.3333300000,0.2321400000,0.5000000000,0.0000000000,0.0000000000,0.0000000000,0.0000000000,1.0000000000,0.0000000000,1.0000000000,0.0000000000,0.0000000000,1.0000000000,0.0000000000,1.0000000000,0.0000000000,1.0000000000
0.0000000000,0.2941200000,0.5000000000,0.0659340000,0.0000000000,0.7500000000,0.3333300000,1.0000000000,0.6666700000,0.0714290000,1.0000000000,0.3333300000,0.0000000000,0.0000000000,0.0000000000,1.0000000000,0.0000000000,1.0000000000,0.0000000000,1.0000000000,0.0000000000,0.0000000000,0.0000000000,1.0000000000,1.0000000000
0.3333300000,0.2941200000,0.0000000000,0.2197800000,0.0000000000,0.5000000000,0.6666700000,1.0000000000,0.0000000000,0.3035700000,1.0000000000,0.6666700000,0.0000000000,1.0000000000,0.0000000000,0.0000000000,0.0000000000,1.0000000000,0.0000000000,0.0000000000,1.0000000000,0.0000000000,1.0000000000,0.0000000000,1.0000000000
1.0000000000,0.2058800000,1.0000000000,0.1428600000,0.0000000000,0.7500000000,0.6666700000,0.3333300000,0.3333300000,0.2142900000,0.0000000000,0.3333300000,0.0000000000,0.0000000000,0.0000000000,1.0000000000,0.0000000000,1.0000000000,0.0000000000,0.0000000000,1.0000000000,0.0000000000,0.0000000000,1.0000000000,1.0000000000
1.0000000000,0.2941200000,0.7500000000,0.2033000000,0.0000000000,0.5000000000,0.6666700000,0.3333300000,1.0000000000,0.2321400000,1.0000000000,0.0000000000,0.0000000000,0.0000000000,0.0000000000,0.0000000000,0.0000000000,1.0000000000,0.0000000000,0.0000000000,0.0000000000,0.0000000000,0.0000000000,1.0000000000,-1.0000000000
0.3333300000,0.0441170000,0.5000000000,0.1153800000,0.0000000000,0.2500000000,0.3333300000,0.0000000000,0.0000000000,0.4642900000,1.0000000000,0.0000000000,0.0000000000,0.0000000000,0.0000000000,0.0000000000,0.0000000000,0.0000000000,0.0000000000,0.0000000000,1.0000000000,0.0000000000,0.0000000000,1.0000000000,-1.0000000000
0.3333300000,0.0735300000,0.5000000000,0.0384610000,0.0000000000,0.5000000000,0.3333300000,0.0000000000,0.3333300000,0.1964300000,1.0000000000,0.0000000000,0.0000000000,0.0000000000,0.0000000000,0.0000000000,0.0000000000,1.0000000000,0.0000000000,0.0000000000,1.0000000000,0.0000000000,0.0000000000,1.0000000000,1.0000000000
0.3333300000,0.2941200000,0.2500000000,0.0879120000,0.0000000000,0.7500000000,0.3333300000,1.0000000000,1.0000000000,0.2678600000,0.0000000000,0.0000000000,0.0000000000,0.0000000000,0.0000000000,0.0000000000,0.0000000000,1.0000000000,0.0000000000,0.0000000000,0.0000000000,0.0000000000,1.0000000000,0.0000000000,1.0000000000
1.0000000000,0.4705900000,0.5000000000,0.1703300000,0.0000000000,0.5000000000,0.3333300000,0.3333300000,0.6666700000,0.1607100000,1.0000000000,0.0000000000,0.0000000000,1.0000000000,0.0000000000,0.0000000000,0.0000000000,1.0000000000,0.0000000000,0.0000000000,1.0000000000,0.0000000000,0.0000000000,0.0000000000,1.0000000000
0.6666700000,0.0882360000,0.5000000000,0.0604390000,0.0000000000,0.2500000000,0.3333300000,0.3333300000,0.3333300000,0.0714290000,1.0000000000,0.0000000000,0.0000000000,0.0000000000,0.0000000000,0.0000000000,0.0000000000,1.0000000000,0.0000000000,0.0000000000,1.0000000000,0.0000000000,0.0000000000,1.0000000000,-1.0000000000
0.0000000000,0.2941200000,0.2500000000,0.1428600000,0.5000000000,0.5000000000,0.6666700000,1.0000000000,0.0000000000,0.0535710000,0.5000000000,0.0000000000,0.0000000000,1.0000000000,0.0000000000,0.0000000000,0.0000000000,1.0000000000,0.0000000000,0.0000000000,1.0000000000,0.0000000000,0.0000000000,1.0000000000,-1.0000000000
1.0000000000,0.2941200000,1.0000000000,0.2362600000,0.0000000000,0.5000000000,0.6666700000,0.3333300000,0.0000000000,0.9821400000,1.0000000000,0.0000000000,0.0000000000,1.0000000000,0.0000000000,0.0000000000,0.0000000000,1.0000000000,0.0000000000,0.0000000000,1.0000000000,0.0000000000,0.0000000000,0.0000000000,-1.0000000000
0.3333300000,0.4705900000,0.5000000000,0.1373600000,0.2500000000,0.5000000000,0.3333300000,1.0000000000,1.0000000000,0.5535700000,1.0000000000,0.0000000000,0.0000000000,0.0000000000,0.0000000000,0.0000000000,0.0000000000,0.0000000000,1.0000000000,0.0000000000,0.0000000000,0.0000000000,0.0000000000,1.0000000000,1.0000000000
1.0000000000,0.2058800000,0.5000000000,0.1044000000,0.0000000000,0.2500000000,0.6666700000,0.0000000000,0.0000000000,0.2500000000,1.0000000000,0.0000000000,0.0000000000,0.0000000000,0.0000000000,0.0000000000,0.0000000000,1.0000000000,0.0000000000,0.0000000000,1.0000000000,0.0000000000,0.0000000000,1.0000000000,-1.0000000000
1.0000000000,0.1617600000,0.5000000000,0.0604390000,1.0000000000,1.0000000000,0.6666700000,1.0000000000,1.0000000000,0.4642900000,0.0000000000,0.0000000000,1.0000000000,0.0000000000,0.0000000000,0.0000000000,1.0000000000,1.0000000000,0.0000000000,0.0000000000,0.0000000000,0.0000000000,0.0000000000,1.0000000000,-1.0000000000
0.0000000000,0.1176500000,0.5000000000,0.0274730000,0.2500000000,0.0000000000,0.3333300000,0.6666700000,0.3333300000,0.0535710000,1.0000000000,0.0000000000,0.0000000000,0.0000000000,0.0000000000,0.0000000000,0.0000000000,1.0000000000,0.0000000000,0.0000000000,1.0000000000,0.0000000000,0.0000000000,1.0000000000,1.0000000000
0.6666700000,0.0882360000,0.5000000000,0.0549450000,0.2500000000,1.0000000000,0.3333300000,1.0000000000,1.0000000000,0.5178600000,1.0000000000,0.0000000000,1.0000000000,0.0000000000,0.0000000000,1.0000000000,0.0000000000,1.0000000000,0.0000000000,0.0000000000,0.0000000000,0.0000000000,1.0000000000,0.0000000000,1.0000000000
0.0000000000,0.2500000000,0.5000000000,0.1758200000,0.7500000000,0.2500000000,0.3333300000,0.3333300000,0.6666700000,0.1785700000,0.0000000000,0.0000000000,0.0000000000,0.0000000000,0.0000000000,0.0000000000,0.0000000000,1.0000000000,0.0000000000,0.0000000000,1.0000000000,0.0000000000,0.0000000000,1.0000000000,-1.0000000000
0.0000000000,0.2941200000,0.2500000000,0.1868100000,0.0000000000,0.5000000000,0.3333300000,1.0000000000,0.6666700000,0.0535710000,0.0000000000,0.0000000000,0.0000000000,0.0000000000,1.0000000000,0.0000000000,1.0000000000,0.0000000000,0.0000000000,1.0000000000,0.0000000000,0.0000000000,0.0000000000,1.0000000000,-1.0000000000
1.0000000000,0.2058800000,0.7500000000,0.0879120000,0.0000000000,0.7500000000,0.3333300000,0.0000000000,0.0000000000,0.0535710000,1.0000000000,0.0000000000,0.0000000000,0.0000000000,0.0000000000,0.0000000000,0.0000000000,1.0000000000,0.0000000000,0.0000000000,1.0000000000,0.0000000000,0.0000000000,1.0000000000,1.0000000000
0.3333300000,0.6470600000,0.0000000000,0.6593400000,1.0000000000,0.5000000000,0.6666700000,0.3333300000,0.6666700000,0.5178600000,0.0000000000,0.0000000000,0.0000000000,1.0000000000,0.0000000000,0.0000000000,0.0000000000,1.0000000000,0.0000000000,0.0000000000,1.0000000000,0.0000000000,0.0000000000,0.0000000000,-1.0000000000
0.3333300000,0.8235300000,0.7500000000,0.4945100000,1.0000000000,0.5000000000,0.6666700000,0.3333300000,1.0000000000,0.1428600000,1.0000000000,0.0000000000,0.0000000000,0.0000000000,0.0000000000,0.0000000000,0.0000000000,1.0000000000,0.0000000000,0.0000000000,0.0000000000,0.0000000000,0.0000000000,0.0000000000,-1.0000000000
0.0000000000,0.0294120000,1.0000000000,0.1923100000,0.0000000000,0.5000000000,0.6666700000,0.6666700000,0.0000000000,0.3214300000,1.0000000000,0.6666700000,1.0000000000,0.0000000000,0.0000000000,1.0000000000,0.0000000000,1.0000000000,0.0000000000,1.0000000000,0.0000000000,0.0000000000,0.0000000000,1.0000000000,-1.0000000000
0.3333300000,0.3823500000,0.5000000000,0.1758200000,0.2500000000,0.5000000000,0.3333300000,1.0000000000,0.6666700000,0.0357140000,1.0000000000,0.0000000000,0.0000000000,0.0000000000,0.0000000000,0.0000000000,0.0000000000,0.0000000000,1.0000000000,1.0000000000,0.0000000000,0.0000000000,0.0000000000,1.0000000000,1.0000000000
1.0000000000,0.1176500000,0.5000000000,0.0219780000,0.0000000000,0.5000000000,0.0000000000,0.3333300000,0.0000000000,0.5357100000,1.0000000000,0.0000000000,0.0000000000,0.0000000000,0.0000000000,1.0000000000,0.0000000000,1.0000000000,0.0000000000,0.0000000000,1.0000000000,0.0000000000,1.0000000000,0.0000000000,-1.0000000000
0.3333300000,0.2500000000,1.0000000000,0.1923100000,0.0000000000,0.7500000000,0.6666700000,0.6666700000,0.3333300000,0.1428600000,1.0000000000,0.3333300000,0.0000000000,0.0000000000,0.0000000000,0.0000000000,0.0000000000,1.0000000000,0.0000000000,0.0000000000,1.0000000000,0.0000000000,0.0000000000,1.0000000000,-1.0000000000
1.0000000000,0.2058800000,1.0000000000,0.0714290000,0.0000000000,0.5000000000,0.6666700000,0.3333300000,0.3333300000,0.2321400000,0.0000000000,0.3333300000,0.0000000000,0.0000000000,0.0000000000,1.0000000000,0.0000000000,1.0000000000,0.0000000000,0.0000000000,1.0000000000,0.0000000000,0.0000000000,1.0000000000,1.0000000000
1.0000000000,0.6470600000,0.5000000000,0.2033000000,1.0000000000,0.5000000000,0.0000000000,0.3333300000,0.0000000000,0.3392900000,0.0000000000,0.0000000000,0.0000000000,0.0000000000,0.0000000000,0.0000000000,0.0000000000,1.0000000000,0.0000000000,0.0000000000,1.0000000000,0.0000000000,0.0000000000,1.0000000000,1.0000000000
0.0000000000,0.1176500000,0.5000000000,0.0934070000,0.0000000000,0.2500000000,0.3333300000,0.0000000000,0.6666700000,0.0535710000,1.0000000000,0.0000000000,0.0000000000,0.0000000000,0.0000000000,0.0000000000,0.0000000000,1.0000000000,0.0000000000,1.0000000000,0.0000000000,0.0000000000,0.0000000000,1.0000000000,-1.0000000000
0.0000000000,0.2058800000,0.5000000000,0.1318700000,0.0000000000,0.5000000000,0.6666700000,1.0000000000,1.0000000000,0.8214300000,1.0000000000,0.3333300000,0.0000000000,0.0000000000,0.0000000000,0.0000000000,0.0000000000,1.0000000000,0.0000000000,0.0000000000,0.0000000000,0.0000000000,0.0000000000,1.0000000000,1.0000000000
1.0000000000,0.1617600000,0.5000000000,0.0989010000,1.0000000000,1.0000000000,0.6666700000,0.3333300000,0.6666700000,0.2857100000,1.0000000000,0.0000000000,0.0000000000,0.0000000000,0.0000000000,0.0000000000,0.0000000000,1.0000000000,0.0000000000,0.0000000000,1.0000000000,0.0000000000,0.0000000000,1.0000000000,-1.0000000000
0.6666700000,0.0294120000,0.5000000000,0.1044000000,0.0000000000,0.5000000000,0.6666700000,0.3333300000,0.0000000000,0.3928600000,1.0000000000,0.0000000000,0.0000000000,1.0000000000,0.0000000000,0.0000000000,0.0000000000,1.0000000000,0.0000000000,0.0000000000,1.0000000000,0.0000000000,0.0000000000,1.0000000000,-1.0000000000
0.3333300000,0.0735300000,0.2500000000,0.0659340000,0.2500000000,0.7500000000,0.6666700000,0.6666700000,1.0000000000,0.1785700000,1.0000000000,0.0000000000,0.0000000000,0.0000000000,0.0000000000,1.0000000000,0.0000000000,1.0000000000,0.0000000000,0.0000000000,1.0000000000,0.0000000000,0.0000000000,1.0000000000,1.0000000000
1.0000000000,0.5588200000,1.0000000000,0.2087900000,0.5000000000,0.5000000000,0.6666700000,1.0000000000,0.0000000000,0.3035700000,1.0000000000,0.3333300000,0.0000000000,1.0000000000,0.0000000000,0.0000000000,0.0000000000,1.0000000000,0.0000000000,0.0000000000,1.0000000000,0.0000000000,0.0000000000,1.0000000000,-1.0000000000
1.0000000000,0.0735300000,0.5000000000,0.1978000000,1.0000000000,1.0000000000,0.6666700000,1.0000000000,0.0000000000,0.8035700000,1.0000000000,0.0000000000,0.0000000000,0.0000000000,0.0000000000,0.0000000000,0.0000000000,1.0000000000,0.0000000000,0.0000000000,1.0000000000,0.0000000000,1.0000000000,0.0000000000,-1.0000000000
0.0000000000,0.2941200000,0.5000000000,0.1923100000,0.0000000000,0.5000000000,0.3333300000,1.0000000000,0.6666700000,0.1607100000,1.0000000000,0.0000000000,0.0000000000,0.0000000000,0.0000000000,0.0000000000,0.0000000000,1.0000000000,0.0000000000,0.0000000000,1.0000000000,0.0000000000,0.0000000000,1.0000000000,-1.0000000000
0.0000000000,0.2058800000,0.2500000000,0.0769230000,0.0000000000,0.5000000000,0.6666700000,0.6666700000,0.6666700000,0.4464300000,0.0000000000,0.0000000000,0.0000000000,0.0000000000,0.0000000000,0.0000000000,0.0000000000,1.0000000000,0.0000000000,0.0000000000,1.0000000000,0.0000000000,0.0000000000,1.0000000000,1.0000000000
0.3333300000,0.1617600000,0.5000000000,0.0659340000,1.0000000000,0.2500000000,0.6666700000,0.0000000000,0.3333300000,0.0714290000,1.0000000000,0.0000000000,0.0000000000,0.0000000000,0.0000000000,0.0000000000,0.0000000000,1.0000000000,0.0000000000,0.0000000000,1.0000000000,0.0000000000,0.0000000000,1.0000000000,-1.0000000000
1.0000000000,0.0735300000,0.5000000000,0.0989010000,0.0000000000,0.2500000000,0.3333300000,0.3333300000,0.6666700000,0.0000000000,1.0000000000,0.3333300000,0.0000000000,0.0000000000,0.0000000000,0.0000000000,0.0000000000,0.0000000000,1.0000000000,1.0000000000,0.0000000000,0.0000000000,0.0000000000,1.0000000000,1.0000000000
0.3333300000,0.2941200000,0.5000000000,0.0659340000,0.0000000000,0.2500000000,0.3333300000,1.0000000000,0.6666700000,0.1071400000,1.0000000000,0.0000000000,0.0000000000,1.0000000000,0.0000000000,1.0000000000,0.0000000000,1.0000000000,0.0000000000,0.0000000000,1.0000000000,0.0000000000,1.0000000000,0.0000000000,1.0000000000
1.0000000000,0.1176500000,0.5000000000,0.0659340000,0.0000000000,1.0000000000,0.6666700000,1.0000000000,0.3333300000,0.5000000000,0.0000000000,0.6666700000,1.0000000000,1.0000000000,0.0000000000,0.0000000000,0.0000000000,1.0000000000,0.0000000000,0.0000000000,1.0000000000,0.0000000000,0.0000000000,1.0000000000,-1.0000000000
1.0000000000,0.2941200000,0.5000000000,0.0659340000,0.5000000000,0.7500000000,0.3333300000,0.0000000000,0.6666700000,0.1607100000,1.0000000000,0.0000000000,0.0000000000,0.0000000000,0.0000000000,0.0000000000,0.0000000000,1.0000000000,0.0000000000,0.0000000000,1.0000000000,0.0000000000,0.0000000000,1.0000000000,-1.0000000000
1.0000000000,0.8235300000,0.7500000000,0.8516500000,0.0000000000,0.7500000000,0.6666700000,1.0000000000,0.6666700000,0.0357140000,1.0000000000,0.3333300000,0.0000000000,1.0000000000,0.0000000000,0.0000000000,0.0000000000,1.0000000000,0.0000000000,0.0000000000,1.0000000000,0.0000000000,0.0000000000,1.0000000000,-1.0000000000
1.0000000000,0.1176500000,0.5000000000,0.0714290000,0.0000000000,0.2500000000,0.3333300000,0.6666700000,0.6666700000,0.2678600000,1.0000000000,0.0000000000,1.0000000000,0.0000000000,0.0000000000,0.0000000000,0.0000000000,1.0000000000,0.0000000000,0.0000000000,1.0000000000,0.0000000000,0.0000000000,1.0000000000,-1.0000000000
0.0000000000,0.5588200000,0.7500000000,0.2307700000,0.0000000000,0.7500000000,0.6666700000,0.3333300000,0.3333300000,0.1250000000,0.0000000000,0.3333300000,1.0000000000,1.0000000000,0.0000000000,0.0000000000,0.0000000000,1.0000000000,0.0000000000,0.0000000000,1.0000000000,0.0000000000,0.0000000000,1.0000000000,1.0000000000
0.0000000000,0.2058800000,0.5000000000,0.0329670000,0.0000000000,0.0000000000,0.3333300000,0.0000000000,0.0000000000,0.1428600000,1.0000000000,0.0000000000,0.0000000000,0.0000000000,0.0000000000,0.0000000000,0.0000000000,1.0000000000,0.0000000000,0.0000000000,1.0000000000,1.0000000000,0.0000000000,0.0000000000,1.0000000000
0.3333300000,0.1617600000,0.5000000000,0.0604390000,0.0000000000,1.0000000000,0.6666700000,1.0000000000,0.6666700000,0.3392900000,1.0000000000,0.3333300000,0.0000000000,0.0000000000,0.0000000000,0.0000000000,0.0000000000,1.0000000000,0.0000000000,0.0000000000,1.0000000000,0.0000000000,1.0000000000,0.0000000000,-1.0000000000
1.0000000000,0.1617600000,0.5000000000,0.2417600000,0.2500000000,0.5000000000,0.6666700000,0.3333300000,0.3333300000,0.3750000000,1.0000000000,0.0000000000,0.0000000000,1.0000000000,0.0000000000,0.0000000000,0.0000000000,1.0000000000,0.0000000000,0.0000000000,1.0000000000,0.0000000000,0.0000000000,0.0000000000,1.0000000000
1.0000000000,0.2941200000,1.0000000000,0.0934070000,0.0000000000,0.7500000000,1.0000000000,0.3333300000,0.6666700000,0.2500000000,1.0000000000,0.3333300000,0.0000000000,1.0000000000,0.0000000000,0.0000000000,0.0000000000,0.0000000000,0.0000000000,0.0000000000,1.0000000000,0.0000000000,0.0000000000,1.0000000000,-1.0000000000
0.0000000000,0.2058800000,1.0000000000,0.0934070000,0.0000000000,0.7500000000,1.0000000000,0.0000000000,0.3333300000,0.2321400000,1.0000000000,0.3333300000,0.0000000000,1.0000000000,0.0000000000,0.0000000000,0.0000000000,1.0000000000,0.0000000000,0.0000000000,1.0000000000,0.0000000000,0.0000000000,0.0000000000,-1.0000000000
1.0000000000,0.4705900000,0.7500000000,0.4285700000,1.0000000000,0.2500000000,0.6666700000,1.0000000000,0.6666700000,0.1428600000,1.0000000000,0.3333300000,0.0000000000,1.0000000000,0.0000000000,0.0000000000,0.0000000000,1.0000000000,0.0000000000,1.0000000000,0.0000000000,0.0000000000,0.0000000000,1.0000000000,1.0000000000
0.0000000000,0.3823500000,0.0000000000,0.2417600000,0.0000000000,0.5000000000,0.0000000000,0.3333300000,0.0000000000,0.2321400000,1.0000000000,0.3333300000,0.0000000000,0.0000000000,0.0000000000,0.0000000000,0.0000000000,0.0000000000,0.0000000000,0.0000000000,1.0000000000,0.0000000000,0.0000000000,1.0000000000,-1.0000000000
1.0000000000,0.1176500000,0.5000000000,0.0659340000,0.5000000000,0.5000000000,0.3333300000,0.3333300000,0.3333300000,0.1250000000,1.0000000000,0.0000000000,0.0000000000,0.0000000000,0.0000000000,1.0000000000,0.0000000000,1.0000000000,0.0000000000,0.0000000000,1.0000000000,0.0000000000,0.0000000000,1.0000000000,1.0000000000
0.6666700000,0.2941200000,0.5000000000,0.0384610000,0.0000000000,0.7500000000,0.6666700000,0.6666700000,1.0000000000,0.3392900000,0.0000000000,0.0000000000,1.0000000000,0.0000000000,0.0000000000,1.0000000000,0.0000000000,1.0000000000,0.0000000000,0.0000000000,0.0000000000,0.0000000000,0.0000000000,1.0000000000,1.0000000000
0.0000000000,0.1176500000,0.5000000000,0.0274730000,0.0000000000,0.5000000000,0.6666700000,1.0000000000,0.6666700000,0.3750000000,1.0000000000,0.0000000000,1.0000000000,0.0000000000,0.0000000000,0.0000000000,0.0000000000,1.0000000000,0.0000000000,1.0000000000,0.0000000000,0.0000000000,1.0000000000,0.0000000000,1.0000000000
0.0000000000,0.6470600000,0.5000000000,0.4011000000,0.0000000000,0.7500000000,0.6666700000,0.0000000000,1.0000000000,0.5535700000,1.0000000000,0.0000000000,0.0000000000,1.0000000000,0.0000000000,0.0000000000,0.0000000000,1.0000000000,0.0000000000,0.0000000000,0.0000000000,0.0000000000,0.0000000000,0.0000000000,-1.0000000000
0.3333300000,0.1176500000,0.5000000000,0.0934070000,0.0000000000,0.5000000000,0.6666700000,0.3333300000,0.3333300000,0.3214300000,1.0000000000,0.0000000000,0.0000000000,0.0000000000,0.0000000000,0.0000000000,0.0000000000,1.0000000000,0.0000000000,0.0000000000,1.0000000000,0.0000000000,1.0000000000,0.0000000000,1.0000000000
0.0000000000,0.2941200000,0.5000000000,0.1153800000,0.0000000000,1.0000000000,0.6666700000,0.0000000000,0.0000000000,0.4642900000,1.0000000000,0.0000000000,0.0000000000,0.0000000000,0.0000000000,1.0000000000,0.0000000000,0.0000000000,1.0000000000,0.0000000000,1.0000000000,0.0000000000,0.0000000000,1.0000000000,1.0000000000
0.3333300000,0.4705900000,0.7500000000,0.4340700000,0.2500000000,1.0000000000,0.6666700000,1.0000000000,0.6666700000,0.4107100000,1.0000000000,1.0000000000,0.0000000000,1.0000000000,0.0000000000,1.0000000000,0.0000000000,1.0000000000,0.0000000000,0.0000000000,1.0000000000,0.0000000000,0.0000000000,0.0000000000,1.0000000000
1.0000000000,0.2941200000,1.0000000000,0.1153800000,0.0000000000,0.7500000000,0.6666700000,0.6666700000,0.6666700000,0.2857100000,1.0000000000,0.3333300000,0.0000000000,1.0000000000,0.0000000000,0.0000000000,1.0000000000,1.0000000000,0.0000000000,0.0000000000,1.0000000000,0.0000000000,0.0000000000,1.0000000000,-1.0000000000
0.0000000000,0.1470600000,0.5000000000,0.2087900000,0.0000000000,0.0000000000,0.6666700000,1.0000000000,1.0000000000,0.0535710000,1.0000000000,0.0000000000,0.0000000000,0.0000000000,0.0000000000,1.0000000000,0.0000000000,1.0000000000,0.0000000000,0.0000000000,0.0000000000,0.0000000000,0.0000000000,1.0000000000,-1.0000000000
0.3333300000,0.1176500000,0.5000000000,0.0384610000,0.0000000000,1.0000000000,0.6666700000,1.0000000000,0.6666700000,0.3928600000,0.0000000000,0.0000000000,1.0000000000,0.0000000000,0.0000000000,1.0000000000,0.0000000000,1.0000000000,0.0000000000,0.0000000000,1.0000000000,0.0000000000,1.0000000000,0.0000000000,1.0000000000
1.0000000000,0.6470600000,0.5000000000,0.5494500000,1.0000000000,0.7500000000,0.6666700000,0.6666700000,0.6666700000,0.3214300000,0.5000000000,0.0000000000,0.0000000000,1.0000000000,0.0000000000,0.0000000000,0.0000000000,1.0000000000,0.0000000000,0.0000000000,1.0000000000,0.0000000000,0.0000000000,1.0000000000,-1.0000000000
0.3333300000,0.3823500000,0.0000000000,0.2197800000,0.0000000000,0.5000000000,0.3333300000,0.0000000000,0.6666700000,0.1607100000,1.0000000000,0.3333300000,0.0000000000,0.0000000000,0.0000000000,0.0000000000,0.0000000000,1.0000000000,0.0000000000,0.0000000000,1.0000000000,0.0000000000,0.0000000000,1.0000000000,-1.0000000000
0.3333300000,0.2058800000,1.0000000000,0.3406600000,0.0000000000,1.0000000000,0.6666700000,0.0000000000,1.0000000000,0.3928600000,1.0000000000,0.0000000000,0.0000000000,1.0000000000,0.0000000000,0.0000000000,0.0000000000,1.0000000000,0.0000000000,0.0000000000,1.0000000000,0.0000000000,0.0000000000,1.0000000000,-1.0000000000
0.6666700000,0.1176500000,0.5000000000,0.0604390000,0.0000000000,0.5000000000,1.0000000000,1.0000000000,0.0000000000,0.0714290000,1.0000000000,0.0000000000,0.0000000000,0.0000000000,0.0000000000,0.0000000000,0.0000000000,1.0000000000,0.0000000000,1.0000000000,0.0000000000,0.0000000000,0.0000000000,1.0000000000,-1.0000000000
0.0000000000,0.1176500000,0.5000000000,0.0384610000,1.0000000000,0.5000000000,1.0000000000,0.3333300000,0.6666700000,0.0714290000,1.0000000000,0.0000000000,0.0000000000,0.0000000000,0.0000000000,1.0000000000,0.0000000000,1.0000000000,0.0000000000,0.0000000000,1.0000000000,0.0000000000,0.0000000000,1.0000000000,1.0000000000
1.0000000000,0.2500000000,0.5000000000,0.1098900000,0.0000000000,1.0000000000,0.6666700000,0.3333300000,0.0000000000,0.5535700000,1.0000000000,0.3333300000,0.0000000000,0.0000000000,0.0000000000,0.0000000000,0.0000000000,1.0000000000,0.0000000000,0.0000000000,1.0000000000,0.0000000000,0.0000000000,1.0000000000,-1.0000000000
0.3333300000,0.0294120000,0.7500000000,0.0439560000,0.0000000000,0.0000000000,0.6666700000,0.0000000000,0.3333300000,0.2857100000,0.5000000000,0.3333300000,0.0000000000,1.0000000000,0.0000000000,0.0000000000,0.0000000000,1.0000000000,0.0000000000,0.0000000000,1.0000000000,0.0000000000,0.0000000000,0.0000000000,-1.0000000000
0.6666700000,0.0294120000,1.0000000000,0.0439560000,0.0000000000,0.5000000000,0.3333300000,1.0000000000,0.3333300000,0.5535700000,1.0000000000,0.0000000000,0.0000000000,0.0000000000,0.0000000000,0.0000000000,0.0000000000,1.0000000000,0.0000000000,0.0000000000,1.0000000000,0.0000000000,1.0000000000,0.0000000000,-1.0000000000
1.0000000000,0.2941200000,1.0000000000,0.3351600000,0.0000000000,0.0000000000,0.6666700000,0.3333300000,1.0000000000,0.1428600000,0.0000000000,0.3333300000,0.0000000000,1.0000000000,0.0000000000,0.0000000000,0.0000000000,0.0000000000,1.0000000000,0.0000000000,1.0000000000,0.0000000000,0.0000000000,0.0000000000,-1.0000000000
0.3333300000,0.3823500000,0.2500000000,0.1813200000,0.7500000000,0.5000000000,0.6666700000,0.3333300000,0.6666700000,0.2678600000,0.5000000000,0.0000000000,1.0000000000,1.0000000000,0.0000000000,0.0000000000,0.0000000000,1.0000000000,0.0000000000,0.0000000000,1.0000000000,0.0000000000,0.0000000000,1.0000000000,-1.0000000000
1.0000000000,0.6470600000,0.2500000000,0.1868100000,0.0000000000,0.5000000000,0.3333300000,0.0000000000,0.0000000000,0.1428600000,0.5000000000,0.0000000000,0.0000000000,0.0000000000,0.0000000000,0.0000000000,0.0000000000,1.0000000000,0.0000000000,0.0000000000,1.0000000000,0.0000000000,0.0000000000,1.0000000000,-1.0000000000
0.0000000000,0.1176500000,1.0000000000,0.2527500000,0.0000000000,1.0000000000,0.6666700000,1.0000000000,0.3333300000,0.4285700000,1.0000000000,0.3333300000,0.0000000000,1.0000000000,0.0000000000,1.0000000000,0.0000000000,0.0000000000,1.0000000000,1.0000000000,0.0000000000,0.0000000000,0.0000000000,1.0000000000,1.0000000000
0.6666700000,0.3823500000,1.0000000000,0.1538500000,0.0000000000,1.0000000000,0.6666700000,1.0000000000,0.3333300000,0.5000000000,1.0000000000,0.0000000000,0.0000000000,0.0000000000,0.0000000000,0.0000000000,0.0000000000,1.0000000000,0.0000000000,0.0000000000,1.0000000000,0.0000000000,0.0000000000,1.0000000000,-1.0000000000
1.0000000000,0.2941200000,1.0000000000,0.2142900000,0.2500000000,0.5000000000,0.6666700000,0.6666700000,0.3333300000,0.1428600000,1.0000000000,0.3333300000,0.0000000000,1.0000000000,0.0000000000,0.0000000000,0.0000000000,1.0000000000,0.0000000000,0.0000000000,1.0000000000,0.0000000000,1.0000000000,0.0000000000,-1.0000000000
1.0000000000,0.4705900000,0.5000000000,0.3022000000,0.2500000000,0.7500000000,0.6666700000,0.3333300000,0.6666700000,0.2142900000,1.0000000000,0.3333300000,0.0000000000,1.0000000000,0.0000000000,0.0000000000,0.0000000000,1.0000000000,0.0000000000,0.0000000000,1.0000000000,0.0000000000,0.0000000000,1.0000000000,-1.0000000000
1.0000000000,0.8235300000,0.5000000000,0.5604400000,0.0000000000,1.0000000000,0.6666700000,1.0000000000,0.3333300000,0.4107100000,1.0000000000,0.0000000000,0.0000000000,1.0000000000,0.0000000000,1.0000000000,0.0000000000,1.0000000000,0.0000000000,0.0000000000,1.0000000000,0.0000000000,0.0000000000,0.0000000000,-1.0000000000
1.0000000000,0.0294120000,1.0000000000,0.1044000000,0.5000000000,0.5000000000,1.0000000000,0.3333300000,0.6666700000,0.0892860000,1.0000000000,0.0000000000,0.0000000000,0.0000000000,0.0000000000,1.0000000000,0.0000000000,1.0000000000,0.0000000000,0.0000000000,1.0000000000,0.0000000000,0.0000000000,1.0000000000,-1.0000000000
1.0000000000,0.2500000000,0.7500000000,0.1318700000,0.5000000000,0.2500000000,0.6666700000,0.3333300000,0.0000000000,0.3928600000,0.0000000000,0.0000000000,1.0000000000,0.0000000000,0.0000000000,0.0000000000,0.0000000000,1.0000000000,0.0000000000,0.0000000000,1.0000000000,0.0000000000,1.0000000000,0.0000000000,1.0000000000
1.0000000000,0.3823500000,1.0000000000,0.2362600000,0.0000000000,0.7500000000,0.3333300000,1.0000000000,0.6666700000,0.1250000000,1.0000000000,0.0000000000,0.0000000000,1.0000000000,0.0000000000,0.0000000000,0.0000000000,1.0000000000,0.0000000000,1.0000000000,0.0000000000,0.0000000000,0.0000000000,0.0000000000,-1.0000000000
1.0000000000,0.2941200000,1.0000000000,0.2747300000,0.0000000000,1.0000000000,0.6666700000,1.0000000000,0.6666700000,0.2500000000,1.0000000000,0.0000000000,0.0000000000,1.0000000000,0.0000000000,0.0000000000,0.0000000000,1.0000000000,0.0000000000,0.0000000000,1.0000000000,0.0000000000,0.0000000000,1.0000000000,-1.0000000000
0.3333300000,1.0000000000,0.5000000000,0.2967000000,0.2500000000,0.5000000000,1.0000000000,0.3333300000,0.6666700000,0.0892860000,1.0000000000,0.0000000000,0.0000000000,0.0000000000,0.0000000000,0.0000000000,0.0000000000,1.0000000000,0.0000000000,0.0000000000,1.0000000000,0.0000000000,0.0000000000,1.0000000000,1.0000000000
0.0000000000,0.2941200000,0.5000000000,0.1208800000,0.0000000000,1.0000000000,0.6666700000,1.0000000000,0.0000000000,0.8035700000,0.0000000000,0.0000000000,0.0000000000,0.0000000000,0.0000000000,0.0000000000,0.0000000000,1.0000000000,0.0000000000,1.0000000000,0.0000000000,0.0000000000,1.0000000000,0.0000000000,-1.0000000000
1.0000000000,0.2058800000,0.5000000000,0.0714290000,0.0000000000,0.2500000000,0.3333300000,0.0000000000,0.0000000000,0.1250000000,1.0000000000,0.0000000000,0.0000000000,0.0000000000,0.0000000000,0.0000000000,0.0000000000,1.0000000000,0.0000000000,0.0000000000,1.0000000000,0.0000000000,0.0000000000,1.0000000000,-1.0000000000
1.0000000000,0.0294120000,0.5000000000,0.0714290000,0.0000000000,0.2500000000,0.3333300000,0.3333300000,1.0000000000,0.6607100000,1.0000000000,0.0000000000,0.0000000000,0.0000000000,0.0000000000,0.0000000000,0.0000000000,1.0000000000,0.0000000000,0.0000000000,1.0000000000,0.0000000000,0.0000000000,1.0000000000,-1.0000000000
1.0000000000,0.1176500000,0.5000000000,0.1153800000,1.0000000000,0.5000000000,0.6666700000,1.0000000000,1.0000000000,0.3214300000,1.0000000000,0.0000000000,0.0000000000,1.0000000000,0.0000000000,0.0000000000,0.0000000000,1.0000000000,0.0000000000,0.0000000000,0.0000000000,0.0000000000,0.0000000000,1.0000000000,-1.0000000000
1.0000000000,0.1617600000,0.7500000000,0.0714290000,0.0000000000,0.5000000000,1.0000000000,0.6666700000,0.0000000000,0.2500000000,0.0000000000,0.3333300000,0.0000000000,0.0000000000,0.0000000000,0.0000000000,0.0000000000,1.0000000000,0.0000000000,0.0000000000,1.0000000000,0.0000000000,0.0000000000,1.0000000000,-1.0000000000
1.0000000000,0.2941200000,1.0000000000,0.2692300000,0.0000000000,0.2500000000,1.0000000000,0.6666700000,1.0000000000,0.5000000000,1.0000000000,0.6666700000,0.0000000000,1.0000000000,0.0000000000,0.0000000000,0.0000000000,1.0000000000,0.0000000000,0.0000000000,0.0000000000,0.0000000000,0.0000000000,1.0000000000,-1.0000000000
0.3333300000,0.4705900000,0.7500000000,0.5329700000,0.2500000000,0.7500000000,0.6666700000,0.6666700000,0.3333300000,0.2142900000,1.0000000000,0.3333300000,1.0000000000,1.0000000000,0.0000000000,0.0000000000,0.0000000000,1.0000000000,0.0000000000,0.0000000000,1.0000000000,0.0000000000,1.0000000000,0.0000000000,-1.0000000000
1.0000000000,0.8235300000,0.5000000000,0.3461500000,1.0000000000,0.5000000000,0.6666700000,1.0000000000,1.0000000000,0.2678600000,1.0000000000,0.0000000000,1.0000000000,1.0000000000,0.0000000000,1.0000000000,0.0000000000,1.0000000000,0.0000000000,0.0000000000,0.0000000000,0.0000000000,0.0000000000,1.0000000000,-1.0000000000
0.6666700000,0.0882360000,1.0000000000,0.0604390000,1.0000000000,0.7500000000,0.6666700000,0.3333300000,0.3333300000,0.1428600000,1.0000000000,0.3333300000,0.0000000000,1.0000000000,0.0000000000,0.0000000000,0.0000000000,1.0000000000,0.0000000000,0.0000000000,1.0000000000,0.0000000000,0.0000000000,1.0000000000,-1.0000000000
0.3333300000,0.4705900000,0.7500000000,0.1483500000,0.2500000000,1.0000000000,0.6666700000,0.6666700000,1.0000000000,0.1964300000,1.0000000000,0.0000000000,0.0000000000,0.0000000000,0.0000000000,1.0000000000,0.0000000000,1.0000000000,0.0000000000,0.0000000000,0.0000000000,0.0000000000,0.0000000000,1.0000000000,-1.0000000000
1.0000000000,0.0735300000,0.5000000000,0.1428600000,0.2500000000,1.0000000000,0.6666700000,1.0000000000,0.6666700000,0.2857100000,1.0000000000,0.0000000000,0.0000000000,1.0000000000,0.0000000000,0.0000000000,0.0000000000,0.0000000000,1.0000000000,0.0000000000,1.0000000000,0.0000000000,0.0000000000,1.0000000000,-1.0000000000
0.0000000000,0.1176500000,0.5000000000,0.1923100000,0.7500000000,0.5000000000,0.6666700000,0.6666700000,0.3333300000,0.2142900000,1.0000000000,0.0000000000,1.0000000000,0.0000000000,0.0000000000,1.0000000000,0.0000000000,1.0000000000,0.0000000000,0.0000000000,1.0000000000,0.0000000000,0.0000000000,1.0000000000,-1.0000000000
0.0000000000,0.1617600000,1.0000000000,0.0439560000,0.0000000000,0.5000000000,0.0000000000,0.6666700000,0.3333300000,0.1071400000,1.0000000000,0.3333300000,0.0000000000,0.0000000000,0.0000000000,0.0000000000,0.0000000000,1.0000000000,0.0000000000,0.0000000000,1.0000000000,0.0000000000,0.0000000000,1.0000000000,-1.0000000000
0.3333300000,0.1617600000,0.5000000000,0.1318700000,0.2500000000,0.5000000000,0.3333300000,0.3333300000,0.0000000000,0.1071400000,1.0000000000,0.0000000000,0.0000000000,0.0000000000,0.0000000000,0.0000000000,0.0000000000,1.0000000000,0.0000000000,0.0000000000,1.0000000000,0.0000000000,1.0000000000,0.0000000000,-1.0000000000
0.3333300000,0.2941200000,0.5000000000,0.1483500000,0.2500000000,0.2500000000,0.6666700000,0.0000000000,0.6666700000,0.1785700000,1.0000000000,0.0000000000,0.0000000000,0.0000000000,0.0000000000,0.0000000000,0.0000000000,1.0000000000,0.0000000000,0.0000000000,1.0000000000,0.0000000000,0.0000000000,1.0000000000,-1.0000000000
0.0000000000,0.0294120000,1.0000000000,0.2472500000,1.0000000000,0.2500000000,0.6666700000,0.6666700000,0.0000000000,0.4464300000,1.0000000000,0.3333300000,1.0000000000,0.0000000000,0.0000000000,1.0000000000,0.0000000000,1.0000000000,0.0000000000,0.0000000000,1.0000000000,0.0000000000,1.0000000000,0.0000000000,-1.0000000000
1.0000000000,0.2941200000,0.5000000000,0.1153800000,0.0000000000,0.7500000000,0.6666700000,0.3333300000,0.6666700000,0.1607100000,1.0000000000,0.0000000000,0.0000000000,1.0000000000,0.0000000000,0.0000000000,0.0000000000,1.0000000000,0.0000000000,0.0000000000,1.0000000000,0.0000000000,0.0000000000,1.0000000000,-1.0000000000
1.0000000000,0.0294120000,0.5000000000,0.0549450000,0.5000000000,0.5000000000,0.6666700000,1.0000000000,0.3333300000,0.5535700000,1.0000000000,0.0000000000,0.0000000000,0.0000000000,0.0000000000,0.0000000000,1.0000000000,1.0000000000,0.0000000000,1.0000000000,0.0000000000,0.0000000000,0.0000000000,1.0000000000,-1.0000000000
0.3333300000,0.1176500000,0.5000000000,0.0494510000,0.0000000000,0.7500000000,0.6666700000,0.6666700000,0.0000000000,0.1785700000,1.0000000000,0.3333300000,0.0000000000,0.0000000000,1.0000000000,0.0000000000,0.0000000000,0.0000000000,0.0000000000,0.0000000000,1.0000000000,0.0000000000,0.0000000000,1.0000000000,-1.0000000000
1.0000000000,0.1176500000,1.0000000000,0.0384610000,0.0000000000,0.0000000000,0.3333300000,0.3333300000,0.3333300000,0.3392900000,1.0000000000,0.0000000000,0.0000000000,0.0000000000,0.0000000000,1.0000000000,0.0000000000,1.0000000000,0.0000000000,0.0000000000,1.0000000000,1.0000000000,0.0000000000,0.0000000000,-1.0000000000
1.0000000000,0.2058800000,1.0000000000,0.0879120000,0.0000000000,0.5000000000,0.6666700000,0.3333300000,0.6666700000,0.0892860000,1.0000000000,0.3333300000,0.0000000000,0.0000000000,0.0000000000,0.0000000000,0.0000000000,1.0000000000,0.0000000000,0.0000000000,1.0000000000,0.0000000000,0.0000000000,1.0000000000,-1.0000000000
0.6666700000,0.1617600000,0.5000000000,0.0934070000,0.0000000000,1.0000000000,0.6666700000,1.0000000000,0.6666700000,0.3750000000,1.0000000000,0.0000000000,0.0000000000,1.0000000000,0.0000000000,0.0000000000,0.0000000000,1.0000000000,0.0000000000,1.0000000000,0.0000000000,0.0000000000,0.0000000000,0.0000000000,-1.0000000000
1.0000000000,0.1176500000,0.5000000000,0.0494510000,0.5000000000,0.5000000000,0.3333300000,1.0000000000,0.6666700000,0.1785700000,1.0000000000,0.0000000000,0.0000000000,0.0000000000,0.0000000000,0.0000000000,0.0000000000,1.0000000000,0.0000000000,1.0000000000,0.0000000000,0.0000000000,1.0000000000,0.0000000000,1.0000000000
0.0000000000,0.6470600000,1.0000000000,0.3351600000,0.0000000000,1.0000000000,0.6666700000,1.0000000000,1.0000000000,0.4821400000,1.0000000000,0.3333300000,0.0000000000,1.0000000000,0.0000000000,0.0000000000,1.0000000000,1.0000000000,0.0000000000,0.0000000000,0.0000000000,0.0000000000,0.0000000000,1.0000000000,1.0000000000
0.6666700000,0.2941200000,0.5000000000,0.0659340000,0.2500000000,1.0000000000,0.3333300000,0.3333300000,1.0000000000,0.5000000000,1.0000000000,0.0000000000,0.0000000000,1.0000000000,0.0000000000,0.0000000000,0.0000000000,1.0000000000,0.0000000000,0.0000000000,0.0000000000,0.0000000000,0.0000000000,1.0000000000,-1.0000000000
0.3333300000,0.3823500000,0.7500000000,0.1263700000,0.2500000000,1.0000000000,0.6666700000,0.3333300000,0.3333300000,0.3928600000,0.5000000000,0.3333300000,0.0000000000,0.0000000000,0.0000000000,0.0000000000,0.0000000000,1.0000000000,0.0000000000,0.0000000000,1.0000000000,0.0000000000,0.0000000000,1.0000000000,-1.0000000000
0.3333300000,0.3382400000,0.5000000000,0.1263700000,0.0000000000,0.2500000000,0.3333300000,0.0000000000,0.3333300000,0.2321400000,1.0000000000,0.0000000000,1.0000000000,1.0000000000,0.0000000000,0.0000000000,0.0000000000,1.0000000000,0.0000000000,0.0000000000,1.0000000000,0.0000000000,0.0000000000,1.0000000000,-1.0000000000
1.0000000000,0.1617600000,0.5000000000,0.2802200000,0.5000000000,1.0000000000,0.3333300000,1.0000000000,1.0000000000,0.2857100000,1.0000000000,0.0000000000,0.0000000000,0.0000000000,0.0000000000,1.0000000000,0.0000000000,1.0000000000,0.0000000000,0.0000000000,0.0000000000,0.0000000000,0.0000000000,1.0000000000,-1.0000000000
0.3333300000,0.6470600000,0.5000000000,0.3516500000,0.2500000000,0.7500000000,0.6666700000,0.3333300000,0.3333300000,0.0892860000,1.0000000000,0.0000000000,0.0000000000,0.0000000000,0.0000000000,1.0000000000,0.0000000000,1.0000000000,0.0000000000,0.0000000000,1.0000000000,0.0000000000,0.0000000000,1.0000000000,1.0000000000
0.3333300000,0.1176500000,0.0000000000,0.1538500000,0.0000000000,0.2500000000,0.3333300000,0.6666700000,0.3333300000,0.1071400000,1.0000000000,0.3333300000,0.0000000000,0.0000000000,0.0000000000,0.0000000000,0.0000000000,1.0000000000,0.0000000000,1.0000000000,0.0000000000,0.0000000000,0.0000000000,1.0000000000,1.0000000000
0.3333300000,0.0735300000,0.5000000000,0.0549450000,0.0000000000,1.0000000000,0.3333300000,1.0000000000,0.0000000000,0.1071400000,1.0000000000,0.0000000000,0.0000000000,0.0000000000,0.0000000000,0.0000000000,0.0000000000,1.0000000000,0.0000000000,0.0000000000,1.0000000000,0.0000000000,0.0000000000,1.0000000000,-1.0000000000
0.3333300000,0.0735300000,0.5000000000,0.1044000000,0.0000000000,0.5000000000,0.6666700000,0.3333300000,0.0000000000,0.3214300000,1.0000000000,0.0000000000,1.0000000000,0.0000000000,0.0000000000,0.0000000000,0.0000000000,1.0000000000,0.0000000000,0.0000000000,1.0000000000,0.0000000000,1.0000000000,0.0000000000,-1.0000000000
1.0000000000,0.2058800000,1.0000000000,0.0219780000,0.5000000000,1.0000000000,0.6666700000,0.6666700000,0.3333300000,0.2321400000,0.0000000000,0.3333300000,0.0000000000,1.0000000000,0.0000000000,0.0000000000,0.0000000000,1.0000000000,0.0000000000,0.0000000000,1.0000000000,0.0000000000,0.0000000000,0.0000000000,-1.0000000000
0.0000000000,0.0294120000,0.2500000000,0.0549450000,0.0000000000,1.0000000000,0.3333300000,1.0000000000,1.0000000000,0.2857100000,1.0000000000,0.0000000000,0.0000000000,0.0000000000,0.0000000000,0.0000000000,0.0000000000,1.0000000000,0.0000000000,0.0000000000,0.0000000000,0.0000000000,0.0000000000,1.0000000000,1.0000000000
1.0000000000,0.2500000000,0.5000000000,0.1263700000,1.0000000000,1.0000000000,0.6666700000,1.0000000000,0.0000000000,0.4821400000,1.0000000000,0.0000000000,0.0000000000,1.0000000000,0.0000000000,0.0000000000,1.0000000000,1.0000000000,0.0000000000,0.0000000000,1.0000000000,0.0000000000,0.0000000000,0.0000000000,-1.0000000000
0.0000000000,0.0735300000,1.0000000000,0.0494510000,0.0000000000,0.5000000000,0.6666700000,1.0000000000,0.0000000000,0.1071400000,1.0000000000,0.3333300000,0.0000000000,0.0000000000,0.0000000000,0.0000000000,0.0000000000,1.0000000000,0.0000000000,0.0000000000,1.0000000000,0.0000000000,1.0000000000,0.0000000000,-1.0000000000
0.3333300000,0.8235300000,0.5000000000,0.7582400000,0.0000000000,0.7500000000,0.6666700000,0.3333300000,1.0000000000,0.1428600000,1.0000000000,0.0000000000,0.0000000000,1.0000000000,0.0000000000,1.0000000000,0.0000000000,1.0000000000,0.0000000000,0.0000000000,1.0000000000,0.0000000000,0.0000000000,0.0000000000,1.0000000000
1.0000000000,0.3823500000,1.0000000000,0.4065900000,1.0000000000,1.0000000000,0.6666700000,1.0000000000,0.6666700000,0.7857100000,1.0000000000,0.3333300000,0.0000000000,0.0000000000,0.0000000000,0.0000000000,1.0000000000,1.0000000000,0.0000000000,0.0000000000,1.0000000000,0.0000000000,0.0000000000,1.0000000000,-1.0000000000
1.0000000000,0.3823500000,1.0000000000,0.1593400000,1.0000000000,1.0000000000,0.6666700000,0.3333300000,0.6666700000,0.3750000000,1.0000000000,0.3333300000,1.0000000000,1.0000000000,0.0000000000,0.0000000000,0.0000000000,1.0000000000,0.0000000000,0.0000000000,1.0000000000,0.0000000000,0.0000000000,1.0000000000,-1.0000000000
1.0000000000,0.2058800000,0.5000000000,0.0714290000,0.0000000000,0.5000000000,0.6666700000,0.3333300000,1.0000000000,0.2321400000,1.0000000000,0.0000000000,0.0000000000,1.0000000000,0.0000000000,0.0000000000,0.0000000000,1.0000000000,0.0000000000,0.0000000000,0.0000000000,0.0000000000,0.0000000000,0.0000000000,-1.0000000000
0.6666700000,0.2941200000,1.0000000000,0.1593400000,1.0000000000,0.5000000000,0.6666700000,0.3333300000,0.6666700000,0.2142900000,1.0000000000,0.3333300000,0.0000000000,1.0000000000,0.0000000000,0.0000000000,0.0000000000,1.0000000000,0.0000000000,0.0000000000,1.0000000000,0.0000000000,0.0000000000,1.0000000000,-1.0000000000
0.3333300000,0.2352900000,0.0000000000,0.3241800000,0.2500000000,1.0000000000,1.0000000000,1.0000000000,0.6666700000,0.2142900000,0.0000000000,0.3333300000,0.0000000000,1.0000000000,0.0000000000,0.0000000000,1.0000000000,1.0000000000,0.0000000000,0.0000000000,1.0000000000,0.0000000000,0.0000000000,1.0000000000,-1.0000000000
0.6666700000,0.0735300000,0.0000000000,0.0604390000,0.0000000000,0.2500000000,0.6666700000,0.3333300000,0.6666700000,0.2678600000,1.0000000000,0.3333300000,0.0000000000,1.0000000000,0.0000000000,0.0000000000,0.0000000000,1.0000000000,0.0000000000,0.0000000000,1.0000000000,0.0000000000,0.0000000000,0.0000000000,1.0000000000
0.3333300000,0.0294120000,0.2500000000,0.0109890000,0.7500000000,0.2500000000,0.3333300000,0.3333300000,0.3333300000,0.0892860000,0.0000000000,0.0000000000,1.0000000000,0.0000000000,0.0000000000,0.0000000000,0.0000000000,1.0000000000,0.0000000000,1.0000000000,0.0000000000,0.0000000000,0.0000000000,1.0000000000,1.0000000000
0.0000000000,0.1176500000,0.5000000000,0.0549450000,0.0000000000,0.5000000000,0.3333300000,0.3333300000,0.0000000000,0.0892860000,1.0000000000,0.0000000000,0.0000000000,0.0000000000,0.0000000000,1.0000000000,0.0000000000,1.0000000000,0.0000000000,0.0000000000,1.0000000000,0.0000000000,1.0000000000,0.0000000000,1.0000000000
0.3333300000,0.0735300000,0.5000000000,0.0329670000,0.5000000000,0.5000000000,0.3333300000,0.6666700000,0.0000000000,0.8392900000,1.0000000000,0.0000000000,0.0000000000,0.0000000000,0.0000000000,0.0000000000,0.0000000000,1.0000000000,0.0000000000,0.0000000000,1.0000000000,0.0000000000,1.0000000000,0.0000000000,-1.0000000000
1.0000000000,0.3382400000,0.5000000000,0.1318700000,0.0000000000,0.5000000000,0.3333300000,0.6666700000,0.0000000000,0.0357140000,1.0000000000,0.0000000000,0.0000000000,0.0000000000,0.0000000000,1.0000000000,0.0000000000,1.0000000000,0.0000000000,1.0000000000,0.0000000000,0.0000000000,0.0000000000,1.0000000000,1.0000000000
1.0000000000,0.0294120000,1.0000000000,0.0000000000,0.7500000000,0.5000000000,0.3333300000,0.3333300000,0.0000000000,0.3928600000,0.0000000000,0.3333300000,0.0000000000,0.0000000000,0.0000000000,1.0000000000,0.0000000000,1.0000000000,0.0000000000,0.0000000000,1.0000000000,0.0000000000,1.0000000000,0.0000000000,-1.0000000000
1.0000000000,0.1617600000,1.0000000000,0.0604390000,0.5000000000,0.5000000000,1.0000000000,0.3333300000,0.3333300000,0.5000000000,1.0000000000,0.3333300000,0.0000000000,0.0000000000,0.0000000000,0.0000000000,0.0000000000,1.0000000000,0.0000000000,0.0000000000,1.0000000000,0.0000000000,1.0000000000,0.0000000000,-1.0000000000
0.0000000000,0.2058800000,0.5000000000,0.0934070000,0.0000000000,0.5000000000,0.3333300000,1.0000000000,0.6666700000,0.1071400000,0.0000000000,0.3333300000,0.0000000000,0.0000000000,0.0000000000,0.0000000000,0.0000000000,1.0000000000,0.0000000000,1.0000000000,0.0000000000,0.0000000000,0.0000000000,1.0000000000,1.0000000000
0.3333300000,0.6470600000,0.2500000000,0.3406600000,0.0000000000,1.0000000000,0.3333300000,0.6666700000,1.0000000000,0.7142900000,1.0000000000,0.0000000000,0.0000000000,0.0000000000,0.0000000000,0.0000000000,0.0000000000,1.0000000000,0.0000000000,1.0000000000,0.0000000000,0.0000000000,0.0000000000,1.0000000000,1.0000000000
0.6666700000,0.2941200000,1.0000000000,0.0604390000,0.7500000000,0.5000000000,0.0000000000,1.0000000000,0.0000000000,0.3035700000,1.0000000000,0.3333300000,0.0000000000,1.0000000000,0.0000000000,0.0000000000,0.0000000000,1.0000000000,0.0000000000,0.0000000000,1.0000000000,0.0000000000,0.0000000000,1.0000000000,-1.0000000000
0.3333300000,0.2941200000,0.7500000000,0.3406600000,0.0000000000,0.2500000000,0.6666700000,0.3333300000,0.6666700000,0.2500000000,1.0000000000,0.0000000000,0.0000000000,0.0000000000,0.0000000000,0.0000000000,0.0000000000,1.0000000000,0.0000000000,0.0000000000,1.0000000000,0.0000000000,0.0000000000,1.0000000000,-1.0000000000
0.0000000000,0.2941200000,0.5000000000,0.0989010000,0.0000000000,0.5000000000,0.6666700000,1.0000000000,0.0000000000,0.0357140000,1.0000000000,0.0000000000,1.0000000000,0.0000000000,0.0000000000,0.0000000000,0.0000000000,1.0000000000,0.0000000000,1.0000000000,0.0000000000,0.0000000000,1.0000000000,0.0000000000,1.0000000000
0.3333300000,0.0588230000,0.5000000000,0.0329670000,0.0000000000,0.7500000000,0.3333300000,0.3333300000,0.0000000000,0.4464300000,1.0000000000,0.0000000000,0.0000000000,0.0000000000,0.0000000000,0.0000000000,0.0000000000,0.0000000000,0.0000000000,0.0000000000,1.0000000000,0.0000000000,1.0000000000,0.0000000000,-1.0000000000
1.0000000000,0.2941200000,0.5000000000,0.1318700000,0.7500000000,0.5000000000,0.3333300000,1.0000000000,0.6666700000,0.1607100000,1.0000000000,0.0000000000,0.0000000000,1.0000000000,0.0000000000,0.0000000000,1.0000000000,1.0000000000,0.0000000000,1.0000000000,0.0000000000,0.0000000000,0.0000000000,1.0000000000,-1.0000000000
1.0000000000,0.0000000000,1.0000000000,0.1758200000,0.0000000000,0.7500000000,0.3333300000,0.0000000000,0.0000000000,0.3214300000,1.0000000000,0.0000000000,1.0000000000,0.0000000000,0.0000000000,1.0000000000,0.0000000000,1.0000000000,0.0000000000,0.0000000000,1.0000000000,0.0000000000,0.0000000000,1.0000000000,-1.0000000000
0.3333300000,0.4705900000,0.2500000000,0.2087900000,1.0000000000,0.2500000000,0.3333300000,0.3333300000,1.0000000000,0.1785700000,0.0000000000,0.0000000000,0.0000000000,0.0000000000,0.0000000000,0.0000000000,0.0000000000,1.0000000000,0.0000000000,0.0000000000,1.0000000000,1.0000000000,0.0000000000,0.0000000000,-1.0000000000
0.3333300000,0.2941200000,0.5000000000,0.6263700000,0.0000000000,0.5000000000,0.3333300000,1.0000000000,0.6666700000,0.0714290000,1.0000000000,0.3333300000,0.0000000000,0.0000000000,0.0000000000,0.0000000000,1.0000000000,1.0000000000,0.0000000000,1.0000000000,0.0000000000,0.0000000000,0.0000000000,0.0000000000,1.0000000000
0.0000000000,0.2058800000,0.5000000000,0.2307700000,0.2500000000,0.5000000000,0.6666700000,1.0000000000,0.6666700000,0.2857100000,1.0000000000,0.0000000000,1.0000000000,1.0000000000,0.0000000000,1.0000000000,0.0000000000,1.0000000000,0.0000000000,0.0000000000,1.0000000000,0.0000000000,1.0000000000,0.0000000000,-1.0000000000
1.0000000000,0.0294120000,1.0000000000,0.3626400000,0.0000000000,0.7500000000,0.6666700000,0.6666700000,1.0000000000,0.4642900000,1.0000000000,0.3333300000,1.0000000000,1.0000000000,0.0000000000,1.0000000000,0.0000000000,1.0000000000,0.0000000000,0.0000000000,1.0000000000,0.0000000000,0.0000000000,0.0000000000,-1.0000000000
0.3333300000,0.3823500000,0.0000000000,0.2252700000,0.2500000000,0.5000000000,0.3333300000,1.0000000000,0.6666700000,0.1250000000,1.0000000000,0.3333300000,0.0000000000,0.0000000000,0.0000000000,0.0000000000,0.0000000000,1.0000000000,0.0000000000,1.0000000000,0.0000000000,0.0000000000,1.0000000000,0.0000000000,1.0000000000
0.0000000000,0.2941200000,0.2500000000,0.1153800000,0.2500000000,0.7500000000,0.6666700000,0.6666700000,0.6666700000,0.2321400000,0.0000000000,0.0000000000,0.0000000000,0.0000000000,0.0000000000,1.0000000000,0.0000000000,1.0000000000,0.0000000000,0.0000000000,1.0000000000,0.0000000000,0.0000000000,1.0000000000,-1.0000000000
0.3333300000,0.0882360000,0.2500000000,0.0439560000,0.0000000000,0.5000000000,0.6666700000,1.0000000000,0.0000000000,0.0714290000,0.5000000000,0.0000000000,0.0000000000,0.0000000000,0.0000000000,0.0000000000,0.0000000000,1.0000000000,0.0000000000,0.0000000000,1.0000000000,0.0000000000,1.0000000000,0.0000000000,-1.0000000000
1.0000000000,0.2500000000,0.5000000000,0.1648400000,1.0000000000,1.0000000000,0.6666700000,0.6666700000,0.3333300000,0.3928600000,1.0000000000,0.0000000000,0.0000000000,1.0000000000,0.0000000000,0.0000000000,0.0000000000,1.0000000000,0.0000000000,0.0000000000,1.0000000000,0.0000000000,0.0000000000,1.0000000000,-1.0000000000
0.0000000000,0.2941200000,0.2500000000,0.1263700000,0.5000000000,0.5000000000,0.6666700000,1.0000000000,0.0000000000,0.0535710000,0.5000000000,0.0000000000,0.0000000000,1.0000000000,0.0000000000,0.0000000000,0.0000000000,1.0000000000,0.0000000000,0.0000000000,1.0000000000,0.0000000000,0.0000000000,1.0000000000,-1.0000000000
0.0000000000,0.5147100000,1.0000000000,0.7692300000,1.0000000000,0.7500000000,0.6666700000,1.0000000000,0.3333300000,0.1964300000,1.0000000000,0.3333300000,0.0000000000,1.0000000000,0.0000000000,0.0000000000,0.0000000000,1.0000000000,0.0000000000,0.0000000000,1.0000000000,0.0000000000,0.0000000000,0.0000000000,-1.0000000000
0.0000000000,0.1323500000,1.0000000000,0.0879120000,0.0000000000,0.2500000000,0.6666700000,0.0000000000,0.3333300000,0.1607100000,0.0000000000,0.3333300000,0.0000000000,0.0000000000,0.0000000000,0.0000000000,0.0000000000,1.0000000000,0.0000000000,0.0000000000,1.0000000000,0.0000000000,1.0000000000,0.0000000000,-1.0000000000
0.0000000000,0.1617600000,0.5000000000,0.1263700000,0.0000000000,0.0000000000,0.3333300000,1.0000000000,0.6666700000,0.0714290000,1.0000000000,0.0000000000,0.0000000000,0.0000000000,0.0000000000,1.0000000000,0.0000000000,1.0000000000,0.0000000000,1.0000000000,0.0000000000,0.0000000000,0.0000000000,1.0000000000,-1.0000000000
0.0000000000,0.1176500000,0.5000000000,0.0604390000,0.0000000000,0.2500000000,0.3333300000,0.0000000000,0.0000000000,0.3214300000,1.0000000000,0.0000000000,0.0000000000,0.0000000000,0.0000000000,1.0000000000,0.0000000000,1.0000000000,0.0000000000,0.0000000000,1.0000000000,0.0000000000,1.0000000000,0.0000000000,1.0000000000
1.0000000000,0.2500000000,0.5000000000,0.2747300000,1.0000000000,0.5000000000,0.6666700000,0.6666700000,0.6666700000,0.1250000000,1.0000000000,0.0000000000,0.0000000000,0.0000000000,0.0000000000,0.0000000000,1.0000000000,1.0000000000,0.0000000000,0.0000000000,1.0000000000,0.0000000000,0.0000000000,1.0000000000,-1.0000000000
1.0000000000,0.1617600000,0.5000000000,0.1538500000,0.0000000000,0.7500000000,0.6666700000,0.3333300000,0.6666700000,0.2500000000,1.0000000000,0.0000000000,0.0000000000,0.0000000000,0.0000000000,0.0000000000,1.0000000000,1.0000000000,0.0000000000,0.0000000000,1.0000000000,0.0000000000,0.0000000000,1.0000000000,-1.0000000000
0.0000000000,0.0294120000,0.5000000000,0.0109890000,0.0000000000,1.0000000000,0.3333300000,0.0000000000,0.3333300000,0.5357100000,0.0000000000,0.0000000000,0.0000000000,1.0000000000,0.0000000000,0.0000000000,0.0000000000,1.0000000000,0.0000000000,0.0000000000,1.0000000000,0.0000000000,0.0000000000,1.0000000000,-1.0000000000
0.0000000000,0.2058800000,0.5000000000,0.0439560000,0.0000000000,0.2500000000,0.3333300000,0.3333300000,0.6666700000,0.0714290000,1.0000000000,0.0000000000,0.0000000000,0.0000000000,0.0000000000,1.0000000000,0.0000000000,1.0000000000,0.0000000000,0.0000000000,1.0000000000,0.0000000000,1.0000000000,0.0000000000,1.0000000000
0.3333300000,0.1176500000,0.5000000000,0.0329670000,0.2500000000,0.7500000000,0.3333300000,1.0000000000,0.0000000000,0.0714290000,1.0000000000,0.0000000000,0.0000000000,0.0000000000,0.0000000000,0.0000000000,0.0000000000,1.0000000000,0.0000000000,1.0000000000,0.0000000000,0.0000000000,1.0000000000,0.0000000000,-1.0000000000
1.0000000000,0.3823500000,1.0000000000,0.3076900000,0.0000000000,0.7500000000,0.3333300000,0.3333300000,0.6666700000,0.1071400000,1.0000000000,0.3333300000,0.0000000000,0.0000000000,0.0000000000,0.0000000000,0.0000000000,1.0000000000,0.0000000000,0.0000000000,1.0000000000,0.0000000000,0.0000000000,1.0000000000,-1.0000000000
1.0000000000,0.1176500000,0.7500000000,0.0769230000,0.7500000000,1.0000000000,0.6666700000,1.0000000000,1.0000000000,0.6428600000,1.0000000000,0.3333300000,1.0000000000,0.0000000000,0.0000000000,0.0000000000,0.0000000000,1.0000000000,0.0000000000,0.0000000000,0.0000000000,0.0000000000,0.0000000000,1.0000000000,1.0000000000
0.0000000000,0.2941200000,0.5000000000,0.0604390000,1.0000000000,0.7500000000,0.3333300000,1.0000000000,1.0000000000,0.2321400000,1.0000000000,0.0000000000,0.0000000000,0.0000000000,0.0000000000,1.0000000000,0.0000000000,1.0000000000,0.0000000000,1.0000000000,0.0000000000,0.0000000000,0.0000000000,1.0000000000,1.0000000000
0.6666700000,0.0294120000,1.0000000000,0.0604390000,0.0000000000,0.5000000000,0.6666700000,0.0000000000,0.0000000000,0.9821400000,1.0000000000,0.6666700000,1.0000000000,0.0000000000,1.0000000000,1.0000000000,0.0000000000,1.0000000000,0.0000000000,0.0000000000,1.0000000000,1.0000000000,0.0000000000,0.0000000000,-1.0000000000
0.6666700000,0.1617600000,1.0000000000,0.0604390000,1.0000000000,0.5000000000,0.6666700000,1.0000000000,1.0000000000,0.3571400000,1.0000000000,0.3333300000,0.0000000000,1.0000000000,0.0000000000,0.0000000000,0.0000000000,1.0000000000,0.0000000000,0.0000000000,0.0000000000,0.0000000000,0.0000000000,1.0000000000,1.0000000000
1.0000000000,0.2941200000,0.5000000000,0.0659340000,0.0000000000,0.5000000000,0.6666700000,0.3333300000,0.0000000000,0.2142900000,1.0000000000,0.0000000000,0.0000000000,1.0000000000,0.0000000000,1.0000000000,0.0000000000,0.0000000000,0.0000000000,0.0000000000,1.0000000000,0.0000000000,0.0000000000,1.0000000000,-1.0000000000
0.0000000000,0.1176500000,1.0000000000,0.0274730000,0.0000000000,1.0000000000,0.6666700000,0.6666700000,0.3333300000,0.2857100000,1.0000000000,0.3333300000,0.0000000000,0.0000000000,0.0000000000,1.0000000000,0.0000000000,1.0000000000,0.0000000000,0.0000000000,1.0000000000,0.0000000000,0.0000000000,1.0000000000,1.0000000000
1.0000000000,0.1617600000,1.0000000000,0.2637400000,1.0000000000,1.0000000000,0.3333300000,1.0000000000,0.6666700000,0.7142900000,1.0000000000,0.0000000000,0.0000000000,1.0000000000,0.0000000000,1.0000000000,0.0000000000,1.0000000000,0.0000000000,0.0000000000,1.0000000000,0.0000000000,0.0000000000,1.0000000000,-1.0000000000
0.0000000000,0.2058800000,1.0000000000,0.1044000000,0.0000000000,0.5000000000,0.3333300000,1.0000000000,0.0000000000,0.0892860000,1.0000000000,0.3333300000,0.0000000000,0.0000000000,0.0000000000,0.0000000000,0.0000000000,1.0000000000,0.0000000000,1.0000000000,0.0000000000,0.0000000000,0.0000000000,1.0000000000,1.0000000000
0.0000000000,0.1176500000,0.5000000000,0.1098900000,0.0000000000,0.5000000000,0.6666700000,0.6666700000,0.3333300000,0.0892860000,1.0000000000,0.0000000000,0.0000000000,0.0000000000,0.0000000000,0.0000000000,0.0000000000,1.0000000000,0.0000000000,0.0000000000,1.0000000000,0.0000000000,1.0000000000,0.0000000000,-1.0000000000
1.0000000000,0.2500000000,1.0000000000,0.6868100000,1.0000000000,1.0000000000,0.6666700000,1.0000000000,1.0000000000,0.1964300000,1.0000000000,0.0000000000,0.0000000000,1.0000000000,0.0000000000,1.0000000000,0.0000000000,1.0000000000,0.0000000000,0.0000000000,0.0000000000,0.0000000000,0.0000000000,0.0000000000,1.0000000000
1.0000000000,0.2941200000,1.0000000000,0.1263700000,0.2500000000,0.7500000000,1.0000000000,0.6666700000,0.3333300000,0.1428600000,1.0000000000,0.3333300000,0.0000000000,1.0000000000,0.0000000000,1.0000000000,0.0000000000,1.0000000000,0.0000000000,0.0000000000,1.0000000000,0.0000000000,0.0000000000,1.0000000000,-1.0000000000
0.3333300000,0.1176500000,0.5000000000,0.0549450000,0.0000000000,1.0000000000,1.0000000000,0.6666700000,0.0000000000,0.3750000000,0.0000000000,0.3333300000,0.0000000000,0.0000000000,0.0000000000,0.0000000000,0.0000000000,0.0000000000,0.0000000000,0.0000000000,1.0000000000,0.0000000000,1.0000000000,0.0000000000,-1.0000000000
0.0000000000,0.3823500000,0.5000000000,0.1593400000,0.0000000000,0.2500000000,0.0000000000,1.0000000000,0.3333300000,0.2142900000,1.0000000000,0.0000000000,0.0000000000,0.0000000000,0.0000000000,0.0000000000,0.0000000000,1.0000000000,0.0000000000,0.0000000000,1.0000000000,0.0000000000,1.0000000000,0.0000000000,1.0000000000
1.0000000000,0.0882360000,0.5000000000,0.1483500000,1.0000000000,0.2500000000,0.3333300000,1.0000000000,0.0000000000,0.2142900000,1.0000000000,0.0000000000,0.0000000000,0.0000000000,0.0000000000,0.0000000000,1.0000000000,1.0000000000,0.0000000000,1.0000000000,0.0000000000,0.0000000000,0.0000000000,1.0000000000,-1.0000000000
0.3333300000,0.1176500000,1.0000000000,0.1868100000,0.0000000000,1.0000000000,0.6666700000,1.0000000000,0.6666700000,0.1607100000,1.0000000000,0.6666700000,0.0000000000,1.0000000000,0.0000000000,0.0000000000,0.0000000000,1.0000000000,0.0000000000,1.0000000000,0.0000000000,0.0000000000,0.0000000000,1.0000000000,-1.0000000000
1.0000000000,0.1176500000,1.0000000000,0.0824170000,0.0000000000,1.0000000000,0.6666700000,1.0000000000,0.0000000000,0.7857100000,1.0000000000,0.3333300000,0.0000000000,1.0000000000,0.0000000000,0.0000000000,0.0000000000,1.0000000000,0.0000000000,0.0000000000,1.0000000000,0.0000000000,1.0000000000,0.0000000000,-1.0000000000
0.0000000000,0.2941200000,0.5000000000,0.1428600000,1.0000000000,1.0000000000,0.3333300000,1.0000000000,0.0000000000,0.1250000000,1.0000000000,0.0000000000,0.0000000000,0.0000000000,0.0000000000,0.0000000000,1.0000000000,1.0000000000,0.0000000000,1.0000000000,0.0000000000,0.0000000000,0.0000000000,1.0000000000,-1.0000000000
0.0000000000,0.4705900000,1.0000000000,0.4340700000,0.0000000000,0.5000000000,0.3333300000,0.3333300000,1.0000000000,0.1071400000,1.0000000000,0.3333300000,0.0000000000,1.0000000000,0.0000000000,0.0000000000,0.0000000000,1.0000000000,0.0000000000,0.0000000000,1.0000000000,0.0000000000,0.0000000000,0.0000000000,1.0000000000
1.0000000000,0.2500000000,1.0000000000,0.1703300000,0.0000000000,1.0000000000,0.6666700000,1.0000000000,0.6666700000,0.3035700000,1.0000000000,0.0000000000,0.0000000000,1.0000000000,0.0000000000,0.0000000000,1.0000000000,1.0000000000,0.0000000000,0.0000000000,1.0000000000,0.0000000000,0.0000000000,0.0000000000,-1.0000000000
1.0000000000,0.2941200000,1.0000000000,0.1098900000,0.2500000000,1.0000000000,0.6666700000,1.0000000000,0.3333300000,0.5892900000,0.0000000000,0.3333300000,0.0000000000,0.0000000000,0.0000000000,0.0000000000,0.0000000000,1.0000000000,0.0000000000,0.0000000000,1.0000000000,0.0000000000,0.0000000000,1.0000000000,-1.0000000000
0.6666700000,0.1176500000,1.0000000000,0.0714290000,0.5000000000,0.0000000000,0.6666700000,1.0000000000,1.0000000000,0.8392900000,0.0000000000,0.6666700000,0.0000000000,0.0000000000,0.0000000000,1.0000000000,0.0000000000,1.0000000000,0.0000000000,0.0000000000,0.0000000000,1.0000000000,0.0000000000,0.0000000000,-1.0000000000
0.0000000000,0.2941200000,0.5000000000,0.0659340000,1.0000000000,0.5000000000,0.3333300000,1.0000000000,0.0000000000,0.1071400000,1.0000000000,0.0000000000,0.0000000000,0.0000000000,0.0000000000,1.0000000000,0.0000000000,1.0000000000,0.0000000000,1.0000000000,0.0000000000,0.0000000000,0.0000000000,1.0000000000,1.0000000000
1.0000000000,0.4705900000,1.0000000000,0.1813200000,0.0000000000,0.7500000000,0.6666700000,1.0000000000,0.6666700000,0.3214300000,1.0000000000,0.3333300000,0.0000000000,1.0000000000,0.0000000000,1.0000000000,0.0000000000,1.0000000000,0.0000000000,0.0000000000,1.0000000000,0.0000000000,0.0000000000,1.0000000000,-1.0000000000
0.0000000000,0.2058800000,0.5000000000,0.1813200000,0.0000000000,0.7500000000,0.3333300000,0.0000000000,0.0000000000,0.1071400000,1.0000000000,0.0000000000,0.0000000000,0.0000000000,0.0000000000,0.0000000000,0.0000000000,0.0000000000,0.0000000000,0.0000000000,1.0000000000,0.0000000000,0.0000000000,1.0000000000,-1.0000000000
1.0000000000,0.4705900000,1.0000000000,0.3022000000,0.7500000000,1.0000000000,0.6666700000,0.3333300000,0.6666700000,0.3392900000,1.0000000000,0.3333300000,0.0000000000,1.0000000000,0.0000000000,0.0000000000,1.0000000000,1.0000000000,0.0000000000,0.0000000000,1.0000000000,0.0000000000,0.0000000000,0.0000000000,-1.0000000000
0.3333300000,0.2058800000,0.5000000000,0.2033000000,0.0000000000,0.0000000000,0.3333300000,1.0000000000,0.6666700000,0.8571400000,1.0000000000,0.0000000000,0.0000000000,1.0000000000,0.0000000000,0.0000000000,0.0000000000,1.0000000000,0.0000000000,0.0000000000,1.0000000000,0.0000000000,0.0000000000,1.0000000000,-1.0000000000
0.3333300000,0.5147100000,1.0000000000,0.2582400000,0.0000000000,0.7500000000,0.6666700000,0.3333300000,0.0000000000,0.1071400000,1.0000000000,0.3333300000,0.0000000000,0.0000000000,0.0000000000,0.0000000000,0.0000000000,0.0000000000,0.0000000000,0.0000000000,1.0000000000,0.0000000000,0.0000000000,1.0000000000,1.0000000000
1.0000000000,0.2941200000,1.0000000000,0.0934070000,0.7500000000,1.0000000000,0.6666700000,1.0000000000,0.0000000000,0.7321400000,1.0000000000,0.0000000000,0.0000000000,1.0000000000,0.0000000000,1.0000000000,0.0000000000,1.0000000000,0.0000000000,0.0000000000,1.0000000000,0.0000000000,0.0000000000,1.0000000000,-1.0000000000
0.3333300000,0.1176500000,0.0000000000,0.0659340000,0.0000000000,0.5000000000,0.6666700000,0.3333300000,0.0000000000,0.2142900000,1.0000000000,0.0000000000,0.0000000000,1.0000000000,0.0000000000,0.0000000000,0.0000000000,1.0000000000,0.0000000000,0.0000000000,1.0000000000,0.0000000000,1.0000000000,0.0000000000,-1.0000000000
0.3333300000,0.1176500000,0.5000000000,0.0329670000,0.2500000000,0.2500000000,0.3333300000,0.3333300000,0.3333300000,0.0714290000,0.0000000000,0.0000000000,0.0000000000,0.0000000000,0.0000000000,1.0000000000,0.0000000000,1.0000000000,0.0000000000,0.0000000000,1.0000000000,0.0000000000,1.0000000000,0.0000000000,1.0000000000
0.3333300000,0.2352900000,0.5000000000,0.3461500000,1.0000000000,0.0000000000,0.0000000000,1.0000000000,0.0000000000,0.7321400000,1.0000000000,0.0000000000,0.0000000000,1.0000000000,0.0000000000,0.0000000000,1.0000000000,1.0000000000,0.0000000000,0.0000000000,1.0000000000,0.0000000000,0.0000000000,0.0000000000,-1.0000000000
0.3333300000,0.2058800000,0.5000000000,0.0934070000,0.7500000000,0.5000000000,0.6666700000,0.3333300000,0.3333300000,0.2857100000,1.0000000000,0.0000000000,0.0000000000,1.0000000000,0.0000000000,0.0000000000,0.0000000000,1.0000000000,0.0000000000,0.0000000000,1.0000000000,0.0000000000,1.0000000000,0.0000000000,-1.0000000000
1.0000000000,0.2647100000,0.5000000000,0.1373600000,0.5000000000,1.0000000000,0.6666700000,1.0000000000,0.6666700000,0.3750000000,1.0000000000,0.0000000000,0.0000000000,0.0000000000,0.0000000000,0.0000000000,0.0000000000,1.0000000000,0.0000000000,0.0000000000,1.0000000000,0.0000000000,0.0000000000,1.0000000000,-1.0000000000
1.0000000000,0.6470600000,1.0000000000,0.1428600000,1.0000000000,1.0000000000,0.6666700000,0.6666700000,0.6666700000,0.3392900000,1.0000000000,0.3333300000,1.0000000000,1.0000000000,0.0000000000,0.0000000000,1.0000000000,1.0000000000,0.0000000000,0.0000000000,1.0000000000,0.0000000000,0.0000000000,1.0000000000,-1.0000000000
0.3333300000,0.6470600000,0.7500000000,0.3296700000,0.0000000000,1.0000000000,0.6666700000,1.0000000000,1.0000000000,0.5535700000,1.0000000000,0.0000000000,0.0000000000,0.0000000000,0.0000000000,0.0000000000,0.0000000000,1.0000000000,0.0000000000,0.0000000000,0.0000000000,0.0000000000,0.0000000000,1.0000000000,1.0000000000
0.0000000000,0.5294100000,1.0000000000,0.3186800000,0.0000000000,0.5000000000,0.6666700000,0.6666700000,1.0000000000,0.1428600000,0.0000000000,0.0000000000,0.0000000000,1.0000000000,0.0000000000,0.0000000000,0.0000000000,1.0000000000,0.0000000000,0.0000000000,1.0000000000,0.0000000000,0.0000000000,1.0000000000,1.0000000000
0.3333300000,0.2500000000,0.5000000000,0.0549450000,0.0000000000,1.0000000000,0.3333300000,1.0000000000,0.3333300000,0.3571400000,1.0000000000,0.0000000000,1.0000000000,0.0000000000,0.0000000000,0.0000000000,0.0000000000,1.0000000000,0.0000000000,0.0000000000,1.0000000000,0.0000000000,0.0000000000,1.0000000000,1.0000000000
1.0000000000,0.2941200000,0.5000000000,0.3351600000,1.0000000000,1.0000000000,0.6666700000,1.0000000000,0.6666700000,0.3928600000,1.0000000000,0.0000000000,1.0000000000,1.0000000000,0.0000000000,0.0000000000,1.0000000000,1.0000000000,0.0000000000,0.0000000000,1.0000000000,0.0000000000,0.0000000000,0.0000000000,-1.0000000000
1.0000000000,0.0294120000,1.0000000000,0.0549450000,1.0000000000,0.5000000000,1.0000000000,0.3333300000,0.3333300000,0.1428600000,1.0000000000,0.3333300000,0.0000000000,0.0000000000,0.0000000000,0.0000000000,0.0000000000,1.0000000000,0.0000000000,0.0000000000,1.0000000000,0.0000000000,0.0000000000,1.0000000000,-1.0000000000
0.6666700000,0.2941200000,0.5000000000,0.1483500000,0.0000000000,1.0000000000,0.0000000000,1.0000000000,1.0000000000,0.5714300000,1.0000000000,0.0000000000,0.0000000000,0.0000000000,0.0000000000,0.0000000000,0.0000000000,1.0000000000,0.0000000000,0.0000000000,0.0000000000,0.0000000000,0.0000000000,1.0000000000,-1.0000000000
1.0000000000,0.2941200000,0.5000000000,0.1593400000,0.5000000000,1.0000000000,0.6666700000,0.6666700000,1.0000000000,0.2321400000,1.0000000000,0.0000000000,0.0000000000,1.0000000000,0.0000000000,0.0000000000,0.0000000000,1.0000000000,0.0000000000,1.0000000000,0.0000000000,0.0000000000,0.0000000000,1.0000000000,-1.0000000000
1.0000000000,0.0735300000,0.5000000000,0.1153800000,0.2500000000,0.2500000000,0.3333300000,1.0000000000,0.3333300000,0.0535710000,1.0000000000,0.0000000000,0.0000000000,0.0000000000,0.0000000000,0.0000000000,0.0000000000,1.0000000000,0.0000000000,1.0000000000,0.0000000000,0.0000000000,0.0000000000,1.0000000000,-1.0000000000
0.0000000000,0.2058800000,0.5000000000,0.4011000000,1.0000000000,1.0000000000,0.6666700000,1.0000000000,0.3333300000,0.5714300000,1.0000000000,0.0000000000,1.0000000000,1.0000000000,0.0000000000,0.0000000000,1.0000000000,1.0000000000,0.0000000000,0.0000000000,0.0000000000,0.0000000000,0.0000000000,1.0000000000,1.0000000000
1.0000000000,0.1176500000,1.0000000000,0.0604390000,0.0000000000,0.2500000000,0.3333300000,1.0000000000,0.3333300000,0.0535710000,1.0000000000,0.3333300000,0.0000000000,0.0000000000,0.0000000000,0.0000000000,0.0000000000,1.0000000000,0.0000000000,1.0000000000,0.0000000000,0.0000000000,1.0000000000,0.0000000000,-1.0000000000
1.0000000000,0.2941200000,0.7500000000,0.0274730000,1.0000000000,1.0000000000,1.0000000000,1.0000000000,0.6666700000,0.6250000000,1.0000000000,0.3333300000,0.0000000000,1.0000000000,0.0000000000,1.0000000000,0.0000000000,1.0000000000,0.0000000000,0.0000000000,1.0000000000,0.0000000000,0.0000000000,1.0000000000,-1.0000000000
0.3333300000,0.0735300000,0.5000000000,0.0714290000,1.0000000000,0.2500000000,0.6666700000,0.3333300000,0.0000000000,0.2857100000,1.0000000000,0.0000000000,0.0000000000,0.0000000000,0.0000000000,1.0000000000,0.0000000000,1.0000000000,0.0000000000,0.0000000000,1.0000000000,1.0000000000,0.0000000000,0.0000000000,-1.0000000000
1.0000000000,0.2941200000,1.0000000000,0.0769230000,0.0000000000,1.0000000000,0.6666700000,1.0000000000,1.0000000000,0.6250000000,1.0000000000,0.3333300000,1.0000000000,0.0000000000,0.0000000000,0.0000000000,0.0000000000,1.0000000000,0.0000000000,0.0000000000,0.0000000000,0.0000000000,0.0000000000,1.0000000000,-1.0000000000
0.3333300000,0.2058800000,1.0000000000,0.0879120000,0.0000000000,1.0000000000,0.3333300000,1.0000000000,0.0000000000,0.5178600000,0.0000000000,0.3333300000,0.0000000000,1.0000000000,0.0000000000,0.0000000000,0.0000000000,0.0000000000,0.0000000000,1.0000000000,0.0000000000,0.0000000000,1.0000000000,0.0000000000,-1.0000000000
0.0000000000,0.2352900000,1.0000000000,0.2252700000,0.0000000000,1.0000000000,0.3333300000,1.0000000000,0.3333300000,0.0892860000,1.0000000000,0.3333300000,0.0000000000,0.0000000000,0.0000000000,0.0000000000,0.0000000000,1.0000000000,0.0000000000,0.0000000000,1.0000000000,0.0000000000,0.0000000000,1.0000000000,-1.0000000000
1.0000000000,0.1176500000,1.0000000000,0.0439560000,1.0000000000,1.0000000000,0.6666700000,1.0000000000,0.6666700000,0.2857100000,1.0000000000,0.3333300000,0.0000000000,0.0000000000,0.0000000000,0.0000000000,0.0000000000,1.0000000000,0.0000000000,0.0000000000,1.0000000000,0.0000000000,0.0000000000,1.0000000000,-1.0000000000
0.3333300000,0.1176500000,0.5000000000,0.4011000000,1.0000000000,0.0000000000,0.3333300000,0.3333300000,0.0000000000,0.0892860000,1.0000000000,0.0000000000,0.0000000000,0.0000000000,0.0000000000,1.0000000000,0.0000000000,1.0000000000,0.0000000000,1.0000000000,0.0000000000,1.0000000000,0.0000000000,0.0000000000,-1.0000000000
0.0000000000,0.4705900000,0.5000000000,0.5000000000,0.0000000000,0.7500000000,0.6666700000,0.0000000000,0.6666700000,0.0892860000,1.0000000000,0.0000000000,0.0000000000,1.0000000000,0.0000000000,1.0000000000,0.0000000000,1.0000000000,0.0000000000,0.0000000000,1.0000000000,0.0000000000,0.0000000000,1.0000000000,1.0000000000
0.3333300000,0.0294120000,0.5000000000,0.0219780000,0.0000000000,0.2500000000,1.0000000000,0.6666700000,0.0000000000,0.1250000000,1.0000000000,0.0000000000,0.0000000000,0.0000000000,1.0000000000,0.0000000000,0.0000000000,1.0000000000,0.0000000000,0.0000000000,1.0000000000,0.0000000000,1.0000000000,0.0000000000,-1.0000000000
1.0000000000,0.1176500000,1.0000000000,0.0384610000,1.0000000000,1.0000000000,0.6666700000,1.0000000000,0.0000000000,0.8214300000,1.0000000000,1.0000000000,0.0000000000,0.0000000000,0.0000000000,0.0000000000,0.0000000000,1.0000000000,0.0000000000,0.0000000000,1.0000000000,0.0000000000,0.0000000000,1.0000000000,-1.0000000000
0.3333300000,0.5588200000,0.2500000000,0.5000000000,0.0000000000,0.0000000000,0.6666700000,0.3333300000,1.0000000000,0.6428600000,0.0000000000,0.0000000000,0.0000000000,1.0000000000,0.0000000000,0.0000000000,1.0000000000,1.0000000000,0.0000000000,0.0000000000,0.0000000000,0.0000000000,0.0000000000,0.0000000000,-1.0000000000
0.3333300000,0.1617600000,0.0000000000,0.0879120000,0.0000000000,0.2500000000,0.3333300000,0.0000000000,0.0000000000,0.1250000000,1.0000000000,0.3333300000,0.0000000000,0.0000000000,0.0000000000,1.0000000000,0.0000000000,1.0000000000,0.0000000000,1.0000000000,0.0000000000,1.0000000000,0.0000000000,0.0000000000,1.0000000000
0.3333300000,0.0588230000,0.5000000000,0.0384610000,0.0000000000,0.2500000000,1.0000000000,0.3333300000,0.0000000000,0.1250000000,1.0000000000,0.0000000000,0.0000000000,1.0000000000,0.0000000000,0.0000000000,0.0000000000,1.0000000000,0.0000000000,0.0000000000,1.0000000000,0.0000000000,0.0000000000,1.0000000000,-1.0000000000
0.3333300000,0.0294120000,0.5000000000,0.0164830000,0.0000000000,0.7500000000,1.0000000000,0.6666700000,0.0000000000,0.1607100000,0.0000000000,0.0000000000,0.0000000000,0.0000000000,0.0000000000,0.0000000000,0.0000000000,0.0000000000,0.0000000000,0.0000000000,1.0000000000,0.0000000000,1.0000000000,0.0000000000,-1.0000000000
0.0000000000,0.4705900000,1.0000000000,0.5164800000,0.0000000000,0.7500000000,0.6666700000,1.0000000000,0.6666700000,0.0892860000,1.0000000000,0.3333300000,0.0000000000,1.0000000000,0.0000000000,0.0000000000,1.0000000000,1.0000000000,0.0000000000,0.0000000000,1.0000000000,0.0000000000,0.0000000000,1.0000000000,1.0000000000
0.0000000000,0.6470600000,0.5000000000,0.1593400000,0.0000000000,0.5000000000,0.6666700000,1.0000000000,0.6666700000,0.6250000000,1.0000000000,0.0000000000,0.0000000000,0.0000000000,0.0000000000,0.0000000000,0.0000000000,1.0000000000,0.0000000000,0.0000000000,1.0000000000,0.0000000000,0.0000000000,1.0000000000,1.0000000000
0.0000000000,0.6470600000,0.5000000000,0.2033000000,0.0000000000,0.7500000000,0.6666700000,1.0000000000,1.0000000000,0.4821400000,1.0000000000,0.0000000000,1.0000000000,0.0000000000,0.0000000000,1.0000000000,0.0000000000,1.0000000000,0.0000000000,0.0000000000,0.0000000000,0.0000000000,0.0000000000,1.0000000000,1.0000000000
0.3333300000,0.4705900000,0.7500000000,0.3956000000,0.0000000000,0.5000000000,0.3333300000,0.3333300000,0.3333300000,0.6250000000,1.0000000000,0.0000000000,0.0000000000,0.0000000000,0.0000000000,1.0000000000,0.0000000000,1.0000000000,0.0000000000,1.0000000000,0.0000000000,0.0000000000,0.0000000000,1.0000000000,-1.0000000000
1.0000000000,0.0294120000,0.5000000000,0.0604390000,0.5000000000,0.5000000000,0.0000000000,1.0000000000,0.0000000000,0.7678600000,1.0000000000,0.0000000000,0.0000000000,0.0000000000,0.0000000000,0.0000000000,0.0000000000,1.0000000000,0.0000000000,0.0000000000,1.0000000000,0.0000000000,0.0000000000,1.0000000000,-1.0000000000
1.0000000000,0.0294120000,1.0000000000,0.0769230000,0.0000000000,0.7500000000,0.3333300000,0.3333300000,0.6666700000,0.0892860000,1.0000000000,0.3333300000,0.0000000000,1.0000000000,0.0000000000,0.0000000000,0.0000000000,1.0000000000,0.0000000000,1.0000000000,0.0000000000,0.0000000000,0.0000000000,1.0000000000,-1.0000000000
0.0000000000,0.4705900000,0.5000000000,0.8626400000,0.0000000000,0.0000000000,0.0000000000,0.6666700000,0.6666700000,0.4285700000,1.0000000000,0.0000000000,0.0000000000,0.0000000000,0.0000000000,0.0000000000,0.0000000000,0.0000000000,1.0000000000,0.0000000000,1.0000000000,0.0000000000,0.0000000000,0.0000000000,-1.0000000000
0.0000000000,0.2058800000,0.5000000000,0.0604390000,0.0000000000,0.5000000000,1.0000000000,0.6666700000,0.0000000000,0.1250000000,0.0000000000,0.0000000000,0.0000000000,0.0000000000,0.0000000000,0.0000000000,0.0000000000,1.0000000000,0.0000000000,0.0000000000,1.0000000000,0.0000000000,0.0000000000,1.0000000000,1.0000000000
1.0000000000,0.1176500000,0.5000000000,0.0494510000,0.0000000000,0.5000000000,1.0000000000,0.3333300000,0.0000000000,0.1428600000,1.0000000000,0.3333300000,0.0000000000,1.0000000000,0.0000000000,1.0000000000,0.0000000000,1.0000000000,0.0000000000,0.0000000000,1.0000000000,0.0000000000,0.0000000000,1.0000000000,-1.0000000000
0.6666700000,0.1176500000,0.5000000000,0.1538500000,0.0000000000,0.5000000000,1.0000000000,0.0000000000,0.6666700000,0.0892860000,1.0000000000,0.0000000000,0.0000000000,0.0000000000,0.0000000000,0.0000000000,0.0000000000,1.0000000000,0.0000000000,0.0000000000,1.0000000000,0.0000000000,0.0000000000,1.0000000000,-1.0000000000
0.0000000000,0.4705900000,0.5000000000,0.1373600000,0.0000000000,1.0000000000,0.6666700000,0.3333300000,0.3333300000,0.3928600000,0.0000000000,0.0000000000,1.0000000000,0.0000000000,0.0000000000,0.0000000000,0.0000000000,1.0000000000,0.0000000000,0.0000000000,1.0000000000,0.0000000000,0.0000000000,1.0000000000,1.0000000000
0.0000000000,0.0588230000,1.0000000000,0.0274730000,0.0000000000,1.0000000000,0.6666700000,1.0000000000,0.0000000000,0.5000000000,1.0000000000,0.3333300000,0.0000000000,0.0000000000,0.0000000000,1.0000000000,0.0000000000,1.0000000000,0.0000000000,0.0000000000,1.0000000000,0.0000000000,1.0000000000,0.0000000000,-1.0000000000
1.0000000000,0.2058800000,1.0000000000,0.1978000000,0.0000000000,0.2500000000,0.0000000000,0.3333300000,0.6666700000,0.2857100000,1.0000000000,0.3333300000,0.0000000000,1.0000000000,0.0000000000,0.0000000000,0.0000000000,1.0000000000,0.0000000000,0.0000000000,1.0000000000,0.0000000000,0.0000000000,0.0000000000,-1.0000000000
0.0000000000,0.2500000000,1.0000000000,0.0769230000,0.0000000000,1.0000000000,1.0000000000,0.6666700000,0.6666700000,0.1964300000,1.0000000000,0.3333300000,0.0000000000,1.0000000000,0.0000000000,1.0000000000,0.0000000000,1.0000000000,0.0000000000,0.0000000000,1.0000000000,0.0000000000,0.0000000000,1.0000000000,-1.0000000000
0.0000000000,0.2058800000,1.0000000000,0.2087900000,0.0000000000,1.0000000000,0.3333300000,1.0000000000,0.0000000000,0.2500000000,0.0000000000,0.6666700000,0.0000000000,1.0000000000,0.0000000000,1.0000000000,0.0000000000,1.0000000000,0.0000000000,1.0000000000,0.0000000000,0.0000000000,0.0000000000,1.0000000000,1.0000000000
1.0000000000,0.2058800000,0.0000000000,0.2197800000,0.0000000000,0.5000000000,0.6666700000,0.3333300000,0.6666700000,0.3035700000,0.5000000000,0.3333300000,1.0000000000,0.0000000000,0.0000000000,0.0000000000,0.0000000000,1.0000000000,0.0000000000,0.0000000000,1.0000000000,0.0000000000,0.0000000000,1.0000000000,1.0000000000
0.0000000000,0.4705900000,0.5000000000,0.4450500000,1.0000000000,1.0000000000,0.6666700000,1.0000000000,1.0000000000,0.5000000000,1.0000000000,0.0000000000,0.0000000000,0.0000000000,0.0000000000,0.0000000000,1.0000000000,1.0000000000,0.0000000000,0.0000000000,0.0000000000,0.0000000000,0.0000000000,1.0000000000,1.0000000000
0.3333300000,0.6470600000,0.7500000000,0.3571400000,1.0000000000,0.5000000000,0.6666700000,1.0000000000,1.0000000000,0.3392900000,1.0000000000,0.0000000000,1.0000000000,1.0000000000,0.0000000000,0.0000000000,0.0000000000,1.0000000000,0.0000000000,0.0000000000,0.0000000000,0.0000000000,0.0000000000,1.0000000000,-1.0000000000
1.0000000000,0.2941200000,0.7500000000,0.1208800000,0.5000000000,0.5000000000,0.6666700000,0.3333300000,0.6666700000,0.4464300000,1.0000000000,0.3333300000,1.0000000000,1.0000000000,0.0000000000,0.0000000000,0.0000000000,1.0000000000,0.0000000000,0.0000000000,1.0000000000,0.0000000000,0.0000000000,1.0000000000,-1.0000000000
0.0000000000,0.2058800000,0.5000000000,0.0549450000,0.0000000000,0.2500000000,0.3333300000,0.6666700000,0.6666700000,0.0714290000,1.0000000000,0.0000000000,0.0000000000,1.0000000000,0.0000000000,1.0000000000,0.0000000000,1.0000000000,0.0000000000,1.0000000000,0.0000000000,0.0000000000,0.0000000000,1.0000000000,1.0000000000
0.0000000000,0.6029400000,0.0000000000,0.6373600000,0.0000000000,1.0000000000,0.6666700000,1.0000000000,0.6666700000,0.1785700000,1.0000000000,0.3333300000,0.0000000000,0.0000000000,0.0000000000,0.0000000000,0.0000000000,1.0000000000,0.0000000000,1.0000000000,0.0000000000,0.0000000000,0.0000000000,1.0000000000,1.0000000000
0.3333300000,0.2941200000,0.5000000000,0.2692300000,1.0000000000,1.0000000000,0.3333300000,1.0000000000,0.6666700000,0.4107100000,1.0000000000,0.0000000000,0.0000000000,1.0000000000,0.0000000000,0.0000000000,0.0000000000,1.0000000000,0.0000000000,0.0000000000,1.0000000000,0.0000000000,0.0000000000,1.0000000000,-1.0000000000
0.6666700000,0.1617600000,0.5000000000,0.1153800000,0.0000000000,0.2500000000,0.3333300000,0.6666700000,0.0000000000,0.1071400000,1.0000000000,0.0000000000,0.0000000000,0.0000000000,0.0000000000,0.0000000000,0.0000000000,1.0000000000,0.0000000000,0.0000000000,1.0000000000,0.0000000000,1.0000000000,0.0000000000,1.0000000000
0.0000000000,0.1176500000,0.0000000000,0.0494510000,0.0000000000,0.5000000000,0.6666700000,1.0000000000,0.6666700000,0.5178600000,0.0000000000,0.3333300000,0.0000000000,0.0000000000,0.0000000000,1.0000000000,0.0000000000,1.0000000000,0.0000000000,0.0000000000,1.0000000000,0.0000000000,0.0000000000,1.0000000000,1.0000000000
1.0000000000,0.1176500000,0.5000000000,0.0384610000,1.0000000000,0.5000000000,0.3333300000,0.3333300000,0.6666700000,0.0357140000,1.0000000000,0.0000000000,0.0000000000,0.0000000000,0.0000000000,0.0000000000,0.0000000000,1.0000000000,0.0000000000,0.0000000000,1.0000000000,0.0000000000,0.0000000000,1.0000000000,-1.0000000000
1.0000000000,0.0000000000,0.5000000000,0.0219780000,0.0000000000,0.2500000000,0.3333300000,0.6666700000,0.0000000000,0.0714290000,1.0000000000,0.0000000000,1.0000000000,0.0000000000,0.0000000000,0.0000000000,0.0000000000,1.0000000000,0.0000000000,1.0000000000,0.0000000000,0.0000000000,1.0000000000,0.0000000000,-1.0000000000
0.0000000000,0.2941200000,1.0000000000,0.1538500000,0.0000000000,1.0000000000,0.6666700000,1.0000000000,0.3333300000,0.7857100000,1.0000000000,0.3333300000,0.0000000000,1.0000000000,0.0000000000,0.0000000000,1.0000000000,1.0000000000,0.0000000000,0.0000000000,1.0000000000,0.0000000000,0.0000000000,1.0000000000,-1.0000000000
1.0000000000,0.2941200000,1.0000000000,0.1318700000,0.0000000000,1.0000000000,1.0000000000,0.6666700000,0.0000000000,0.4821400000,1.0000000000,0.3333300000,0.0000000000,0.0000000000,0.0000000000,0.0000000000,0.0000000000,0.0000000000,1.0000000000,0.0000000000,1.0000000000,0.0000000000,0.0000000000,1.0000000000,-1.0000000000
0.0000000000,0.4705900000,0.5000000000,0.2747300000,0.0000000000,0.7500000000,0.6666700000,0.3333300000,0.3333300000,0.1785700000,1.0000000000,0.0000000000,0.0000000000,0.0000000000,0.0000000000,0.0000000000,0.0000000000,1.0000000000,0.0000000000,0.0000000000,1.0000000000,0.0000000000,0.0000000000,1.0000000000,1.0000000000
1.0000000000,0.2500000000,0.7500000000,0.1538500000,0.0000000000,0.5000000000,0.6666700000,0.3333300000,0.0000000000,0.1607100000,0.5000000000,0.3333300000,0.0000000000,0.0000000000,0.0000000000,0.0000000000,1.0000000000,1.0000000000,0.0000000000,0.0000000000,1.0000000000,0.0000000000,1.0000000000,0.0000000000,-1.0000000000
1.0000000000,0.2058800000,0.5000000000,0.0934070000,0.0000000000,0.2500000000,0.3333300000,1.0000000000,0.0000000000,0.0714290000,1.0000000000,0.0000000000,0.0000000000,0.0000000000,0.0000000000,0.0000000000,0.0000000000,1.0000000000,0.0000000000,0.0000000000,1.0000000000,0.0000000000,0.0000000000,1.0000000000,1.0000000000
1.0000000000,0.2941200000,0.2500000000,0.0769230000,0.0000000000,0.7500000000,0.6666700000,1.0000000000,0.6666700000,0.5535700000,0.0000000000,0.0000000000,0.0000000000,1.0000000000,0.0000000000,0.0000000000,0.0000000000,1.0000000000,0.0000000000,0.0000000000,1.0000000000,0.0000000000,0.0000000000,1.0000000000,-1.0000000000
1.0000000000,0.2058800000,0.5000000000,0.1758200000,0.0000000000,1.0000000000,0.6666700000,1.0000000000,0.3333300000,0.5000000000,0.0000000000,0.6666700000,1.0000000000,1.0000000000,0.0000000000,0.0000000000,0.0000000000,1.0000000000,0.0000000000,0.0000000000,1.0000000000,0.0000000000,0.0000000000,1.0000000000,-1.0000000000
0.3333300000,0.2500000000,0.5000000000,0.2087900000,1.0000000000,0.7500000000,0.6666700000,0.6666700000,0.6666700000,0.2857100000,1.0000000000,0.0000000000,0.0000000000,1.0000000000,0.0000000000,0.0000000000,0.0000000000,1.0000000000,0.0000000000,0.0000000000,1.0000000000,0.0000000000,0.0000000000,1.0000000000,-1.0000000000
1.0000000000,0.2058800000,0.5000000000,0.3626400000,1.0000000000,0.5000000000,0.6666700000,1.0000000000,0.6666700000,0.8750000000,1.0000000000,0.3333300000,0.0000000000,0.0000000000,0.0000000000,1.0000000000,0.0000000000,1.0000000000,0.0000000000,1.0000000000,0.0000000000,0.0000000000,0.0000000000,1.0000000000,1.0000000000
1.0000000000,0.2941200000,0.5000000000,0.0549450000,0.0000000000,0.2500000000,1.0000000000,0.3333300000,0.0000000000,0.1607100000,1.0000000000,0.0000000000,0.0000000000,0.0000000000,0.0000000000,1.0000000000,0.0000000000,1.0000000000,0.0000000000,0.0000000000,1.0000000000,0.0000000000,0.0000000000,1.0000000000,-1.0000000000
0.0000000000,0.0735300000,0.5000000000,0.0659340000,0.0000000000,0.7500000000,0.6666700000,1.0000000000,0.0000000000,0.7142900000,1.0000000000,0.0000000000,0.0000000000,0.0000000000,0.0000000000,0.0000000000,0.0000000000,1.0000000000,0.0000000000,0.0000000000,1.0000000000,0.0000000000,0.0000000000,1.0000000000,-1.0000000000
0.0000000000,0.1176500000,0.5000000000,0.0274730000,0.0000000000,1.0000000000,0.6666700000,1.0000000000,0.0000000000,0.6785700000,0.5000000000,0.0000000000,0.0000000000,0.0000000000,0.0000000000,0.0000000000,0.0000000000,1.0000000000,0.0000000000,0.0000000000,1.0000000000,0.0000000000,1.0000000000,0.0000000000,1.0000000000
0.0000000000,0.2352900000,1.0000000000,0.1098900000,0.0000000000,0.5000000000,1.0000000000,0.3333300000,0.3333300000,0.2500000000,0.0000000000,0.3333300000,0.0000000000,0.0000000000,1.0000000000,1.0000000000,0.0000000000,0.0000000000,0.0000000000,1.0000000000,0.0000000000,0.0000000000,0.0000000000,1.0000000000,1.0000000000
1.0000000000,0.2941200000,1.0000000000,0.2087900000,1.0000000000,0.7500000000,0.6666700000,1.0000000000,0.3333300000,0.4285700000,1.0000000000,0.3333300000,0.0000000000,1.0000000000,0.0000000000,0.0000000000,1.0000000000,1.0000000000,0.0000000000,0.0000000000,1.0000000000,0.0000000000,0.0000000000,1.0000000000,-1.0000000000
1.0000000000,0.1617600000,1.0000000000,0.0714290000,0.0000000000,0.5000000000,0.6666700000,1.0000000000,1.0000000000,0.2857100000,1.0000000000,0.3333300000,0.0000000000,1.0000000000,0.0000000000,0.0000000000,0.0000000000,1.0000000000,0.0000000000,0.0000000000,0.0000000000,0.0000000000,0.0000000000,1.0000000000,-1.0000000000
0.0000000000,0.2058800000,0.2500000000,0.0659340000,0.0000000000,0.7500000000,0.6666700000,1.0000000000,1.0000000000,0.2321400000,1.0000000000,0.3333300000,1.0000000000,0.0000000000,0.0000000000,1.0000000000,0.0000000000,1.0000000000,0.0000000000,0.0000000000,0.0000000000,0.0000000000,1.0000000000,0.0000000000,1.0000000000
1.0000000000,0.4705900000,0.7500000000,0.5879100000,0.0000000000,1.0000000000,0.6666700000,0.3333300000,0.6666700000,0.4642900000,1.0000000000,0.3333300000,1.0000000000,1.0000000000,0.0000000000,1.0000000000,0.0000000000,1.0000000000,0.0000000000,0.0000000000,1.0000000000,0.0000000000,0.0000000000,1.0000000000,-1.0000000000
1.0000000000,0.2941200000,0.5000000000,0.0714290000,0.2500000000,0.2500000000,1.0000000000,0.6666700000,0.0000000000,0.2500000000,1.0000000000,0.0000000000,0.0000000000,1.0000000000,0.0000000000,1.0000000000,0.0000000000,1.0000000000,0.0000000000,0.0000000000,1.0000000000,0.0000000000,0.0000000000,1.0000000000,-1.0000000000
1.0000000000,0.0882360000,0.5000000000,0.0384610000,1.0000000000,0.7500000000,0.3333300000,0.6666700000,0.3333300000,0.3750000000,1.0000000000,0.0000000000,0.0000000000,1.0000000000,0.0000000000,0.0000000000,0.0000000000,1.0000000000,0.0000000000,0.0000000000,1.0000000000,0.0000000000,0.0000000000,1.0000000000,-1.0000000000
1.0000000000,0.1617600000,1.0000000000,0.1703300000,0.0000000000,0.5000000000,0.6666700000,0.3333300000,1.0000000000,0.1607100000,1.0000000000,0.0000000000,0.0000000000,1.0000000000,0.0000000000,0.0000000000,0.0000000000,1.0000000000,0.0000000000,0.0000000000,0.0000000000,0.0000000000,0.0000000000,1.0000000000,-1.0000000000
0.0000000000,0.1617600000,0.5000000000,0.2087900000,0.0000000000,0.5000000000,0.3333300000,0.3333300000,0.3333300000,0.1785700000,1.0000000000,0.0000000000,0.0000000000,1.0000000000,0.0000000000,1.0000000000,0.0000000000,1.0000000000,0.0000000000,0.0000000000,1.0000000000,0.0000000000,0.0000000000,1.0000000000,1.0000000000
1.0000000000,0.0735300000,0.5000000000,0.1868100000,0.2500000000,0.5000000000,0.6666700000,0.3333300000,0.0000000000,0.1250000000,1.0000000000,0.0000000000,1.0000000000,0.0000000000,1.0000000000,1.0000000000,0.0000000000,0.0000000000,0.0000000000,1.0000000000,0.0000000000,0.0000000000,0.0000000000,1.0000000000,-1.0000000000
1.0000000000,0.2941200000,1.0000000000,0.3076900000,0.7500000000,0.5000000000,0.6666700000,0.3333300000,0.0000000000,0.1428600000,1.0000000000,0.3333300000,0.0000000000,0.0000000000,0.0000000000,0.0000000000,1.0000000000,1.0000000000,0.0000000000,0.0000000000,1.0000000000,0.0000000000,0.0000000000,1.0000000000,-1.0000000000
1.0000000000,0.2058800000,0.7500000000,0.1098900000,0.0000000000,0.5000000000,1.0000000000,0.3333300000,0.6666700000,0.1607100000,1.0000000000,0.0000000000,0.0000000000,1.0000000000,0.0000000000,0.0000000000,0.0000000000,1.0000000000,0.0000000000,0.0000000000,1.0000000000,0.0000000000,0.0000000000,1.0000000000,1.0000000000
0.0000000000,0.2941200000,0.5000000000,0.1208800000,0.0000000000,0.2500000000,0.3333300000,1.0000000000,0.0000000000,0.2857100000,1.0000000000,0.0000000000,0.0000000000,1.0000000000,0.0000000000,0.0000000000,0.0000000000,1.0000000000,0.0000000000,0.0000000000,1.0000000000,0.0000000000,0.0000000000,1.0000000000,1.0000000000
1.0000000000,0.3382400000,1.0000000000,0.2362600000,0.7500000000,0.2500000000,0.6666700000,0.3333300000,0.0000000000,0.2321400000,0.5000000000,0.3333300000,1.0000000000,1.0000000000,0.0000000000,0.0000000000,0.0000000000,1.0000000000,0.0000000000,0.0000000000,1.0000000000,0.0000000000,1.0000000000,0.0000000000,-1.0000000000
1.0000000000,0.0882360000,0.5000000000,0.1098900000,0.0000000000,0.5000000000,0.6666700000,0.3333300000,0.0000000000,0.1071400000,0.0000000000,0.0000000000,0.0000000000,0.0000000000,0.0000000000,0.0000000000,0.0000000000,1.0000000000,0.0000000000,1.0000000000,0.0000000000,0.0000000000,1.0000000000,0.0000000000,1.0000000000
1.0000000000,0.1617600000,0.5000000000,0.1098900000,0.5000000000,0.5000000000,0.3333300000,1.0000000000,0.6666700000,0.0178570000,1.0000000000,0.0000000000,0.0000000000,0.0000000000,0.0000000000,0.0000000000,0.0000000000,1.0000000000,0.0000000000,1.0000000000,0.0000000000,0.0000000000,0.0000000000,1.0000000000,-1.0000000000
0.0000000000,0.2058800000,0.5000000000,0.1208800000,0.0000000000,0.2500000000,0.3333300000,0.0000000000,0.6666700000,0.1428600000,0.5000000000,0.0000000000,0.0000000000,0.0000000000,0.0000000000,0.0000000000,0.0000000000,1.0000000000,0.0000000000,0.0000000000,1.0000000000,0.0000000000,0.0000000000,1.0000000000,-1.0000000000
1.0000000000,0.1176500000,1.0000000000,0.1703300000,0.0000000000,1.0000000000,0.6666700000,1.0000000000,0.3333300000,0.4107100000,0.5000000000,0.0000000000,0.0000000000,0.0000000000,0.0000000000,0.0000000000,0.0000000000,1.0000000000,0.0000000000,0.0000000000,1.0000000000,0.0000000000,0.0000000000,1.0000000000,-1.0000000000
1.0000000000,0.4705900000,0.5000000000,0.3956000000,1.0000000000,1.0000000000,0.6666700000,0.3333300000,0.3333300000,0.3214300000,1.0000000000,0.3333300000,0.0000000000,0.0000000000,0.0000000000,0.0000000000,0.0000000000,1.0000000000,0.0000000000,0.0000000000,1.0000000000,0.0000000000,0.0000000000,1.0000000000,-1.0000000000
0.0000000000,0.1176500000,0.5000000000,0.0274730000,0.0000000000,1.0000000000,0.3333300000,1.0000000000,0.3333300000,0.0892860000,1.0000000000,0.0000000000,0.0000000000,0.0000000000,0.0000000000,0.0000000000,0.0000000000,1.0000000000,0.0000000000,1.0000000000,0.0000000000,0.0000000000,0.0000000000,1.0000000000,-1.0000000000
1.0000000000,0.4705900000,0.7500000000,0.4120900000,0.5000000000,0.7500000000,0.3333300000,1.0000000000,0.6666700000,0.3750000000,1.0000000000,0.3333300000,0.0000000000,1.0000000000,0.0000000000,0.0000000000,0.0000000000,1.0000000000,0.0000000000,0.0000000000,1.0000000000,0.0000000000,0.0000000000,1.0000000000,-1.0000000000
0.6666700000,0.0294120000,1.0000000000,0.0604390000,0.0000000000,1.0000000000,0.6666700000,1.0000000000,0.0000000000,0.4821400000,1.0000000000,0.3333300000,1.0000000000,0.0000000000,1.0000000000,1.0000000000,0.0000000000,1.0000000000,0.0000000000,0.0000000000,1.0000000000,0.0000000000,0.0000000000,1.0000000000,-1.0000000000
0.0000000000,0.2941200000,1.0000000000,0.0659340000,0.2500000000,0.7500000000,0.6666700000,0.0000000000,0.0000000000,0.1250000000,1.0000000000,0.3333300000,0.0000000000,1.0000000000,0.0000000000,0.0000000000,0.0000000000,1.0000000000,0.0000000000,0.0000000000,1.0000000000,0.0000000000,0.0000000000,1.0000000000,-1.0000000000
1.0000000000,0.1617600000,0.5000000000,0.0384610000,1.0000000000,0.2500000000,0.3333300000,0.0000000000,0.0000000000,0.0892860000,1.0000000000,0.0000000000,0.0000000000,0.0000000000,0.0000000000,0.0000000000,0.0000000000,1.0000000000,0.0000000000,0.0000000000,1.0000000000,0.0000000000,0.0000000000,1.0000000000,-1.0000000000
0.0000000000,0.1176500000,0.5000000000,0.1868100000,0.0000000000,0.5000000000,0.6666700000,0.3333300000,0.3333300000,0.1785700000,1.0000000000,0.0000000000,1.0000000000,0.0000000000,0.0000000000,0.0000000000,0.0000000000,0.0000000000,1.0000000000,0.0000000000,1.0000000000,0.0000000000,1.0000000000,0.0000000000,-1.0000000000
0.3333300000,0.1029400000,1.0000000000,0.0604390000,0.7500000000,0.5000000000,0.3333300000,1.0000000000,0.6666700000,0.3750000000,1.0000000000,0.3333300000,0.0000000000,0.0000000000,0.0000000000,1.0000000000,0.0000000000,1.0000000000,0.0000000000,0.0000000000,1.0000000000,0.0000000000,0.0000000000,1.0000000000,-1.0000000000
0.0000000000,0.2058800000,0.2500000000,0.0934070000,0.0000000000,0.2500000000,0.6666700000,1.0000000000,1.0000000000,0.3035700000,0.0000000000,0.0000000000,0.0000000000,1.0000000000,0.0000000000,0.0000000000,0.0000000000,0.0000000000,1.0000000000,0.0000000000,0.0000000000,0.0000000000,0.0000000000,0.0000000000,-1.0000000000
1.0000000000,0.4705900000,0.5000000000,0.1868100000,0.0000000000,1.0000000000,0.6666700000,0.3333300000,0.6666700000,0.1607100000,1.0000000000,0.0000000000,0.0000000000,0.0000000000,0.0000000000,0.0000000000,0.0000000000,1.0000000000,0.0000000000,0.0000000000,1.0000000000,0.0000000000,0.0000000000,1.0000000000,-1.0000000000
0.0000000000,0.0735300000,0.5000000000,0.0659340000,0.0000000000,0.2500000000,0.6666700000,0.3333300000,1.0000000000,0.1428600000,1.0000000000,0.0000000000,0.0000000000,1.0000000000,0.0000000000,1.0000000000,0.0000000000,1.0000000000,0.0000000000,0.0000000000,0.0000000000,0.0000000000,0.0000000000,0.0000000000,1.0000000000
1.0000000000,0.3823500000,1.0000000000,0.3571400000,1.0000000000,0.7500000000,0.6666700000,0.6666700000,0.3333300000,0.3035700000,1.0000000000,0.3333300000,0.0000000000,0.0000000000,0.0000000000,0.0000000000,0.0000000000,1.0000000000,0.0000000000,0.0000000000,1.0000000000,0.0000000000,0.0000000000,1.0000000000,-1.0000000000
1.0000000000,0.2941200000,0.5000000000,0.4175800000,0.0000000000,0.7500000000,0.6666700000,0.6666700000,0.6666700000,0.3392900000,1.0000000000,0.0000000000,0.0000000000,1.0000000000,0.0000000000,0.0000000000,1.0000000000,1.0000000000,0.0000000000,0.0000000000,1.0000000000,0.0000000000,0.0000000000,0.0000000000,-1.0000000000
1.0000000000,0.2941200000,0.5000000000,0.5000000000,1.0000000000,0.5000000000,0.0000000000,1.0000000000,1.0000000000,0.5178600000,1.0000000000,0.0000000000,0.0000000000,1.0000000000,0.0000000000,0.0000000000,1.0000000000,1.0000000000,0.0000000000,0.0000000000,0.0000000000,0.0000000000,0.0000000000,1.0000000000,-1.0000000000
0.3333300000,0.3823500000,1.0000000000,0.1098900000,1.0000000000,1.0000000000,0.6666700000,1.0000000000,0.0000000000,0.3035700000,1.0000000000,0.3333300000,0.0000000000,0.0000000000,0.0000000000,1.0000000000,0.0000000000,1.0000000000,0.0000000000,0.0000000000,1.0000000000,0.0000000000,0.0000000000,1.0000000000,-1.0000000000
1.0000000000,0.2058800000,1.0000000000,0.0494510000,0.0000000000,0.0000000000,0.3333300000,1.0000000000,0.6666700000,0.8214300000,1.0000000000,0.3333300000,0.0000000000,0.0000000000,0.0000000000,0.0000000000,0.0000000000,1.0000000000,0.0000000000,0.0000000000,1.0000000000,1.0000000000,0.0000000000,0.0000000000,-1.0000000000
0.3333300000,0.2941200000,0.5000000000,0.2142900000,0.0000000000,0.7500000000,0.0000000000,0.6666700000,0.6666700000,0.4285700000,1.0000000000,0.0000000000,0.0000000000,1.0000000000,0.0000000000,0.0000000000,0.0000000000,1.0000000000,0.0000000000,0.0000000000,1.0000000000,0.0000000000,0.0000000000,1.0000000000,1.0000000000
0.0000000000,0.1176500000,0.5000000000,0.0329670000,0.0000000000,0.2500000000,0.3333300000,1.0000000000,0.3333300000,0.6071400000,1.0000000000,0.0000000000,0.0000000000,0.0000000000,0.0000000000,0.0000000000,0.0000000000,1.0000000000,0.0000000000,0.0000000000,1.0000000000,0.0000000000,0.0000000000,1.0000000000,1.0000000000
0.3333300000,0.2941200000,1.0000000000,0.1428600000,1.0000000000,0.7500000000,0.6666700000,0.6666700000,1.0000000000,0.2678600000,1.0000000000,0.3333300000,1.0000000000,1.0000000000,0.0000000000,0.0000000000,0.0000000000,1.0000000000,0.0000000000,0.0000000000,1.0000000000,0.0000000000,0.0000000000,1.0000000000,-1.0000000000
0.3333300000,0.6470600000,0.5000000000,0.8516500000,0.0000000000,0.5000000000,0.6666700000,0.3333300000,0.6666700000,0.0714290000,1.0000000000,0.0000000000,0.0000000000,1.0000000000,0.0000000000,0.0000000000,0.0000000000,1.0000000000,0.0000000000,0.0000000000,1.0000000000,0.0000000000,0.0000000000,1.0000000000,1.0000000000
1.0000000000,0.4705900000,1.0000000000,0.3516500000,0.0000000000,1.0000000000,0.6666700000,1.0000000000,0.6666700000,0.2678600000,1.0000000000,0.3333300000,0.0000000000,1.0000000000,0.0000000000,1.0000000000,0.0000000000,1.0000000000,0.0000000000,0.0000000000,1.0000000000,0.0000000000,0.0000000000,0.0000000000,-1.0000000000
1.0000000000,0.3529400000,0.2500000000,0.4175800000,1.0000000000,0.2500000000,0.6666700000,1.0000000000,0.0000000000,0.3750000000,0.0000000000,0.3333300000,1.0000000000,1.0000000000,0.0000000000,0.0000000000,1.0000000000,0.0000000000,0.0000000000,1.0000000000,0.0000000000,0.0000000000,0.0000000000,1.0000000000,-1.0000000000
0.0000000000,0.3382400000,1.0000000000,0.1208800000,0.0000000000,1.0000000000,0.6666700000,1.0000000000,0.6666700000,0.4285700000,0.5000000000,1.0000000000,1.0000000000,1.0000000000,0.0000000000,0.0000000000,0.0000000000,1.0000000000,0.0000000000,0.0000000000,1.0000000000,0.0000000000,0.0000000000,0.0000000000,-1.0000000000
1.0000000000,0.1617600000,1.0000000000,0.0879120000,0.0000000000,1.0000000000,0.6666700000,1.0000000000,0.6666700000,0.4821400000,1.0000000000,0.3333300000,0.0000000000,1.0000000000,0.0000000000,0.0000000000,0.0000000000,1.0000000000,0.0000000000,0.0000000000,1.0000000000,0.0000000000,0.0000000000,1.0000000000,-1.0000000000
0.0000000000,0.1176500000,1.0000000000,0.1098900000,0.0000000000,0.5000000000,0.6666700000,1.0000000000,0.3333300000,0.3392900000,0.0000000000,0.3333300000,0.0000000000,0.0000000000,1.0000000000,1.0000000000,0.0000000000,1.0000000000,0.0000000000,0.0000000000,1.0000000000,0.0000000000,1.0000000000,0.0000000000,-1.0000000000
0.3333300000,0.4705900000,1.0000000000,0.3076900000,0.0000000000,0.5000000000,0.6666700000,1.0000000000,0.6666700000,0.2678600000,1.0000000000,0.3333300000,0.0000000000,1.0000000000,0.0000000000,0.0000000000,1.0000000000,1.0000000000,0.0000000000,0.0000000000,1.0000000000,0.0000000000,0.0000000000,1.0000000000,-1.0000000000
1.0000000000,0.2058800000,1.0000000000,0.0549450000,1.0000000000,0.5000000000,0.6666700000,0.6666700000,0.3333300000,0.1785700000,1.0000000000,0.3333300000,0.0000000000,1.0000000000,0.0000000000,0.0000000000,0.0000000000,1.0000000000,0.0000000000,0.0000000000,1.0000000000,0.0000000000,0.0000000000,1.0000000000,-1.0000000000
1.0000000000,0.4705900000,0.7500000000,0.4780200000,1.0000000000,0.7500000000,0.6666700000,0.3333300000,0.6666700000,0.2142900000,0.5000000000,0.0000000000,1.0000000000,1.0000000000,0.0000000000,0.0000000000,1.0000000000,1.0000000000,0.0000000000,0.0000000000,1.0000000000,0.0000000000,0.0000000000,0.0000000000,-1.0000000000
0.0000000000,0.2500000000,0.5000000000,0.1318700000,0.0000000000,0.2500000000,0.3333300000,1.0000000000,0.3333300000,0.1607100000,1.0000000000,0.0000000000,0.0000000000,1.0000000000,0.0000000000,0.0000000000,0.0000000000,1.0000000000,0.0000000000,1.0000000000,0.0000000000,0.0000000000,0.0000000000,0.0000000000,-1.0000000000
1.0000000000,0.1176500000,1.0000000000,0.0769230000,0.7500000000,0.7500000000,0.3333300000,0.3333300000,0.3333300000,0.2857100000,1.0000000000,0.0000000000,0.0000000000,0.0000000000,1.0000000000,0.0000000000,0.0000000000,1.0000000000,0.0000000000,0.0000000000,1.0000000000,0.0000000000,0.0000000000,1.0000000000,-1.0000000000
1.0000000000,0.1617600000,0.5000000000,0.1098900000,1.0000000000,0.7500000000,0.3333300000,1.0000000000,0.0000000000,0.2500000000,0.0000000000,0.0000000000,0.0000000000,0.0000000000,0.0000000000,0.0000000000,0.0000000000,1.0000000000,0.0000000000,1.0000000000,0.0000000000,0.0000000000,1.0000000000,0.0000000000,-1.0000000000
0.0000000000,0.2058800000,0.5000000000,0.2197800000,0.0000000000,0.5000000000,0.6666700000,0.6666700000,0.6666700000,0.4107100000,1.0000000000,0.0000000000,0.0000000000,0.0000000000,0.0000000000,0.0000000000,0.0000000000,0.0000000000,1.0000000000,0.0000000000,1.0000000000,0.0000000000,0.0000000000,1.0000000000,1.0000000000
0.0000000000,0.1764700000,1.0000000000,0.1318700000,0.0000000000,1.0000000000,0.6666700000,1.0000000000,0.3333300000,0.4285700000,0.0000000000,0.0000000000,0.0000000000,1.0000000000,0.0000000000,1.0000000000,0.0000000000,0.0000000000,0.0000000000,1.0000000000,0.0000000000,0.0000000000,0.0000000000,1.0000000000,1.0000000000
1.0000000000,0.2352900000,1.0000000000,0.1813200000,1.0000000000,0.2500000000,0.0000000000,1.0000000000,0.0000000000,0.4464300000,1.0000000000,0.3333300000,0.0000000000,1.0000000000,0.0000000000,1.0000000000,0.0000000000,1.0000000000,0.0000000000,0.0000000000,1.0000000000,0.0000000000,0.0000000000,1.0000000000,-1.0000000000
1.0000000000,0.4705900000,1.0000000000,0.5659300000,1.0000000000,1.0000000000,0.6666700000,1.0000000000,1.0000000000,0.4107100000,1.0000000000,0.3333300000,0.0000000000,0.0000000000,0.0000000000,0.0000000000,1.0000000000,1.0000000000,0.0000000000,0.0000000000,0.0000000000,0.0000000000,0.0000000000,1.0000000000,-1.0000000000
1.0000000000,0.1617600000,0.5000000000,0.0659340000,1.0000000000,0.5000000000,1.0000000000,0.3333300000,0.0000000000,0.3750000000,1.0000000000,0.0000000000,0.0000000000,1.0000000000,0.0000000000,0.0000000000,0.0000000000,1.0000000000,0.0000000000,1.0000000000,0.0000000000,0.0000000000,0.0000000000,1.0000000000,-1.0000000000
1.0000000000,0.2941200000,0.5000000000,0.0604390000,0.0000000000,1.0000000000,0.6666700000,0.0000000000,0.0000000000,0.3035700000,1.0000000000,0.0000000000,0.0000000000,1.0000000000,0.0000000000,0.0000000000,0.0000000000,1.0000000000,0.0000000000,0.0000000000,1.0000000000,0.0000000000,0.0000000000,0.0000000000,-1.0000000000
0.0000000000,0.1176500000,0.5000000000,0.0494510000,0.0000000000,0.5000000000,0.6666700000,0.3333300000,0.0000000000,0.0178570000,1.0000000000,0.0000000000,1.0000000000,1.0000000000,0.0000000000,0.0000000000,0.0000000000,1.0000000000,0.0000000000,1.0000000000,0.0000000000,0.0000000000,0.0000000000,0.0000000000,-1.0000000000
0.0000000000,0.2500000000,0.5000000000,0.1978000000,1.0000000000,0.7500000000,0.6666700000,0.3333300000,0.0000000000,0.0892860000,1.0000000000,0.0000000000,0.0000000000,0.0000000000,1.0000000000,1.0000000000,0.0000000000,0.0000000000,1.0000000000,0.0000000000,1.0000000000,0.0000000000,1.0000000000,0.0000000000,-1.0000000000
0.3333300000,0.4705900000,0.5000000000,0.1923100000,1.0000000000,0.5000000000,1.0000000000,0.3333300000,0.6666700000,0.1428600000,1.0000000000,0.0000000000,0.0000000000,0.0000000000,0.0000000000,0.0000000000,0.0000000000,1.0000000000,0.0000000000,0.0000000000,1.0000000000,0.0000000000,0.0000000000,1.0000000000,-1.0000000000
1.0000000000,0.1617600000,0.7500000000,0.1868100000,0.0000000000,0.2500000000,0.3333300000,0.3333300000,0.3333300000,0.4821400000,1.0000000000,0.3333300000,0.0000000000,0.0000000000,0.0000000000,0.0000000000,1.0000000000,1.0000000000,0.0000000000,0.0000000000,1.0000000000,0.0000000000,1.0000000000,0.0000000000,-1.0000000000
0.3333300000,0.0735300000,0.5000000000,0.1648400000,1.0000000000,0.5000000000,0.3333300000,0.3333300000,0.0000000000,0.2500000000,1.0000000000,0.0000000000,0.0000000000,0.0000000000,0.0000000000,1.0000000000,0.0000000000,1.0000000000,0.0000000000,0.0000000000,1.0000000000,0.0000000000,1.0000000000,0.0000000000,-1.0000000000
1.0000000000,0.4705900000,0.7500000000,0.2362600000,0.0000000000,0.5000000000,0.3333300000,1.0000000000,0.0000000000,0.2678600000,1.0000000000,0.3333300000,0.0000000000,0.0000000000,0.0000000000,0.0000000000,0.0000000000,1.0000000000,0.0000000000,0.0000000000,1.0000000000,0.0000000000,0.0000000000,1.0000000000,-1.0000000000
0.3333300000,0.2941200000,1.0000000000,0.2472500000,0.0000000000,0.2500000000,0.3333300000,1.0000000000,0.6666700000,0.1071400000,0.0000000000,0.0000000000,0.0000000000,0.0000000000,0.0000000000,0.0000000000,0.0000000000,1.0000000000,0.0000000000,0.0000000000,1.0000000000,0.0000000000,1.0000000000,0.0000000000,1.0000000000
0.3333300000,0.3823500000,0.5000000000,0.1538500000,1.0000000000,1.0000000000,0.3333300000,1.0000000000,0.6666700000,0.1071400000,1.0000000000,0.0000000000,0.0000000000,0.0000000000,0.0000000000,0.0000000000,0.0000000000,1.0000000000,0.0000000000,0.0000000000,1.0000000000,0.0000000000,0.0000000000,1.0000000000,-1.0000000000
1.0000000000,0.1029400000,0.5000000000,0.1044000000,0.7500000000,1.0000000000,0.0000000000,0.3333300000,0.0000000000,0.1607100000,1.0000000000,0.0000000000,0.0000000000,1.0000000000,0.0000000000,0.0000000000,0.0000000000,1.0000000000,0.0000000000,0.0000000000,1.0000000000,0.0000000000,0.0000000000,1.0000000000,-1.0000000000
0.0000000000,0.2941200000,0.2500000000,0.1648400000,0.0000000000,0.5000000000,0.6666700000,0.3333300000,0.3333300000,0.2142900000,1.0000000000,0.0000000000,0.0000000000,1.0000000000,0.0000000000,0.0000000000,0.0000000000,1.0000000000,0.0000000000,1.0000000000,0.0000000000,0.0000000000,0.0000000000,1.0000000000,1.0000000000
0.3333300000,0.6470600000,0.0000000000,1.0000000000,0.0000000000,0.5000000000,0.3333300000,0.3333300000,0.3333300000,0.2321400000,0.0000000000,0.0000000000,0.0000000000,1.0000000000,1.0000000000,0.0000000000,0.0000000000,1.0000000000,0.0000000000,0.0000000000,1.0000000000,0.0000000000,0.0000000000,0.0000000000,1.0000000000
1.0000000000,0.0882360000,0.5000000000,0.1428600000,0.2500000000,0.5000000000,0.6666700000,0.3333300000,0.0000000000,0.2321400000,1.0000000000,0.0000000000,1.0000000000,0.0000000000,0.0000000000,0.0000000000,1.0000000000,0.0000000000,1.0000000000,0.0000000000,1.0000000000,0.0000000000,0.0000000000,1.0000000000,-1.0000000000
0.0000000000,0.0294120000,0.5000000000,0.8076900000,0.0000000000,1.0000000000,0.6666700000,1.0000000000,1.0000000000,0.8750000000,0.0000000000,0.0000000000,0.0000000000,1.0000000000,0.0000000000,1.0000000000,0.0000000000,1.0000000000,0.0000000000,0.0000000000,1.0000000000,0.0000000000,0.0000000000,0.0000000000,1.0000000000
0.0000000000,0.2941200000,0.5000000000,0.1208800000,0.2500000000,0.0000000000,0.0000000000,0.0000000000,0.3333300000,0.2500000000,1.0000000000,0.0000000000,0.0000000000,0.0000000000,0.0000000000,0.0000000000,0.0000000000,1.0000000000,0.0000000000,0.0000000000,1.0000000000,0.0000000000,0.0000000000,1.0000000000,1.0000000000
0.0000000000,0.2941200000,0.5000000000,0.1703300000,0.0000000000,1.0000000000,0.6666700000,0.3333300000,0.3333300000,0.3571400000,1.0000000000,0.0000000000,0.0000000000,1.0000000000,0.0000000000,0.0000000000,0.0000000000,1.0000000000,0.0000000000,1.0000000000,0.0000000000,0.0000000000,0.0000000000,0.0000000000,1.0000000000
1.0000000000,0.2058800000,1.0000000000,0.0879120000,0.0000000000,0.5000000000,0.3333300000,0.3333300000,1.0000000000,0.1607100000,1.0000000000,0.3333300000,0.0000000000,0.0000000000,0.0000000000,0.0000000000,0.0000000000,1.0000000000,0.0000000000,0.0000000000,1.0000000000,0.0000000000,0.0000000000,1.0000000000,-1.0000000000
1.0000000000,0.6470600000,0.7500000000,0.6868100000,0.5000000000,0.7500000000,0.6666700000,0.0000000000,0.6666700000,0.3214300000,1.0000000000,0.0000000000,0.0000000000,1.0000000000,0.0000000000,0.0000000000,0.0000000000,1.0000000000,0.0000000000,0.0000000000,1.0000000000,0.0000000000,0.0000000000,0.0000000000,-1.0000000000
0.0000000000,0.0735300000,0.5000000000,0.0659340000,0.0000000000,0.2500000000,0.3333300000,1.0000000000,0.3333300000,0.0535710000,1.0000000000,0.0000000000,0.0000000000,0.0000000000,0.0000000000,0.0000000000,0.0000000000,1.0000000000,0.0000000000,1.0000000000,0.0000000000,0.0000000000,0.0000000000,1.0000000000,1.0000000000
0.3333300000,0.1176500000,0.5000000000,0.0989010000,0.0000000000,0.7500000000,0.6666700000,1.0000000000,0.3333300000,0.1964300000,1.0000000000,0.0000000000,1.0000000000,1.0000000000,0.0000000000,1.0000000000,0.0000000000,1.0000000000,0.0000000000,1.0000000000,0.0000000000,0.0000000000,0.0000000000,1.0000000000,-1.0000000000
0.0000000000,0.2941200000,0.2500000000,0.3681300000,0.0000000000,0.2500000000,0.0000000000,0.0000000000,0.3333300000,0.6428600000,0.0000000000,0.0000000000,0.0000000000,1.0000000000,0.0000000000,0.0000000000,0.0000000000,1.0000000000,0.0000000000,0.0000000000,1.0000000000,0.0000000000,0.0000000000,1.0000000000,1.0000000000
0.0000000000,0.1176500000,0.2500000000,0.0274730000,0.0000000000,0.2500000000,0.6666700000,0.3333300000,0.6666700000,0.4821400000,0.0000000000,0.3333300000,0.0000000000,1.0000000000,0.0000000000,1.0000000000,0.0000000000,1.0000000000,0.0000000000,0.0000000000,1.0000000000,0.0000000000,0.0000000000,1.0000000000,1.0000000000
0.0000000000,0.2058800000,1.0000000000,0.0439560000,0.0000000000,0.2500000000,0.3333300000,1.0000000000,0.3333300000,0.0357140000,1.0000000000,0.0000000000,0.0000000000,0.0000000000,0.0000000000,0.0000000000,0.0000000000,1.0000000000,0.0000000000,1.0000000000,0.0000000000,0.0000000000,0.0000000000,1.0000000000,-1.0000000000
0.0000000000,0.6470600000,0.5000000000,0.5549500000,0.0000000000,0.7500000000,0.6666700000,1.0000000000,1.0000000000,0.3571400000,0.5000000000,0.6666700000,1.0000000000,1.0000000000,0.0000000000,0.0000000000,1.0000000000,1.0000000000,0.0000000000,0.0000000000,0.0000000000,0.0000000000,0.0000000000,1.0000000000,1.0000000000
1.0000000000,0.3823500000,0.5000000000,0.0934070000,1.0000000000,1.0000000000,0.6666700000,1.0000000000,0.6666700000,0.6964300000,1.0000000000,0.0000000000,0.0000000000,1.0000000000,0.0000000000,0.0000000000,0.0000000000,1.0000000000,0.0000000000,0.0000000000,1.0000000000,0.0000000000,0.0000000000,1.0000000000,-1.0000000000
0.0000000000,0.1176500000,0.7500000000,0.0604390000,0.0000000000,0.5000000000,0.6666700000,0.3333300000,0.0000000000,0.4285700000,1.0000000000,0.3333300000,1.0000000000,0.0000000000,0.0000000000,1.0000000000,0.0000000000,1.0000000000,0.0000000000,0.0000000000,1.0000000000,0.0000000000,1.0000000000,0.0000000000,-1.0000000000
0.0000000000,0.2941200000,0.5000000000,0.0824170000,0.0000000000,0.2500000000,0.6666700000,0.0000000000,0.3333300000,0.0892860000,1.0000000000,0.0000000000,0.0000000000,0.0000000000,1.0000000000,0.0000000000,0.0000000000,0.0000000000,1.0000000000,0.0000000000,1.0000000000,0.0000000000,1.0000000000,0.0000000000,-1.0000000000
0.3333300000,0.0735300000,0.5000000000,0.0824170000,0.0000000000,0.2500000000,0.3333300000,0.3333300000,0.6666700000,0.0535710000,1.0000000000,0.0000000000,0.0000000000,1.0000000000,0.0000000000,0.0000000000,0.0000000000,1.0000000000,0.0000000000,0.0000000000,1.0000000000,0.0000000000,0.0000000000,1.0000000000,1.0000000000
1.0000000000,0.0735300000,1.0000000000,0.0549450000,0.0000000000,0.5000000000,0.6666700000,0.0000000000,0.0000000000,0.1964300000,1.0000000000,0.3333300000,0.0000000000,0.0000000000,0.0000000000,1.0000000000,0.0000000000,1.0000000000,0.0000000000,0.0000000000,1.0000000000,0.0000000000,0.0000000000,1.0000000000,-1.0000000000
1.0000000000,0.1176500000,1.0000000000,0.0164830000,0.5000000000,1.0000000000,0.6666700000,1.0000000000,0.3333300000,0.4107100000,1.0000000000,0.3333300000,1.0000000000,1.0000000000,0.0000000000,0.0000000000,0.0000000000,1.0000000000,0.0000000000,0.0000000000,1.0000000000,0.0000000000,0.0000000000,1.0000000000,-1.0000000000
0.0000000000,0.1176500000,0.5000000000,0.0714290000,0.0000000000,0.5000000000,0.3333300000,0.0000000000,0.6666700000,0.0714290000,0.0000000000,0.0000000000,0.0000000000,0.0000000000,0.0000000000,0.0000000000,0.0000000000,1.0000000000,0.0000000000,0.0000000000,1.0000000000,0.0000000000,0.0000000000,1.0000000000,-1.0000000000
0.3333300000,0.3823500000,0.7500000000,0.0934070000,0.2500000000,0.2500000000,0.6666700000,0.6666700000,1.0000000000,0.1964300000,0.5000000000,0.3333300000,0.0000000000,0.0000000000,0.0000000000,0.0000000000,0.0000000000,1.0000000000,0.0000000000,0.0000000000,1.0000000000,0.0000000000,0.0000000000,0.0000000000,1.0000000000
0.6666700000,0.0735300000,0.5000000000,0.0274730000,0.0000000000,0.5000000000,0.3333300000,0.3333300000,0.0000000000,0.1607100000,1.0000000000,0.0000000000,0.0000000000,0.0000000000,0.0000000000,0.0000000000,0.0000000000,1.0000000000,0.0000000000,0.0000000000,1.0000000000,0.0000000000,1.0000000000,0.0000000000,1.0000000000
0.3333300000,0.0294120000,0.5000000000,0.1044000000,0.0000000000,0.2500000000,1.0000000000,0.6666700000,0.6666700000,0.1964300000,1.0000000000,0.0000000000,0.0000000000,1.0000000000,0.0000000000,0.0000000000,0.0000000000,1.0000000000,0.0000000000,1.0000000000,0.0000000000,0.0000000000,0.0000000000,0.0000000000,-1.0000000000
0.3333300000,0.8235300000,0.5000000000,0.3351600000,0.0000000000,0.5000000000,0.6666700000,1.0000000000,1.0000000000,0.4107100000,1.0000000000,0.0000000000,0.0000000000,0.0000000000,0.0000000000,0.0000000000,0.0000000000,1.0000000000,0.0000000000,0.0000000000,0.0000000000,0.0000000000,0.0000000000,1.0000000000,1.0000000000
1.0000000000,0.2941200000,1.0000000000,0.3626400000,1.0000000000,0.5000000000,0.6666700000,1.0000000000,0.3333300000,0.4821400000,1.0000000000,0.3333300000,1.0000000000,1.0000000000,0.0000000000,0.0000000000,1.0000000000,1.0000000000,0.0000000000,0.0000000000,1.0000000000,0.0000000000,0.0000000000,0.0000000000,-1.0000000000
1.0000000000,0.1176500000,0.5000000000,0.1813200000,1.0000000000,0.2500000000,0.6666700000,0.6666700000,0.3333300000,0.4642900000,1.0000000000,0.0000000000,1.0000000000,1.0000000000,0.0000000000,1.0000000000,0.0000000000,1.0000000000,0.0000000000,0.0000000000,1.0000000000,0.0000000000,0.0000000000,0.0000000000,-1.0000000000
1.0000000000,0.0882360000,0.5000000000,0.0714290000,0.0000000000,0.5000000000,0.6666700000,0.3333300000,0.0000000000,0.2142900000,1.0000000000,0.0000000000,1.0000000000,0.0000000000,1.0000000000,1.0000000000,0.0000000000,1.0000000000,0.0000000000,0.0000000000,1.0000000000,0.0000000000,1.0000000000,0.0000000000,-1.0000000000
1.0000000000,0.2941200000,0.5000000000,0.0384610000,1.0000000000,0.7500000000,0.6666700000,0.3333300000,0.6666700000,0.2142900000,0.5000000000,0.0000000000,0.0000000000,1.0000000000,0.0000000000,0.0000000000,0.0000000000,1.0000000000,0.0000000000,0.0000000000,1.0000000000,0.0000000000,0.0000000000,1.0000000000,-1.0000000000
1.0000000000,0.0000000000,1.0000000000,0.0714290000,0.0000000000,0.7500000000,0.6666700000,0.0000000000,0.0000000000,0.4107100000,1.0000000000,0.6666700000,1.0000000000,0.0000000000,0.0000000000,1.0000000000,0.0000000000,1.0000000000,0.0000000000,0.0000000000,1.0000000000,0.0000000000,1.0000000000,0.0000000000,-1.0000000000
0.0000000000,0.1617600000,0.5000000000,0.0879120000,0.0000000000,0.2500000000,0.3333300000,0.0000000000,0.3333300000,0.4821400000,1.0000000000,0.0000000000,0.0000000000,0.0000000000,0.0000000000,0.0000000000,0.0000000000,0.0000000000,0.0000000000,1.0000000000,0.0000000000,0.0000000000,0.0000000000,1.0000000000,-1.0000000000
0.3333300000,0.6470600000,0.0000000000,0.4505500000,0.5000000000,0.2500000000,0.3333300000,0.0000000000,0.6666700000,0.1964300000,1.0000000000,0.3333300000,0.0000000000,0.0000000000,0.0000000000,1.0000000000,0.0000000000,1.0000000000,0.0000000000,0.0000000000,1.0000000000,0.0000000000,0.0000000000,1.0000000000,-1.0000000000
0.0000000000,0.2941200000,0.2500000000,0.1703300000,0.5000000000,0.2500000000,0.6666700000,1.0000000000,1.0000000000,0.1964300000,1.0000000000,0.0000000000,1.0000000000,1.0000000000,0.0000000000,0.0000000000,0.0000000000,1.0000000000,0.0000000000,0.0000000000,0.0000000000,0.0000000000,0.0000000000,1.0000000000,1.0000000000
1.0000000000,0.1176500000,0.5000000000,0.1483500000,1.0000000000,0.0000000000,0.6666700000,1.0000000000,1.0000000000,0.3392900000,1.0000000000,0.0000000000,0.0000000000,1.0000000000,0.0000000000,1.0000000000,0.0000000000,1.0000000000,0.0000000000,0.0000000000,1.0000000000,0.0000000000,0.0000000000,0.0000000000,-1.0000000000
1.0000000000,0.2058800000,0.5000000000,0.0714290000,0.0000000000,0.2500000000,1.0000000000,0.0000000000,0.3333300000,0.4285700000,1.0000000000,0.0000000000,1.0000000000,0.0000000000,0.0000000000,0.0000000000,0.0000000000,0.0000000000,1.0000000000,0.0000000000,1.0000000000,0.0000000000,1.0000000000,0.0000000000,1.0000000000
1.0000000000,0.2941200000,0.5000000000,0.1868100000,0.2500000000,1.0000000000,0.6666700000,1.0000000000,0.6666700000,0.2142900000,1.0000000000,0.3333300000,0.0000000000,0.0000000000,0.0000000000,0.0000000000,0.0000000000,1.0000000000,0.0000000000,0.0000000000,1.0000000000,0.0000000000,0.0000000000,1.0000000000,1.0000000000
0.3333300000,0.2058800000,1.0000000000,0.1868100000,0.0000000000,0.0000000000,1.0000000000,0.6666700000,0.6666700000,0.3750000000,1.0000000000,0.6666700000,1.0000000000,1.0000000000,0.0000000000,0.0000000000,0.0000000000,1.0000000000,0.0000000000,0.0000000000,1.0000000000,1.0000000000,0.0000000000,0.0000000000,-1.0000000000
0.0000000000,0.4705900000,0.7500000000,0.1044000000,0.0000000000,0.7500000000,0.6666700000,0.0000000000,0.6666700000,0.0892860000,1.0000000000,0.3333300000,0.0000000000,1.0000000000,0.0000000000,0.0000000000,0.0000000000,1.0000000000,0.0000000000,0.0000000000,1.0000000000,0.0000000000,0.0000000000,1.0000000000,1.0000000000
0.3333300000,0.2941200000,0.5000000000,0.2142900000,0.5000000000,0.2500000000,0.3333300000,1.0000000000,0.6666700000,0.1607100000,1.0000000000,0.0000000000,0.0000000000,0.0000000000,0.0000000000,0.0000000000,1.0000000000,1.0000000000,0.0000000000,1.0000000000,0.0000000000,0.0000000000,0.0000000000,1.0000000000,1.0000000000
1.0000000000,0.4705900000,0.5000000000,0.5934100000,0.0000000000,0.0000000000,0.3333300000,0.3333300000,0.6666700000,0.1250000000,1.0000000000,0.3333300000,0.0000000000,1.0000000000,0.0000000000,0.0000000000,0.0000000000,1.0000000000,0.0000000000,0.0000000000,1.0000000000,0.0000000000,0.0000000000,0.0000000000,1.0000000000
0.0000000000,0.1176500000,0.5000000000,0.0934070000,0.0000000000,0.5000000000,0.3333300000,1.0000000000,0.3333300000,0.1785700000,1.0000000000,0.0000000000,0.0000000000,1.0000000000,0.0000000000,1.0000000000,0.0000000000,0.0000000000,0.0000000000,0.0000000000,1.0000000000,0.0000000000,0.0000000000,1.0000000000,-1.0000000000
0.0000000000,0.2941200000,1.0000000000,0.0549450000,0.7500000000,1.0000000000,0.3333300000,1.0000000000,0.3333300000,0.6785700000,1.0000000000,0.3333300000,0.0000000000,1.0000000000,0.0000000000,0.0000000000,0.0000000000,1.0000000000,0.0000000000,1.0000000000,0.0000000000,0.0000000000,0.0000000000,0.0000000000,-1.0000000000
0.6666700000,0.3823500000,1.0000000000,0.1923100000,1.0000000000,1.0000000000,0.6666700000,1.0000000000,0.3333300000,0.5357100000,0.5000000000,0.3333300000,0.0000000000,0.0000000000,0.0000000000,0.0000000000,0.0000000000,1.0000000000,0.0000000000,0.0000000000,1.0000000000,0.0000000000,1.0000000000,0.0000000000,-1.0000000000
0.3333300000,0.0735300000,1.0000000000,0.0549450000,0.0000000000,1.0000000000,0.6666700000,1.0000000000,0.0000000000,0.3214300000,1.0000000000,0.6666700000,0.0000000000,0.0000000000,0.0000000000,0.0000000000,0.0000000000,1.0000000000,0.0000000000,0.0000000000,1.0000000000,0.0000000000,1.0000000000,0.0000000000,-1.0000000000
0.0000000000,0.3529400000,0.5000000000,0.2087900000,0.0000000000,0.5000000000,0.6666700000,0.3333300000,0.6666700000,0.4642900000,1.0000000000,0.0000000000,0.0000000000,0.0000000000,0.0000000000,1.0000000000,0.0000000000,1.0000000000,0.0000000000,0.0000000000,1.0000000000,0.0000000000,1.0000000000,0.0000000000,1.0000000000
0.3333300000,0.2941200000,0.5000000000,0.1593400000,0.2500000000,1.0000000000,0.6666700000,1.0000000000,1.0000000000,0.1964300000,1.0000000000,0.0000000000,0.0000000000,0.0000000000,0.0000000000,0.0000000000,0.0000000000,1.0000000000,0.0000000000,0.0000000000,0.0000000000,0.0000000000,0.0000000000,1.0000000000,-1.0000000000
1.0000000000,0.0294120000,1.0000000000,0.0824170000,0.0000000000,1.0000000000,1.0000000000,0.3333300000,0.0000000000,0.1964300000,1.0000000000,0.3333300000,0.0000000000,0.0000000000,0.0000000000,0.0000000000,0.0000000000,1.0000000000,0.0000000000,1.0000000000,0.0000000000,0.0000000000,0.0000000000,1.0000000000,-1.0000000000
0.3333300000,0.2500000000,0.7500000000,0.1208800000,0.0000000000,0.5000000000,0.0000000000,1.0000000000,0.3333300000,0.5000000000,1.0000000000,0.3333300000,0.0000000000,0.0000000000,0.0000000000,1.0000000000,0.0000000000,1.0000000000,0.0000000000,0.0000000000,1.0000000000,0.0000000000,0.0000000000,1.0000000000,-1.0000000000
1.0000000000,0.1617600000,0.5000000000,0.1868100000,1.0000000000,0.5000000000,0.6666700000,0.3333300000,1.0000000000,0.1785700000,1.0000000000,0.0000000000,0.0000000000,0.0000000000,0.0000000000,1.0000000000,0.0000000000,1.0000000000,0.0000000000,0.0000000000,1.0000000000,0.0000000000,0.0000000000,1.0000000000,-1.0000000000
1.0000000000,0.2941200000,0.5000000000,0.1208800000,0.5000000000,1.0000000000,0.6666700000,0.3333300000,0.6666700000,0.2857100000,0.0000000000,0.3333300000,0.0000000000,1.0000000000,0.0000000000,0.0000000000,0.0000000000,1.0000000000,0.0000000000,0.0000000000,1.0000000000,0.0000000000,0.0000000000,1.0000000000,1.0000000000
0.3333300000,0.0294120000,0.5000000000,0.0164830000,0.0000000000,0.2500000000,1.0000000000,0.0000000000,0.3333300000,0.0535710000,1.0000000000,0.0000000000,0.0000000000,0.0000000000,0.0000000000,0.0000000000,0.0000000000,1.0000000000,0.0000000000,0.0000000000,1.0000000000,0.0000000000,1.0000000000,0.0000000000,-1.0000000000
0.3333300000,0.3823500000,0.5000000000,0.0824170000,1.0000000000,0.5000000000,0.3333300000,0.0000000000,0.6666700000,0.1250000000,1.0000000000,0.0000000000,0.0000000000,0.0000000000,0.0000000000,0.0000000000,0.0000000000,1.0000000000,0.0000000000,0.0000000000,1.0000000000,0.0000000000,0.0000000000,1.0000000000,-1.0000000000
0.3333300000,0.3382400000,1.0000000000,0.1263700000,0.5000000000,0.5000000000,0.6666700000,0.3333300000,0.3333300000,0.0714290000,1.0000000000,0.3333300000,0.0000000000,0.0000000000,0.0000000000,0.0000000000,0.0000000000,1.0000000000,0.0000000000,0.0000000000,1.0000000000,0.0000000000,1.0000000000,0.0000000000,1.0000000000
1.0000000000,0.1617600000,0.5000000000,0.1868100000,0.0000000000,1.0000000000,0.3333300000,0.3333300000,0.6666700000,0.6250000000,0.0000000000,0.0000000000,0.0000000000,1.0000000000,0.0000000000,0.0000000000,0.0000000000,1.0000000000,0.0000000000,1.0000000000,0.0000000000,0.0000000000,0.0000000000,0.0000000000,-1.0000000000
1.0000000000,0.5588200000,0.5000000000,0.3846200000,1.0000000000,0.7500000000,1.0000000000,1.0000000000,0.3333300000,0.1785700000,1.0000000000,0.0000000000,0.0000000000,1.0000000000,0.0000000000,0.0000000000,0.0000000000,1.0000000000,0.0000000000,1.0000000000,0.0000000000,0.0000000000,0.0000000000,1.0000000000,-1.0000000000
0.0000000000,0.1029400000,1.0000000000,0.2033000000,0.0000000000,0.5000000000,0.6666700000,0.3333300000,0.0000000000,0.3750000000,1.0000000000,0.3333300000,1.0000000000,0.0000000000,0.0000000000,1.0000000000,0.0000000000,1.0000000000,0.0000000000,0.0000000000,1.0000000000,0.0000000000,1.0000000000,0.0000000000,-1.0000000000
0.3333300000,0.1617600000,0.5000000000,0.0714290000,0.2500000000,0.5000000000,0.6666700000,0.3333300000,0.0000000000,0.0535710000,1.0000000000,0.0000000000,0.0000000000,0.0000000000,0.0000000000,0.0000000000,0.0000000000,0.0000000000,0.0000000000,0.0000000000,1.0000000000,0.0000000000,0.0000000000,1.0000000000,-1.0000000000
1.0000000000,0.2941200000,0.5000000000,0.3956000000,0.0000000000,0.5000000000,0.6666700000,1.0000000000,0.3333300000,0.4285700000,1.0000000000,0.0000000000,1.0000000000,0.0000000000,0.0000000000,1.0000000000,0.0000000000,1.0000000000,0.0000000000,0.0000000000,1.0000000000,0.0000000000,1.0000000000,0.0000000000,-1.0000000000
0.0000000000,0.2941200000,0.2500000000,0.0549450000,0.0000000000,0.0000000000,0.3333300000,1.0000000000,1.0000000000,0.1785700000,1.0000000000,0.3333300000,0.0000000000,0.0000000000,0.0000000000,1.0000000000,0.0000000000,0.0000000000,1.0000000000,1.0000000000,0.0000000000,1.0000000000,0.0000000000,0.0000000000,1.0000000000
0.0000000000,0.8235300000,0.5000000000,0.3901100000,0.0000000000,1.0000000000,0.6666700000,1.0000000000,1.0000000000,0.3035700000,1.0000000000,0.0000000000,0.0000000000,0.0000000000,0.0000000000,0.0000000000,0.0000000000,0.0000000000,1.0000000000,1.0000000000,0.0000000000,0.0000000000,0.0000000000,1.0000000000,1.0000000000
1.0000000000,0.3823500000,1.0000000000,0.1428600000,0.0000000000,0.5000000000,0.3333300000,0.3333300000,0.6666700000,0.2500000000,1.0000000000,0.0000000000,0.0000000000,1.0000000000,0.0000000000,0.0000000000,0.0000000000,1.0000000000,0.0000000000,0.0000000000,1.0000000000,0.0000000000,0.0000000000,1.0000000000,-1.0000000000
0.6666700000,0.2941200000,0.5000000000,0.0604390000,0.5000000000,0.5000000000,0.3333300000,0.6666700000,0.6666700000,0.6785700000,1.0000000000,0.0000000000,0.0000000000,0.0000000000,0.0000000000,0.0000000000,0.0000000000,1.0000000000,0.0000000000,0.0000000000,1.0000000000,0.0000000000,1.0000000000,0.0000000000,-1.0000000000
0.3333300000,0.0294120000,0.5000000000,0.0329670000,0.0000000000,0.5000000000,0.3333300000,0.6666700000,0.0000000000,0.8035700000,1.0000000000,0.0000000000,0.0000000000,0.0000000000,0.0000000000,0.0000000000,0.0000000000,0.0000000000,0.0000000000,0.0000000000,1.0000000000,0.0000000000,0.0000000000,1.0000000000,-1.0000000000
0.3333300000,0.2058800000,0.7500000000,0.1208800000,1.0000000000,1.0000000000,0.6666700000,0.3333300000,0.3333300000,0.4107100000,1.0000000000,0.3333300000,0.0000000000,0.0000000000,0.0000000000,0.0000000000,0.0000000000,1.0000000000,0.0000000000,0.0000000000,1.0000000000,0.0000000000,0.0000000000,1.0000000000,-1.0000000000
1.0000000000,0.2941200000,0.7500000000,0.1263700000,0.0000000000,1.0000000000,0.6666700000,1.0000000000,0.6666700000,0.5000000000,1.0000000000,0.3333300000,1.0000000000,0.0000000000,0.0000000000,1.0000000000,0.0000000000,1.0000000000,0.0000000000,0.0000000000,1.0000000000,0.0000000000,1.0000000000,0.0000000000,1.0000000000
0.3333300000,0.1617600000,0.2500000000,0.0604390000,0.2500000000,0.5000000000,1.0000000000,0.3333300000,0.3333300000,0.1071400000,1.0000000000,0.0000000000,0.0000000000,0.0000000000,0.0000000000,1.0000000000,0.0000000000,1.0000000000,0.0000000000,1.0000000000,0.0000000000,0.0000000000,0.0000000000,1.0000000000,1.0000000000
0.3333300000,0.3823500000,1.0000000000,0.4505500000,0.0000000000,0.7500000000,0.6666700000,0.3333300000,0.3333300000,0.5357100000,1.0000000000,0.0000000000,0.0000000000,0.0000000000,0.0000000000,0.0000000000,0.0000000000,1.0000000000,0.0000000000,0.0000000000,1.0000000000,0.0000000000,0.0000000000,1.0000000000,1.0000000000
1.0000000000,0.6470600000,0.5000000000,0.2527500000,0.0000000000,0.0000000000,0.6666700000,0.3333300000,0.6666700000,0.2500000000,0.0000000000,0.0000000000,0.0000000000,1.0000000000,0.0000000000,0.0000000000,0.0000000000,1.0000000000,0.0000000000,1.0000000000,0.0000000000,0.0000000000,0.0000000000,0.0000000000,1.0000000000
0.6666700000,0.2500000000,0.5000000000,0.1483500000,0.2500000000,0.5000000000,0.3333300000,0.0000000000,0.6666700000,0.1607100000,0.0000000000,0.0000000000,0.0000000000,1.0000000000,0.0000000000,1.0000000000,0.0000000000,1.0000000000,0.0000000000,0.0000000000,1.0000000000,0.0000000000,0.0000000000,0.0000000000,-1.0000000000
0.0000000000,0.4705900000,0.5000000000,0.4395600000,0.0000000000,0.5000000000,0.6666700000,0.3333300000,0.3333300000,0.1250000000,1.0000000000,0.0000000000,1.0000000000,0.0000000000,0.0000000000,0.0000000000,1.0000000000,1.0000000000,0.0000000000,0.0000000000,1.0000000000,0.0000000000,0.0000000000,1.0000000000,1.0000000000
1.0000000000,0.2941200000,1.0000000000,0.0989010000,0.0000000000,0.7500000000,0.6666700000,0.3333300000,0.3333300000,0.1964300000,1.0000000000,0.3333300000,0.0000000000,0.0000000000,0.0000000000,0.0000000000,0.0000000000,1.0000000000,0.0000000000,0.0000000000,1.0000000000,0.0000000000,1.0000000000,0.0000000000,-1.0000000000
0.0000000000,0.1617600000,1.0000000000,0.0659340000,0.0000000000,0.5000000000,0.3333300000,0.6666700000,0.3333300000,0.1071400000,1.0000000000,0.3333300000,0.0000000000,0.0000000000,0.0000000000,0.0000000000,0.0000000000,1.0000000000,0.0000000000,1.0000000000,0.0000000000,0.0000000000,0.0000000000,1.0000000000,-1.0000000000
0.6666700000,0.5588200000,0.0000000000,0.3351600000,0.0000000000,0.2500000000,0.0000000000,0.0000000000,0.3333300000,0.2500000000,1.0000000000,0.3333300000,0.0000000000,0.0000000000,0.0000000000,0.0000000000,0.0000000000,1.0000000000,0.0000000000,0.0000000000,1.0000000000,0.0000000000,0.0000000000,1.0000000000,-1.0000000000
1.0000000000,0.1323500000,0.5000000000,0.0659340000,0.2500000000,0.0000000000,0.3333300000,1.0000000000,0.0000000000,0.8035700000,1.0000000000,0.0000000000,0.0000000000,0.0000000000,0.0000000000,0.0000000000,0.0000000000,1.0000000000,0.0000000000,0.0000000000,1.0000000000,0.0000000000,0.0000000000,1.0000000000,-1.0000000000
0.0000000000,0.2941200000,0.5000000000,0.3516500000,0.0000000000,0.0000000000,0.6666700000,0.3333300000,1.0000000000,0.1785700000,1.0000000000,0.0000000000,0.0000000000,1.0000000000,0.0000000000,0.0000000000,1.0000000000,1.0000000000,0.0000000000,0.0000000000,0.0000000000,0.0000000000,0.0000000000,0.0000000000,-1.0000000000
0.3333300000,0.2941200000,1.0000000000,0.0824170000,0.0000000000,1.0000000000,0.6666700000,0.3333300000,0.3333300000,0.5178600000,1.0000000000,0.3333300000,0.0000000000,0.0000000000,0.0000000000,0.0000000000,0.0000000000,1.0000000000,0.0000000000,0.0000000000,1.0000000000,0.0000000000,1.0000000000,0.0000000000,-1.0000000000
1.0000000000,0.1176500000,1.0000000000,0.1868100000,1.0000000000,0.2500000000,0.6666700000,0.0000000000,0.3333300000,0.3214300000,1.0000000000,0.3333300000,1.0000000000,0.0000000000,0.0000000000,0.0000000000,0.0000000000,1.0000000000,0.0000000000,0.0000000000,1.0000000000,0.0000000000,1.0000000000,0.0000000000,-1.0000000000
1.0000000000,0.1617600000,0.2500000000,0.0769230000,0.2500000000,1.0000000000,0.6666700000,1.0000000000,0.6666700000,0.2678600000,0.0000000000,0.0000000000,1.0000000000,0.0000000000,0.0000000000,0.0000000000,0.0000000000,1.0000000000,0.0000000000,0.0000000000,1.0000000000,0.0000000000,1.0000000000,0.0000000000,-1.0000000000
0.0000000000,0.2058800000,0.5000000000,0.0934070000,1.0000000000,0.7500000000,1.0000000000,1.0000000000,0.6666700000,0.0714290000,1.0000000000,0.3333300000,0.0000000000,0.0000000000,0.0000000000,0.0000000000,0.0000000000,1.0000000000,0.0000000000,1.0000000000,0.0000000000,0.0000000000,1.0000000000,0.0000000000,-1.0000000000
0.0000000000,0.4705900000,0.5000000000,0.2087900000,0.0000000000,0.0000000000,0.6666700000,0.6666700000,0.3333300000,0.1964300000,1.0000000000,0.0000000000,0.0000000000,1.0000000000,0.0000000000,0.0000000000,0.0000000000,1.0000000000,0.0000000000,0.0000000000,1.0000000000,0.0000000000,0.0000000000,0.0000000000,-1.0000000000
1.0000000000,0.1176500000,0.5000000000,0.1208800000,1.0000000000,1.0000000000,0.6666700000,0.6666700000,0.6666700000,0.5535700000,1.0000000000,0.0000000000,0.0000000000,1.0000000000,0.0000000000,1.0000000000,0.0000000000,1.0000000000,0.0000000000,0.0000000000,1.0000000000,0.0000000000,0.0000000000,1.0000000000,-1.0000000000
1.0000000000,0.1176500000,0.5000000000,0.0824170000,0.0000000000,0.7500000000,0.3333300000,1.0000000000,0.0000000000,0.2142900000,1.0000000000,0.0000000000,0.0000000000,0.0000000000,0.0000000000,0.0000000000,0.0000000000,1.0000000000,0.0000000000,0.0000000000,1.0000000000,0.0000000000,1.0000000000,0.0000000000,-1.0000000000
0.0000000000,0.3823500000,0.5000000000,0.2033000000,0.0000000000,0.5000000000,0.0000000000,1.0000000000,0.3333300000,0.3750000000,1.0000000000,0.0000000000,0.0000000000,1.0000000000,0.0000000000,0.0000000000,1.0000000000,1.0000000000,0.0000000000,0.0000000000,1.0000000000,0.0000000000,0.0000000000,0.0000000000,-1.0000000000
1.0000000000,0.1176500000,0.5000000000,0.0329670000,0.0000000000,1.0000000000,0.6666700000,1.0000000000,0.6666700000,0.3392900000,1.0000000000,0.0000000000,0.0000000000,0.0000000000,0.0000000000,0.0000000000,0.0000000000,1.0000000000,0.0000000000,0.0000000000,1.0000000000,0.0000000000,0.0000000000,1.0000000000,-1.0000000000
0.0000000000,0.6029400000,0.5000000000,0.0879120000,0.0000000000,0.5000000000,0.6666700000,1.0000000000,1.0000000000,0.0714290000,1.0000000000,0.0000000000,0.0000000000,1.0000000000,0.0000000000,0.0000000000,0.0000000000,1.0000000000,0.0000000000,0.0000000000,0.0000000000,0.0000000000,0.0000000000,1.0000000000,1.0000000000
0.3333300000,0.6029400000,1.0000000000,0.2417600000,0.2500000000,0.0000000000,0.6666700000,1.0000000000,0.6666700000,0.1428600000,1.0000000000,0.0000000000,0.0000000000,0.0000000000,0.0000000000,0.0000000000,1.0000000000,1.0000000000,0.0000000000,0.0000000000,1.0000000000,0.0000000000,0.0000000000,1.0000000000,-1.0000000000
